suite_family,prior_regime,p_total_quartile,n_train_quartile,method,valid_count,mean_mse_betaX,mean_r2_betaX,mean_rank_mse_betaX
ood_primary,E,Q1,Q1,CatBoost,18,1.070368360283939,0.7041671353387039,5.333333333333333
ood_primary,E,Q1,Q1,FixedRidgeLambda1,18,0.05343637096611606,0.9838099523692203,1.8888888888888888
ood_primary,E,Q1,Q1,KNN,18,1.807125469825162,0.5759451141608285,7.611111111111111
ood_primary,E,Q1,Q1,LightGBM,18,1.7693192280076175,0.5128915084652896,8.11111111111111
ood_primary,E,Q1,Q1,LinearRegression,18,0.05347868248846352,0.9838896398404169,1.6666666666666667
ood_primary,E,Q1,Q1,MLP,18,0.7639467643889457,0.3084572739080439,6.0
ood_primary,E,Q1,Q1,MODEL3-ICL-MC,18,0.08171256773730594,0.9750744537713241,2.4444444444444446
ood_primary,E,Q1,Q1,RandomForest,18,1.4483514915066147,0.6919728493161297,6.611111111111111
ood_primary,E,Q1,Q1,Ridge,18,0.05343637096611606,0.9838099523692203,1.8888888888888888
ood_primary,E,Q1,Q1,SVR,18,1.924648342575279,0.6550964079426946,7.0
ood_primary,E,Q1,Q1,XGBoost,18,1.832400266331265,0.46962735519369,8.333333333333334
ood_primary,E,Q1,Q2,CatBoost,15,1.3972118982169277,0.8073396723934171,5.466666666666667
ood_primary,E,Q1,Q2,FixedRidgeLambda1,15,0.048537476949156694,0.9896353045913782,1.8
ood_primary,E,Q1,Q2,KNN,15,2.032308837557012,0.7093513520063693,7.866666666666666
ood_primary,E,Q1,Q2,LightGBM,15,2.2774502879533642,0.680274480116563,8.466666666666667
ood_primary,E,Q1,Q2,LinearRegression,15,0.048557132163992676,0.9894829889231154,1.6
ood_primary,E,Q1,Q2,MLP,15,0.8012038794726805,0.8310993582569819,5.4
ood_primary,E,Q1,Q2,MODEL3-ICL-MC,15,0.07864150408777155,0.9841457807095613,2.6
ood_primary,E,Q1,Q2,RandomForest,15,1.497095464130113,0.7813545167230773,5.733333333333333
ood_primary,E,Q1,Q2,Ridge,15,0.048537476949156694,0.9896353045913782,1.8
ood_primary,E,Q1,Q2,SVR,15,2.7070591846635295,0.6571722350762712,8.066666666666666
ood_primary,E,Q1,Q2,XGBoost,15,2.1221725969627703,0.6775926188629965,8.0
ood_primary,E,Q1,Q3,CatBoost,15,0.7714154772756179,0.7567221248877671,5.333333333333333
ood_primary,E,Q1,Q3,FixedRidgeLambda1,15,0.057439784919167236,0.9818692623162854,1.9333333333333333
ood_primary,E,Q1,Q3,KNN,15,1.2113901883687395,0.6287563983917921,7.866666666666666
ood_primary,E,Q1,Q3,LightGBM,15,1.089676051331088,0.6423380889635749,7.866666666666666
ood_primary,E,Q1,Q3,LinearRegression,15,0.05793946004068676,0.9817405128999486,1.8666666666666667
ood_primary,E,Q1,Q3,MLP,15,0.780337897784248,0.5906819075978819,6.933333333333334
ood_primary,E,Q1,Q3,MODEL3-ICL-MC,15,0.06967077546740783,0.9765433368050993,2.2
ood_primary,E,Q1,Q3,RandomForest,15,0.9075386281062496,0.7415859148314617,6.2
ood_primary,E,Q1,Q3,Ridge,15,0.057439784919167236,0.9818692623162854,1.9333333333333333
ood_primary,E,Q1,Q3,SVR,15,1.1220180344655826,0.6866862830940581,6.933333333333334
ood_primary,E,Q1,Q3,XGBoost,15,1.0397591105756174,0.6510249061507413,7.866666666666666
ood_primary,E,Q1,Q4,CatBoost,3,1.9140733031201929,0.8017521078032711,5.0
ood_primary,E,Q1,Q4,FixedRidgeLambda1,3,0.0942787317590487,0.9899527297862335,1.3333333333333333
ood_primary,E,Q1,Q4,KNN,3,2.773377693412023,0.7207051095685175,6.666666666666667
ood_primary,E,Q1,Q4,LightGBM,3,3.6188946793881995,0.6239310527659253,9.666666666666666
ood_primary,E,Q1,Q4,LinearRegression,3,0.09762281054785181,0.9896249504788844,2.3333333333333335
ood_primary,E,Q1,Q4,MLP,3,0.43765089390947454,0.9526708245621728,4.0
ood_primary,E,Q1,Q4,MODEL3-ICL-MC,3,0.09542763288159246,0.9896331007134181,2.3333333333333335
ood_primary,E,Q1,Q4,RandomForest,3,2.600095293733743,0.7322463309866084,7.0
ood_primary,E,Q1,Q4,Ridge,3,0.0942787317590487,0.9899527297862335,1.3333333333333333
ood_primary,E,Q1,Q4,SVR,3,3.8389503922378836,0.6075837431502832,9.333333333333334
ood_primary,E,Q1,Q4,XGBoost,3,2.807816239636024,0.699097000178991,7.333333333333333
ood_primary,E,Q2,Q1,AutoGluon,2,1.1861205970622049,0.799912851767709,5.5
ood_primary,E,Q2,Q1,CatBoost,15,1.7315003502366935,0.7744238750107736,5.066666666666666
ood_primary,E,Q2,Q1,FixedRidgeLambda1,15,0.11322223633672547,0.9825563268653222,1.5333333333333334
ood_primary,E,Q2,Q1,KNN,15,3.0139472959783054,0.6136140595506998,8.266666666666667
ood_primary,E,Q2,Q1,LightGBM,15,2.696792322295704,0.615007325744573,8.533333333333333
ood_primary,E,Q2,Q1,LinearRegression,15,0.11360758163951457,0.9823669606698981,1.8
ood_primary,E,Q2,Q1,MLP,15,0.9200241039539422,0.8580833859785207,4.266666666666667
ood_primary,E,Q2,Q1,MODEL3-ICL-MC,15,0.17390993676984362,0.9732659431004239,2.6666666666666665
ood_primary,E,Q2,Q1,RandomForest,15,2.4304666328565783,0.6782997164829524,7.666666666666667
ood_primary,E,Q2,Q1,Ridge,15,0.11322223633672547,0.9825563268653222,1.5333333333333334
ood_primary,E,Q2,Q1,SVR,15,2.6607038152245015,0.6708160351039487,7.733333333333333
ood_primary,E,Q2,Q1,XGBoost,15,2.7960080475194298,0.628758110103868,8.2
ood_primary,E,Q2,Q2,AutoGluon,1,1.0726846840755395,0.8265074740994248,4.0
ood_primary,E,Q2,Q2,CatBoost,6,1.193306820966958,0.8286687061615092,5.166666666666667
ood_primary,E,Q2,Q2,FixedRidgeLambda1,6,0.10999849081279896,0.9840737429596054,1.0
ood_primary,E,Q2,Q2,KNN,6,2.757062243269603,0.6068501334391555,10.166666666666666
ood_primary,E,Q2,Q2,LightGBM,6,1.6940067399955472,0.7602309766157993,6.666666666666667
ood_primary,E,Q2,Q2,LinearRegression,6,0.11410577897858087,0.9835021206583742,2.0
ood_primary,E,Q2,Q2,MLP,6,0.9176861886348301,0.8611153628436335,4.5
ood_primary,E,Q2,Q2,MODEL3-ICL-MC,6,0.2036603227880034,0.9702944353168604,3.0
ood_primary,E,Q2,Q2,RandomForest,6,1.6777208209813033,0.7565061738729085,6.833333333333333
ood_primary,E,Q2,Q2,Ridge,6,0.10999849081279896,0.9840737429596054,1.0
ood_primary,E,Q2,Q2,SVR,6,2.0920748048524183,0.7022112135929417,8.0
ood_primary,E,Q2,Q2,XGBoost,6,2.282644701315145,0.6697087818927562,8.833333333333334
ood_primary,E,Q2,Q3,AutoGluon,1,1.4653678429294643,0.84921251685224,5.0
ood_primary,E,Q2,Q3,CatBoost,9,1.67012013190079,0.765382945829259,5.333333333333333
ood_primary,E,Q2,Q3,FixedRidgeLambda1,9,0.09231024807224039,0.9855942031438012,1.6666666666666667
ood_primary,E,Q2,Q3,KNN,9,2.6909639138761206,0.6081640006724975,8.444444444444445
ood_primary,E,Q2,Q3,LightGBM,9,2.793125893252366,0.5968444797883324,8.555555555555555
ood_primary,E,Q2,Q3,LinearRegression,9,0.0930241755320381,0.9855169658288925,2.0
ood_primary,E,Q2,Q3,MLP,9,0.6872656835066879,0.8920402407464155,4.0
ood_primary,E,Q2,Q3,MODEL3-ICL-MC,9,0.12213093525211176,0.980758391170959,2.3333333333333335
ood_primary,E,Q2,Q3,RandomForest,9,2.5751180260939517,0.6355672013261288,8.0
ood_primary,E,Q2,Q3,Ridge,9,0.09231024807224039,0.9855942031438012,1.6666666666666667
ood_primary,E,Q2,Q3,SVR,9,2.2423307847577365,0.6865705366327135,6.666666666666667
ood_primary,E,Q2,Q3,XGBoost,9,2.70488298195728,0.6067037688120499,8.666666666666666
ood_primary,E,Q2,Q4,CatBoost,6,2.6145727516013775,0.77195032237037,5.333333333333333
ood_primary,E,Q2,Q4,FixedRidgeLambda1,6,0.04808044659438929,0.9958834489010254,2.3333333333333335
ood_primary,E,Q2,Q4,KNN,6,4.88093397743896,0.5752462684978782,9.833333333333334
ood_primary,E,Q2,Q4,LightGBM,6,2.942176085521466,0.7401675752341484,6.166666666666667
ood_primary,E,Q2,Q4,LinearRegression,6,0.04632566418445258,0.996038153808684,1.5
ood_primary,E,Q2,Q4,MLP,6,0.6404813881812393,0.9428598451680896,4.0
ood_primary,E,Q2,Q4,MODEL3-ICL-MC,6,0.06063875594412018,0.9947967766290122,2.1666666666666665
ood_primary,E,Q2,Q4,RandomForest,6,3.4055367285987796,0.7006414160804378,7.166666666666667
ood_primary,E,Q2,Q4,Ridge,6,0.04808044659438929,0.9958834489010254,2.3333333333333335
ood_primary,E,Q2,Q4,SVR,6,4.618644444521213,0.600610511611586,8.666666666666666
ood_primary,E,Q2,Q4,XGBoost,6,3.464505781429066,0.6954661104055303,7.833333333333333
ood_primary,E,Q3,Q1,CatBoost,12,3.4104485943429914,0.7493701127472515,5.583333333333333
ood_primary,E,Q3,Q1,FixedRidgeLambda1,12,0.09858968511215259,0.9911732027720624,1.4166666666666667
ood_primary,E,Q3,Q1,KNN,12,5.495029409373584,0.5881795531314901,8.75
ood_primary,E,Q3,Q1,LightGBM,12,3.93918895740993,0.6817853270868081,7.083333333333333
ood_primary,E,Q3,Q1,LinearRegression,12,0.09985637944146958,0.9908973594305234,1.8333333333333333
ood_primary,E,Q3,Q1,MLP,12,0.878294951090119,0.9210231034270979,4.0
ood_primary,E,Q3,Q1,MODEL3-ICL-MC,12,0.17149061426369752,0.9845613281043399,2.75
ood_primary,E,Q3,Q1,RandomForest,12,4.600260687584105,0.6621218990740153,7.666666666666667
ood_primary,E,Q3,Q1,Ridge,12,0.09858968511215259,0.9911732027720624,1.4166666666666667
ood_primary,E,Q3,Q1,SVR,12,5.052425394840174,0.6389397947089135,7.75
ood_primary,E,Q3,Q1,XGBoost,12,4.752505778795439,0.6285439425438297,8.166666666666666
ood_primary,E,Q3,Q2,CatBoost,3,4.00233653867382,0.7326509405936118,6.333333333333333
ood_primary,E,Q3,Q2,FixedRidgeLambda1,3,0.03977682131498807,0.9972043473682867,2.0
ood_primary,E,Q3,Q2,KNN,3,5.520253476673983,0.6538148901607203,7.666666666666667
ood_primary,E,Q3,Q2,LightGBM,3,3.6509462719605197,0.7545673623112682,5.666666666666667
ood_primary,E,Q3,Q2,LinearRegression,3,0.03840223751659486,0.9972971193850942,1.0
ood_primary,E,Q3,Q2,MLP,3,0.8300340420599168,0.9461046597694961,4.0
ood_primary,E,Q3,Q2,MODEL3-ICL-MC,3,0.1032392424479208,0.9934007461192179,3.0
ood_primary,E,Q3,Q2,RandomForest,3,5.706757035811923,0.6235463952990844,9.0
ood_primary,E,Q3,Q2,Ridge,3,0.03977682131498807,0.9972043473682867,2.0
ood_primary,E,Q3,Q2,SVR,3,5.523309153657915,0.6547391221751743,7.666666666666667
ood_primary,E,Q3,Q2,XGBoost,3,5.201159561759869,0.6532711880833925,8.666666666666666
ood_primary,E,Q3,Q3,CatBoost,6,3.6794773147574786,0.7910869479160878,5.0
ood_primary,E,Q3,Q3,FixedRidgeLambda1,6,0.08263027567122196,0.9952112470170684,1.6666666666666667
ood_primary,E,Q3,Q3,KNN,6,6.756914756530332,0.617837172375732,8.833333333333334
ood_primary,E,Q3,Q3,LightGBM,6,4.961264102892495,0.7166478905087428,6.333333333333333
ood_primary,E,Q3,Q3,LinearRegression,6,0.08113539865729859,0.995297094772608,1.3333333333333333
ood_primary,E,Q3,Q3,MLP,6,0.8870805800831972,0.9497785924444077,4.0
ood_primary,E,Q3,Q3,MODEL3-ICL-MC,6,0.1310551373595334,0.9925278492784742,3.0
ood_primary,E,Q3,Q3,RandomForest,6,5.704263168154722,0.6743452525868926,7.666666666666667
ood_primary,E,Q3,Q3,Ridge,6,0.08263027567122196,0.9952112470170684,1.6666666666666667
ood_primary,E,Q3,Q3,SVR,6,6.214889731665235,0.6526420304316466,7.833333333333333
ood_primary,E,Q3,Q3,XGBoost,6,6.736901407391142,0.6152807542675257,9.333333333333334
ood_primary,E,Q3,Q4,CatBoost,3,1.6770733404947287,0.6821328592049243,5.333333333333333
ood_primary,E,Q3,Q4,FixedRidgeLambda1,3,0.045455826451166435,0.9914254922024438,1.3333333333333333
ood_primary,E,Q3,Q4,KNN,3,2.354530723330104,0.5512783787863617,9.0
ood_primary,E,Q3,Q4,LightGBM,3,1.9457122835433047,0.6317944373794938,7.666666666666667
ood_primary,E,Q3,Q4,LinearRegression,3,0.04620861622017236,0.9912835852141137,2.3333333333333335
ood_primary,E,Q3,Q4,MLP,3,0.7279713905739983,0.861566413052702,4.0
ood_primary,E,Q3,Q4,MODEL3-ICL-MC,3,0.07961733587676693,0.9848838655445235,2.3333333333333335
ood_primary,E,Q3,Q4,RandomForest,3,2.157617894478849,0.5898392941633243,8.0
ood_primary,E,Q3,Q4,Ridge,3,0.045455826451166435,0.9914254922024438,1.3333333333333333
ood_primary,E,Q3,Q4,SVR,3,1.7774968508377744,0.6639224719987967,5.666666666666667
ood_primary,E,Q3,Q4,XGBoost,3,2.277507408378421,0.5682280828398015,9.333333333333334
ood_primary,E,Q4,Q1,CatBoost,6,3.6631334397426483,0.6844600255999778,5.666666666666667
ood_primary,E,Q4,Q1,FixedRidgeLambda1,6,0.07311817777949342,0.9927601159777946,1.6666666666666667
ood_primary,E,Q4,Q1,KNN,6,5.376722761351169,0.5273957617147998,8.5
ood_primary,E,Q4,Q1,LightGBM,6,4.440517605300298,0.6062336631636737,6.833333333333333
ood_primary,E,Q4,Q1,LinearRegression,6,0.07323738437595094,0.9927762158907787,1.3333333333333333
ood_primary,E,Q4,Q1,MLP,6,0.823184200368627,0.9250997405529408,4.0
ood_primary,E,Q4,Q1,MODEL3-ICL-MC,6,0.17440446512868443,0.9839761331133245,3.0
ood_primary,E,Q4,Q1,RandomForest,6,5.109023346132231,0.5569786707864267,7.666666666666667
ood_primary,E,Q4,Q1,Ridge,6,0.07311817777949342,0.9927601159777946,1.6666666666666667
ood_primary,E,Q4,Q1,SVR,6,4.871955921921503,0.5898826438598891,7.166666666666667
ood_primary,E,Q4,Q1,XGBoost,6,6.078644398181496,0.46917984795278694,9.166666666666666
ood_primary,E,Q4,Q2,CatBoost,12,4.760087095759563,0.6917360430687925,5.416666666666667
ood_primary,E,Q4,Q2,FixedRidgeLambda1,12,0.06806618925374737,0.9953982210630592,1.6666666666666667
ood_primary,E,Q4,Q2,KNN,12,7.358870136849066,0.5125134412001149,8.75
ood_primary,E,Q4,Q2,LightGBM,12,5.403033631939562,0.6466344693603552,6.416666666666667
ood_primary,E,Q4,Q2,LinearRegression,12,0.06568442548934125,0.9955360448924893,1.3333333333333333
ood_primary,E,Q4,Q2,MLP,12,0.7746035899203644,0.9458005691189179,4.0
ood_primary,E,Q4,Q2,MODEL3-ICL-MC,12,0.2024101439588766,0.9858831162099593,3.0
ood_primary,E,Q4,Q2,RandomForest,12,6.973677119423599,0.5391943016534587,8.416666666666666
ood_primary,E,Q4,Q2,Ridge,12,0.06806618925374737,0.9953982210630592,1.6666666666666667
ood_primary,E,Q4,Q2,SVR,12,6.509085949482131,0.5879500181670418,7.666666666666667
ood_primary,E,Q4,Q2,XGBoost,12,6.820814944423643,0.5418671316835865,8.333333333333334
ood_primary,E,Q4,Q3,AutoGluon,2,1.6576095753911835,0.7877751014731209,5.0
ood_primary,E,Q4,Q3,CatBoost,9,3.475528616341544,0.6938851185383138,5.555555555555555
ood_primary,E,Q4,Q3,FixedRidgeLambda1,9,0.0794308365091408,0.9891065694699227,1.2222222222222223
ood_primary,E,Q4,Q3,KNN,9,5.6989123515372215,0.5160681824766834,9.333333333333334
ood_primary,E,Q4,Q3,LightGBM,9,3.7768058794083603,0.6589207078210372,6.444444444444445
ood_primary,E,Q4,Q3,LinearRegression,9,0.08061179568966544,0.9889455399925142,1.7777777777777777
ood_primary,E,Q4,Q3,MLP,9,0.9677139307900122,0.8960329142205874,4.0
ood_primary,E,Q4,Q3,MODEL3-ICL-MC,9,0.22819822313137383,0.9731937910428433,3.0
ood_primary,E,Q4,Q3,RandomForest,9,4.608138158032725,0.5979244163292672,7.777777777777778
ood_primary,E,Q4,Q3,Ridge,9,0.0794308365091408,0.9891065694699227,1.2222222222222223
ood_primary,E,Q4,Q3,SVR,9,5.182542250188536,0.5930458808940782,8.0
ood_primary,E,Q4,Q3,XGBoost,9,5.4973766602568706,0.5388035729451028,9.222222222222221
ood_primary,E,Q4,Q4,CatBoost,12,3.5033848625389017,0.7189925795692522,5.75
ood_primary,E,Q4,Q4,FixedRidgeLambda1,12,0.09727802615070824,0.9912797522170965,1.4166666666666667
ood_primary,E,Q4,Q4,KNN,12,6.220566607870841,0.5016188270762105,9.583333333333334
ood_primary,E,Q4,Q4,LightGBM,12,3.7003409642470912,0.6998223553337719,6.5
ood_primary,E,Q4,Q4,LinearRegression,12,0.09800128286022237,0.9911976571323886,1.5833333333333333
ood_primary,E,Q4,Q4,MLP,12,0.7138960156438774,0.9370078363401725,4.0
ood_primary,E,Q4,Q4,MODEL3-ICL-MC,12,0.17034351583163834,0.9850057035899802,3.0
ood_primary,E,Q4,Q4,RandomForest,12,5.006598429233923,0.6110044965532185,7.916666666666667
ood_primary,E,Q4,Q4,Ridge,12,0.09727802615070824,0.9912797522170965,1.4166666666666667
ood_primary,E,Q4,Q4,SVR,12,4.155542622463467,0.6678424698053962,6.75
ood_primary,E,Q4,Q4,XGBoost,12,5.186946782246211,0.5936687785716455,8.5
ood_primary,F,Q1,Q1,CatBoost,6,0.2743167804450633,0.6118926012266626,5.5
ood_primary,F,Q1,Q1,FixedRidgeLambda1,6,0.05296763292305651,0.9249010763075951,1.3333333333333333
ood_primary,F,Q1,Q1,KNN,6,0.44652457564125836,0.47127319562747955,8.0
ood_primary,F,Q1,Q1,LightGBM,6,0.4735603190232797,0.2926953557950028,8.0
ood_primary,F,Q1,Q1,LinearRegression,6,0.05491972440488535,0.9244659379173866,1.8333333333333333
ood_primary,F,Q1,Q1,MLP,6,0.6330363766936574,-0.15440583743480074,9.666666666666666
ood_primary,F,Q1,Q1,MODEL3-ICL-MC,6,0.07058005307670713,0.8888797357274111,2.8333333333333335
ood_primary,F,Q1,Q1,RandomForest,6,0.2013723252709688,0.729555167135417,4.166666666666667
ood_primary,F,Q1,Q1,Ridge,6,0.05296763292305651,0.9249010763075951,1.3333333333333333
ood_primary,F,Q1,Q1,SVR,6,0.2740741719507996,0.6321134545324659,5.333333333333333
ood_primary,F,Q1,Q1,XGBoost,6,0.4603571651108717,0.29509243278603703,8.333333333333334
ood_primary,F,Q1,Q2,CatBoost,12,0.241951318554156,0.45490338187580476,5.833333333333333
ood_primary,F,Q1,Q2,FixedRidgeLambda1,12,0.037961149825927826,0.49425102134412846,1.5
ood_primary,F,Q1,Q2,KNN,12,0.5124165680768075,0.36295483647757965,8.083333333333334
ood_primary,F,Q1,Q2,LightGBM,12,0.33615560635878006,0.4356546298337099,7.833333333333333
ood_primary,F,Q1,Q2,LinearRegression,12,0.03793317773872413,0.494260208773823,2.0
ood_primary,F,Q1,Q2,MLP,12,0.6795299448647625,0.4098635652872884,8.916666666666666
ood_primary,F,Q1,Q2,MODEL3-ICL-MC,12,0.04602074665021452,0.4931131117812681,2.5
ood_primary,F,Q1,Q2,RandomForest,12,0.14716226936014545,0.46757681247394345,4.25
ood_primary,F,Q1,Q2,Ridge,12,0.037961149825927826,0.49425102134412846,1.5
ood_primary,F,Q1,Q2,SVR,12,0.29155088559965153,0.43212065733824384,6.25
ood_primary,F,Q1,Q2,XGBoost,12,0.36029822596066235,0.42250766173067267,7.833333333333333
ood_primary,F,Q1,Q3,CatBoost,21,0.2854536087635316,0.16887126706122182,6.809523809523809
ood_primary,F,Q1,Q3,FixedRidgeLambda1,21,0.04471295309130264,0.2730738098349918,1.4761904761904763
ood_primary,F,Q1,Q3,KNN,21,0.7788174713705447,0.12792372654915618,6.809523809523809
ood_primary,F,Q1,Q3,LightGBM,21,0.4051617621810967,0.10488198669262874,8.19047619047619
ood_primary,F,Q1,Q3,LinearRegression,21,0.04572341924751722,0.2729806463237234,2.2857142857142856
ood_primary,F,Q1,Q3,MLP,21,0.7395860087478626,0.024543425457239178,9.476190476190476
ood_primary,F,Q1,Q3,MODEL3-ICL-MC,21,0.05211259211716367,0.2732245014631199,2.238095238095238
ood_primary,F,Q1,Q3,RandomForest,21,0.16431109620787573,0.2157787507051554,4.523809523809524
ood_primary,F,Q1,Q3,Ridge,21,0.04471295309130264,0.2730738098349918,1.4761904761904763
ood_primary,F,Q1,Q3,SVR,21,0.5123309001749947,0.1758776876788365,5.190476190476191
ood_primary,F,Q1,Q3,XGBoost,21,0.38587873181639637,0.11408527603141887,8.0
ood_primary,F,Q1,Q4,CatBoost,12,0.22879378123031083,0.2252944069566368,6.0
ood_primary,F,Q1,Q4,FixedRidgeLambda1,12,0.06676879338630884,0.24229816392391015,1.5
ood_primary,F,Q1,Q4,KNN,12,0.38624119956229747,0.18199019177077289,7.25
ood_primary,F,Q1,Q4,LightGBM,12,0.35093880997980254,0.21318810325965018,7.833333333333333
ood_primary,F,Q1,Q4,LinearRegression,12,0.06813853253758191,0.24204429725856533,2.3333333333333335
ood_primary,F,Q1,Q4,MLP,12,0.7985249424969867,0.19760033863531665,9.666666666666666
ood_primary,F,Q1,Q4,MODEL3-ICL-MC,12,0.07547070599972884,0.2424512707490243,2.5833333333333335
ood_primary,F,Q1,Q4,RandomForest,12,0.13697216534875523,0.23371262986258376,4.083333333333333
ood_primary,F,Q1,Q4,Ridge,12,0.06676879338630884,0.24229816392391015,1.5
ood_primary,F,Q1,Q4,SVR,12,0.25261132966949784,0.2111598687976534,5.833333333333333
ood_primary,F,Q1,Q4,XGBoost,12,0.3406602822511693,0.21549770790748327,7.916666666666667
ood_primary,F,Q2,Q1,CatBoost,21,0.22041716870770442,0.2551546499667746,5.666666666666667
ood_primary,F,Q2,Q1,FixedRidgeLambda1,21,0.08151002935075959,0.26868196911808473,1.4761904761904763
ood_primary,F,Q2,Q1,KNN,21,0.6786160318593779,0.1790511510410265,7.380952380952381
ood_primary,F,Q2,Q1,LightGBM,21,0.41113958616325047,0.2301171515223124,8.142857142857142
ood_primary,F,Q2,Q1,LinearRegression,21,0.08229202051908363,0.2684810177698775,2.2857142857142856
ood_primary,F,Q2,Q1,MLP,21,0.7078767442231332,0.16131382370221864,9.571428571428571
ood_primary,F,Q2,Q1,MODEL3-ICL-MC,21,0.11170988607243591,0.27117189166283884,3.0952380952380953
ood_primary,F,Q2,Q1,RandomForest,21,0.15229361590111268,0.2630716557770817,3.7142857142857144
ood_primary,F,Q2,Q1,Ridge,21,0.08151002935075959,0.26868196911808473,1.4761904761904763
ood_primary,F,Q2,Q1,SVR,21,0.42131327080068964,0.22658548306190468,5.619047619047619
ood_primary,F,Q2,Q1,XGBoost,21,0.4331474752015275,0.2248412096372599,8.047619047619047
ood_primary,F,Q2,Q2,CatBoost,18,0.21152003663275218,-0.723693357284835,6.0
ood_primary,F,Q2,Q2,FixedRidgeLambda1,18,0.07870535930082148,0.00837706522009898,1.3888888888888888
ood_primary,F,Q2,Q2,KNN,18,0.38397054259539193,-1.1242943399499463,7.666666666666667
ood_primary,F,Q2,Q2,LightGBM,18,0.36460587351397894,-1.5679307184733706,7.944444444444445
ood_primary,F,Q2,Q2,LinearRegression,18,0.07912143286053971,0.002623253413238263,2.0555555555555554
ood_primary,F,Q2,Q2,MLP,18,0.6149643665774325,-4.258667608193073,9.38888888888889
ood_primary,F,Q2,Q2,MODEL3-ICL-MC,18,0.09795853144687593,-0.049569356771788725,2.888888888888889
ood_primary,F,Q2,Q2,RandomForest,18,0.1319711724832517,-0.1525901640708434,3.888888888888889
ood_primary,F,Q2,Q2,Ridge,18,0.07870535930082148,0.00837706522009898,1.3888888888888888
ood_primary,F,Q2,Q2,SVR,18,0.23329574577445655,-0.6643786287224079,5.944444444444445
ood_primary,F,Q2,Q2,XGBoost,18,0.3548007227539103,-1.5412276983829283,7.833333333333333
ood_primary,F,Q2,Q3,CatBoost,3,0.28196987875910373,0.5472748344957087,5.333333333333333
ood_primary,F,Q2,Q3,FixedRidgeLambda1,3,0.05788588558315407,0.9068917684396927,2.3333333333333335
ood_primary,F,Q2,Q3,KNN,3,0.5392984084697225,0.131859919796684,8.666666666666666
ood_primary,F,Q2,Q3,LightGBM,3,0.4221091758332077,0.32070436585114753,7.333333333333333
ood_primary,F,Q2,Q3,LinearRegression,3,0.056736087406590835,0.908743129185876,1.3333333333333333
ood_primary,F,Q2,Q3,MLP,3,0.7776968152431495,-0.24985184929305615,10.0
ood_primary,F,Q2,Q3,MODEL3-ICL-MC,3,0.0703924633381538,0.8867768389975538,2.3333333333333335
ood_primary,F,Q2,Q3,RandomForest,3,0.21621781771994283,0.6526766818290378,4.0
ood_primary,F,Q2,Q3,Ridge,3,0.05788588558315407,0.9068917684396927,2.3333333333333335
ood_primary,F,Q2,Q3,SVR,3,0.32155805023299555,0.4829535808134498,6.0
ood_primary,F,Q2,Q3,XGBoost,3,0.46452042943840555,0.25575825142213443,7.666666666666667
ood_primary,F,Q2,Q4,CatBoost,3,0.3470582959685203,0.9666185840460305,6.333333333333333
ood_primary,F,Q2,Q4,FixedRidgeLambda1,3,0.0282520770239735,0.9972154637246761,2.0
ood_primary,F,Q2,Q4,KNN,3,2.4402092646152997,0.7649479636531668,10.0
ood_primary,F,Q2,Q4,LightGBM,3,0.401688168456976,0.9605908917114473,6.666666666666667
ood_primary,F,Q2,Q4,LinearRegression,3,0.027192155344904632,0.99732749780509,1.6666666666666667
ood_primary,F,Q2,Q4,MLP,3,0.44361695094622333,0.9571491577241935,7.333333333333333
ood_primary,F,Q2,Q4,MODEL3-ICL-MC,3,0.057175906942574635,0.9940481777133926,2.3333333333333335
ood_primary,F,Q2,Q4,RandomForest,3,0.16205404278981297,0.9842132933738615,4.0
ood_primary,F,Q2,Q4,Ridge,3,0.0282520770239735,0.9972154637246761,2.0
ood_primary,F,Q2,Q4,SVR,3,0.9667730115432475,0.9079933232526157,9.0
ood_primary,F,Q2,Q4,XGBoost,3,0.34689966003265976,0.9668628459735601,5.666666666666667
ood_primary,F,Q3,Q1,CatBoost,6,0.1308225565860304,0.0,5.833333333333333
ood_primary,F,Q3,Q1,FixedRidgeLambda1,6,0.06530309176577585,0.0,1.3333333333333333
ood_primary,F,Q3,Q1,KNN,6,0.16219892697035102,0.0,6.666666666666667
ood_primary,F,Q3,Q1,LightGBM,6,0.3091315179099912,0.0,8.5
ood_primary,F,Q3,Q1,LinearRegression,6,0.06633786628380221,0.0,2.3333333333333335
ood_primary,F,Q3,Q1,MLP,6,0.5515747183007408,0.0,10.0
ood_primary,F,Q3,Q1,MODEL3-ICL-MC,6,0.10808677975664875,0.0,4.666666666666667
ood_primary,F,Q3,Q1,RandomForest,6,0.08009872303366207,0.0,2.6666666666666665
ood_primary,F,Q3,Q1,Ridge,6,0.06530309176577585,0.0,1.3333333333333333
ood_primary,F,Q3,Q1,SVR,6,0.11317061105522386,0.0,4.666666666666667
ood_primary,F,Q3,Q1,XGBoost,6,0.26177065069595934,0.0,8.333333333333334
ood_primary,F,Q3,Q2,CatBoost,3,0.19411670628460942,0.8876843320122302,5.0
ood_primary,F,Q3,Q2,FixedRidgeLambda1,3,0.052385611884351264,0.9689942596239504,1.6666666666666667
ood_primary,F,Q3,Q2,KNN,3,0.9056250100841545,0.4755931206048609,10.0
ood_primary,F,Q3,Q2,LightGBM,3,0.38977773303264246,0.7716438724083726,7.333333333333333
ood_primary,F,Q3,Q2,LinearRegression,3,0.05281199900508384,0.9687224254626643,2.0
ood_primary,F,Q3,Q2,MLP,3,0.4804136876950218,0.722053913840604,7.666666666666667
ood_primary,F,Q3,Q2,MODEL3-ICL-MC,3,0.06281427667719046,0.9632958272870681,2.3333333333333335
ood_primary,F,Q3,Q2,RandomForest,3,0.13576420182418178,0.9203794437272195,4.0
ood_primary,F,Q3,Q2,Ridge,3,0.052385611884351264,0.9689942596239504,1.6666666666666667
ood_primary,F,Q3,Q2,SVR,3,0.34479169463327947,0.7997321469993627,6.666666666666667
ood_primary,F,Q3,Q2,XGBoost,3,0.44971108328519155,0.7384544929496567,8.333333333333334
ood_primary,F,Q3,Q3,CatBoost,3,0.15063071162251543,0.44749808958863824,5.666666666666667
ood_primary,F,Q3,Q3,FixedRidgeLambda1,3,0.03738194092811773,0.868094690427793,1.0
ood_primary,F,Q3,Q3,KNN,3,0.20668064452461396,0.2547468326454407,7.0
ood_primary,F,Q3,Q3,LightGBM,3,0.3306635512851636,-0.22148581100965933,8.666666666666666
ood_primary,F,Q3,Q3,LinearRegression,3,0.03827431614397687,0.8650898342334158,2.0
ood_primary,F,Q3,Q3,MLP,3,0.40486993665716847,-0.511335699167387,10.0
ood_primary,F,Q3,Q3,MODEL3-ICL-MC,3,0.0969144113743633,0.643396758615607,4.0
ood_primary,F,Q3,Q3,RandomForest,3,0.1015921098799552,0.6226349588707379,3.3333333333333335
ood_primary,F,Q3,Q3,Ridge,3,0.03738194092811773,0.868094690427793,1.0
ood_primary,F,Q3,Q3,SVR,3,0.141395214792731,0.47903265889681945,5.0
ood_primary,F,Q3,Q3,XGBoost,3,0.28334875756361727,-0.044077308156099705,8.333333333333334
ood_primary,F,Q3,Q4,CatBoost,12,0.17320795739889513,0.0,5.666666666666667
ood_primary,F,Q3,Q4,FixedRidgeLambda1,12,0.08342625569635548,0.0,1.5833333333333333
ood_primary,F,Q3,Q4,KNN,12,0.23347530800596816,0.0,7.0
ood_primary,F,Q3,Q4,LightGBM,12,0.35878756619126734,0.0,8.75
ood_primary,F,Q3,Q4,LinearRegression,12,0.08430778172443824,0.0,2.5833333333333335
ood_primary,F,Q3,Q4,MLP,12,0.714614938768506,0.0,10.0
ood_primary,F,Q3,Q4,MODEL3-ICL-MC,12,0.11092391112338507,0.0,3.3333333333333335
ood_primary,F,Q3,Q4,RandomForest,12,0.1049766477862255,0.0,3.0833333333333335
ood_primary,F,Q3,Q4,Ridge,12,0.08342625569635548,0.0,1.5833333333333333
ood_primary,F,Q3,Q4,SVR,12,0.15308916469437633,0.0,5.0
ood_primary,F,Q3,Q4,XGBoost,12,0.29653497870002227,0.0,8.0
ood_primary,F,Q4,Q1,CatBoost,15,0.304361112160903,-0.32875124935132854,4.466666666666667
ood_primary,F,Q4,Q1,FixedRidgeLambda1,15,0.15037820257313309,-0.6967015192446073,3.1333333333333333
ood_primary,F,Q4,Q1,KNN,15,1.9703222294231144,-0.8232312902541068,6.733333333333333
ood_primary,F,Q4,Q1,LightGBM,15,0.4168302178754548,-1.878002305658213,8.133333333333333
ood_primary,F,Q4,Q1,LinearRegression,15,0.15144732344421635,-0.7167861608722295,4.066666666666666
ood_primary,F,Q4,Q1,MLP,15,0.7682926423870431,-3.0288655132018816,9.533333333333333
ood_primary,F,Q4,Q1,MODEL3-ICL-MC,15,0.25135449575056795,-0.5719486206191557,5.2
ood_primary,F,Q4,Q1,RandomForest,15,0.13083552811788593,-0.21717963994362244,2.0
ood_primary,F,Q4,Q1,Ridge,15,0.15037820257313309,-0.6967015192446073,3.1333333333333333
ood_primary,F,Q4,Q1,SVR,15,1.8799423758145049,-0.28705634835216903,4.333333333333333
ood_primary,F,Q4,Q1,XGBoost,15,0.3396419697320698,-1.259614935738879,7.4
ood_primary,F,Q4,Q2,CatBoost,6,0.31546811006374803,0.4717752726033784,4.833333333333333
ood_primary,F,Q4,Q2,FixedRidgeLambda1,6,0.11431419283545352,0.4946839466325752,2.5
ood_primary,F,Q4,Q2,KNN,6,2.071646417200468,0.2648202931640236,7.833333333333333
ood_primary,F,Q4,Q2,LightGBM,6,0.3641503400631682,0.47595253338549526,7.5
ood_primary,F,Q4,Q2,LinearRegression,6,0.11531734117848969,0.49467528804485655,3.1666666666666665
ood_primary,F,Q4,Q2,MLP,6,0.5399419198569316,0.4613361407947106,8.833333333333334
ood_primary,F,Q4,Q2,MODEL3-ICL-MC,6,0.26265658395561114,0.48831526879141346,6.0
ood_primary,F,Q4,Q2,RandomForest,6,0.14042089559138154,0.4896666516699048,2.0
ood_primary,F,Q4,Q2,Ridge,6,0.11431419283545352,0.4946839466325752,2.5
ood_primary,F,Q4,Q2,SVR,6,1.0864735561658923,0.3809531755002699,6.0
ood_primary,F,Q4,Q2,XGBoost,6,0.3219075730122379,0.4772254780515109,6.333333333333333
ood_primary,F,Q4,Q4,CatBoost,9,0.1318318374812735,0.0,5.777777777777778
ood_primary,F,Q4,Q4,FixedRidgeLambda1,9,0.06928002996362655,0.0,1.5555555555555556
ood_primary,F,Q4,Q4,KNN,9,0.17437820032443876,0.0,6.666666666666667
ood_primary,F,Q4,Q4,LightGBM,9,0.263251699127264,0.0,8.444444444444445
ood_primary,F,Q4,Q4,LinearRegression,9,0.07021237151471646,0.0,2.5555555555555554
ood_primary,F,Q4,Q4,MLP,9,0.5268946837455758,0.0,10.0
ood_primary,F,Q4,Q4,MODEL3-ICL-MC,9,0.11579546672895091,0.0,5.0
ood_primary,F,Q4,Q4,RandomForest,9,0.07640618076254989,0.0,2.4444444444444446
ood_primary,F,Q4,Q4,Ridge,9,0.06928002996362655,0.0,1.5555555555555556
ood_primary,F,Q4,Q4,SVR,9,0.10338174643464854,0.0,4.444444444444445
ood_primary,F,Q4,Q4,XGBoost,9,0.24686315286276775,0.0,8.11111111111111
ood_primary,G,Q1,Q1,CatBoost,9,10.839173509082343,-0.706081500154257,3.0
ood_primary,G,Q1,Q1,FixedRidgeLambda1,9,17.606678279302947,-1.995623163448882,4.555555555555555
ood_primary,G,Q1,Q1,KNN,9,111.86298136360877,-30.017889174835986,7.888888888888889
ood_primary,G,Q1,Q1,LightGBM,9,62.01652732601474,-7.624919509325252,7.777777777777778
ood_primary,G,Q1,Q1,LinearRegression,9,17.88487887425844,-2.0439572937120785,5.555555555555555
ood_primary,G,Q1,Q1,MLP,9,528.5516362281372,-127.31053352017956,9.88888888888889
ood_primary,G,Q1,Q1,MODEL3-ICL-MC,9,36.72939243406103,-5.714614666828896,7.111111111111111
ood_primary,G,Q1,Q1,RandomForest,9,25.21920036394546,-6.446403835481136,4.111111111111111
ood_primary,G,Q1,Q1,Ridge,9,17.606678279302947,-1.995623163448882,4.555555555555555
ood_primary,G,Q1,Q1,SVR,9,3.019102955812719,0.7526610783842956,1.1111111111111112
ood_primary,G,Q1,Q1,XGBoost,9,139.60361124176944,-55.653788930869545,4.0
ood_primary,G,Q1,Q2,CatBoost,18,442.80954924788665,-152.07851965150286,4.944444444444445
ood_primary,G,Q1,Q2,FixedRidgeLambda1,18,433.4187397498925,-123.45320345656384,3.5555555555555554
ood_primary,G,Q1,Q2,KNN,18,3285.0426457095264,-1226.4017334791677,6.555555555555555
ood_primary,G,Q1,Q2,LightGBM,18,1608.113943381189,-583.5125769174433,7.444444444444445
ood_primary,G,Q1,Q2,LinearRegression,18,438.7050316653473,-124.84731007978604,4.444444444444445
ood_primary,G,Q1,Q2,MLP,18,1843.634342431983,-530.6977187622588,9.055555555555555
ood_primary,G,Q1,Q2,MODEL3-ICL-MC,18,786.4501002632757,-230.00577355965015,4.5
ood_primary,G,Q1,Q2,RandomForest,18,7625.813832675175,-2917.1835308509035,5.888888888888889
ood_primary,G,Q1,Q2,Ridge,18,433.4187397498925,-123.45320345656384,3.5555555555555554
ood_primary,G,Q1,Q2,SVR,18,1.2831723582752523,0.7133020730989608,1.3888888888888888
ood_primary,G,Q1,Q2,XGBoost,18,2188.5303178127087,-243.1847864117612,7.222222222222222
ood_primary,G,Q1,Q3,CatBoost,9,10.724280633667426,-1.1243606982075385,5.444444444444445
ood_primary,G,Q1,Q3,FixedRidgeLambda1,9,4.370474675990959,0.33399239252521107,2.111111111111111
ood_primary,G,Q1,Q3,KNN,9,24.072756418648588,-2.7801294649225885,7.888888888888889
ood_primary,G,Q1,Q3,LightGBM,9,26.309193936210463,-3.4415151534981225,8.444444444444445
ood_primary,G,Q1,Q3,LinearRegression,9,4.438946912953131,0.32363916639116863,3.111111111111111
ood_primary,G,Q1,Q3,MLP,9,87.58929340424432,-12.275026007262309,9.88888888888889
ood_primary,G,Q1,Q3,MODEL3-ICL-MC,9,5.816970587978054,0.15898208193250024,4.222222222222222
ood_primary,G,Q1,Q3,RandomForest,9,12.243094316918324,-2.1595756435009736,5.444444444444445
ood_primary,G,Q1,Q3,Ridge,9,4.370474675990959,0.33399239252521107,2.111111111111111
ood_primary,G,Q1,Q3,SVR,9,2.950320982138666,0.7795729427761531,2.2222222222222223
ood_primary,G,Q1,Q3,XGBoost,9,24.61740248395295,-1.9889985336462972,6.222222222222222
ood_primary,G,Q1,Q4,CatBoost,18,150.5460343842373,-63.38133616931955,5.777777777777778
ood_primary,G,Q1,Q4,FixedRidgeLambda1,18,310.0636015123411,-150.27018376042804,2.9444444444444446
ood_primary,G,Q1,Q4,KNN,18,653.92968415137,-299.81775220825307,6.611111111111111
ood_primary,G,Q1,Q4,LightGBM,18,535.8985856702731,-253.31224086233428,7.611111111111111
ood_primary,G,Q1,Q4,LinearRegression,18,313.25452382787734,-151.8448811588287,3.9444444444444446
ood_primary,G,Q1,Q4,MLP,18,1521.0171315483663,-712.3859319317414,9.38888888888889
ood_primary,G,Q1,Q4,MODEL3-ICL-MC,18,229.99065689075076,-113.5736120198924,3.388888888888889
ood_primary,G,Q1,Q4,RandomForest,18,1564.8463993552514,-655.0224750352237,6.888888888888889
ood_primary,G,Q1,Q4,Ridge,18,310.0636015123411,-150.27018376042804,2.9444444444444446
ood_primary,G,Q1,Q4,SVR,18,1.083274802218006,0.7713266767856115,1.1666666666666667
ood_primary,G,Q1,Q4,XGBoost,18,3505.7388125518446,-1412.6686855535816,7.277777777777778
ood_primary,G,Q2,Q1,CatBoost,9,53.24160124480539,-9.816075427072795,5.0
ood_primary,G,Q2,Q1,FixedRidgeLambda1,9,28.578131089902563,-4.420154391357213,2.7777777777777777
ood_primary,G,Q2,Q1,KNN,9,85.47392802377315,-13.740314368928672,5.888888888888889
ood_primary,G,Q2,Q1,LightGBM,9,94.50482508570633,-20.101257992504316,7.555555555555555
ood_primary,G,Q2,Q1,LinearRegression,9,28.908706816836773,-4.480610643344068,3.5555555555555554
ood_primary,G,Q2,Q1,MLP,9,480.06125492532726,-83.31049056248418,9.666666666666666
ood_primary,G,Q2,Q1,MODEL3-ICL-MC,9,40.623240963220525,-6.377633147399453,4.111111111111111
ood_primary,G,Q2,Q1,RandomForest,9,84.4486750745338,-16.00612067424693,7.111111111111111
ood_primary,G,Q2,Q1,Ridge,9,28.578131089902563,-4.420154391357213,2.7777777777777777
ood_primary,G,Q2,Q1,SVR,9,1.5394385657037208,0.7100854008805115,1.6666666666666667
ood_primary,G,Q2,Q1,XGBoost,9,434.0132645177861,-96.5164676294981,7.666666666666667
ood_primary,G,Q2,Q2,CatBoost,12,90.36163852362704,-10.657055495960194,4.083333333333333
ood_primary,G,Q2,Q2,FixedRidgeLambda1,12,101.14380696291516,-10.972143139028537,3.25
ood_primary,G,Q2,Q2,KNN,12,201.55120827590892,-23.049772971093436,6.416666666666667
ood_primary,G,Q2,Q2,LightGBM,12,206.59720184012357,-24.067315656809296,7.583333333333333
ood_primary,G,Q2,Q2,LinearRegression,12,102.26002729983196,-11.10490290969386,4.0
ood_primary,G,Q2,Q2,MLP,12,857.5681284137748,-101.62129544825365,9.5
ood_primary,G,Q2,Q2,MODEL3-ICL-MC,12,123.83329125561399,-14.818440070553097,4.333333333333333
ood_primary,G,Q2,Q2,RandomForest,12,775.1919080272916,-97.94971444891553,6.166666666666667
ood_primary,G,Q2,Q2,Ridge,12,101.14380696291516,-10.972143139028537,3.25
ood_primary,G,Q2,Q2,SVR,12,2.9023534570619076,0.707163451826502,2.25
ood_primary,G,Q2,Q2,XGBoost,12,2096.540957091766,-257.2255708929227,7.416666666666667
ood_primary,G,Q2,Q3,CatBoost,12,24.168727891161698,-3.6870358478173095,5.416666666666667
ood_primary,G,Q2,Q3,FixedRidgeLambda1,12,7.765367385886631,-0.6736960557556623,2.6666666666666665
ood_primary,G,Q2,Q3,KNN,12,39.18318291505477,-7.928604529420638,6.75
ood_primary,G,Q2,Q3,LightGBM,12,40.86207752990796,-7.403704602031379,8.0
ood_primary,G,Q2,Q3,LinearRegression,12,7.858700499817496,-0.6941576398547872,3.6666666666666665
ood_primary,G,Q2,Q3,MLP,12,162.70029214911568,-37.88780813836639,9.75
ood_primary,G,Q2,Q3,MODEL3-ICL-MC,12,11.516044845928946,-1.4146749497428441,4.166666666666667
ood_primary,G,Q2,Q3,RandomForest,12,62.49289552315091,-11.070529363556064,6.25
ood_primary,G,Q2,Q3,Ridge,12,7.765367385886631,-0.6736960557556623,2.6666666666666665
ood_primary,G,Q2,Q3,SVR,12,1.8734816570296238,0.6804922338019992,1.25
ood_primary,G,Q2,Q3,XGBoost,12,119.31197379370712,-19.30664613183571,7.083333333333333
ood_primary,G,Q2,Q4,CatBoost,15,37.047524253921246,-8.281959164613461,4.8
ood_primary,G,Q2,Q4,FixedRidgeLambda1,15,65.49771165076521,-14.804194946198752,2.8666666666666667
ood_primary,G,Q2,Q4,KNN,15,146.86125822587562,-27.36965316938663,7.333333333333333
ood_primary,G,Q2,Q4,LightGBM,15,178.36119639803545,-44.65583121690652,7.933333333333334
ood_primary,G,Q2,Q4,LinearRegression,15,66.21295378367003,-14.980588670975788,3.7333333333333334
ood_primary,G,Q2,Q4,MLP,15,1314.0367002353971,-219.90032229040762,9.866666666666667
ood_primary,G,Q2,Q4,MODEL3-ICL-MC,15,110.18622876019712,-26.394586905003866,4.6
ood_primary,G,Q2,Q4,RandomForest,15,105.31537203472917,-28.42468726074159,5.133333333333334
ood_primary,G,Q2,Q4,Ridge,15,65.49771165076521,-14.804194946198752,2.8666666666666667
ood_primary,G,Q2,Q4,SVR,15,2.5639926501150465,0.7314333860425231,2.0
ood_primary,G,Q2,Q4,XGBoost,15,314.17818285262535,-91.41607415635823,6.733333333333333
ood_primary,G,Q3,Q1,CatBoost,12,81.11958235684274,-21.505219427402967,3.5833333333333335
ood_primary,G,Q3,Q1,FixedRidgeLambda1,12,171.25882374161733,-47.38822896136438,2.75
ood_primary,G,Q3,Q1,KNN,12,569.7747918829272,-156.97759689555883,7.333333333333333
ood_primary,G,Q3,Q1,LightGBM,12,653.1761411002789,-174.88278418835475,7.75
ood_primary,G,Q3,Q1,LinearRegression,12,173.75975292806825,-48.09453468546068,3.6666666666666665
ood_primary,G,Q3,Q1,MLP,12,2826.8194403801376,-795.7062451477076,9.833333333333334
ood_primary,G,Q3,Q1,MODEL3-ICL-MC,12,270.01944834228715,-76.11306710474732,5.916666666666667
ood_primary,G,Q3,Q1,RandomForest,12,554.1561380120738,-157.57544881741808,5.916666666666667
ood_primary,G,Q3,Q1,Ridge,12,171.25882374161733,-47.38822896136438,2.75
ood_primary,G,Q3,Q1,SVR,12,3.5134066939851922,0.6745722122374856,1.9166666666666667
ood_primary,G,Q3,Q1,XGBoost,12,3287.9668908348717,-784.7366759685248,6.333333333333333
ood_primary,G,Q3,Q2,CatBoost,6,15.912793026482694,-0.2003457511159861,3.1666666666666665
ood_primary,G,Q3,Q2,FixedRidgeLambda1,6,24.598233974281857,-1.3928135459824593,3.5
ood_primary,G,Q3,Q2,KNN,6,32.738698983955224,-1.4235062722938017,5.666666666666667
ood_primary,G,Q3,Q2,LightGBM,6,71.90993051930582,-5.255306939649237,8.0
ood_primary,G,Q3,Q2,LinearRegression,6,24.97737786915162,-1.4275939230739148,4.666666666666667
ood_primary,G,Q3,Q2,MLP,6,223.51880279002296,-16.26184159552143,9.0
ood_primary,G,Q3,Q2,MODEL3-ICL-MC,6,44.58250980760665,-3.3638441848113714,6.833333333333333
ood_primary,G,Q3,Q2,RandomForest,6,111.77572282178924,-8.316990411552439,7.0
ood_primary,G,Q3,Q2,Ridge,6,24.598233974281857,-1.3928135459824593,3.5
ood_primary,G,Q3,Q2,SVR,6,5.713310100053575,0.6286488204257066,1.6666666666666667
ood_primary,G,Q3,Q2,XGBoost,6,429.28888590489345,-32.472707340635154,5.5
ood_primary,G,Q3,Q3,CatBoost,9,508.19603055622935,-67.07425481359884,4.0
ood_primary,G,Q3,Q3,FixedRidgeLambda1,9,1050.6690267550323,-143.04231882194597,4.555555555555555
ood_primary,G,Q3,Q3,KNN,9,112.76139080527948,-17.645200565297134,4.444444444444445
ood_primary,G,Q3,Q3,LightGBM,9,1332.6573839298633,-191.6636999033268,7.222222222222222
ood_primary,G,Q3,Q3,LinearRegression,9,1065.5789136204778,-145.0743001472117,5.555555555555555
ood_primary,G,Q3,Q3,MLP,9,5000.473701530154,-716.7954642732881,9.444444444444445
ood_primary,G,Q3,Q3,MODEL3-ICL-MC,9,1334.140809561237,-182.49075944608518,6.888888888888889
ood_primary,G,Q3,Q3,RandomForest,9,7944.643250868099,-1014.8950645516666,6.888888888888889
ood_primary,G,Q3,Q3,Ridge,9,1050.6690267550323,-143.04231882194597,4.555555555555555
ood_primary,G,Q3,Q3,SVR,9,2.7361611505740773,0.6740459312626627,1.0
ood_primary,G,Q3,Q3,XGBoost,9,23103.212877450944,-2887.3236341102493,5.0
ood_primary,G,Q4,Q1,CatBoost,9,29.615594325795744,-3.4152252737823656,3.5555555555555554
ood_primary,G,Q4,Q1,FixedRidgeLambda1,9,21.061511289809495,-1.7052955340760358,3.4444444444444446
ood_primary,G,Q4,Q1,KNN,9,136.83048521541815,-20.68226679189143,7.0
ood_primary,G,Q4,Q1,LightGBM,9,55.206504470142704,-6.235140754193649,7.222222222222222
ood_primary,G,Q4,Q1,LinearRegression,9,21.351239356609025,-1.7420635573095564,4.444444444444445
ood_primary,G,Q4,Q1,MLP,9,521.347562135962,-79.67584499944238,9.555555555555555
ood_primary,G,Q4,Q1,MODEL3-ICL-MC,9,40.04797219578055,-4.308048911615403,5.777777777777778
ood_primary,G,Q4,Q1,RandomForest,9,93.95319908324808,-13.704151246825653,4.777777777777778
ood_primary,G,Q4,Q1,Ridge,9,21.061511289809495,-1.7052955340760358,3.4444444444444446
ood_primary,G,Q4,Q1,SVR,9,4.594877348024122,0.6254406696505225,1.5555555555555556
ood_primary,G,Q4,Q1,XGBoost,9,428.3326276009943,-59.030490099093946,7.666666666666667
ood_primary,G,Q4,Q2,CatBoost,3,406.88270391957843,-23.709176826361233,3.3333333333333335
ood_primary,G,Q4,Q2,FixedRidgeLambda1,3,571.9022676342389,-36.74528768715643,3.6666666666666665
ood_primary,G,Q4,Q2,KNN,3,2864.674571413568,-189.59018302517015,7.333333333333333
ood_primary,G,Q4,Q2,LightGBM,3,2906.2457297756505,-187.51837205304847,7.666666666666667
ood_primary,G,Q4,Q2,LinearRegression,3,580.2510234252608,-37.29391757564229,4.666666666666667
ood_primary,G,Q4,Q2,MLP,3,17041.310168564632,-1160.3464657275501,10.0
ood_primary,G,Q4,Q2,MODEL3-ICL-MC,3,2404.335978155612,-162.54082167119964,6.666666666666667
ood_primary,G,Q4,Q2,RandomForest,3,2180.8231489895265,-133.25455078344208,6.0
ood_primary,G,Q4,Q2,Ridge,3,571.9022676342389,-36.74528768715643,3.6666666666666665
ood_primary,G,Q4,Q2,SVR,3,6.473023807541625,0.5822516823594385,1.0
ood_primary,G,Q4,Q2,XGBoost,3,10102.389295306688,-716.5273682532553,4.666666666666667
ood_primary,G,Q4,Q3,CatBoost,9,36898.43145206628,-1347.8396845732493,3.3333333333333335
ood_primary,G,Q4,Q3,FixedRidgeLambda1,9,313360.76108225173,-11811.186752103333,4.222222222222222
ood_primary,G,Q4,Q3,KNN,9,111.65604814911939,-7.45002158496013,5.888888888888889
ood_primary,G,Q4,Q3,LightGBM,9,552799.2214422055,-20449.417577777313,7.777777777777778
ood_primary,G,Q4,Q3,LinearRegression,9,318228.8845122637,-11995.145721001081,5.222222222222222
ood_primary,G,Q4,Q3,MLP,9,116070.76349630223,-4343.094116859471,8.777777777777779
ood_primary,G,Q4,Q3,MODEL3-ICL-MC,9,357111.0677874853,-13370.829528084972,6.0
ood_primary,G,Q4,Q3,RandomForest,9,380465.1695546357,-13855.790504181217,5.111111111111111
ood_primary,G,Q4,Q3,Ridge,9,313360.76108225173,-11811.186752103333,4.222222222222222
ood_primary,G,Q4,Q3,SVR,9,7.476475977038763,0.5936351994236799,1.3333333333333333
ood_primary,G,Q4,Q3,XGBoost,9,3788078.6650510365,-137834.04466936862,7.333333333333333
ood_primary,H,Q1,Q1,CatBoost,6,1.3276636934059363,0.8637182750193357,5.833333333333333
ood_primary,H,Q1,Q1,FixedRidgeLambda1,6,0.06696295422765897,0.9932708116834483,1.5
ood_primary,H,Q1,Q1,KNN,6,2.0711172556390878,0.7896836138321756,8.333333333333334
ood_primary,H,Q1,Q1,LightGBM,6,1.4959759283088836,0.8474148238204763,6.5
ood_primary,H,Q1,Q1,LinearRegression,6,0.07205577153678856,0.9927448647760345,1.8333333333333333
ood_primary,H,Q1,Q1,MLP,6,0.7109152598076013,0.9284625555166622,4.0
ood_primary,H,Q1,Q1,MODEL3-ICL-MC,6,0.10759856436119637,0.9889696316441893,2.6666666666666665
ood_primary,H,Q1,Q1,RandomForest,6,1.7185439276531234,0.8215070026761625,7.5
ood_primary,H,Q1,Q1,Ridge,6,0.06696295422765897,0.9932708116834483,1.5
ood_primary,H,Q1,Q1,SVR,6,1.8688704345806257,0.809394329488799,8.166666666666666
ood_primary,H,Q1,Q1,XGBoost,6,2.0435561522000065,0.7901235424713594,8.666666666666666
ood_primary,H,Q1,Q2,CatBoost,6,0.8799813578103786,0.8522055074169295,5.166666666666667
ood_primary,H,Q1,Q2,FixedRidgeLambda1,6,0.05145433591941898,0.9915851643216991,2.0
ood_primary,H,Q1,Q2,KNN,6,1.8950208371324626,0.6840215882396627,9.666666666666666
ood_primary,H,Q1,Q2,LightGBM,6,1.2306072922988223,0.7931268276205007,7.0
ood_primary,H,Q1,Q2,LinearRegression,6,0.05393765688417788,0.9911604089330353,2.1666666666666665
ood_primary,H,Q1,Q2,MLP,6,0.7384512562863165,0.8786708061486649,4.5
ood_primary,H,Q1,Q2,MODEL3-ICL-MC,6,0.05762400888998148,0.989799597038041,1.8333333333333333
ood_primary,H,Q1,Q2,RandomForest,6,1.3513035634213724,0.7706369682066284,7.5
ood_primary,H,Q1,Q2,Ridge,6,0.05145433591941898,0.9915851643216991,2.0
ood_primary,H,Q1,Q2,SVR,6,1.0212873596153205,0.8341818327252684,6.5
ood_primary,H,Q1,Q2,XGBoost,6,1.5944851482797038,0.7267040864980502,8.666666666666666
ood_primary,H,Q1,Q3,CatBoost,9,0.7853426899576184,0.8918789606451946,5.333333333333333
ood_primary,H,Q1,Q3,FixedRidgeLambda1,9,0.0373289743689898,0.9950351502011264,1.7777777777777777
ood_primary,H,Q1,Q3,KNN,9,1.2930046189816404,0.8280790520820481,8.444444444444445
ood_primary,H,Q1,Q3,LightGBM,9,0.9476969644832975,0.8656228436556553,6.666666666666667
ood_primary,H,Q1,Q3,LinearRegression,9,0.03949561234823918,0.994940266777222,1.6666666666666667
ood_primary,H,Q1,Q3,MLP,9,0.5898842163185171,0.9034772613145314,5.0
ood_primary,H,Q1,Q3,MODEL3-ICL-MC,9,0.053276501969348244,0.992208013318624,2.5555555555555554
ood_primary,H,Q1,Q3,RandomForest,9,1.1062112064501983,0.8600075144785914,6.666666666666667
ood_primary,H,Q1,Q3,Ridge,9,0.0373289743689898,0.9950351502011264,1.7777777777777777
ood_primary,H,Q1,Q3,SVR,9,1.1922307598673663,0.8473626673390438,7.555555555555555
ood_primary,H,Q1,Q3,XGBoost,9,1.4031538705081372,0.8101613041590554,9.333333333333334
ood_primary,H,Q1,Q4,CatBoost,18,0.46205551309360104,0.6337744618309118,5.333333333333333
ood_primary,H,Q1,Q4,FixedRidgeLambda1,18,0.036159429133902445,0.9813237422006892,1.7777777777777777
ood_primary,H,Q1,Q4,KNN,18,0.6726589320970277,0.6167054333222819,7.888888888888889
ood_primary,H,Q1,Q4,LightGBM,18,0.6266471348148777,0.4931313627977683,7.333333333333333
ood_primary,H,Q1,Q4,LinearRegression,18,0.036283586581137076,0.9813733754184825,2.0555555555555554
ood_primary,H,Q1,Q4,MLP,18,0.706903941641141,0.18093390636958365,7.722222222222222
ood_primary,H,Q1,Q4,MODEL3-ICL-MC,18,0.03995187964925125,0.9784365240899346,2.1666666666666665
ood_primary,H,Q1,Q4,RandomForest,18,0.5205528716129583,0.676136515821473,6.0
ood_primary,H,Q1,Q4,Ridge,18,0.036159429133902445,0.9813237422006892,1.7777777777777777
ood_primary,H,Q1,Q4,SVR,18,0.6037768321167589,0.804222371520113,6.055555555555555
ood_primary,H,Q1,Q4,XGBoost,18,0.8267216382320673,0.2434055041027012,8.666666666666666
ood_primary,H,Q2,Q1,CatBoost,15,1.5486234672744643,0.8182421749536186,5.8
ood_primary,H,Q2,Q1,FixedRidgeLambda1,15,0.0665758834879811,0.9929400071136659,1.6
ood_primary,H,Q2,Q1,KNN,15,2.8128540656772514,0.693053082809402,9.266666666666667
ood_primary,H,Q2,Q1,LightGBM,15,1.6947314353227967,0.8120943113760181,5.933333333333334
ood_primary,H,Q2,Q1,LinearRegression,15,0.0695686387770551,0.9925089342639957,1.8
ood_primary,H,Q2,Q1,MLP,15,0.6825230768734861,0.9086033439022005,4.533333333333333
ood_primary,H,Q2,Q1,MODEL3-ICL-MC,15,0.09897234810998395,0.9901714682342837,2.6
ood_primary,H,Q2,Q1,RandomForest,15,2.013771286037663,0.7667397576164963,7.466666666666667
ood_primary,H,Q2,Q1,Ridge,15,0.0665758834879811,0.9929400071136659,1.6
ood_primary,H,Q2,Q1,SVR,15,2.1569772549234143,0.7874871187978729,6.933333333333334
ood_primary,H,Q2,Q1,XGBoost,15,2.658023820580064,0.6926932906657454,9.066666666666666
ood_primary,H,Q2,Q2,CatBoost,3,1.8135604880476466,0.8214790264625536,5.333333333333333
ood_primary,H,Q2,Q2,FixedRidgeLambda1,3,0.0744638684990589,0.993103371034195,1.6666666666666667
ood_primary,H,Q2,Q2,KNN,3,4.426658859802127,0.574212547964299,10.0
ood_primary,H,Q2,Q2,LightGBM,3,1.599014575319196,0.8487417897930102,6.333333333333333
ood_primary,H,Q2,Q2,LinearRegression,3,0.07705504938433397,0.9928768234681296,2.3333333333333335
ood_primary,H,Q2,Q2,MLP,3,0.5478684348705259,0.9464499308669007,4.0
ood_primary,H,Q2,Q2,MODEL3-ICL-MC,3,0.11340858390900915,0.9903318983682589,2.0
ood_primary,H,Q2,Q2,RandomForest,3,2.049370631560643,0.7959533977147314,6.333333333333333
ood_primary,H,Q2,Q2,Ridge,3,0.0744638684990589,0.993103371034195,1.6666666666666667
ood_primary,H,Q2,Q2,SVR,3,3.419855485196329,0.6804290900276913,8.666666666666666
ood_primary,H,Q2,Q2,XGBoost,3,2.344156656750153,0.7650226339667182,8.333333333333334
ood_primary,H,Q2,Q3,CatBoost,15,1.3015108658101693,0.8660887910958822,5.2
ood_primary,H,Q2,Q3,FixedRidgeLambda1,15,0.06334396714771853,0.9932763115556072,1.4666666666666666
ood_primary,H,Q2,Q3,KNN,15,2.5496904889572187,0.7463351077089234,9.066666666666666
ood_primary,H,Q2,Q3,LightGBM,15,1.7296370088986142,0.8311337365063588,6.466666666666667
ood_primary,H,Q2,Q3,LinearRegression,15,0.0664951080403509,0.9927135974374794,1.7333333333333334
ood_primary,H,Q2,Q3,MLP,15,0.7431798548344623,0.905021853327965,4.266666666666667
ood_primary,H,Q2,Q3,MODEL3-ICL-MC,15,0.0948344246599257,0.9885054143962875,2.8
ood_primary,H,Q2,Q3,RandomForest,15,2.0334350138932735,0.7990633438951961,7.466666666666667
ood_primary,H,Q2,Q3,Ridge,15,0.06334396714771853,0.9932763115556072,1.4666666666666666
ood_primary,H,Q2,Q3,SVR,15,2.595087999239772,0.7903041634786424,7.666666666666667
ood_primary,H,Q2,Q3,XGBoost,15,2.5118082569676505,0.7495567572207623,8.866666666666667
ood_primary,H,Q2,Q4,CatBoost,3,0.6509827110004615,0.6773372378807433,6.0
ood_primary,H,Q2,Q4,FixedRidgeLambda1,3,0.0803045268587722,0.9572822289192245,2.0
ood_primary,H,Q2,Q4,KNN,3,0.9125994732136978,0.5324242316854825,9.0
ood_primary,H,Q2,Q4,LightGBM,3,0.7753903876820498,0.5955325152547429,6.333333333333333
ood_primary,H,Q2,Q4,LinearRegression,3,0.08037110664834544,0.9572150232506381,1.6666666666666667
ood_primary,H,Q2,Q4,MLP,3,1.1964769968674673,0.3619298483550697,9.666666666666666
ood_primary,H,Q2,Q4,MODEL3-ICL-MC,3,0.08050451654268347,0.9582707753779308,2.3333333333333335
ood_primary,H,Q2,Q4,RandomForest,3,0.6857395054413323,0.6513341981135581,5.666666666666667
ood_primary,H,Q2,Q4,Ridge,3,0.0803045268587722,0.9572822289192245,2.0
ood_primary,H,Q2,Q4,SVR,3,0.5578155417348415,0.7278461547830993,4.666666666666667
ood_primary,H,Q2,Q4,XGBoost,3,0.8402237087120179,0.5673011461092318,7.666666666666667
ood_primary,H,Q3,Q1,CatBoost,15,2.929442174045926,0.8247095210869192,5.533333333333333
ood_primary,H,Q3,Q1,FixedRidgeLambda1,15,0.12039137815730304,0.9923400469331047,1.8
ood_primary,H,Q3,Q1,KNN,15,5.268551945724474,0.675954973597458,8.666666666666666
ood_primary,H,Q3,Q1,LightGBM,15,3.1332041041214977,0.8171356168871692,6.0
ood_primary,H,Q3,Q1,LinearRegression,15,0.11839047765745732,0.9924100342014124,1.4666666666666666
ood_primary,H,Q3,Q1,MLP,15,0.8588035673809974,0.9450638839604363,4.066666666666666
ood_primary,H,Q3,Q1,MODEL3-ICL-MC,15,0.20248683162928033,0.9877146176221003,2.7333333333333334
ood_primary,H,Q3,Q1,RandomForest,15,4.220275262156087,0.741467845948303,7.533333333333333
ood_primary,H,Q3,Q1,Ridge,15,0.12039137815730304,0.9923400469331047,1.8
ood_primary,H,Q3,Q1,SVR,15,5.718334361000014,0.6873617806355478,8.466666666666667
ood_primary,H,Q3,Q1,XGBoost,15,5.015604557307836,0.6852831049667854,8.733333333333333
ood_primary,H,Q3,Q2,CatBoost,6,1.0708871761683232,0.6999812259682114,5.833333333333333
ood_primary,H,Q3,Q2,FixedRidgeLambda1,6,0.05967294445470172,0.9786217581716542,1.8333333333333333
ood_primary,H,Q3,Q2,KNN,6,1.599014313002508,0.5606683721987549,8.666666666666666
ood_primary,H,Q3,Q2,LightGBM,6,1.2284480676033687,0.6380015135230624,7.0
ood_primary,H,Q3,Q2,LinearRegression,6,0.05802209480479111,0.9791721259901713,1.1666666666666667
ood_primary,H,Q3,Q2,MLP,6,0.5488291429866882,0.8546667903621437,4.0
ood_primary,H,Q3,Q2,MODEL3-ICL-MC,6,0.11486793991892835,0.9663936788362467,3.0
ood_primary,H,Q3,Q2,RandomForest,6,1.4406216464576984,0.6024190523158541,7.666666666666667
ood_primary,H,Q3,Q2,Ridge,6,0.05967294445470172,0.9786217581716542,1.8333333333333333
ood_primary,H,Q3,Q2,SVR,6,1.1819399398071044,0.7003933603447615,6.0
ood_primary,H,Q3,Q2,XGBoost,6,1.787370428700948,0.5005731721398767,9.833333333333334
ood_primary,H,Q3,Q3,CatBoost,15,1.7029623915754997,0.7816139351472092,5.866666666666666
ood_primary,H,Q3,Q3,FixedRidgeLambda1,15,0.08309003445368354,0.9866431070343452,1.5333333333333334
ood_primary,H,Q3,Q3,KNN,15,3.3637504501170343,0.5750564962355134,9.6
ood_primary,H,Q3,Q3,LightGBM,15,1.6448787495419586,0.77185622497569,6.133333333333334
ood_primary,H,Q3,Q3,LinearRegression,15,0.08537436522191849,0.986574167795252,1.6
ood_primary,H,Q3,Q3,MLP,15,0.706938584244869,0.8960877276218487,4.133333333333334
ood_primary,H,Q3,Q3,MODEL3-ICL-MC,15,0.13157294353831903,0.9802013207679535,2.8666666666666667
ood_primary,H,Q3,Q3,RandomForest,15,2.2718136139025042,0.708761652188801,7.466666666666667
ood_primary,H,Q3,Q3,Ridge,15,0.08309003445368354,0.9866431070343452,1.5333333333333334
ood_primary,H,Q3,Q3,SVR,15,2.192634666178334,0.7403019705986711,6.8
ood_primary,H,Q3,Q3,XGBoost,15,2.826595450838501,0.6295190302085827,9.0
ood_primary,H,Q3,Q4,CatBoost,9,1.7196953409672342,0.8855161280464569,5.555555555555555
ood_primary,H,Q3,Q4,FixedRidgeLambda1,9,0.06742312227785124,0.9951097089593569,1.3333333333333333
ood_primary,H,Q3,Q4,KNN,9,3.3354954543385906,0.79041948631748,9.333333333333334
ood_primary,H,Q3,Q4,LightGBM,9,1.7994114774786145,0.8824035335154258,6.0
ood_primary,H,Q3,Q4,LinearRegression,9,0.07095130939564577,0.994897067386175,1.8888888888888888
ood_primary,H,Q3,Q4,MLP,9,0.6036834189609306,0.9593244561504152,4.0
ood_primary,H,Q3,Q4,MODEL3-ICL-MC,9,0.11372287857540672,0.992464682367998,2.7777777777777777
ood_primary,H,Q3,Q4,RandomForest,9,2.466033588254851,0.8320443399934395,7.444444444444445
ood_primary,H,Q3,Q4,Ridge,9,0.06742312227785124,0.9951097089593569,1.3333333333333333
ood_primary,H,Q3,Q4,SVR,9,3.063951492917215,0.8178978844370803,8.444444444444445
ood_primary,H,Q3,Q4,XGBoost,9,2.6364501246692837,0.8217479403306728,8.222222222222221
ood_primary,H,Q4,Q1,CatBoost,6,3.158510333321494,0.7887725386882302,5.5
ood_primary,H,Q4,Q1,FixedRidgeLambda1,6,0.13085895141407802,0.9911962928876462,1.8333333333333333
ood_primary,H,Q4,Q1,KNN,6,5.015041610500407,0.6702320149956744,8.166666666666666
ood_primary,H,Q4,Q1,LightGBM,6,3.470741986471779,0.7572868799427726,6.333333333333333
ood_primary,H,Q4,Q1,LinearRegression,6,0.12866165289173412,0.9913888778468535,1.1666666666666667
ood_primary,H,Q4,Q1,MLP,6,0.8411148237288798,0.9456064513224861,4.0
ood_primary,H,Q4,Q1,MODEL3-ICL-MC,6,0.22127309527725778,0.9856139138146118,3.0
ood_primary,H,Q4,Q1,RandomForest,6,5.068639150976716,0.6923899978987746,7.666666666666667
ood_primary,H,Q4,Q1,Ridge,6,0.13085895141407802,0.9911962928876462,1.8333333333333333
ood_primary,H,Q4,Q1,SVR,6,6.617014145841435,0.6343318719664326,8.666666666666666
ood_primary,H,Q4,Q1,XGBoost,6,5.984739565137424,0.6186963949853186,8.666666666666666
ood_primary,H,Q4,Q2,CatBoost,12,2.510260136376623,0.7859129016155944,5.916666666666667
ood_primary,H,Q4,Q2,FixedRidgeLambda1,12,0.1285467717096095,0.9888583792093186,1.8333333333333333
ood_primary,H,Q4,Q2,KNN,12,4.1524158164818585,0.6395645248721772,9.333333333333334
ood_primary,H,Q4,Q2,LightGBM,12,2.333677556106544,0.8002666830031742,5.833333333333333
ood_primary,H,Q4,Q2,LinearRegression,12,0.12749337832403548,0.9887613481438492,1.5
ood_primary,H,Q4,Q2,MLP,12,0.7088365672675302,0.9346142707467288,4.0
ood_primary,H,Q4,Q2,MODEL3-ICL-MC,12,0.21510562965310523,0.9826004142573033,2.6666666666666665
ood_primary,H,Q4,Q2,RandomForest,12,3.4142811992936903,0.7119237665024634,7.75
ood_primary,H,Q4,Q2,Ridge,12,0.1285467717096095,0.9888583792093186,1.8333333333333333
ood_primary,H,Q4,Q2,SVR,12,3.290901525745546,0.7293229135533886,7.083333333333333
ood_primary,H,Q4,Q2,XGBoost,12,4.015543867043463,0.6595697279605482,9.083333333333334
ood_primary,H,Q4,Q3,CatBoost,6,2.610647301322637,0.825767597603224,5.5
ood_primary,H,Q4,Q3,FixedRidgeLambda1,6,0.09113389919835461,0.9933225961951951,1.8333333333333333
ood_primary,H,Q4,Q3,KNN,6,4.720022702014205,0.706541815380947,8.333333333333334
ood_primary,H,Q4,Q3,LightGBM,6,2.8466087507704736,0.8141046401679525,5.5
ood_primary,H,Q4,Q3,LinearRegression,6,0.0870798265825542,0.993649517121168,1.1666666666666667
ood_primary,H,Q4,Q3,MLP,6,0.6573345625402399,0.9497937004037279,4.0
ood_primary,H,Q4,Q3,MODEL3-ICL-MC,6,0.20721957062728294,0.9852113215363518,3.0
ood_primary,H,Q4,Q3,RandomForest,6,4.715484225681037,0.7080779305739614,8.166666666666666
ood_primary,H,Q4,Q3,Ridge,6,0.09113389919835461,0.9933225961951951,1.8333333333333333
ood_primary,H,Q4,Q3,SVR,6,4.084724516118689,0.7371677989245592,7.833333333333333
ood_primary,H,Q4,Q3,XGBoost,6,5.710914355349033,0.6342860366338176,9.666666666666666
ood_primary,H,Q4,Q4,CatBoost,6,2.7844343972466046,0.7908711185731351,6.166666666666667
ood_primary,H,Q4,Q4,FixedRidgeLambda1,6,0.09331748333495755,0.9929662868097267,1.8333333333333333
ood_primary,H,Q4,Q4,KNN,6,4.84882754376163,0.6391481238981855,9.5
ood_primary,H,Q4,Q4,LightGBM,6,2.537518205877566,0.8093575556353562,5.166666666666667
ood_primary,H,Q4,Q4,LinearRegression,6,0.08930643236523143,0.9932390474953693,1.5
ood_primary,H,Q4,Q4,MLP,6,0.6611973828401813,0.9498275873466188,4.0
ood_primary,H,Q4,Q4,MODEL3-ICL-MC,6,0.14033668884745107,0.9894206792658998,2.6666666666666665
ood_primary,H,Q4,Q4,RandomForest,6,4.049026860042931,0.6984150102807757,8.166666666666666
ood_primary,H,Q4,Q4,Ridge,6,0.09331748333495755,0.9929662868097267,1.8333333333333333
ood_primary,H,Q4,Q4,SVR,6,3.3830519970485065,0.7458909975053839,7.0
ood_primary,H,Q4,Q4,XGBoost,6,4.412554049332521,0.6695400099122851,9.0
primary,A,Q1,Q1,CatBoost,15,0.7777314455271279,0.8533230180341694,4.8
primary,A,Q1,Q1,FixedRidgeLambda1,15,0.04776285056768647,0.9887959490894082,1.8666666666666667
primary,A,Q1,Q1,KNN,15,1.640502112271531,0.7131376625067031,9.266666666666667
primary,A,Q1,Q1,LightGBM,15,1.1234572062119672,0.7820690648765733,7.2
primary,A,Q1,Q1,LinearRegression,15,0.04674075258906556,0.9890663127797319,1.6666666666666667
primary,A,Q1,Q1,MLP,15,0.6986025631434819,0.859357800944281,4.866666666666666
primary,A,Q1,Q1,MODEL3-ICL-MC,15,0.06746114635758294,0.9841244124663499,2.466666666666667
primary,A,Q1,Q1,RandomForest,15,1.1427312884377825,0.7930756875122277,7.066666666666666
primary,A,Q1,Q1,Ridge,15,0.04776285056768647,0.9887959490894082,1.8666666666666667
primary,A,Q1,Q1,SVR,15,1.4276092223700234,0.7782156449298776,7.266666666666667
primary,A,Q1,Q1,XGBoost,15,1.3891624424192297,0.7282094684555117,8.533333333333333
primary,A,Q1,Q2,CatBoost,6,0.8717988746901756,0.8461043152800026,5.166666666666667
primary,A,Q1,Q2,FixedRidgeLambda1,6,0.047435555334499835,0.9918898406745886,1.1666666666666667
primary,A,Q1,Q2,KNN,6,1.6624650627426398,0.7242525410270603,8.833333333333334
primary,A,Q1,Q2,LightGBM,6,1.234199914582396,0.7842039186327653,6.666666666666667
primary,A,Q1,Q2,LinearRegression,6,0.0504777415254976,0.9914273978057366,2.1666666666666665
primary,A,Q1,Q2,MLP,6,0.699185045486885,0.850409906651907,5.5
primary,A,Q1,Q2,MODEL3-ICL-MC,6,0.06199088348181078,0.9891931631712967,2.6666666666666665
primary,A,Q1,Q2,RandomForest,6,1.3655396838023866,0.7900525609640164,6.166666666666667
primary,A,Q1,Q2,Ridge,6,0.047435555334499835,0.9918898406745886,1.1666666666666667
primary,A,Q1,Q2,SVR,6,1.433209641393925,0.7480076247177537,7.666666666666667
primary,A,Q1,Q2,XGBoost,6,1.8666196920776839,0.6957549876298329,9.0
primary,A,Q1,Q3,CatBoost,12,0.8666055112651591,0.8345121922504722,5.083333333333333
primary,A,Q1,Q3,FixedRidgeLambda1,12,0.07495642657593884,0.9848622617370255,1.75
primary,A,Q1,Q3,KNN,12,1.804005756455708,0.701043623283152,9.0
primary,A,Q1,Q3,LightGBM,12,1.1001148850961642,0.7907048635774371,6.666666666666667
primary,A,Q1,Q3,LinearRegression,12,0.07848185825710115,0.9845047211453449,2.0
primary,A,Q1,Q3,MLP,12,0.7067409717739759,0.7962687043621975,5.666666666666667
primary,A,Q1,Q3,MODEL3-ICL-MC,12,0.08382047887339589,0.9807786233819468,2.25
primary,A,Q1,Q3,RandomForest,12,1.3314049567843569,0.7710092288652568,7.666666666666667
primary,A,Q1,Q3,Ridge,12,0.07495642657593884,0.9848622617370255,1.75
primary,A,Q1,Q3,SVR,12,1.2806377664613038,0.8073161928368613,6.166666666666667
primary,A,Q1,Q3,XGBoost,12,1.4524241562067395,0.7183291913228066,8.75
primary,A,Q1,Q4,CatBoost,9,0.4474063703472,0.8816251712702794,4.555555555555555
primary,A,Q1,Q4,FixedRidgeLambda1,9,0.037222539556579365,0.9901955059973788,2.0
primary,A,Q1,Q4,KNN,9,0.820538954938448,0.7813884727151044,9.11111111111111
primary,A,Q1,Q4,LightGBM,9,0.6640016967180927,0.8218336478298381,7.777777777777778
primary,A,Q1,Q4,LinearRegression,9,0.03787929216656649,0.9900806531838648,2.2222222222222223
primary,A,Q1,Q4,MLP,9,0.7244241086152978,0.8050432238443035,8.11111111111111
primary,A,Q1,Q4,MODEL3-ICL-MC,9,0.039095904285841476,0.9895342258808432,1.7777777777777777
primary,A,Q1,Q4,RandomForest,9,0.489148536126117,0.8683776127130307,5.111111111111111
primary,A,Q1,Q4,Ridge,9,0.037222539556579365,0.9901955059973788,2.0
primary,A,Q1,Q4,SVR,9,0.5842762449617196,0.845349895554822,6.0
primary,A,Q1,Q4,XGBoost,9,0.7352091939111204,0.801977182885585,8.333333333333334
primary,A,Q2,Q1,CatBoost,6,1.0365505765031375,0.8077183643147832,5.666666666666667
primary,A,Q2,Q1,FixedRidgeLambda1,6,0.10158677570778353,0.9811685207344821,1.6666666666666667
primary,A,Q2,Q1,KNN,6,1.9615613826562495,0.63075882025442,9.833333333333334
primary,A,Q2,Q1,LightGBM,6,1.046732277644246,0.8021973661838286,5.666666666666667
primary,A,Q2,Q1,LinearRegression,6,0.10074989170799091,0.9813240225190801,1.6666666666666667
primary,A,Q2,Q1,MLP,6,0.6137596820560131,0.8810194237544547,4.166666666666667
primary,A,Q2,Q1,MODEL3-ICL-MC,6,0.14857042497819525,0.9724019068912417,2.6666666666666665
primary,A,Q2,Q1,RandomForest,6,1.6649590963058938,0.6862716006404534,8.5
primary,A,Q2,Q1,Ridge,6,0.10158677570778353,0.9811685207344821,1.6666666666666667
primary,A,Q2,Q1,SVR,6,1.281771868669572,0.7571209517341763,6.666666666666667
primary,A,Q2,Q1,XGBoost,6,1.67472758540743,0.683675309448276,8.5
primary,A,Q2,Q2,CatBoost,6,1.3959681186737312,0.8309999051790485,4.833333333333333
primary,A,Q2,Q2,FixedRidgeLambda1,6,0.0836408639083616,0.9896451420544521,1.8333333333333333
primary,A,Q2,Q2,KNN,6,2.9895278967329815,0.6361762320502389,9.333333333333334
primary,A,Q2,Q2,LightGBM,6,2.0531022841464623,0.7522805880565118,7.0
primary,A,Q2,Q2,LinearRegression,6,0.0841469199064706,0.9895667421532486,2.3333333333333335
primary,A,Q2,Q2,MLP,6,0.6921312743396859,0.9113417134884029,4.166666666666667
primary,A,Q2,Q2,MODEL3-ICL-MC,6,0.08135040056442273,0.9897441411851896,1.8333333333333333
primary,A,Q2,Q2,RandomForest,6,2.2469387009798285,0.7268768363230923,7.5
primary,A,Q2,Q2,Ridge,6,0.0836408639083616,0.9896451420544521,1.8333333333333333
primary,A,Q2,Q2,SVR,6,1.86878757603445,0.767609405355616,6.833333333333333
primary,A,Q2,Q2,XGBoost,6,3.303662994324757,0.5998872853189433,9.333333333333334
primary,A,Q2,Q3,CatBoost,18,1.5383311190068294,0.8139412062619723,5.444444444444445
primary,A,Q2,Q3,FixedRidgeLambda1,18,0.0745133444819225,0.9900117740271333,1.5
primary,A,Q2,Q3,KNN,18,3.107702069998389,0.62924434460474,9.055555555555555
primary,A,Q2,Q3,LightGBM,18,1.822008298418187,0.7788861438863947,6.388888888888889
primary,A,Q2,Q3,LinearRegression,18,0.07436521667053145,0.9900364151745913,1.7222222222222223
primary,A,Q2,Q3,MLP,18,0.7451675470191153,0.9039465653766737,4.222222222222222
primary,A,Q2,Q3,MODEL3-ICL-MC,18,0.11331984905368372,0.9849536151028482,2.7777777777777777
primary,A,Q2,Q3,RandomForest,18,2.6120857552517096,0.6925686407125348,8.166666666666666
primary,A,Q2,Q3,Ridge,18,0.0745133444819225,0.9900117740271333,1.5
primary,A,Q2,Q3,SVR,18,1.972420783020367,0.7661365849247921,6.5
primary,A,Q2,Q3,XGBoost,18,3.1011771176073637,0.6381681222541167,9.222222222222221
primary,A,Q2,Q4,CatBoost,9,1.486016351277681,0.8617310269537489,5.444444444444445
primary,A,Q2,Q4,FixedRidgeLambda1,9,0.06374269086404966,0.9934518266371308,1.5555555555555556
primary,A,Q2,Q4,KNN,9,3.062574944151658,0.7076896755569593,9.555555555555555
primary,A,Q2,Q4,LightGBM,9,1.555105602365834,0.8511463403647228,5.777777777777778
primary,A,Q2,Q4,LinearRegression,9,0.06617976916485283,0.9932630010892773,1.8888888888888888
primary,A,Q2,Q4,MLP,9,0.7875473692659413,0.9174303952190006,4.111111111111111
primary,A,Q2,Q4,MODEL3-ICL-MC,9,0.07894825857369675,0.9921447687191515,2.5555555555555554
primary,A,Q2,Q4,RandomForest,9,2.520396594147095,0.7619322532516924,8.222222222222221
primary,A,Q2,Q4,Ridge,9,0.06374269086404966,0.9934518266371308,1.5555555555555556
primary,A,Q2,Q4,SVR,9,2.138199114290046,0.8053247876810788,6.888888888888889
primary,A,Q2,Q4,XGBoost,9,2.6404602120485157,0.7494002862976089,9.0
primary,A,Q3,Q1,CatBoost,6,1.600879042441134,0.7853850668855576,5.333333333333333
primary,A,Q3,Q1,FixedRidgeLambda1,6,0.12020563821327812,0.9819463295932537,1.5
primary,A,Q3,Q1,KNN,6,3.447128306641451,0.5471305278735926,9.833333333333334
primary,A,Q3,Q1,LightGBM,6,1.773636565668842,0.7607212638715096,6.0
primary,A,Q3,Q1,LinearRegression,6,0.12272397247039268,0.9817918160393813,1.5
primary,A,Q3,Q1,MLP,6,0.9473220236912373,0.8602365058384644,4.5
primary,A,Q3,Q1,MODEL3-ICL-MC,6,0.21520500091472297,0.9697493415541082,3.0
primary,A,Q3,Q1,RandomForest,6,2.2998521610379523,0.6855394272058718,7.666666666666667
primary,A,Q3,Q1,Ridge,6,0.12020563821327812,0.9819463295932537,1.5
primary,A,Q3,Q1,SVR,6,2.492263755480096,0.6742729900478549,7.5
primary,A,Q3,Q1,XGBoost,6,2.5014397671377386,0.6565875832435504,8.166666666666666
primary,A,Q3,Q2,CatBoost,9,3.640971931828224,0.769704224522238,6.111111111111111
primary,A,Q3,Q2,FixedRidgeLambda1,9,0.07152237361949508,0.9931897709017508,1.6666666666666667
primary,A,Q3,Q2,KNN,9,6.02021579161725,0.5962039910440714,9.444444444444445
primary,A,Q3,Q2,LightGBM,9,3.2125060960356837,0.7749102863868262,5.666666666666667
primary,A,Q3,Q2,LinearRegression,9,0.06938109864688283,0.9933057320440195,1.3333333333333333
primary,A,Q3,Q2,MLP,9,0.7314949700374531,0.923414318279377,4.222222222222222
primary,A,Q3,Q2,MODEL3-ICL-MC,9,0.11196346493022741,0.9884809322413507,3.0
primary,A,Q3,Q2,RandomForest,9,5.113420619819863,0.6595367943749025,8.11111111111111
primary,A,Q3,Q2,Ridge,9,0.07152237361949508,0.9931897709017508,1.6666666666666667
primary,A,Q3,Q2,SVR,9,5.233023034132617,0.7015529729318872,7.222222222222222
primary,A,Q3,Q2,XGBoost,9,5.085559653603077,0.6485511602231863,8.222222222222221
primary,A,Q3,Q3,CatBoost,9,1.7856414436731844,0.7774580933240792,5.555555555555555
primary,A,Q3,Q3,FixedRidgeLambda1,9,0.10446214411352173,0.9863807793835002,1.3333333333333333
primary,A,Q3,Q3,KNN,9,3.5842513294453004,0.5558802231842197,9.222222222222221
primary,A,Q3,Q3,LightGBM,9,1.9394328745751528,0.7602657520252083,5.777777777777778
primary,A,Q3,Q3,LinearRegression,9,0.10666653919691416,0.9861113038068806,1.8888888888888888
primary,A,Q3,Q3,MLP,9,0.6157384548549667,0.9201010902630641,4.0
primary,A,Q3,Q3,MODEL3-ICL-MC,9,0.14199981565761546,0.9812340920273372,2.7777777777777777
primary,A,Q3,Q3,RandomForest,9,3.1710569201803724,0.6008427224060187,8.444444444444445
primary,A,Q3,Q3,Ridge,9,0.10446214411352173,0.9863807793835002,1.3333333333333333
primary,A,Q3,Q3,SVR,9,2.2472875754567525,0.7241188739232678,7.333333333333333
primary,A,Q3,Q3,XGBoost,9,3.226928316977045,0.592592923795134,8.666666666666666
primary,A,Q3,Q4,CatBoost,9,2.2542992033528106,0.804788395727558,5.333333333333333
primary,A,Q3,Q4,FixedRidgeLambda1,9,0.0961329123671874,0.991550545268733,2.0
primary,A,Q3,Q4,KNN,9,4.7614703143191655,0.5837144692638401,9.777777777777779
primary,A,Q3,Q4,LightGBM,9,2.581216837645855,0.7759574309076303,6.222222222222222
primary,A,Q3,Q4,LinearRegression,9,0.09545282001224058,0.9916183908718035,1.4444444444444444
primary,A,Q3,Q4,MLP,9,0.833388412060017,0.9227857585796527,4.0
primary,A,Q3,Q4,MODEL3-ICL-MC,9,0.13407606878891884,0.9870547940933769,2.5555555555555554
primary,A,Q3,Q4,RandomForest,9,3.557747131489523,0.6986597872048735,7.888888888888889
primary,A,Q3,Q4,Ridge,9,0.0961329123671874,0.991550545268733,2.0
primary,A,Q3,Q4,SVR,9,3.143238282897774,0.7349953306280204,7.0
primary,A,Q3,Q4,XGBoost,9,4.147590444843188,0.6516936063896381,8.777777777777779
primary,A,Q4,Q2,CatBoost,12,3.21213055091818,0.7750811609225711,6.0
primary,A,Q4,Q2,FixedRidgeLambda1,12,0.1153500100056381,0.9916347826965529,1.25
primary,A,Q4,Q2,KNN,12,5.105995866710955,0.6426183998411732,8.75
primary,A,Q4,Q2,LightGBM,12,2.780645544823963,0.801471105351449,5.333333333333333
primary,A,Q4,Q2,LinearRegression,12,0.12260375366382024,0.9912014836450513,2.0833333333333335
primary,A,Q4,Q2,MLP,12,0.7814999022687811,0.9422857577118325,4.0
primary,A,Q4,Q2,MODEL3-ICL-MC,12,0.20474559140535334,0.9846093216823201,2.6666666666666665
primary,A,Q4,Q2,RandomForest,12,4.720264512492062,0.6678162744978189,8.583333333333334
primary,A,Q4,Q2,Ridge,12,0.1153500100056381,0.9916347826965529,1.25
primary,A,Q4,Q2,SVR,12,3.993431986666305,0.7298317634733521,7.166666666666667
primary,A,Q4,Q2,XGBoost,12,5.322131952022417,0.6187227101958924,9.166666666666666
primary,A,Q4,Q3,CatBoost,12,3.8105934701466437,0.7459625087615273,5.916666666666667
primary,A,Q4,Q3,FixedRidgeLambda1,12,0.13755801704570567,0.9797832333242636,1.5833333333333333
primary,A,Q4,Q3,KNN,12,6.011408455339236,0.5928639433041377,8.833333333333334
primary,A,Q4,Q3,LightGBM,12,3.1054079205527585,0.7769370046025021,5.416666666666667
primary,A,Q4,Q3,LinearRegression,12,0.13900564489412096,0.9795252219793147,1.75
primary,A,Q4,Q3,MLP,12,0.8255887863285917,0.9040233303759622,4.25
primary,A,Q4,Q3,MODEL3-ICL-MC,12,0.23734664011004794,0.9711077880294169,2.6666666666666665
primary,A,Q4,Q3,RandomForest,12,5.900039669392039,0.6205043764190282,8.5
primary,A,Q4,Q3,Ridge,12,0.13755801704570567,0.9797832333242636,1.5833333333333333
primary,A,Q4,Q3,SVR,12,4.928022583461688,0.700500472021794,6.5
primary,A,Q4,Q3,XGBoost,12,6.828929386270545,0.541785858610372,9.583333333333334
primary,A,Q4,Q4,CatBoost,12,3.734132000716056,0.7710390782926928,6.0
primary,A,Q4,Q4,FixedRidgeLambda1,12,0.14415762680111638,0.9872470395382793,1.6666666666666667
primary,A,Q4,Q4,KNN,12,6.76572390762466,0.5804286727552164,9.333333333333334
primary,A,Q4,Q4,LightGBM,12,3.266342170413925,0.7914216887356159,5.333333333333333
primary,A,Q4,Q4,LinearRegression,12,0.14756450293211787,0.9869901319768593,2.0
primary,A,Q4,Q4,MLP,12,0.9962264724577518,0.9275296496126945,4.0
primary,A,Q4,Q4,MODEL3-ICL-MC,12,0.2193244458998078,0.9830322184268575,2.3333333333333335
primary,A,Q4,Q4,RandomForest,12,5.993198118379851,0.6357183732169928,8.166666666666666
primary,A,Q4,Q4,Ridge,12,0.14415762680111638,0.9872470395382793,1.6666666666666667
primary,A,Q4,Q4,SVR,12,5.371845258673446,0.6934168441408682,7.333333333333333
primary,A,Q4,Q4,XGBoost,12,6.311413320516292,0.6145165746081688,8.833333333333334
primary,B,Q1,Q1,CatBoost,9,0.9090427177065512,0.5671854493516163,5.555555555555555
primary,B,Q1,Q1,FixedRidgeLambda1,9,0.033531597362407045,0.9362394266004715,1.3333333333333333
primary,B,Q1,Q1,KNN,9,2.092473815911772,0.4315830866899745,8.555555555555555
primary,B,Q1,Q1,LightGBM,9,1.5402907295948032,0.37583202952636163,8.0
primary,B,Q1,Q1,LinearRegression,9,0.03771874889303574,0.9340563367820756,2.5555555555555554
primary,B,Q1,Q1,MLP,9,0.8158383242663247,-0.2212663623151261,6.111111111111111
primary,B,Q1,Q1,MODEL3-ICL-MC,9,0.050243860269661794,0.8681145331627083,2.2222222222222223
primary,B,Q1,Q1,RandomForest,9,1.0828242957365786,0.7539111095428346,5.888888888888889
primary,B,Q1,Q1,Ridge,9,0.033531597362407045,0.9362394266004715,1.3333333333333333
primary,B,Q1,Q1,SVR,9,2.2751147375899694,0.46645505593032865,7.777777777777778
primary,B,Q1,Q1,XGBoost,9,1.3214769587492516,0.5192919931260387,7.0
primary,B,Q1,Q2,CatBoost,15,0.697282048778688,0.9170444581111495,5.333333333333333
primary,B,Q1,Q2,FixedRidgeLambda1,15,0.05099451915982388,0.9915840078841106,1.5333333333333334
primary,B,Q1,Q2,KNN,15,2.3406895314555163,0.7407037081349371,9.866666666666667
primary,B,Q1,Q2,LightGBM,15,1.1877520892820093,0.8474448270756968,7.866666666666666
primary,B,Q1,Q2,LinearRegression,15,0.051457588401566154,0.9913803398383176,1.6
primary,B,Q1,Q2,MLP,15,0.667621265242399,0.8923198803848691,6.0
primary,B,Q1,Q2,MODEL3-ICL-MC,15,0.08008912356382748,0.986645095923997,2.8666666666666667
primary,B,Q1,Q2,RandomForest,15,0.6606520116956589,0.9313756044065404,4.666666666666667
primary,B,Q1,Q2,Ridge,15,0.05099451915982388,0.9915840078841106,1.5333333333333334
primary,B,Q1,Q2,SVR,15,1.7539658752907414,0.8147304364301623,8.2
primary,B,Q1,Q2,XGBoost,15,0.9826127348873441,0.8768691640992851,7.066666666666666
primary,B,Q1,Q3,CatBoost,15,0.4674636245295003,0.8752792057875407,5.333333333333333
primary,B,Q1,Q3,FixedRidgeLambda1,15,0.07285069536140235,0.974715623029548,1.7333333333333334
primary,B,Q1,Q3,KNN,15,1.274977840022273,0.71431196571903,9.266666666666667
primary,B,Q1,Q3,LightGBM,15,0.7059579493621891,0.8108769706067472,7.533333333333333
primary,B,Q1,Q3,LinearRegression,15,0.07277327300330502,0.9745772314107154,1.8
primary,B,Q1,Q3,MLP,15,0.7420076805952209,0.7786768365581448,7.933333333333334
primary,B,Q1,Q3,MODEL3-ICL-MC,15,0.08715885556426484,0.9702092895164951,2.466666666666667
primary,B,Q1,Q3,RandomForest,15,0.2870342062226133,0.9150228124647101,4.066666666666666
primary,B,Q1,Q3,Ridge,15,0.07285069536140235,0.974715623029548,1.7333333333333334
primary,B,Q1,Q3,SVR,15,0.9677702167143397,0.7792958389943191,8.333333333333334
primary,B,Q1,Q3,XGBoost,15,0.5791695683744637,0.8307528452854058,6.533333333333333
primary,B,Q1,Q4,CatBoost,12,0.40135982774749174,-1.8399807662894212,5.583333333333333
primary,B,Q1,Q4,FixedRidgeLambda1,12,0.05348275745435701,0.17937693292970158,1.4166666666666667
primary,B,Q1,Q4,KNN,12,0.8520012013422238,-2.0016512380903353,8.833333333333334
primary,B,Q1,Q4,LightGBM,12,0.5815591915906774,-3.3811136266893307,7.583333333333333
primary,B,Q1,Q4,LinearRegression,12,0.05448610535850882,0.1701676201652127,1.8333333333333333
primary,B,Q1,Q4,MLP,12,0.7132664624159376,-11.853337749987304,8.25
primary,B,Q1,Q4,MODEL3-ICL-MC,12,0.07950367054715872,-0.2878925239908092,2.8333333333333335
primary,B,Q1,Q4,RandomForest,12,0.26431464199932597,-0.7843136648956586,4.25
primary,B,Q1,Q4,Ridge,12,0.05348275745435701,0.17937693292970158,1.4166666666666667
primary,B,Q1,Q4,SVR,12,0.6842255907765087,-1.4386574313927982,7.416666666666667
primary,B,Q1,Q4,XGBoost,12,0.5234281691312547,-4.000817254876357,7.0
primary,B,Q2,Q1,CatBoost,21,1.5001898437152954,0.7402472958931222,5.761904761904762
primary,B,Q2,Q1,FixedRidgeLambda1,21,0.053708963086084104,0.8493874342311718,1.5238095238095237
primary,B,Q2,Q1,KNN,21,5.3184124558245545,0.5150660021362927,9.142857142857142
primary,B,Q2,Q1,LightGBM,21,1.95965981953734,0.6947231202981007,7.619047619047619
primary,B,Q2,Q1,LinearRegression,21,0.057089658670413386,0.8490607388205171,2.142857142857143
primary,B,Q2,Q1,MLP,21,0.7252628576137223,0.748002327340838,5.857142857142857
primary,B,Q2,Q1,MODEL3-ICL-MC,21,0.07844586356587757,0.8421427303167991,2.3333333333333335
primary,B,Q2,Q1,RandomForest,21,1.3923503090700184,0.7471739275703807,5.714285714285714
primary,B,Q2,Q1,Ridge,21,0.053708963086084104,0.8493874342311718,1.5238095238095237
primary,B,Q2,Q1,SVR,21,4.7006318030051535,0.5985143993536178,7.9523809523809526
primary,B,Q2,Q1,XGBoost,21,1.589193390882676,0.7122360253788775,6.9523809523809526
primary,B,Q2,Q2,CatBoost,12,0.37891446166723664,-223.03908606030328,5.416666666666667
primary,B,Q2,Q2,FixedRidgeLambda1,12,0.07092303015992582,-110.4356705266052,1.5
primary,B,Q2,Q2,KNN,12,1.1823564143489913,-330.0591816701329,8.75
primary,B,Q2,Q2,LightGBM,12,0.4934490807123632,-413.1022178101567,7.5
primary,B,Q2,Q2,LinearRegression,12,0.07065653477014647,-111.46835420323356,2.0
primary,B,Q2,Q2,MLP,12,0.6420527291728598,-883.8201753732109,8.083333333333334
primary,B,Q2,Q2,MODEL3-ICL-MC,12,0.12218614906235381,-206.68889093555347,3.5
primary,B,Q2,Q2,RandomForest,12,0.35063648662747154,-138.92543543422067,4.0
primary,B,Q2,Q2,Ridge,12,0.07092303015992582,-110.4356705266052,1.5
primary,B,Q2,Q2,SVR,12,0.7310262633672789,-157.83643477877547,6.833333333333333
primary,B,Q2,Q2,XGBoost,12,0.5282028375734195,-335.99646841619784,7.416666666666667
primary,B,Q2,Q4,CatBoost,9,0.4398765611712038,0.8851594809782094,5.333333333333333
primary,B,Q2,Q4,FixedRidgeLambda1,9,0.08080306562507984,0.9814036087276564,1.7777777777777777
primary,B,Q2,Q4,KNN,9,1.9967856327077236,0.5972997728093649,9.777777777777779
primary,B,Q2,Q4,LightGBM,9,0.6344448557392952,0.8395792208497999,7.222222222222222
primary,B,Q2,Q4,LinearRegression,9,0.07969259660980457,0.9817811972392173,1.2222222222222223
primary,B,Q2,Q4,MLP,9,0.6447994231456643,0.7782083252420271,7.444444444444445
primary,B,Q2,Q4,MODEL3-ICL-MC,9,0.10798397920926278,0.9745706170184442,3.0
primary,B,Q2,Q4,RandomForest,9,0.2419257530485839,0.9220253781046553,4.111111111111111
primary,B,Q2,Q4,Ridge,9,0.08080306562507984,0.9814036087276564,1.7777777777777777
primary,B,Q2,Q4,SVR,9,1.128462966763413,0.7682564183653806,8.222222222222221
primary,B,Q2,Q4,XGBoost,9,0.5720790528597754,0.8248271257730273,6.888888888888889
primary,B,Q3,Q1,CatBoost,12,3.5315054457038872,0.8484912100746134,5.75
primary,B,Q3,Q1,FixedRidgeLambda1,12,0.094665435589163,0.9948442263247581,1.5833333333333333
primary,B,Q3,Q1,KNN,12,9.510878703333363,0.5779451139043427,9.916666666666666
primary,B,Q3,Q1,LightGBM,12,3.7701941781210397,0.8317277993409418,6.083333333333333
primary,B,Q3,Q1,LinearRegression,12,0.09251143905576172,0.9950015206474733,1.4166666666666667
primary,B,Q3,Q1,MLP,12,0.7250682502836868,0.9566639044206758,4.0
primary,B,Q3,Q1,MODEL3-ICL-MC,12,0.1980360173610736,0.9876610336635863,3.0
primary,B,Q3,Q1,RandomForest,12,4.449090403627982,0.8024785755275072,7.0
primary,B,Q3,Q1,Ridge,12,0.094665435589163,0.9948442263247581,1.5833333333333333
primary,B,Q3,Q1,SVR,12,7.877476247367901,0.6853541751548599,8.666666666666666
primary,B,Q3,Q1,XGBoost,12,4.809851799056433,0.7790347001505867,7.583333333333333
primary,B,Q3,Q2,CatBoost,12,2.761745271172016,0.8523997839933549,5.75
primary,B,Q3,Q2,FixedRidgeLambda1,12,0.1038817815265695,0.9811102089982979,2.0833333333333335
primary,B,Q3,Q2,KNN,12,8.525963916764729,0.587063282864101,9.666666666666666
primary,B,Q3,Q2,LightGBM,12,2.497390806200462,0.837890452611656,5.833333333333333
primary,B,Q3,Q2,LinearRegression,12,0.10170440378443625,0.9810635789384601,1.5
primary,B,Q3,Q2,MLP,12,0.7265054072264466,0.8678519611429057,5.833333333333333
primary,B,Q3,Q2,MODEL3-ICL-MC,12,0.12663461548934077,0.9772289047263775,2.4166666666666665
primary,B,Q3,Q2,RandomForest,12,3.717383272850508,0.8320421497139572,6.083333333333333
primary,B,Q3,Q2,Ridge,12,0.1038817815265695,0.9811102089982979,2.0833333333333335
primary,B,Q3,Q2,SVR,12,8.28705102200666,0.6925280965373625,8.5
primary,B,Q3,Q2,XGBoost,12,3.576361873262259,0.7937685960697896,7.333333333333333
primary,B,Q3,Q3,CatBoost,3,0.8145663376099943,0.913217194082034,5.666666666666667
primary,B,Q3,Q3,FixedRidgeLambda1,3,0.1036373744181468,0.9879831482342514,2.0
primary,B,Q3,Q3,KNN,3,3.110703426322191,0.6591559310539062,10.0
primary,B,Q3,Q3,LightGBM,3,1.109779766732314,0.8779690931117488,8.0
primary,B,Q3,Q3,LinearRegression,3,0.10386032724781259,0.9879341842203356,1.6666666666666667
primary,B,Q3,Q3,MLP,3,0.6106204971796648,0.9316440198831937,5.0
primary,B,Q3,Q3,MODEL3-ICL-MC,3,0.12663035192451574,0.9860155800307688,2.3333333333333335
primary,B,Q3,Q3,RandomForest,3,0.6168732437646732,0.9336033794943589,4.666666666666667
primary,B,Q3,Q3,Ridge,3,0.1036373744181468,0.9879831482342514,2.0
primary,B,Q3,Q3,SVR,3,1.567876392451889,0.8293468473355124,9.0
primary,B,Q3,Q3,XGBoost,3,0.9971472766977394,0.8908566669356118,6.666666666666667
primary,B,Q4,Q1,CatBoost,18,4.27933734984382,0.824483190809003,5.944444444444445
primary,B,Q4,Q1,FixedRidgeLambda1,18,0.11640756020214428,0.9871662340999242,1.3888888888888888
primary,B,Q4,Q1,KNN,18,11.622800306059023,0.5561566162896955,9.333333333333334
primary,B,Q4,Q1,LightGBM,18,3.572080360522036,0.8333151226979782,5.888888888888889
primary,B,Q4,Q1,LinearRegression,18,0.11740500792947366,0.9869775495893554,1.6111111111111112
primary,B,Q4,Q1,MLP,18,1.0110123722869409,0.9016232687535596,4.888888888888889
primary,B,Q4,Q1,MODEL3-ICL-MC,18,0.289713686540292,0.9689584337231401,3.0
primary,B,Q4,Q1,RandomForest,18,5.630020456696141,0.7845908592074292,6.444444444444445
primary,B,Q4,Q1,Ridge,18,0.11640756020214428,0.9871662340999242,1.3888888888888888
primary,B,Q4,Q1,SVR,18,14.189426872510161,0.6095516454064936,8.833333333333334
primary,B,Q4,Q1,XGBoost,18,5.977556365982533,0.7354186455215551,7.666666666666667
primary,B,Q4,Q2,CatBoost,6,1.261399693658382,0.8930962851539083,6.333333333333333
primary,B,Q4,Q2,FixedRidgeLambda1,6,0.1533204428741759,0.9799210045573054,1.1666666666666667
primary,B,Q4,Q2,KNN,6,5.53330030412,0.5405375301268552,10.0
primary,B,Q4,Q2,LightGBM,6,1.628570682979576,0.8545470018322822,7.833333333333333
primary,B,Q4,Q2,LinearRegression,6,0.15778017112131967,0.9796313239785214,1.8333333333333333
primary,B,Q4,Q2,MLP,6,0.791536343041018,0.9011029176637136,5.333333333333333
primary,B,Q4,Q2,MODEL3-ICL-MC,6,0.23990517406193435,0.9689683071883392,3.0
primary,B,Q4,Q2,RandomForest,6,0.8374085550125554,0.9243905743685273,4.666666666666667
primary,B,Q4,Q2,Ridge,6,0.1533204428741759,0.9799210045573054,1.1666666666666667
primary,B,Q4,Q2,SVR,6,3.786329322519378,0.7227242275966824,9.0
primary,B,Q4,Q2,XGBoost,6,1.1544067061111523,0.8899624642571001,5.833333333333333
primary,B,Q4,Q4,CatBoost,6,1.8051372254698992,0.8312052717901454,5.666666666666667
primary,B,Q4,Q4,FixedRidgeLambda1,6,0.07300915583329169,0.9769830634994331,1.5
primary,B,Q4,Q4,KNN,6,5.655791998154851,0.49890928553211533,9.833333333333334
primary,B,Q4,Q4,LightGBM,6,1.7622278222342007,0.794984343247394,7.333333333333333
primary,B,Q4,Q4,LinearRegression,6,0.07243339587900395,0.9770363985790071,1.5
primary,B,Q4,Q4,MLP,6,0.8073389420175431,0.8585159554494511,5.333333333333333
primary,B,Q4,Q4,MODEL3-ICL-MC,6,0.15892467694883916,0.9486452849281944,3.0
primary,B,Q4,Q4,RandomForest,6,1.695775622842618,0.8321598155228421,5.333333333333333
primary,B,Q4,Q4,Ridge,6,0.07300915583329169,0.9769830634994331,1.5
primary,B,Q4,Q4,SVR,6,4.417130950560044,0.6846475033342646,8.333333333333334
primary,B,Q4,Q4,XGBoost,6,1.9568796389383731,0.7859292137276549,7.166666666666667
primary,C,Q1,Q1,CatBoost,9,1.1462327267405028,0.625996802995492,5.222222222222222
primary,C,Q1,Q1,FixedRidgeLambda1,9,0.1768516702438267,0.9287844881965979,1.6666666666666667
primary,C,Q1,Q1,KNN,9,2.033062899300914,0.5854107393936756,7.888888888888889
primary,C,Q1,Q1,LightGBM,9,1.5824820611205759,0.4958669376690963,7.444444444444445
primary,C,Q1,Q1,LinearRegression,9,0.17936267911102244,0.9283649180687453,2.2222222222222223
primary,C,Q1,Q1,MLP,9,2.0355596271793144,-0.09162573139322915,7.555555555555555
primary,C,Q1,Q1,MODEL3-ICL-MC,9,0.19778465942211493,0.9320502704943645,2.111111111111111
primary,C,Q1,Q1,RandomForest,9,1.2875325926759627,0.7104634433302653,6.0
primary,C,Q1,Q1,Ridge,9,0.1768516702438267,0.9287844881965979,1.6666666666666667
primary,C,Q1,Q1,SVR,9,1.4624024265891835,0.7587100417645449,6.222222222222222
primary,C,Q1,Q1,XGBoost,9,1.8919604655931375,0.4472287664861104,8.666666666666666
primary,C,Q1,Q2,CatBoost,9,0.959078305882069,0.6348374016959996,6.0
primary,C,Q1,Q2,FixedRidgeLambda1,9,0.1275318929738728,0.952180661431804,2.0
primary,C,Q1,Q2,KNN,9,1.353932613058329,0.6084965838475945,7.222222222222222
primary,C,Q1,Q2,LightGBM,9,1.2761019924862953,0.5225658955814295,7.888888888888889
primary,C,Q1,Q2,LinearRegression,9,0.12642537025490624,0.9521349995131675,1.6666666666666667
primary,C,Q1,Q2,MLP,9,1.6800535866543893,0.22282082643631773,8.777777777777779
primary,C,Q1,Q2,MODEL3-ICL-MC,9,0.1552189777382054,0.9352459776610762,2.3333333333333335
primary,C,Q1,Q2,RandomForest,9,0.9819368485318076,0.6807853458772125,5.888888888888889
primary,C,Q1,Q2,Ridge,9,0.1275318929738728,0.952180661431804,2.0
primary,C,Q1,Q2,SVR,9,0.7923029631537276,0.7616865859177077,4.666666666666667
primary,C,Q1,Q2,XGBoost,9,1.644555844473783,0.3837615413799733,8.555555555555555
primary,C,Q1,Q3,CatBoost,12,0.8302298008040242,0.7631691301622046,4.916666666666667
primary,C,Q1,Q3,FixedRidgeLambda1,12,0.2641448192704757,0.9197791922999299,1.75
primary,C,Q1,Q3,KNN,12,1.6818972803301753,0.519599795619136,7.833333333333333
primary,C,Q1,Q3,LightGBM,12,1.9368689438535582,0.4174208060311855,8.416666666666666
primary,C,Q1,Q3,LinearRegression,12,0.26621078183159147,0.9190641395121851,1.8333333333333333
primary,C,Q1,Q3,MLP,12,2.403004697175914,0.2963796749348167,9.083333333333334
primary,C,Q1,Q3,MODEL3-ICL-MC,12,0.3496587174019103,0.8957983346790632,2.6666666666666665
primary,C,Q1,Q3,RandomForest,12,1.1407559233625244,0.6888243750902493,6.333333333333333
primary,C,Q1,Q3,Ridge,12,0.2641448192704757,0.9197791922999299,1.75
primary,C,Q1,Q3,SVR,12,0.6873978355723303,0.8147871799479528,4.25
primary,C,Q1,Q3,XGBoost,12,1.6497583223476007,0.5310296726329846,7.916666666666667
primary,C,Q1,Q4,CatBoost,24,1.1178898171464147,0.7765736969671574,4.958333333333333
primary,C,Q1,Q4,FixedRidgeLambda1,24,0.17944271476746013,0.959942384723964,1.625
primary,C,Q1,Q4,KNN,24,1.8694838172153718,0.6609457635702561,8.125
primary,C,Q1,Q4,LightGBM,24,1.570402421571132,0.681124208677494,7.541666666666667
primary,C,Q1,Q4,LinearRegression,24,0.18191521852085527,0.9596205612589448,2.0416666666666665
primary,C,Q1,Q4,MLP,24,2.457533564288991,0.40854764898990403,9.166666666666666
primary,C,Q1,Q4,MODEL3-ICL-MC,24,0.21756481083156112,0.9482090414649056,2.375
primary,C,Q1,Q4,RandomForest,24,1.273543123859558,0.7590637431898707,5.333333333333333
primary,C,Q1,Q4,Ridge,24,0.17944271476746013,0.959942384723964,1.625
primary,C,Q1,Q4,SVR,24,1.3084856502716338,0.7697455104367052,5.625
primary,C,Q1,Q4,XGBoost,24,1.954618359933435,0.6165482161924775,8.208333333333334
primary,C,Q2,Q1,CatBoost,12,1.7509538240460625,0.7831584673335458,5.416666666666667
primary,C,Q2,Q1,FixedRidgeLambda1,12,0.1791030363397754,0.9707741253199459,1.3333333333333333
primary,C,Q2,Q1,KNN,12,4.227155738749002,0.5247522386642457,9.583333333333334
primary,C,Q2,Q1,LightGBM,12,2.1315746769136115,0.7355438123700296,6.416666666666667
primary,C,Q2,Q1,LinearRegression,12,0.18218275426043984,0.9704189344869136,1.8333333333333333
primary,C,Q2,Q1,MLP,12,1.9009318899960908,0.6472360754849467,6.083333333333333
primary,C,Q2,Q1,MODEL3-ICL-MC,12,0.27506372878493285,0.9558059468995092,2.8333333333333335
primary,C,Q2,Q1,RandomForest,12,2.341361348144544,0.730986979182699,6.583333333333333
primary,C,Q2,Q1,Ridge,12,0.1791030363397754,0.9707741253199459,1.3333333333333333
primary,C,Q2,Q1,SVR,12,2.6145329678361944,0.7232629567981211,6.75
primary,C,Q2,Q1,XGBoost,12,2.75473088421605,0.6653198421852168,8.166666666666666
primary,C,Q2,Q2,CatBoost,9,2.401699582903232,0.7812352228475543,5.333333333333333
primary,C,Q2,Q2,FixedRidgeLambda1,9,0.19928978580202317,0.9795237322800445,1.6666666666666667
primary,C,Q2,Q2,KNN,9,4.419792995428217,0.6118178094047875,9.11111111111111
primary,C,Q2,Q2,LightGBM,9,2.4590786384645495,0.7813430573996301,5.444444444444445
primary,C,Q2,Q2,LinearRegression,9,0.19896744458522042,0.9793930557601018,1.7777777777777777
primary,C,Q2,Q2,MLP,9,1.8780951084975621,0.8322593466712744,4.666666666666667
primary,C,Q2,Q2,MODEL3-ICL-MC,9,0.26376080988894485,0.9703581832368275,2.5555555555555554
primary,C,Q2,Q2,RandomForest,9,3.632278546830767,0.6886224547731528,7.777777777777778
primary,C,Q2,Q2,Ridge,9,0.19928978580202317,0.9795237322800445,1.6666666666666667
primary,C,Q2,Q2,SVR,9,3.505964222078267,0.6983898555764174,7.555555555555555
primary,C,Q2,Q2,XGBoost,9,4.2220908637768595,0.627812442835697,9.11111111111111
primary,C,Q2,Q3,CatBoost,12,1.4701716243566618,0.7074387180448701,4.916666666666667
primary,C,Q2,Q3,FixedRidgeLambda1,12,0.1711295267960724,0.9574671833085686,1.6666666666666667
primary,C,Q2,Q3,KNN,12,2.7175692244324883,0.4788363116353512,8.833333333333334
primary,C,Q2,Q3,LightGBM,12,1.7748017692329994,0.633584363537921,5.75
primary,C,Q2,Q3,LinearRegression,12,0.17031897703294444,0.9578231852820638,1.5
primary,C,Q2,Q3,MLP,12,4.5159099628639945,-0.4226730095336319,8.083333333333334
primary,C,Q2,Q3,MODEL3-ICL-MC,12,0.2875509476142187,0.927221883119334,2.8333333333333335
primary,C,Q2,Q3,RandomForest,12,2.492332057968116,0.34555213739195195,6.75
primary,C,Q2,Q3,Ridge,12,0.1711295267960724,0.9574671833085686,1.6666666666666667
primary,C,Q2,Q3,SVR,12,1.5505300786741358,0.7534339213131965,6.083333333333333
primary,C,Q2,Q3,XGBoost,12,5.803043083415191,-0.8267898879274606,8.583333333333334
primary,C,Q2,Q4,CatBoost,6,0.9654738316122612,0.6432067986095431,5.333333333333333
primary,C,Q2,Q4,FixedRidgeLambda1,6,0.17382876548432347,0.9278573398472444,2.3333333333333335
primary,C,Q2,Q4,KNN,6,1.8807498049314229,0.3565535661472368,9.166666666666666
primary,C,Q2,Q4,LightGBM,6,1.1506924333439523,0.5588079337007418,6.5
primary,C,Q2,Q4,LinearRegression,6,0.1722020473463888,0.9283874657693514,1.6666666666666667
primary,C,Q2,Q4,MLP,6,2.0028347932623283,0.20759576973209012,8.333333333333334
primary,C,Q2,Q4,MODEL3-ICL-MC,6,0.21044586488265993,0.9147118787831592,2.0
primary,C,Q2,Q4,RandomForest,6,1.1248155154936752,0.6370842417567659,6.166666666666667
primary,C,Q2,Q4,Ridge,6,0.17382876548432347,0.9278573398472444,2.3333333333333335
primary,C,Q2,Q4,SVR,6,1.0089711051083305,0.6704875636995595,5.666666666666667
primary,C,Q2,Q4,XGBoost,6,1.5439241971649553,0.3401510099378313,7.833333333333333
primary,C,Q3,Q1,CatBoost,6,3.28013333818674,0.707095561186497,6.0
primary,C,Q3,Q1,FixedRidgeLambda1,6,0.30044989805984174,0.9605538432348633,1.6666666666666667
primary,C,Q3,Q1,KNN,6,4.949384255668601,0.5470380408380934,8.666666666666666
primary,C,Q3,Q1,LightGBM,6,3.1130272119542113,0.7066818883707903,5.833333333333333
primary,C,Q3,Q1,LinearRegression,6,0.2978480046034035,0.9611987332061164,1.6666666666666667
primary,C,Q3,Q1,MLP,6,1.8486557016355298,0.7964265737423193,4.833333333333333
primary,C,Q3,Q1,MODEL3-ICL-MC,6,0.4544458239197205,0.9482544508243356,2.6666666666666665
primary,C,Q3,Q1,RandomForest,6,4.907358892202311,0.58289802203789,8.0
primary,C,Q3,Q1,Ridge,6,0.30044989805984174,0.9605538432348633,1.6666666666666667
primary,C,Q3,Q1,SVR,6,3.627231599240711,0.6723491729587584,6.333333333333333
primary,C,Q3,Q1,XGBoost,6,6.454408508074831,0.45425259480815816,9.333333333333334
primary,C,Q3,Q2,CatBoost,3,1.4809714899442137,0.7354454682562769,4.333333333333333
primary,C,Q3,Q2,FixedRidgeLambda1,3,0.2561331170093282,0.9521729949146334,1.0
primary,C,Q3,Q2,KNN,3,2.38970468038139,0.5705908088276638,8.0
primary,C,Q3,Q2,LightGBM,3,2.3842638696779126,0.577092823392487,8.0
primary,C,Q3,Q2,LinearRegression,3,0.25946901952061335,0.9516347648772658,2.0
primary,C,Q3,Q2,MLP,3,2.4122312151429326,0.5576061009582237,7.333333333333333
primary,C,Q3,Q2,MODEL3-ICL-MC,3,0.4445712370666506,0.9144805848284984,3.0
primary,C,Q3,Q2,RandomForest,3,2.068886850447489,0.6342404614791106,6.333333333333333
primary,C,Q3,Q2,Ridge,3,0.2561331170093282,0.9521729949146334,1.0
primary,C,Q3,Q2,SVR,3,1.393980100076868,0.7658751536118502,5.0
primary,C,Q3,Q2,XGBoost,3,2.988334080786739,0.46975224550141964,10.0
primary,C,Q3,Q3,CatBoost,3,2.4357184267131555,0.6756016199985456,5.0
primary,C,Q3,Q3,FixedRidgeLambda1,3,0.2050030645526629,0.973071178449422,1.0
primary,C,Q3,Q3,KNN,3,3.469117493312391,0.5433682083946779,8.333333333333334
primary,C,Q3,Q3,LightGBM,3,2.887637069604219,0.6184976059956133,6.666666666666667
primary,C,Q3,Q3,LinearRegression,3,0.20979714300490035,0.9724256211140864,2.0
primary,C,Q3,Q3,MLP,3,2.6690886688275164,0.643710156937107,6.333333333333333
primary,C,Q3,Q3,MODEL3-ICL-MC,3,0.41580455457372056,0.9439610665700227,3.0
primary,C,Q3,Q3,RandomForest,3,3.7827757767289114,0.5042574673058643,9.0
primary,C,Q3,Q3,Ridge,3,0.2050030645526629,0.973071178449422,1.0
primary,C,Q3,Q3,SVR,3,1.9907712042364702,0.7368247449428095,4.333333333333333
primary,C,Q3,Q3,XGBoost,3,4.310629677318421,0.43029842138675267,9.333333333333334
primary,C,Q3,Q4,CatBoost,3,2.0166268273588512,0.7730152861853671,6.0
primary,C,Q3,Q4,FixedRidgeLambda1,3,0.09329842443659547,0.9886725221987026,1.6666666666666667
primary,C,Q3,Q4,KNN,3,3.148857993237041,0.6496605463989911,10.0
primary,C,Q3,Q4,LightGBM,3,2.0444680565877675,0.7607191244583587,6.666666666666667
primary,C,Q3,Q4,LinearRegression,3,0.09493457373732284,0.9885256518690012,2.0
primary,C,Q3,Q4,MLP,3,1.9823690815184989,0.7688030733850922,5.333333333333333
primary,C,Q3,Q4,MODEL3-ICL-MC,3,0.1326446753247858,0.984338699347108,2.3333333333333335
primary,C,Q3,Q4,RandomForest,3,2.0949073822533486,0.7651938326326411,6.0
primary,C,Q3,Q4,Ridge,3,0.09329842443659547,0.9886725221987026,1.6666666666666667
primary,C,Q3,Q4,SVR,3,2.375830356815417,0.740588458621413,6.666666666666667
primary,C,Q3,Q4,XGBoost,3,2.675381100553205,0.705302392766932,8.333333333333334
primary,C,Q4,Q1,CatBoost,9,2.625198365189474,0.760127781331541,5.777777777777778
primary,C,Q4,Q1,FixedRidgeLambda1,9,0.2984884615785213,0.972910281612748,1.6666666666666667
primary,C,Q4,Q1,KNN,9,3.999943161199325,0.6399214100131081,8.555555555555555
primary,C,Q4,Q1,LightGBM,9,2.515797569723516,0.7699783586905584,5.444444444444445
primary,C,Q4,Q1,LinearRegression,9,0.29902531086196954,0.9728479573549903,1.7777777777777777
primary,C,Q4,Q1,MLP,9,2.1235274376622932,0.8063244675371719,4.444444444444445
primary,C,Q4,Q1,MODEL3-ICL-MC,9,0.3882948957754707,0.9652264550775516,2.5555555555555554
primary,C,Q4,Q1,RandomForest,9,3.6534962134249733,0.6671076080333143,8.11111111111111
primary,C,Q4,Q1,Ridge,9,0.2984884615785213,0.972910281612748,1.6666666666666667
primary,C,Q4,Q1,SVR,9,3.2888585973117794,0.7035337615348669,7.444444444444445
primary,C,Q4,Q1,XGBoost,9,4.026319034927937,0.6319264232446579,9.222222222222221
primary,C,Q4,Q2,CatBoost,3,3.4637403604994077,0.6992602786183487,6.0
primary,C,Q4,Q2,FixedRidgeLambda1,3,0.1932643353028767,0.9841264511177382,1.0
primary,C,Q4,Q2,KNN,3,5.71777934450591,0.511974725980166,8.666666666666666
primary,C,Q4,Q2,LightGBM,3,4.06230368140568,0.6311678855071654,6.666666666666667
primary,C,Q4,Q2,LinearRegression,3,0.1955374603873866,0.9839533196188756,2.0
primary,C,Q4,Q2,MLP,3,2.998782982410756,0.7404347988855954,4.666666666666667
primary,C,Q4,Q2,MODEL3-ICL-MC,3,0.3186339002084085,0.9718230331143488,3.0
primary,C,Q4,Q2,RandomForest,3,5.406020883539988,0.5405188006475395,8.666666666666666
primary,C,Q4,Q2,Ridge,3,0.1932643353028767,0.9841264511177382,1.0
primary,C,Q4,Q2,SVR,3,3.4658528549798238,0.716188182173728,5.333333333333333
primary,C,Q4,Q2,XGBoost,3,6.163715457730965,0.4398925863458496,9.0
primary,C,Q4,Q3,CatBoost,9,3.8663470281450336,0.737202784342927,5.888888888888889
primary,C,Q4,Q3,FixedRidgeLambda1,9,0.28197152909321677,0.9804571026311548,1.4444444444444444
primary,C,Q4,Q3,KNN,9,6.314796576858466,0.5713657596811166,9.11111111111111
primary,C,Q4,Q3,LightGBM,9,3.394126435962127,0.7689677904726135,5.444444444444445
primary,C,Q4,Q3,LinearRegression,9,0.2849960751607403,0.9802884292486169,1.7777777777777777
primary,C,Q4,Q3,MLP,9,2.3743386367333246,0.8292672113253915,4.111111111111111
primary,C,Q4,Q3,MODEL3-ICL-MC,9,0.4613225828306645,0.9681620078326717,2.7777777777777777
primary,C,Q4,Q3,RandomForest,9,5.698182330441047,0.6113085474216295,8.555555555555555
primary,C,Q4,Q3,Ridge,9,0.28197152909321677,0.9804571026311548,1.4444444444444444
primary,C,Q4,Q3,SVR,9,4.650912213077454,0.6913483364144013,6.777777777777778
primary,C,Q4,Q3,XGBoost,9,6.561875178816253,0.5604840701422953,9.11111111111111
primary,C,Q4,Q4,CatBoost,21,3.5222429880162722,0.7558563487104033,5.619047619047619
primary,C,Q4,Q4,FixedRidgeLambda1,21,0.2292436738233517,0.9804004929562602,1.5238095238095237
primary,C,Q4,Q4,KNN,21,6.0893916686825795,0.5533240467181029,9.0
primary,C,Q4,Q4,LightGBM,21,3.138989735523878,0.7688972815909562,5.095238095238095
primary,C,Q4,Q4,LinearRegression,21,0.23193399650827212,0.9801761874498389,1.8571428571428572
primary,C,Q4,Q4,MLP,21,2.0819589281056263,0.8228168120733846,4.666666666666667
primary,C,Q4,Q4,MODEL3-ICL-MC,18,0.36467488179340823,0.9653726214702041,2.5555555555555554
primary,C,Q4,Q4,RandomForest,21,5.068857106682887,0.6486901648845192,7.9523809523809526
primary,C,Q4,Q4,Ridge,21,0.2292436738233517,0.9804004929562602,1.5238095238095237
primary,C,Q4,Q4,SVR,21,5.0303388061353385,0.6751238667283017,7.0
primary,C,Q4,Q4,XGBoost,21,5.6484554739980934,0.5923514175001426,8.666666666666666
primary,D,Q1,Q1,CatBoost,3,0.41789379364421286,0.8466261331159707,4.666666666666667
primary,D,Q1,Q1,FixedRidgeLambda1,3,0.032110275916314,0.9888191949537358,1.3333333333333333
primary,D,Q1,Q1,KNN,3,0.5823889411448813,0.7938450826290895,8.333333333333334
primary,D,Q1,Q1,LightGBM,3,0.6366693961293686,0.7731385796787206,8.333333333333334
primary,D,Q1,Q1,LinearRegression,3,0.03215875256211943,0.9887419481687316,1.6666666666666667
primary,D,Q1,Q1,MLP,3,0.6796532079907092,0.7469238240737773,8.333333333333334
primary,D,Q1,Q1,MODEL3-ICL-MC,3,0.03770996052525513,0.9868168109133126,3.0
primary,D,Q1,Q1,RandomForest,3,0.4187340705662779,0.8545012199689687,5.666666666666667
primary,D,Q1,Q1,Ridge,3,0.032110275916314,0.9888191949537358,1.3333333333333333
primary,D,Q1,Q1,SVR,3,0.45259406535836844,0.8482144703133491,6.0
primary,D,Q1,Q1,XGBoost,3,0.5808483904517044,0.7927841325976344,7.666666666666667
primary,D,Q1,Q2,CatBoost,15,1.3654682545536947,0.8410768033689286,5.4
primary,D,Q1,Q2,FixedRidgeLambda1,15,0.07774192516834773,0.9884834091713588,1.8666666666666667
primary,D,Q1,Q2,KNN,15,2.328887161132383,0.7364214305736144,8.733333333333333
primary,D,Q1,Q2,LightGBM,15,1.6414066484456378,0.8001981616026731,6.733333333333333
primary,D,Q1,Q2,LinearRegression,15,0.07584052331624581,0.9885029759369565,1.8666666666666667
primary,D,Q1,Q2,MLP,15,0.7044355346661159,0.882814733694053,4.733333333333333
primary,D,Q1,Q2,MODEL3-ICL-MC,15,0.09653864181186211,0.9868018615989352,2.2666666666666666
primary,D,Q1,Q2,RandomForest,15,2.1649227390740178,0.7669474221156514,7.666666666666667
primary,D,Q1,Q2,Ridge,15,0.07774192516834773,0.9884834091713588,1.8666666666666667
primary,D,Q1,Q2,SVR,15,1.9414453428939444,0.797559158980066,6.933333333333334
primary,D,Q1,Q2,XGBoost,15,2.289127501660331,0.7121786730488213,8.8
primary,D,Q1,Q3,CatBoost,12,0.565407783206681,0.8524447438814408,5.0
primary,D,Q1,Q3,FixedRidgeLambda1,12,0.04998559167652893,0.9866323746994833,1.9166666666666667
primary,D,Q1,Q3,KNN,12,0.9349798484721918,0.7584132204119322,8.583333333333334
primary,D,Q1,Q3,LightGBM,12,0.8440308918572486,0.7786228801151367,7.833333333333333
primary,D,Q1,Q3,LinearRegression,12,0.051546038600620424,0.9861817489905325,2.1666666666666665
primary,D,Q1,Q3,MLP,12,0.6835329263594535,0.8228331512550345,6.583333333333333
primary,D,Q1,Q3,MODEL3-ICL-MC,12,0.05072735490426416,0.9866793656111984,1.9166666666666667
primary,D,Q1,Q3,RandomForest,12,0.7543073831479638,0.8003665946397311,6.75
primary,D,Q1,Q3,Ridge,12,0.04998559167652893,0.9866323746994833,1.9166666666666667
primary,D,Q1,Q3,SVR,12,0.6030038563607211,0.8537425148904089,5.75
primary,D,Q1,Q3,XGBoost,12,0.9438939258276223,0.7490187709890983,8.5
primary,D,Q1,Q4,CatBoost,24,0.8275200159714479,0.8713538584500675,4.875
primary,D,Q1,Q4,FixedRidgeLambda1,24,0.03911083008290339,0.9919561746609388,1.5833333333333333
primary,D,Q1,Q4,KNN,24,1.6853596806211015,0.7480075464691219,8.75
primary,D,Q1,Q4,LightGBM,24,1.0913107024283064,0.8198061032025171,6.541666666666667
primary,D,Q1,Q4,LinearRegression,24,0.04045809605823344,0.9917159707765211,2.0416666666666665
primary,D,Q1,Q4,MLP,24,0.6757911986413908,0.8413129704329615,5.916666666666667
primary,D,Q1,Q4,MODEL3-ICL-MC,24,0.04852955973968922,0.9904257095364466,2.375
primary,D,Q1,Q4,RandomForest,24,1.3080309977398705,0.8127300319838787,6.958333333333333
primary,D,Q1,Q4,Ridge,24,0.03911083008290339,0.9919561746609388,1.5833333333333333
primary,D,Q1,Q4,SVR,24,1.456592483859491,0.8003078170199909,7.333333333333333
primary,D,Q1,Q4,XGBoost,24,1.5842898865058934,0.7562273433575322,8.625
primary,D,Q2,Q1,CatBoost,3,1.8028705542084582,0.8818325327744273,5.333333333333333
primary,D,Q2,Q1,FixedRidgeLambda1,3,0.11065040157164424,0.9926802765537076,1.6666666666666667
primary,D,Q2,Q1,KNN,3,4.189594838581862,0.7256231920885364,9.333333333333334
primary,D,Q2,Q1,LightGBM,3,1.886083173873298,0.876959707205399,5.666666666666667
primary,D,Q2,Q1,LinearRegression,3,0.10909255846422676,0.9927786768003223,1.3333333333333333
primary,D,Q2,Q1,MLP,3,0.7279920458593345,0.9516449004056787,4.0
primary,D,Q2,Q1,MODEL3-ICL-MC,3,0.20360900689929295,0.9867209659075513,3.0
primary,D,Q2,Q1,RandomForest,3,2.8398248118643052,0.8170286895243835,8.333333333333334
primary,D,Q2,Q1,Ridge,3,0.11065040157164424,0.9926802765537076,1.6666666666666667
primary,D,Q2,Q1,SVR,3,2.764482966590753,0.8196307982126777,7.333333333333333
primary,D,Q2,Q1,XGBoost,3,3.3336591621996283,0.7846365283886229,9.0
primary,D,Q2,Q2,CatBoost,9,1.8589193908130943,0.8469957009254794,5.333333333333333
primary,D,Q2,Q2,FixedRidgeLambda1,9,0.08057120491072851,0.9891116157641598,1.8888888888888888
primary,D,Q2,Q2,KNN,9,2.850907634212029,0.7363792114855663,8.555555555555555
primary,D,Q2,Q2,LightGBM,9,1.8389432788628095,0.8277716669357618,6.0
primary,D,Q2,Q2,LinearRegression,9,0.0780194811579439,0.9892065192364172,1.5555555555555556
primary,D,Q2,Q2,MLP,9,0.6819244079823346,0.9045610003407041,4.777777777777778
primary,D,Q2,Q2,MODEL3-ICL-MC,9,0.11605077942576959,0.9867803331945864,2.5555555555555554
primary,D,Q2,Q2,RandomForest,9,2.6902300498279135,0.7714578092209949,7.555555555555555
primary,D,Q2,Q2,Ridge,9,0.08057120491072851,0.9891116157641598,1.8888888888888888
primary,D,Q2,Q2,SVR,9,2.892807677588009,0.750060693627667,8.11111111111111
primary,D,Q2,Q2,XGBoost,9,2.789416895151152,0.739397424658589,8.666666666666666
primary,D,Q2,Q3,CatBoost,6,1.1975767845789276,0.8329594340015462,5.833333333333333
primary,D,Q2,Q3,FixedRidgeLambda1,6,0.06996937564538315,0.9898293335046914,1.8333333333333333
primary,D,Q2,Q3,KNN,6,2.6726500798874433,0.6288440949042665,9.833333333333334
primary,D,Q2,Q3,LightGBM,6,1.1026208432779603,0.8446606077034947,5.333333333333333
primary,D,Q2,Q3,LinearRegression,6,0.07220999140488525,0.9895584610138748,2.1666666666666665
primary,D,Q2,Q3,MLP,6,0.5978659037805932,0.9165085305508516,4.0
primary,D,Q2,Q3,MODEL3-ICL-MC,6,0.07886361991583173,0.9885435267537414,2.0
primary,D,Q2,Q3,RandomForest,6,1.6017966803416295,0.7726228878019216,7.5
primary,D,Q2,Q3,Ridge,6,0.06996937564538315,0.9898293335046914,1.8333333333333333
primary,D,Q2,Q3,SVR,6,1.565588385952431,0.7809241799053508,7.333333333333333
primary,D,Q2,Q3,XGBoost,6,2.1334731790751875,0.6999496287755687,9.166666666666666
primary,D,Q2,Q4,CatBoost,9,1.4949529088774298,0.864121484679894,5.111111111111111
primary,D,Q2,Q4,FixedRidgeLambda1,9,0.09060511288537881,0.9923247666698849,1.7777777777777777
primary,D,Q2,Q4,KNN,9,3.7943078202387586,0.6690929279283484,9.777777777777779
primary,D,Q2,Q4,LightGBM,9,1.7754568823092316,0.8229694384563555,6.777777777777778
primary,D,Q2,Q4,LinearRegression,9,0.08882592722706774,0.9924158529253663,1.4444444444444444
primary,D,Q2,Q4,MLP,9,0.8345158357938609,0.9095087792417674,4.666666666666667
primary,D,Q2,Q4,MODEL3-ICL-MC,9,0.12590596970435503,0.9893741346133533,2.7777777777777777
primary,D,Q2,Q4,RandomForest,9,2.6084529236750607,0.7620857522785917,8.0
primary,D,Q2,Q4,Ridge,9,0.09060511288537881,0.9923247666698849,1.7777777777777777
primary,D,Q2,Q4,SVR,9,2.533204131977814,0.7890765893930757,7.222222222222222
primary,D,Q2,Q4,XGBoost,9,2.468871161674827,0.7785511633087191,7.444444444444445
primary,D,Q3,Q1,CatBoost,15,2.4724375433590535,0.7953293297792705,5.6
primary,D,Q3,Q1,FixedRidgeLambda1,15,0.07464562624281766,0.9928241738751808,1.2666666666666666
primary,D,Q3,Q1,KNN,15,4.478858681814534,0.6299912056439856,9.333333333333334
primary,D,Q3,Q1,LightGBM,15,2.5074708457228896,0.7873891088974205,5.933333333333334
primary,D,Q3,Q1,LinearRegression,15,0.08017344103943304,0.9923503557313128,1.8666666666666667
primary,D,Q3,Q1,MLP,15,0.7104925562628825,0.9295071091982418,4.0
primary,D,Q3,Q1,MODEL3-ICL-MC,15,0.1534190795517589,0.985276183253659,2.8666666666666667
primary,D,Q3,Q1,RandomForest,15,3.6638544884752986,0.6922387303278149,8.266666666666667
primary,D,Q3,Q1,Ridge,15,0.07464562624281766,0.9928241738751808,1.2666666666666666
primary,D,Q3,Q1,SVR,15,3.2776339859388126,0.7467571311142566,7.133333333333334
primary,D,Q3,Q1,XGBoost,15,3.9232854539526043,0.6546591276893514,8.733333333333333
primary,D,Q3,Q2,CatBoost,12,2.1075023323307343,0.8263913878912622,5.25
primary,D,Q3,Q2,FixedRidgeLambda1,12,0.11654938062043442,0.9872704266627829,1.75
primary,D,Q3,Q2,KNN,12,3.4531890903848264,0.6988099179738447,9.0
primary,D,Q3,Q2,LightGBM,12,2.07643553871527,0.8209652238830132,5.833333333333333
primary,D,Q3,Q2,LinearRegression,12,0.11437838025227343,0.9873424981715356,1.5833333333333333
primary,D,Q3,Q2,MLP,12,0.8514795676293744,0.9131199067345871,4.416666666666667
primary,D,Q3,Q2,MODEL3-ICL-MC,12,0.17510421966830583,0.9807737188453475,2.6666666666666665
primary,D,Q3,Q2,RandomForest,12,2.9942280647936097,0.7573306074302337,7.5
primary,D,Q3,Q2,Ridge,12,0.11654938062043442,0.9872704266627829,1.75
primary,D,Q3,Q2,SVR,12,3.2811814237071695,0.7340961506780425,8.333333333333334
primary,D,Q3,Q2,XGBoost,12,3.5227561760875776,0.7078756280046181,8.666666666666666
primary,D,Q3,Q3,CatBoost,9,3.520304130257419,0.7601497890210402,6.333333333333333
primary,D,Q3,Q3,FixedRidgeLambda1,9,0.11592064164316734,0.9913908468651156,1.6666666666666667
primary,D,Q3,Q3,KNN,9,6.086597072203886,0.5835243974993598,9.222222222222221
primary,D,Q3,Q3,LightGBM,9,2.992466250159711,0.7828841104785246,5.444444444444445
primary,D,Q3,Q3,LinearRegression,9,0.11516008372869806,0.9914539325807142,1.5555555555555556
primary,D,Q3,Q3,MLP,9,0.7282767594870009,0.9445012696865983,4.0
primary,D,Q3,Q3,MODEL3-ICL-MC,9,0.21702166710354345,0.9817811023499655,2.7777777777777777
primary,D,Q3,Q3,RandomForest,9,5.124469156376497,0.6380328644918614,8.444444444444445
primary,D,Q3,Q3,Ridge,9,0.11592064164316734,0.9913908468651156,1.6666666666666667
primary,D,Q3,Q3,SVR,9,4.327192496980575,0.7193648560006416,7.111111111111111
primary,D,Q3,Q3,XGBoost,9,4.972882369296471,0.6471696963609398,8.444444444444445
primary,D,Q3,Q4,CatBoost,6,2.025366392434606,0.8197695355150759,5.666666666666667
primary,D,Q3,Q4,FixedRidgeLambda1,6,0.11511796757234889,0.9891166949861664,1.6666666666666667
primary,D,Q3,Q4,KNN,6,4.663599285053254,0.570262470781523,9.666666666666666
primary,D,Q3,Q4,LightGBM,6,1.9397996118417595,0.825545423284462,5.333333333333333
primary,D,Q3,Q4,LinearRegression,6,0.11708660029017232,0.9889799263294029,1.5
primary,D,Q3,Q4,MLP,6,0.890859102418803,0.92056510749106,4.0
primary,D,Q3,Q4,MODEL3-ICL-MC,6,0.1905561781658046,0.9830987495101389,2.8333333333333335
primary,D,Q3,Q4,RandomForest,6,3.1011689254518555,0.7241206909848824,8.0
primary,D,Q3,Q4,Ridge,6,0.11511796757234889,0.9891166949861664,1.6666666666666667
primary,D,Q3,Q4,SVR,6,2.781372687383954,0.7504666680036965,7.5
primary,D,Q3,Q4,XGBoost,6,3.707289439235582,0.6685285207034282,8.833333333333334
primary,D,Q4,Q1,CatBoost,6,3.7179665638946844,0.7885401394962216,6.166666666666667
primary,D,Q4,Q1,FixedRidgeLambda1,6,0.10404174687012928,0.9939303784286331,1.1666666666666667
primary,D,Q4,Q1,KNN,6,7.128988726332004,0.5939420097926492,9.333333333333334
primary,D,Q4,Q1,LightGBM,6,3.047322896809721,0.8277377878190638,5.0
primary,D,Q4,Q1,LinearRegression,6,0.10795648108802675,0.99368690553033,1.8333333333333333
primary,D,Q4,Q1,MLP,6,0.911860345182078,0.9478613455660194,4.0
primary,D,Q4,Q1,MODEL3-ICL-MC,6,0.2982041248480913,0.981984049784459,3.0
primary,D,Q4,Q1,RandomForest,6,5.38825855683537,0.6907161298503955,7.833333333333333
primary,D,Q4,Q1,Ridge,6,0.10404174687012928,0.9939303784286331,1.1666666666666667
primary,D,Q4,Q1,SVR,6,5.827810096306165,0.6701248317824864,8.333333333333334
primary,D,Q4,Q1,XGBoost,6,5.65406574109566,0.6759686106198819,8.333333333333334
primary,D,Q4,Q2,CatBoost,3,2.8215096804472872,0.7389291410725164,5.666666666666667
primary,D,Q4,Q2,FixedRidgeLambda1,3,0.13336027465742106,0.9847394552555976,1.3333333333333333
primary,D,Q4,Q2,KNN,3,3.7720686750620867,0.6507315241251092,8.333333333333334
primary,D,Q4,Q2,LightGBM,3,2.545479234272599,0.7432336027786696,6.333333333333333
primary,D,Q4,Q2,LinearRegression,3,0.13557540864009263,0.9845943645291347,1.6666666666666667
primary,D,Q4,Q2,MLP,3,0.7165319577118606,0.9251767832902734,4.0
primary,D,Q4,Q2,MODEL3-ICL-MC,3,0.2387697940230311,0.9737452285025362,3.0
primary,D,Q4,Q2,RandomForest,3,3.8866135173520298,0.634957119723161,8.0
primary,D,Q4,Q2,Ridge,3,0.13336027465742106,0.9847394552555976,1.3333333333333333
primary,D,Q4,Q2,SVR,3,3.4510292250397323,0.6967839363889968,6.666666666666667
primary,D,Q4,Q2,XGBoost,3,5.264380339210131,0.49884586278673976,10.0
primary,D,Q4,Q3,CatBoost,6,2.172861052005947,0.7882385755144089,6.0
primary,D,Q4,Q3,FixedRidgeLambda1,6,0.13802469824072117,0.9869364546080227,1.3333333333333333
primary,D,Q4,Q3,KNN,6,3.2705165625489667,0.6886902177486189,8.666666666666666
primary,D,Q4,Q3,LightGBM,6,1.9580272192392487,0.8109558021817594,5.5
primary,D,Q4,Q3,LinearRegression,6,0.1395571395878439,0.9868296984281509,2.1666666666666665
primary,D,Q4,Q3,MLP,6,0.8122066419739834,0.9203484670491638,4.0
primary,D,Q4,Q3,MODEL3-ICL-MC,6,0.1879168312111309,0.9816407578853507,2.5
primary,D,Q4,Q3,RandomForest,6,3.3787155745483015,0.6715478455891261,9.333333333333334
primary,D,Q4,Q3,Ridge,6,0.13802469824072117,0.9869364546080227,1.3333333333333333
primary,D,Q4,Q3,SVR,6,2.4037695897213465,0.7823589989747816,6.5
primary,D,Q4,Q3,XGBoost,6,3.410370867879766,0.6641824147452041,9.0
primary,D,Q4,Q4,CatBoost,12,2.510814836754508,0.7732172408468895,5.583333333333333
primary,D,Q4,Q4,FixedRidgeLambda1,12,0.11276944701763032,0.9886326975703631,1.3333333333333333
primary,D,Q4,Q4,KNN,12,3.756591489318659,0.6432008325541683,8.75
primary,D,Q4,Q4,LightGBM,12,2.287743704675246,0.7921676445810674,5.25
primary,D,Q4,Q4,LinearRegression,12,0.11479996102073205,0.9885205671259425,1.6666666666666667
primary,D,Q4,Q4,MLP,12,0.6536342637310913,0.9329697443089553,3.75
primary,D,Q4,Q4,MODEL3-ICL-MC,9,0.18844193199325954,0.9786452345058803,3.0
primary,D,Q4,Q4,RandomForest,12,3.980183796537732,0.6421263356353674,8.666666666666666
primary,D,Q4,Q4,Ridge,12,0.11276944701763032,0.9886326975703631,1.3333333333333333
primary,D,Q4,Q4,SVR,12,2.8701379168648224,0.7466230721894425,6.583333333333333
primary,D,Q4,Q4,XGBoost,12,3.9319868785309033,0.6371657623964869,8.666666666666666
