prior_regime,method,n_train,p_total,valid_count,mean_mse_betaX,mean_rmse_betaX,mean_r2_betaX,mean_prediction_std,mean_target_std,mean_variance_ratio,mean_bias,mean_slope_y_pred_vs_y_true,mean_gate,mean_latent_ridge_mse,mean_neural_mse,mean_hybrid_mse
A,CatBoost,133,5,3,0.602110420330377,0.7647757625184858,0.8905005310612056,1.9634543224193457,2.3079585066769863,0.8576243089265367,0.16799900345779095,0.8214707117753878,,,,
A,CatBoost,134,8,3,1.5240248499241027,1.2168205208439198,0.8612551183281311,2.5450234969390095,3.2808577006939736,0.7785297695221352,-0.289411281151487,0.7400792553661849,,,,
A,CatBoost,135,11,3,1.7184763757008525,1.2929862931398632,0.8223960562658682,2.197619101419783,3.0711360199873403,0.7188964442883408,-0.24493143276803356,0.6759490454396797,,,,
A,CatBoost,143,10,3,0.7858655275764899,0.8854485864120057,0.849212482751872,1.8843428900135804,2.282405859521228,0.8274198048387286,-0.2540887182775993,0.7743816314500537,,,,
A,CatBoost,144,5,3,0.6917680236135864,0.8224174723679192,0.9208514281888435,2.7354165288115837,2.9824283072567113,0.9166146368815081,0.16324890604370138,0.8843737826460262,,,,
A,CatBoost,148,8,3,0.6031170131804487,0.7765391967448464,0.7459532764439164,1.0959055248336391,1.5625572859455534,0.6984150238943903,-0.1187833192670487,0.6243012638034285,,,,
A,CatBoost,150,10,3,1.287235625429785,1.1315010469132807,0.7662242458776941,1.8067013915300087,2.340702461179251,0.7726515024369274,0.29937529587558226,0.6918455063730664,,,,
A,CatBoost,152,7,3,0.46763692058712497,0.6821237489660456,0.8480547361487504,1.481775193581483,1.7516864971755506,0.8465999066157055,0.09649098288444351,0.7857842532003915,,,,
A,CatBoost,152,11,3,1.4832817091814157,1.196696640988485,0.7483740775052471,1.670836758978737,2.371751181952591,0.7133358330235874,0.06352532832014136,0.6359607386097713,,,,
A,CatBoost,154,9,3,1.0339153566803587,1.0134095100298148,0.8623968703379371,2.272015505276227,2.7302258413771874,0.8345705524531858,0.0883467073071821,0.7812721565140456,,,,
A,CatBoost,155,13,3,3.2649225331465463,1.7608063443183115,0.7525045855269076,2.545693000100391,3.5116805812926515,0.7331652968653984,-0.15501878423701196,0.6500972756360652,,,,
A,CatBoost,156,4,3,0.602758297985091,0.7660557257362585,0.8291316478625075,1.677196172118818,1.8808845099933489,0.8909081415347764,0.12231116501718149,0.8157965383323146,,,,
A,CatBoost,158,13,3,2.6079518594671076,1.6052415068077028,0.814275053513542,2.6192817687259087,3.7278560647995413,0.7039356883790489,0.19402033124854265,0.6577179279135006,,,,
A,CatBoost,158,16,6,3.487823905529533,1.8435126691993162,0.7667725023249172,2.4544647794125605,3.824788320343396,0.6464446005979249,0.21134263935548336,0.5964237134734272,,,,
A,CatBoost,159,7,3,1.1408394513952602,1.063422169964803,0.8630769826974979,2.449555550741749,2.869805569293551,0.8579081266579452,0.17762088552005176,0.8043206601099255,,,,
A,CatBoost,159,10,3,1.7580208806671038,1.3154833648876705,0.7996029400201602,2.1969781149194616,2.9451334834107707,0.7466355065473552,-0.23278469697756632,0.6836518694743837,,,,
A,CatBoost,159,11,6,4.796748497602555,2.168562524682466,0.7725376840610609,3.0002310653731126,4.53993185168773,0.6635364383755049,0.22842336777990443,0.6105480247636085,,,,
A,CatBoost,159,12,3,1.329418800279563,1.1472870560656427,0.764037305444592,1.841239609388376,2.4013127839806327,0.7663760818633873,-0.08015312467267786,0.677235183071944,,,,
A,CatBoost,160,8,6,1.0562542160168815,1.0125738757758602,0.852599793297581,2.2629655063754104,2.788200882429747,0.8070920457740919,0.043939105630152964,0.7559438764858776,,,,
A,CatBoost,161,7,3,0.3451409057961679,0.5867276287558271,0.7471835953706454,1.003371347597445,1.1734498876884583,0.8535695984479585,0.21748639306474601,0.7567803828634682,,,,
A,CatBoost,161,10,3,1.5854015956745766,1.2573985659484646,0.8735696906378786,2.8485736921423137,3.5720540051871903,0.8011133103691015,-0.2282659605930434,0.7603158244036957,,,,
A,CatBoost,162,9,3,1.1891255155776352,1.0865170541248224,0.8279962211671564,1.9738707748907613,2.618927989138421,0.7564482200214487,-0.09185365984546652,0.7039682737475178,,,,
A,CatBoost,162,12,3,1.8272089142872343,1.3366955912165095,0.7341111677282449,1.8098533002594237,2.5873372068485376,0.7053534698239838,0.08005559230000009,0.62519238016562,,,,
A,CatBoost,162,13,3,1.1197598288460442,1.0467448940998816,0.7103312084994192,1.431376782912951,1.9442344503712292,0.7413055909935489,-0.01302690645835187,0.6399259513756134,,,,
A,CatBoost,163,8,3,1.0087727072307058,1.000487350462816,0.8856655870360818,2.51219590257649,2.9625557400671343,0.8483337206861988,-0.0184888101222217,0.804230733685453,,,,
A,CatBoost,163,13,3,1.9694834077800498,1.3996545922939354,0.780847918021735,1.9989087791005,2.997949901423141,0.6694124474366561,-0.10676948420837172,0.6181918720193718,,,,
A,CatBoost,163,14,3,8.707484337771701,2.934817893256353,0.7193564798057378,3.2508227572160684,5.542829766320888,0.5891259841168361,0.11617691666815332,0.5369170380748921,,,,
A,CatBoost,164,9,3,0.9221744909198907,0.9552881976636138,0.8447297991426956,1.841481610506289,2.45211863550418,0.7501496318694505,-0.004921047862565063,0.7047166255942606,,,,
A,CatBoost,164,10,3,2.364081653256264,1.5302994748602998,0.7312837573728644,2.0820254268689746,2.964538567294628,0.7044549168871413,-0.06288384506102997,0.6158121043319538,,,,
A,CatBoost,164,12,3,2.0598420092802665,1.4312278033206756,0.7749825815931581,2.1469515197289453,3.033821087999956,0.7091805794364133,0.02006075203692204,0.6403965034458459,,,,
A,CatBoost,165,12,3,1.4698734074520523,1.2073273715157706,0.8232805306508345,2.186332976248489,2.880009363962794,0.7591433770013766,-0.052071471093872335,0.7015496329780233,,,,
A,CatBoost,165,13,3,3.445646306188778,1.835981218225389,0.7733144287192167,2.3607736569281634,3.8616642181412426,0.6143366104898019,-0.1182689877869282,0.5769801414596575,,,,
A,CatBoost,166,10,6,1.5846017293063046,1.2429337385825623,0.8030338846256195,2.0502209047686355,2.8268214567873198,0.7263230645007477,0.029576078229152897,0.6697765291177759,,,,
A,CatBoost,167,12,3,2.0939044685755537,1.4428352604113683,0.7570239951691481,1.9158222275213461,2.926661302370485,0.65561697574166,0.17387750080377562,0.5967130742026422,,,,
A,CatBoost,167,14,3,1.5671669252965164,1.2508642034443447,0.7274660994848071,1.5406542328464308,2.4151141461663985,0.6359908263919598,-0.007126349538208454,0.5714475375213183,,,,
A,CatBoost,169,10,3,1.9534164433198449,1.3802144025335554,0.8430728593774116,2.691275589471157,3.4696700051553435,0.7813690178419254,-0.1749958190584813,0.7322750978417023,,,,
A,CatBoost,170,7,3,0.5187575270870507,0.7135522701318955,0.8880056614274282,1.9597893543793405,2.1279132196375063,0.9238492506653042,0.039781428290492166,0.8751094482405121,,,,
A,CatBoost,170,15,3,6.364454286815794,2.5140627202800423,0.7634749829986788,3.1605611314436537,5.1699154778540946,0.6112624550834687,-0.21777039160766565,0.5710889209989926,,,,
A,CatBoost,173,6,3,0.4528993322467945,0.6726537718989712,0.8663120806852044,1.6443347106738557,1.8717778627367272,0.880560107079358,-0.101490588230355,0.8241720005390077,,,,
A,CatBoost,173,11,6,2.3344965707414396,1.509858063054059,0.8286705960067628,2.69175094921339,3.663485236520938,0.7360787249906137,0.04433152654833065,0.6910620765573691,,,,
A,CatBoost,176,13,3,4.141467944533178,2.0326851100383503,0.7850311394992335,2.9230205332123993,4.39162623098583,0.666354874180297,-0.13590626960096197,0.615646942483236,,,,
A,CatBoost,177,9,3,1.2806793870088593,1.1206666191459238,0.8923426312604049,2.964063257686904,3.429972533517477,0.873741928237961,0.10597335484480552,0.8322569148663645,,,,
A,CatBoost,183,14,3,2.863438846218736,1.6820096795128798,0.8081840911880519,2.81900043760616,3.8847432397954833,0.7258266744024254,0.21730521459432717,0.6714753963636722,,,,
A,CatBoost,187,9,3,1.2239532235043389,1.0780772149179974,0.8497775902234302,2.1972210717391003,2.777296057069489,0.7963591603516988,0.20198792802337026,0.7507772466403931,,,,
A,CatBoost,190,5,3,0.37056225170775464,0.6030145693096802,0.8905577716982055,1.6572268621909112,1.8199557660981196,0.9122287847396992,0.12851900372299227,0.8658988162366396,,,,
A,FixedRidgeLambda1,133,5,3,0.028295694317409133,0.16091691658088528,0.9950349681214115,2.1820943189732582,2.3079585066769863,0.9469147631544841,0.015680007746095636,0.946115719973935,,,,
A,FixedRidgeLambda1,134,8,3,0.0822809339397962,0.28062661708555253,0.9924167343530458,3.2620899420883074,3.2808577006939736,0.9949206857900655,-0.1199973286846381,0.9920079782541015,,,,
A,FixedRidgeLambda1,135,11,3,0.07949431260173984,0.27983115693136223,0.9917270199695544,3.2086840356445756,3.0711360199873403,1.0450070758149483,0.012412297775739831,1.0419196822673376,,,,
A,FixedRidgeLambda1,143,10,3,0.08917679191858846,0.2920207760448104,0.9834580488729571,2.380546097832319,2.282405859521228,1.0431352888888392,-0.06332195431447897,1.0366316996639064,,,,
A,FixedRidgeLambda1,144,5,3,0.009231007442699333,0.09194492370974706,0.9989795973238912,2.9787370269215843,2.9824283072567113,0.9978165309884893,0.002065180248673333,0.9974368398546393,,,,
A,FixedRidgeLambda1,148,8,3,0.04480390386604951,0.21073692056195614,0.9817746464500902,1.4044886528493634,1.5625572859455534,0.8979445332775007,-0.019598301431042933,0.8946664778159176,,,,
A,FixedRidgeLambda1,150,10,3,0.11399675949697859,0.3342707205148612,0.9788789925960072,2.175379203003064,2.340702461179251,0.9285065140535608,0.0836290932098373,0.9215765226369251,,,,
A,FixedRidgeLambda1,152,7,3,0.07420271327247817,0.2721683183037911,0.9757737991986023,1.8182252097317801,1.7516864971755506,1.0391468428367163,-0.003664716102042234,1.0287327378012185,,,,
A,FixedRidgeLambda1,152,11,3,0.16091696382481638,0.39641212268567044,0.9721656392169531,2.225265729048857,2.371751181952591,0.938082546244134,0.035284293441819235,0.926520904502925,,,,
A,FixedRidgeLambda1,154,9,3,0.08774958155443258,0.29503942923176546,0.9883395437733826,2.6880744284302125,2.7302258413771874,0.9849668681723843,0.10896047959064416,0.9804176149223589,,,,
A,FixedRidgeLambda1,155,13,3,0.11034993156535526,0.32931479116397083,0.9911993395403921,3.606151298676679,3.5116805812926515,1.0250605765074805,-0.053979948884465,1.021238571699342,,,,
A,FixedRidgeLambda1,156,4,3,0.03222531249664833,0.17420393179552895,0.9910034782578588,1.9038790325809893,1.8808845099933489,1.0119001967899517,0.12546877064918566,1.0099028241955674,,,,
A,FixedRidgeLambda1,158,13,3,0.07633571872879644,0.2756718985760072,0.994380726365191,3.833793104655156,3.7278560647995413,1.0281945006804099,0.07589877445025267,1.0260322266816242,,,,
A,FixedRidgeLambda1,158,16,6,0.13735719486420037,0.3641862517497174,0.9904795324403145,3.907711590283055,3.824788320343396,1.0181718658731256,0.05198697222025702,1.0147996402896775,,,,
A,FixedRidgeLambda1,159,7,3,0.06264579817235133,0.23810525578187514,0.9927762030913185,2.9632280129323605,2.869805569293551,1.0316256158494899,0.04989007459092326,1.0288594967804798,,,,
A,FixedRidgeLambda1,159,10,3,0.07953214626229065,0.27439146192058655,0.9909507403355216,2.9484836878161436,2.9451334834107707,1.0019772046142688,-0.13158359269213724,0.9985644914773225,,,,
A,FixedRidgeLambda1,159,11,6,0.06649838612157714,0.2552423411407387,0.996707715311787,4.492391989533618,4.53993185168773,0.9898923501041389,0.03396615676326822,0.9884728540303049,,,,
A,FixedRidgeLambda1,159,12,3,0.08157034861533093,0.27985752694399507,0.9861538820816783,2.4284560622500924,2.4013127839806327,1.0106242196122865,-0.08440754047903842,1.004644775961181,,,,
A,FixedRidgeLambda1,160,8,6,0.05342776474920055,0.22704949064157456,0.9899214766489152,2.7387203121542236,2.788200882429747,0.9790685618245618,0.04994803155749933,0.9747349456003603,,,,
A,FixedRidgeLambda1,161,7,3,0.029885468697986067,0.17146648730161984,0.9778556368787822,1.1485920160653236,1.1734498876884583,0.9785976281242966,0.07138075205454114,0.9709516095648226,,,,
A,FixedRidgeLambda1,161,10,3,0.024649177724957564,0.1523632809040685,0.9982060506840557,3.631570602725784,3.5720540051871903,1.0155688757428942,-0.054395665221041,1.014969558260963,,,,
A,FixedRidgeLambda1,162,9,3,0.0909659156286987,0.2983579572196469,0.9866637777203154,2.525992570964915,2.618927989138421,0.9658822384725975,-0.08062066019195677,0.960687606896026,,,,
A,FixedRidgeLambda1,162,12,3,0.1308902013036899,0.36042155952478017,0.980140352369871,2.577911044598398,2.5873372068485376,0.996587810858775,0.13456852025173627,0.9887983858892767,,,,
A,FixedRidgeLambda1,162,13,3,0.210936470828788,0.4591591686513712,0.9432160377382136,1.9518770253397004,1.9442344503712292,1.005379349831027,-0.15815440316962315,0.9814554161797364,,,,
A,FixedRidgeLambda1,163,8,3,0.1630847081073682,0.39758422102478236,0.9817504567714895,3.281242566464945,2.9625557400671343,1.1069613601964816,0.14932894070595956,1.1049453623284011,,,,
A,FixedRidgeLambda1,163,13,3,0.04074550550117947,0.19671141698948594,0.9951114091873056,2.9400708176744783,2.997949901423141,0.98048850991772,0.0038367175316022678,0.9782833980576379,,,,
A,FixedRidgeLambda1,163,14,3,0.062274606374983166,0.2444774979544788,0.9979758135067872,5.489362216114709,5.542829766320888,0.9908799433561587,-0.04624246796427026,0.9899964427980663,,,,
A,FixedRidgeLambda1,164,9,3,0.10538014742615576,0.3205177111180349,0.9823561199707287,2.5309408181850723,2.45211863550418,1.0320368518832106,-0.0215875894780241,1.0239518037900253,,,,
A,FixedRidgeLambda1,164,10,3,0.12033483879251557,0.3443911495570227,0.9859360233736029,2.796376118720667,2.964538567294628,0.9430270828321322,-0.0141509349526805,0.9379207139787434,,,,
A,FixedRidgeLambda1,164,12,3,0.0894806175765379,0.2982495655604176,0.9900082383899016,3.0234892041916424,3.033821087999956,0.9969706554163967,0.06263378447145766,0.992504054669333,,,,
A,FixedRidgeLambda1,165,12,3,0.09301561346033739,0.30019991715925237,0.9889937473907281,2.9610802952606847,2.880009363962794,1.0280615901784114,0.007995942934766334,1.0229629248879462,,,,
A,FixedRidgeLambda1,165,13,3,0.236275485477872,0.48164507965554265,0.9828296728647478,3.872282996858175,3.8616642181412426,1.0046538454681193,0.08677040713664508,0.9965345952090375,,,,
A,FixedRidgeLambda1,166,10,6,0.05287499365960371,0.2205778828874907,0.9934543362070487,2.8498491963968173,2.8268214567873198,1.0078276400102342,0.05292234216693214,1.0050714956166702,,,,
A,FixedRidgeLambda1,167,12,3,0.080664859418142,0.27719439138047147,0.990433230461632,2.876720889802965,2.926661302370485,0.9834815871573236,-0.0344615146362407,0.9794009335404539,,,,
A,FixedRidgeLambda1,167,14,3,0.1766931798980477,0.4183877733967996,0.9700558303361704,2.441376725872854,2.4151141461663985,1.0099192787477123,-0.023667514653019736,0.9955806291094578,,,,
A,FixedRidgeLambda1,169,10,3,0.030280364426954063,0.17223468424895824,0.9973973050536532,3.439134776175159,3.4696700051553435,0.9913436366863477,-0.03210664269763033,0.9902454826883157,,,,
A,FixedRidgeLambda1,170,7,3,0.04159630750419924,0.20376972413774472,0.990790553820137,2.211141161899587,2.1279132196375063,1.0388423941568903,0.0691472119674529,1.035686265027821,,,,
A,FixedRidgeLambda1,170,15,3,0.1297619374846408,0.3548712693498795,0.9949643192488927,5.094978255319011,5.1699154778540946,0.984967493389085,0.11096585011777826,0.9829114811376748,,,,
A,FixedRidgeLambda1,173,6,3,0.03209664700304007,0.1791436813176963,0.9906524765320078,1.777931782854197,1.8717778627367272,0.948695617846164,-0.0037481152768469666,0.9456910637791562,,,,
A,FixedRidgeLambda1,173,11,6,0.10386693884171011,0.30499909266351344,0.9921092026722834,3.6235849768279986,3.663485236520938,0.9886694244183926,-0.007202868467579,0.9854638693627703,,,,
A,FixedRidgeLambda1,176,13,3,0.14798156184618746,0.3844302535174817,0.9921806465284968,4.512774963362172,4.39162623098583,1.0271993793726983,0.08465449651692165,1.0239805514728555,,,,
A,FixedRidgeLambda1,177,9,3,0.08424846369332423,0.28187325707984695,0.9931205536317395,3.574493070743781,3.429972533517477,1.040614015962477,-0.07703559124166853,1.0384968633106986,,,,
A,FixedRidgeLambda1,183,14,3,0.12219382797558957,0.348634829317713,0.9917873620395571,3.9140911702931107,3.8847432397954833,1.008214651467666,-0.002007727914730034,1.004338128823556,,,,
A,FixedRidgeLambda1,187,9,3,0.07669924447187067,0.27299285734975126,0.9898376212259997,2.8023982021417653,2.777296057069489,1.0073448131527247,0.18091931354835747,1.0048184439688101,,,,
A,FixedRidgeLambda1,190,5,3,0.0379746641624988,0.18720683617265907,0.9891434876399915,1.8557305890052447,1.8199557660981196,1.018662441699714,0.09547378721090279,1.0152970182355328,,,,
A,KNN,133,5,3,1.283139188499293,1.125898953976525,0.7626393217604549,1.5954326974465918,2.3079585066769863,0.6942367251604195,0.017193257545118763,0.6254600208315214,,,,
A,KNN,134,8,3,3.4210316922682904,1.837692894777075,0.685426365739844,2.0893065229009635,3.2808577006939736,0.6379498026640129,-0.143217534856846,0.5575909399415501,,,,
A,KNN,135,11,3,4.016008861258023,1.9832359005711784,0.58557269320851,1.7584444023462744,3.0711360199873403,0.5742555449117809,-0.05537648293295196,0.45901596346198925,,,,
A,KNN,143,10,3,2.0942078620064124,1.4465032944945964,0.5929075326594767,1.379817768849484,2.282405859521228,0.6052122360814295,-0.33664921914875023,0.4988020533778677,,,,
A,KNN,144,5,3,1.6237449529744108,1.2714128117296746,0.8117786903385124,2.387482002131528,2.9824283072567113,0.8006412382273865,0.13276816781935208,0.7279541168016186,,,,
A,KNN,148,8,3,0.9391427980811389,0.967411905396229,0.6093283115368044,1.0365205989351385,1.5625572859455534,0.6650721447111604,-0.04693962081271593,0.5292258872347378,,,,
A,KNN,150,10,3,1.828914903306086,1.3443931323050549,0.6686101078493633,1.5870985955598986,2.340702461179251,0.679402535523494,0.2469085358877832,0.5719995773385848,,,,
A,KNN,152,7,3,0.9354519295345227,0.965270492342747,0.6965156231578998,1.2323125235401118,1.7516864971755506,0.7042418074367519,-0.15943728754950312,0.6013109433064744,,,,
A,KNN,152,11,3,2.8782477520248784,1.6706795339446778,0.5086883625386753,1.2423391010781155,2.371751181952591,0.5331404414305391,-0.08516678102709992,0.40996922496899385,,,,
A,KNN,154,9,3,2.3993919433763407,1.5351240665804964,0.6832195530327797,1.7229767728794299,2.7302258413771874,0.634822446147557,0.18530316717337056,0.5501213537890511,,,,
A,KNN,155,13,3,4.801760652789628,2.17641022122851,0.6131221348276209,2.3305397604095597,3.5116805812926515,0.6679667178876558,-0.26232545640629173,0.5373628985073872,,,,
A,KNN,156,4,3,0.9076098787445529,0.9523059841914402,0.7430415349615894,1.3161669822954962,1.8808845099933489,0.6994860625195005,0.13143885460885404,0.6222868449472442,,,,
A,KNN,158,13,3,4.028050271246575,2.0045908108595882,0.7103902520799678,2.4013464585995425,3.7278560647995413,0.6466891563257167,0.19684005013265682,0.5667740454021718,,,,
A,KNN,158,16,6,5.797086271403809,2.3595472279506624,0.6234806062285521,2.240201001066978,3.824788320343396,0.5910875803641722,0.07293718284047045,0.48840532910886925,,,,
A,KNN,159,7,3,2.417320246740727,1.553674384884672,0.7054635470925309,2.1257045747921466,2.869805569293551,0.7412009905260833,0.3185135754767131,0.6374246979166315,,,,
A,KNN,159,10,3,3.579663850089622,1.8861754850207515,0.5891329110676983,2.004311992137019,2.9451334834107707,0.6858888868076362,-0.08274030905296816,0.5399804765948714,,,,
A,KNN,159,11,6,7.708886094586689,2.7665875639661692,0.6246028522333306,2.527592415452039,4.53993185168773,0.5580659143244907,-0.0601056680335221,0.4722638467798046,,,,
A,KNN,159,12,3,2.642875185678371,1.6246052802701563,0.539406268665553,1.7739613821350015,2.4013127839806327,0.7374828739851701,-0.0026312026094734015,0.5421872723450955,,,,
A,KNN,160,8,6,2.4789790772994693,1.5139260440094793,0.6984424112948163,1.8031461198204717,2.788200882429747,0.6530722669536938,0.13570386053786374,0.56947094320796,,,,
A,KNN,161,7,3,0.5410045402751159,0.735233627553313,0.6046233951994303,0.8349125329330387,1.1734498876884583,0.7111727228023721,0.19627871614403056,0.5728002520269181,,,,
A,KNN,161,10,3,4.069102677887158,2.0028872282129346,0.6856383757947313,2.254835678499268,3.5720540051871903,0.634862977324678,-0.09439933232276963,0.5490736439780148,,,,
A,KNN,162,9,3,2.939712579221954,1.707111847297581,0.5749666442368321,1.4048924789480217,2.618927989138421,0.5380294400358467,-0.22956180689558459,0.44083661240780997,,,,
A,KNN,162,12,3,3.2365509888656745,1.7792659017054149,0.5299065372385907,1.4550209269871044,2.5873372068485376,0.5674974040182194,0.02870532052153248,0.43609906977387797,,,,
A,KNN,162,13,3,1.855917496928947,1.3520573521909853,0.5170869441851126,1.234677429118811,1.9442344503712292,0.6415522389771358,-0.21755125462281968,0.47915485787785905,,,,
A,KNN,163,8,3,1.7170603309487769,1.3003680113486693,0.8026662753435446,2.274108637014026,2.9625557400671343,0.7662002883365316,-0.11946197403484733,0.6972782034187314,,,,
A,KNN,163,13,3,2.7045154198260306,1.6350051176496347,0.7030373060980292,1.9965538474603008,2.997949901423141,0.6686043019306519,0.040329425061531164,0.5791144442634437,,,,
A,KNN,163,14,3,12.977193419378844,3.590532309295291,0.5778215570995034,2.7190267337227643,5.542829766320888,0.4930026236300238,-0.11800795380337538,0.4194148704774961,,,,
A,KNN,164,9,3,1.955437371863365,1.3850209608905404,0.6784806868276686,1.6384009750047046,2.45211863550418,0.6694453263698551,-0.271885834742623,0.5719023111753959,,,,
A,KNN,164,10,3,3.655755871621507,1.8856736016940425,0.5965181948346538,1.692799471000462,2.964538567294628,0.5731797249451681,-0.07584595187203104,0.46468545069252465,,,,
A,KNN,164,12,3,4.075440613650345,2.018420398438316,0.5512096538219121,1.756688007552287,3.033821087999956,0.5773935638378962,-0.37080522666619214,0.45030848692618825,,,,
A,KNN,165,12,3,3.4407623858198817,1.843832506624971,0.5865244784921563,1.791361137334919,2.880009363962794,0.6224538946748153,0.08078239940917116,0.48856603001903554,,,,
A,KNN,165,13,3,6.5080074852231204,2.5179361981585897,0.5735099658339055,2.048896530698377,3.8616642181412426,0.5397693041008889,-0.3119087475945728,0.44236353880574075,,,,
A,KNN,166,10,6,3.013101959698176,1.7329330080673244,0.6199310829672772,1.7233088016355793,2.8268214567873198,0.607773266880211,0.017229784445257162,0.49968476846664167,,,,
A,KNN,167,12,3,4.170507621645265,2.0374972046065047,0.5127830955161091,1.4321107294352349,2.926661302370485,0.48899964347630176,0.23381755261087797,0.38484679559527796,,,,
A,KNN,167,14,3,3.0559526150122855,1.7480972336295302,0.47239016478316426,1.211464883150019,2.4151141461663985,0.4995185600896909,0.024853474129933734,0.3706522677901589,,,,
A,KNN,169,10,3,3.2560184427128385,1.7835694985811845,0.7377859284147799,2.3516059712474777,3.4696700051553435,0.6827177668064272,-0.347863325160785,0.6095205672137464,,,,
A,KNN,170,7,3,1.0242490336753234,1.0117480084488488,0.7700411380112305,1.62074833132998,2.1279132196375063,0.7629287937059098,-0.08995445183339446,0.6778474683507012,,,,
A,KNN,170,15,3,11.466244913763916,3.3738861651066663,0.5728600668916282,2.978073232259259,5.1699154778540946,0.5794064865771602,-0.874583053203061,0.47128154589250415,,,,
A,KNN,173,6,3,0.7296591355723443,0.853230851033314,0.7898542679476339,1.425384729461759,1.8717778627367272,0.7631831473665495,-0.08184947229520556,0.6915853316860092,,,,
A,KNN,173,11,6,5.056951660656115,2.2445619438315134,0.6191801561377055,2.1270477288908842,3.663485236520938,0.5814323718965762,0.26885274442012913,0.4861153460165799,,,,
A,KNN,176,13,3,6.904916429988842,2.6061871541275115,0.6476783364426729,2.6012123870819335,4.39162623098583,0.5945310309156067,-0.007883977697992567,0.5046261046845649,,,,
A,KNN,177,9,3,3.452420803795139,1.8382177888045117,0.7111977705207989,2.6525658207477054,3.429972533517477,0.7932170147899211,0.21090935760203844,0.6856834405113515,,,,
A,KNN,183,14,3,5.635781671733597,2.366584512549072,0.6287861229034001,2.358423071124729,3.8847432397954833,0.607948600400057,0.1000009544602311,0.501156507850798,,,,
A,KNN,187,9,3,2.479285585946997,1.5732337862804162,0.6740853277352991,1.879727285812314,2.777296057069489,0.681255336504977,0.2642831661519604,0.5847973686195146,,,,
A,KNN,190,5,3,0.7077086955676761,0.8387205741613742,0.7842700121864485,1.3857923199417128,1.8199557660981196,0.7622880407957906,0.04018545974011617,0.6853094976361017,,,,
A,LightGBM,133,5,3,0.9701323864082759,0.9729172804028036,0.8216497514886386,2.2257651502327858,2.3079585066769863,0.9747658273983969,0.08533353195179023,0.90199474444732,,,,
A,LightGBM,134,8,3,1.7771002875466726,1.3237712820199625,0.8364141083526045,2.9786891629601655,3.2808577006939736,0.9102101265210457,-0.17117674764694688,0.8353645496116117,,,,
A,LightGBM,135,11,3,2.003794461317828,1.401690106404865,0.7816968312305616,2.9097647835016587,3.0711360199873403,0.9533619728076176,-0.06398404856510444,0.852788221897785,,,,
A,LightGBM,143,10,3,1.1106417068063388,1.0538464134724068,0.7846563961251829,2.2141414164608224,2.282405859521228,0.9708061716949824,-0.2853687326719459,0.8741639633783834,,,,
A,LightGBM,144,5,3,1.2108141674801496,1.0993276482273533,0.8606003841823274,3.030053835289111,2.9824283072567113,1.0160184466702165,0.21467288964791645,0.9513185204118152,,,,
A,LightGBM,148,8,3,0.7400887659851253,0.8599174671812206,0.686779131500205,1.3565585455192661,1.5625572859455534,0.8694829466963924,-0.03779292183354507,0.7266621130161978,,,,
A,LightGBM,150,10,3,0.9828228484821535,0.988967740424044,0.8197383362424743,2.15632013347185,2.340702461179251,0.9205254688251342,0.23071308319656433,0.8402146195224937,,,,
A,LightGBM,152,7,3,0.9191504236396124,0.9526468880255328,0.704901948859091,1.7547432349955436,1.7516864971755506,1.0004298341401323,0.1886565867974869,0.8667179160577602,,,,
A,LightGBM,152,11,3,1.5434786700198557,1.2185702745624765,0.7397456965124575,2.023146736746701,2.371751181952591,0.8633158807826984,0.18418778926793022,0.7511379890983653,,,,
A,LightGBM,154,9,3,1.3269673780800046,1.1430239220398823,0.8236885354739861,2.5366867171375245,2.7302258413771874,0.9283232166124136,0.24917538518369411,0.8475229591017568,,,,
A,LightGBM,155,13,3,3.161348594161978,1.7653072339486766,0.7460842486267095,3.2058185093494913,3.5116805812926515,0.9228979579872784,-0.07186216442797426,0.8019181822606732,,,,
A,LightGBM,156,4,3,0.8029159185953706,0.895047298308588,0.7735370629112053,1.820787125692991,1.8808845099933489,0.9671122407580768,0.1488987360369556,0.859483380027276,,,,
A,LightGBM,158,13,3,2.06240344573926,1.4246550216421465,0.8544791900715013,3.2674754189495587,3.7278560647995413,0.8790008354030211,0.027818740144360365,0.8161009808145024,,,,
A,LightGBM,158,16,6,2.949415069697307,1.6953916874080923,0.8026604913537927,2.9727136338366287,3.824788320343396,0.776865653129217,0.1630031711343452,0.7055539314181023,,,,
A,LightGBM,159,7,3,1.6654839105694215,1.2887405130192506,0.7948707743543255,2.6618577636554948,2.869805569293551,0.9314242739312789,-0.18347774037886397,0.8384229855609905,,,,
A,LightGBM,159,10,3,2.7792371902129207,1.6634140249352312,0.6808726406390374,2.515844514865877,2.9451334834107707,0.8530290192592721,-0.4324744739126771,0.719087295482249,,,,
A,LightGBM,159,11,6,3.979969924660819,1.968251314748514,0.8117019415467676,3.6667405395388495,4.53993185168773,0.8117402672916186,0.15263904368760542,0.7380362402752811,,,,
A,LightGBM,159,12,3,1.6775784387854138,1.2905934189353394,0.7013269760669436,2.3025981306803676,2.4013127839806327,0.957369130346442,-0.22735470354101586,0.814653464067245,,,,
A,LightGBM,160,8,6,1.3509902676983734,1.1397809739170779,0.8176657085409639,2.634771680397839,2.788200882429747,0.9417904115446508,0.06718119772639408,0.8565176101448032,,,,
A,LightGBM,161,7,3,0.44966731606236304,0.6698127611805565,0.6700257296119346,1.2801340607042142,1.1734498876884583,1.0905423506347767,0.0829269909537713,0.938026089859462,,,,
A,LightGBM,161,10,3,2.052166855100767,1.4304425348416487,0.8322865881187899,3.233432512924864,3.5720540051871903,0.9070404012905539,-0.23327104487888137,0.8301325348662517,,,,
A,LightGBM,162,9,3,1.3878652126998972,1.1780722148498766,0.7936096548851953,2.353026034839458,2.618927989138421,0.9016824251630418,-0.03405572750944503,0.805662775805434,,,,
A,LightGBM,162,12,3,1.7201526567255148,1.29590647774098,0.7506403451812608,2.273956706275212,2.5873372068485376,0.8825277231769068,0.21999640944999613,0.7740057222621255,,,,
A,LightGBM,162,13,3,1.1545200061485088,1.0686672234271615,0.6974144609220797,1.878657588384052,1.9442344503712292,0.9720914600271663,0.005318714382267972,0.8271283971704846,,,,
A,LightGBM,163,8,3,1.2488116889255465,1.1164409962704245,0.8574623076158859,2.92788894246871,2.9625557400671343,0.9883121841738493,0.03373437891870799,0.9209448075594501,,,,
A,LightGBM,163,13,3,1.5060230901824836,1.2238711451777917,0.8323752929112528,2.542349390775495,2.997949901423141,0.8561622774890022,-0.05972158122216206,0.7878370111910393,,,,
A,LightGBM,163,14,3,6.610740952519424,2.539240928319773,0.7889559063069983,4.040928286070677,5.542829766320888,0.735354494572646,0.0482736634267113,0.6672820903847837,,,,
A,LightGBM,164,9,3,1.2162442904667148,1.0886657428316848,0.7942895925882607,2.256959209246766,2.45211863550418,0.9191206219738745,-0.04959730869090817,0.8225856645380659,,,,
A,LightGBM,164,10,3,3.029649724818187,1.7367516203341011,0.6516638854908775,2.5022633987058938,2.964538567294628,0.8464227766681011,-0.21487188732028037,0.6915704098608554,,,,
A,LightGBM,164,12,3,2.608867947100484,1.6108917627465071,0.7101847089306306,2.741465875788055,3.033821087999956,0.9041231715815531,-0.016010742859354863,0.7645641916413114,,,,
A,LightGBM,165,12,3,1.4892780198994597,1.2070908244892928,0.8199722019637337,2.620228005513036,2.880009363962794,0.9101049278758544,0.0015802725333995404,0.8259229614515623,,,,
A,LightGBM,165,13,3,3.150347633360616,1.7647049531013514,0.7890023582696779,2.8688584263657977,3.8616642181412426,0.7473387479602858,-0.0217956322705721,0.6746230179373932,,,,
A,LightGBM,166,10,6,1.6230618537117776,1.2553187000026924,0.8007335711176222,2.497446862563684,2.8268214567873198,0.885919900699106,0.12082676783185098,0.7984843586753229,,,,
A,LightGBM,167,12,3,2.1639292634564886,1.4600372415380152,0.7465968655286637,2.4836526101189484,2.926661302370485,0.8513845798873819,0.2647008255720314,0.7472307434129016,,,,
A,LightGBM,167,14,3,1.4410608821028823,1.1969375329873522,0.7497383917427909,2.0587993398816793,2.4151141461663985,0.8525894821313674,-0.0014223587587466984,0.7406433834674248,,,,
A,LightGBM,169,10,3,1.8970751076952874,1.364006926605765,0.8464390989348655,3.0090602397277983,3.4696700051553435,0.8738027034387144,-0.15300960728399113,0.8098566166150641,,,,
A,LightGBM,170,7,3,0.7483610806607137,0.8589499483353865,0.8310699503137275,2.2128694266990863,2.1279132196375063,1.0424150076466139,0.08694501528826204,0.9636546476564024,,,,
A,LightGBM,170,15,3,4.56506124338915,2.120097349364921,0.8308705711106809,4.197800548675599,5.1699154778540946,0.8158098370015625,-0.12678419572755942,0.7525431164925224,,,,
A,LightGBM,173,6,3,0.6317960289785368,0.7935961445224584,0.8169347075597049,1.8133902621550992,1.8717778627367272,0.9687799942457355,-0.22281330629279897,0.8851646170953581,,,,
A,LightGBM,173,11,6,2.789860624740538,1.6645699379995158,0.7906377135971137,3.07110224740625,3.663485236520938,0.8402417626762855,-0.08402151526241357,0.755494905808812,,,,
A,LightGBM,176,13,3,3.7196051862957638,1.9239255815604228,0.8080465987110795,3.5494740572029535,4.39162623098583,0.8100740820506808,-0.08345613562173647,0.7328759613279557,,,,
A,LightGBM,177,9,3,1.5023663879540727,1.2218468515350231,0.8701445316878641,3.2992985018968053,3.429972533517477,0.9735437684468051,0.01733726291841743,0.9129056839094222,,,,
A,LightGBM,183,14,3,3.339641369867904,1.8273544399777855,0.7770311933779128,3.3584312096082365,3.8847432397954833,0.8650822142551805,0.23274241624039838,0.7661262494641617,,,,
A,LightGBM,187,9,3,1.265875311448142,1.1201257226079389,0.836855390471439,2.635130821137634,2.777296057069489,0.9565832565958675,0.22997625417319925,0.8861596544871047,,,,
A,LightGBM,190,5,3,0.6118479805150276,0.7785446688437796,0.8174962856160818,1.802033738588707,1.8199557660981196,0.99154295655444,0.10125307997345968,0.9078942316289439,,,,
A,LinearRegression,133,5,3,0.024232177396941168,0.1488303305665176,0.9957504684559829,2.1987710779355685,2.3079585066769863,0.9541466044960271,0.014401674670218733,0.9533511182092885,,,,
A,LinearRegression,134,8,3,0.0820287314468464,0.27909029504420124,0.9924081917486443,3.285713577745927,3.2808577006939736,1.002118858155214,-0.1159622886185571,0.9991666273561837,,,,
A,LinearRegression,135,11,3,0.08809579807749886,0.29461170392623104,0.9908276562687531,3.234383216327309,3.0711360199873403,1.0533027955831142,0.014789535206177101,1.050172413039876,,,,
A,LinearRegression,143,10,3,0.09165131857282582,0.29636188959715365,0.9829920526157148,2.395933060094107,2.282405859521228,1.0498538228322014,-0.06178592140052786,1.0434000682063072,,,,
A,LinearRegression,144,5,3,0.009694057597621967,0.09392724952195312,0.9989563605973771,2.9992165159410806,2.9824283072567113,1.0046634733462858,0.0011155491522196334,1.0042897352429112,,,,
A,LinearRegression,148,8,3,0.04139772904876663,0.20254248721813725,0.9831763239378222,1.4153348647294848,1.5625572859455534,0.9048477617548293,-0.018735665220782433,0.9015894663079752,,,,
A,LinearRegression,150,10,3,0.10984846484315597,0.32809357878831574,0.9796559924224454,2.188558617284455,2.340702461179251,0.9341310634916077,0.0805990303702556,0.9271602484022066,,,,
A,LinearRegression,152,7,3,0.07635106745515163,0.2761372788333201,0.9750402191588331,1.8301640515942879,1.7516864971755506,1.0459552109600918,-0.003852373028326033,1.03549492836313,,,,
A,LinearRegression,152,11,3,0.1573521468632865,0.3921029813057215,0.972755975810009,2.2418740616955026,2.371751181952591,0.9450141733949278,0.03561643363253697,0.9333047300933148,,,,
A,LinearRegression,154,9,3,0.08857561077375103,0.2963885200525611,0.9882103028434237,2.7053479220604486,2.7302258413771874,0.99126536224954,0.10835041898841309,0.9865779157675091,,,,
A,LinearRegression,155,13,3,0.11713493372512536,0.33857079286011144,0.9907336622622899,3.629062092550074,3.5116805812926515,1.0315316789491122,-0.053218977042363426,1.0276634111579843,,,,
A,LinearRegression,156,4,3,0.0336658498765987,0.1780558611641331,0.9906006962387873,1.9170234505675536,1.8808845099933489,1.018887782987538,0.12750914152597395,1.0168685803611934,,,,
A,LinearRegression,158,13,3,0.08201155159071087,0.2859290193170445,0.9939772697658807,3.85591981879762,3.7278560647995413,1.0341248201016142,0.072849407924083,1.031931734386612,,,,
A,LinearRegression,158,16,6,0.14563426466972237,0.37462635619266554,0.9900475012760176,3.9363075032900796,3.824788320343396,1.0255096796507928,0.04955016493689509,1.022105692846315,,,,
A,LinearRegression,159,7,3,0.0672896331743965,0.24634419150880235,0.9922540993726859,2.9844571049935964,2.869805569293551,1.0389845087819738,0.04424638681142027,1.0362034741195003,,,,
A,LinearRegression,159,10,3,0.07971822903919017,0.27490084280414745,0.9909231814630735,2.968832639889532,2.9451334834107707,1.0088791623679418,-0.1294770720527022,1.005455190600362,,,,
A,LinearRegression,159,11,6,0.06345830437920838,0.24965299952049946,0.9968467093221977,4.521929053774056,4.53993185168773,0.9963895980446672,0.03190000956523061,0.9949840122130614,,,,
A,LinearRegression,159,12,3,0.08122668718223174,0.27896885645592495,0.9862237774876631,2.4449032521687397,2.4013127839806327,1.0174820259565467,-0.08591739827005955,1.0116551320664746,,,,
A,LinearRegression,160,8,6,0.05231339581454845,0.22453206868912293,0.9901221662252461,2.755482252937499,2.788200882429747,0.9851280996116986,0.050532382906287275,0.9807935596849585,,,,
A,LinearRegression,161,7,3,0.02987278894801157,0.1715188873568008,0.9778624728026881,1.1578643507944522,1.1734498876884583,0.9865051120962619,0.07064535772158614,0.9787266673232099,,,,
A,LinearRegression,161,10,3,0.027456317930595667,0.16007079558568676,0.998018676435683,3.6543078305881216,3.5720540051871903,1.0219192903640948,-0.053646752936630036,1.0213400731948499,,,,
A,LinearRegression,162,9,3,0.08800586840161417,0.2937788222563837,0.9870543440763555,2.541493435570271,2.618927989138421,0.9717927156349181,-0.08003210157339988,0.9665887266653254,,,,
A,LinearRegression,162,12,3,0.13097471889473952,0.36077002038561806,0.9801105186501718,2.5947433523611796,2.5873372068485376,1.0030646755703816,0.13737988378200094,0.9952852698349913,,,,
A,LinearRegression,162,13,3,0.2133604660981161,0.4618414514551223,0.9424815017980537,1.963498850982263,1.9442344503712292,1.0113584066345156,-0.16073910935237737,0.9873168411470096,,,,
A,LinearRegression,163,8,3,0.17942785245129614,0.4174454020214642,0.9799120793281993,3.302886351781971,2.9625557400671343,1.1142558945384835,0.1545681253017687,1.112218754081318,,,,
A,LinearRegression,163,13,3,0.039481294837078636,0.19313411802349786,0.9952644057616693,2.957460509926521,2.997949901423141,0.9863100369360119,0.0047442655384814,0.9840892924955359,,,,
A,LinearRegression,163,14,3,0.06156086926546359,0.24225306059312,0.9979844122307774,5.5251423726728985,5.542829766320888,0.9972890447941986,-0.049910408497037206,0.9963765955819112,,,,
A,LinearRegression,164,9,3,0.10808602689566782,0.3251528307051799,0.981914434835208,2.545656310703976,2.45211863550418,1.038035415386917,-0.0200585690063149,1.0299399047975675,,,,
A,LinearRegression,164,10,3,0.11303585740518217,0.33348491700950245,0.9867755208764836,2.8197631224888737,2.964538567294628,0.9509041133143713,-0.011866072280991466,0.9457781168032972,,,,
A,LinearRegression,164,12,3,0.09064896706615437,0.30013563070192273,0.9898685298143519,3.04282138518029,3.033821087999956,1.0033300964377654,0.06383547747818553,0.9988076254517239,,,,
A,LinearRegression,165,12,3,0.09837593162984859,0.3090102640531139,0.9883548629561183,2.9800020502181823,2.880009363962794,1.0346351323822736,0.010192918615581399,1.029424872622454,,,,
A,LinearRegression,165,13,3,0.24161994937582545,0.48665133007158995,0.9823705681267585,3.9050251450656717,3.8616642181412426,1.0130992219406636,0.09174205261533434,1.0048559484083437,,,,
A,LinearRegression,166,10,6,0.05480361469506443,0.2241168623177251,0.9932277574119087,2.8704142700013526,2.8268214567873198,1.0151195189493374,0.0538403699009772,1.0123557816647788,,,,
A,LinearRegression,167,12,3,0.07930649260116279,0.27414527686372964,0.9905660318485973,2.8981338396520484,2.926661302370485,0.9908111522799793,-0.03724202145782517,0.9867387956965271,,,,
A,LinearRegression,167,14,3,0.17937128965765012,0.4212404857395677,0.9696427522452838,2.4596204920831735,2.4151141461663985,1.0174366641225137,-0.024440212139173065,1.0029899536604507,,,,
A,LinearRegression,169,10,3,0.028852964943788296,0.1671227310888229,0.9975089625147845,3.4609457380102877,3.4696700051553435,0.9975885662811588,-0.028447838635900797,0.9964965090505715,,,,
A,LinearRegression,170,7,3,0.04457995040392113,0.2109336489582491,0.9901324650281557,2.2249237635413004,2.1279132196375063,1.0453011892016588,0.07075361001106191,1.042122213998129,,,,
A,LinearRegression,170,15,3,0.12904675756943007,0.3547889838207911,0.9950053547337485,5.129748083455856,5.1699154778540946,0.9916858629010005,0.11660025600594982,0.9896041131687437,,,,
A,LinearRegression,173,6,3,0.030065259486868934,0.17334786886541187,0.9912432723697663,1.789234144181022,1.8717778627367272,0.9547099112059056,-0.004184769924711399,0.9517034140065789,,,,
A,LinearRegression,173,11,6,0.10352598371777945,0.3045058965656921,0.9921445703834065,3.6455194485794653,3.663485236520938,0.9946311823235358,-0.007116661008288182,0.9913950067381933,,,,
A,LinearRegression,176,13,3,0.15658057797240943,0.3955303617261194,0.991750169567184,4.540892901184936,4.39162623098583,1.033597899071485,0.08582040827162303,1.030369553566841,,,,
A,LinearRegression,177,9,3,0.09199196886878747,0.29476787798255283,0.9925308708681212,3.5950354672115985,3.429972533517477,1.0465416646651604,-0.0813559181930918,1.044422610165687,,,,
A,LinearRegression,183,14,3,0.12525938652898191,0.3524380421540707,0.9915622513612204,3.937007900064643,3.8847432397954833,1.0141172403064587,-0.006749406989462701,1.010195599586172,,,,
A,LinearRegression,187,9,3,0.0776943736819827,0.27501563722567157,0.9897491698849262,2.815655611389202,2.777296057069489,1.0121150471688234,0.1812311491751368,1.0095912428898293,,,,
A,LinearRegression,190,5,3,0.0389926666089094,0.18955348287343976,0.9888662221536727,1.8656079978196196,1.8199557660981196,1.0240896683933256,0.09589584429260371,1.020746888167614,,,,
A,MLP,133,5,3,0.8086955977896446,0.8923888895902478,0.8502406946501438,2.5262334705665936,2.3079585066769863,1.0901325659193752,-0.09449859805393214,1.0240368595037144,,,,
A,MLP,134,8,3,1.005299305258648,0.9862903460277366,0.9097825788898475,3.3424210232621476,3.2808577006939736,1.0188996376517008,-0.045118044449820795,0.9752623204959024,,,,
A,MLP,135,11,3,0.9346124990194243,0.9488534066781495,0.8972537997192086,3.275247652599114,3.0711360199873403,1.0659790190329488,0.1462930511541346,1.0201565063616187,,,,
A,MLP,143,10,3,0.6882935185065469,0.8188296572802667,0.862094715598721,2.4404502020724554,2.282405859521228,1.0703654400788467,-0.10431366032202743,1.0054999595114735,,,,
A,MLP,144,5,3,0.5735079755822002,0.7562816763823609,0.9345502870226414,3.183330050339364,2.9824283072567113,1.0677110076581615,0.09126483024479355,1.0409710785508912,,,,
A,MLP,148,8,3,0.517048914559431,0.7170678095121259,0.7879517156355565,1.4379471449072792,1.5625572859455534,0.9217094531177358,-0.04398799925364042,0.8206306272613029,,,,
A,MLP,150,10,3,0.5392258456054794,0.7327913916758692,0.8999441319101885,2.3304577040505117,2.340702461179251,0.9970657698552469,0.112605715003682,0.9494346616485317,,,,
A,MLP,152,7,3,0.5884610225274861,0.7533813901522267,0.814263728523216,1.9851900849038095,1.7516864971755506,1.130700513277104,0.014305566613203839,1.0512683218263685,,,,
A,MLP,152,11,3,0.9600315483630505,0.9749231809497511,0.8232192119577203,2.4084287402655096,2.371751181952591,1.0253315649366035,0.21452095095943358,0.947187728390059,,,,
A,MLP,154,9,3,0.7048725910851741,0.8373997867571346,0.9026126517741268,2.840532649475234,2.7302258413771874,1.0416258785960204,0.03298265356730523,0.9952071714476253,,,,
A,MLP,155,13,3,0.8615888637018972,0.925851761415161,0.9287514264799617,3.7220760355023548,3.5116805812926515,1.0688239432040627,-0.026892825327361036,1.0386556093789154,,,,
A,MLP,156,4,3,0.7855678699593726,0.8857340658130194,0.7772722237722792,2.022580719771618,1.8808845099933489,1.0736187710772194,0.15223300961011366,0.9765461323342951,,,,
A,MLP,158,13,3,0.6263796604302057,0.7873724244749659,0.9549444602637625,3.9285502447445655,3.7278560647995413,1.0536508376099905,0.05992747379252363,1.0327184357329724,,,,
A,MLP,158,16,6,0.8190155424715106,0.8917516141081047,0.9427235720518029,3.7646135680893233,3.824788320343396,0.9853724892177614,0.07793795326145331,0.9580066277976153,,,,
A,MLP,159,7,3,0.6128022210143974,0.7784513559161116,0.9235475895315347,3.266646853760964,2.869805569293551,1.1403717884508318,-0.07088827343966013,1.1132605206751187,,,,
A,MLP,159,10,3,0.6793899575941977,0.8215884844804363,0.920070775202679,3.07858646572688,2.9451334834107707,1.0495986309176002,-0.10248471624392642,1.0144328449785747,,,,
A,MLP,159,11,6,0.5999646663312648,0.7662727712217531,0.9703816892822951,4.4959817230906465,4.53993185168773,0.9918670586003294,0.051979721706254846,0.9775935482733562,,,,
A,MLP,159,12,3,0.9945555774498301,0.9927896116778089,0.8294795762735409,2.6123390350626097,2.4013127839806327,1.0880683363289332,-0.113916737943974,1.0096346353373946,,,,
A,MLP,160,8,6,0.7381820468020205,0.8544525026232616,0.888869738755287,2.9551803496631077,2.788200882429747,1.04913301978429,0.028533926386502737,0.9976349784988919,,,,
A,MLP,161,7,3,0.7154803961491646,0.8434769182393586,0.4808208285376523,1.561883761983494,1.1734498876884583,1.3282237141750668,0.21138867093719502,1.1431372587744049,,,,
A,MLP,161,10,3,0.6100194305563696,0.7763476616869704,0.9501592262350987,3.861327033404043,3.5720540051871903,1.0798556864355593,-0.06373987737286431,1.0592300155298586,,,,
A,MLP,162,9,3,0.8002916550534396,0.8917078172826921,0.8840402074277002,2.6047845799155542,2.618927989138421,0.993956772861816,-0.1372054194643416,0.9391655427286191,,,,
A,MLP,162,12,3,0.6409827835655401,0.7998269926760907,0.8988194059265506,2.7112611124387507,2.5873372068485376,1.0545971241886223,0.11445813036225068,1.0109441024197148,,,,
A,MLP,162,13,3,0.7811832902261869,0.8772733660055506,0.7903895370522154,2.0662294298216195,1.9442344503712292,1.0642750434867427,-0.15836209466917717,0.9675778586016787,,,,
A,MLP,163,8,3,0.635119397342698,0.7953517706221338,0.9265145114005641,3.41745535486141,2.9625557400671343,1.154237104676129,0.11230075309180965,1.1303266251840587,,,,
A,MLP,163,13,3,0.6179391489648692,0.7850486300672039,0.9297651677556448,3.1128566802048003,2.997949901423141,1.041997052858602,-0.05053781505962967,1.0086566703173487,,,,
A,MLP,163,14,3,0.8151815608860794,0.9021092390000613,0.9728452709663157,5.3122959846196744,5.542829766320888,0.9593019562506134,0.006055270636576672,0.9476405582546111,,,,
A,MLP,164,9,3,0.8192671169776453,0.9013202927451438,0.8646277382074393,2.7079647043237123,2.45211863550418,1.1038488817249208,-0.1531188375198931,1.0438779316787612,,,,
A,MLP,164,10,3,0.867925250906962,0.9297836062168375,0.8986191012980757,2.870289067177881,2.964538567294628,0.9699758861058899,-0.19698281443944157,0.9230343620943859,,,,
A,MLP,164,12,3,0.6440672533720275,0.7945090497830813,0.9293440509835529,3.1482116315901685,3.033821087999956,1.039407270037106,-0.006337793873208264,1.0060771700030728,,,,
A,MLP,165,12,3,0.5621653276273325,0.7483565296927236,0.932139813879089,3.032666142539909,2.880009363962794,1.0535921520587253,-0.16055622002118228,1.0231367870271795,,,,
A,MLP,165,13,3,1.088051145237231,1.0424077006786072,0.9230933457296726,3.710702734618644,3.8616642181412426,0.95961611813456,0.02236939332308971,0.9230318317094589,,,,
A,MLP,166,10,6,0.6867509143101374,0.8234651719215093,0.9131165595458645,2.8479562121983073,2.8268214567873198,1.006957619412206,0.09215133969051077,0.9658096170655774,,,,
A,MLP,167,12,3,1.0922222032029822,0.9951599187781087,0.8756325376213353,2.9104881293348934,2.926661302370485,0.9953922700507585,-0.014077679169540405,0.9348447301457997,,,,
A,MLP,167,14,3,0.7388458773629006,0.8571132913749641,0.8709149293760348,2.462193563245323,2.4151141461663985,1.017996750392803,-0.09408233510057203,0.957551392198925,,,,
A,MLP,169,10,3,0.7919418479487353,0.8750153444361795,0.9293505112951571,3.5735109012582527,3.4696700051553435,1.030947338186145,-0.11750646801477116,0.9978246674483006,,,,
A,MLP,170,7,3,0.8269923369488718,0.9091975109763052,0.8147837424963432,2.3924718658544237,2.1279132196375063,1.1247921244902912,0.1325624516213701,1.043075379328352,,,,
A,MLP,170,15,3,1.3486659060731148,1.153350605427116,0.9504601144148698,4.797261649475345,5.1699154778540946,0.9302450253014073,0.057075927113611764,0.9085955420651345,,,,
A,MLP,173,6,3,0.7032753550517649,0.8356649614289919,0.7982132644738901,2.068839321108889,1.8717778627367272,1.1047680524001369,-0.11295431127033277,1.015293219661671,,,,
A,MLP,173,11,6,0.7039715164885344,0.8352018040858962,0.9463623690588113,3.6837127197517234,3.663485236520938,1.0043751624423838,-0.05760086305542844,0.9794043443044963,,,,
A,MLP,176,13,3,1.1428143631469723,1.065493254984957,0.9392656446000075,4.423737118292982,4.39162623098583,1.0095351688618543,-0.008919810784978896,0.9801286558376164,,,,
A,MLP,177,9,3,0.7544033048410244,0.8674929072732259,0.93149403312671,3.710483630270854,3.429972533517477,1.0816408647237323,-0.08775378295205587,1.0537547254176014,,,,
A,MLP,183,14,3,0.7545797432480198,0.867432476204823,0.9494779100598656,4.065792093002921,3.8847432397954833,1.046681139000766,-0.043677770659141635,1.0228654806000073,,,,
A,MLP,187,9,3,0.8162969550080641,0.8992466263889871,0.8914466412351345,2.9613728736900087,2.777296057069489,1.0650695623204662,0.09513394702063922,1.0136400360127111,,,,
A,MLP,190,5,3,0.643004633845257,0.7946930690390772,0.8021326645626772,1.9620062595260623,1.8199557660981196,1.0815802470837474,0.20823191061050075,0.996091259807086,,,,
A,MODEL3-ICL-MC,133,5,3,0.06152798448528867,0.23833876951302813,0.989078589702152,2.1142578536387355,2.3079585066769863,0.9172246423249146,0.013766336704166068,0.9154569438586856,,,,
A,MODEL3-ICL-MC,134,8,3,0.11258322156939717,0.3179691562096991,0.9891611410768015,3.273520235089078,3.2808577006939736,0.9974117699385473,-0.1067254815580183,0.9927623577863732,,,,
A,MODEL3-ICL-MC,135,11,3,0.21568614063509797,0.4526533972775542,0.9780552003385318,3.264385401120352,3.0711360199873403,1.0618851073890685,0.09453708842542685,1.0544319853561834,,,,
A,MODEL3-ICL-MC,143,10,3,0.1432992895976577,0.36396166826343573,0.9738450088215324,2.328791483050917,2.282405859521228,1.0186200789098334,-0.10351811612865651,1.007509224055571,,,,
A,MODEL3-ICL-MC,144,5,3,0.013732986956548834,0.11096587864395192,0.9984775794542163,3.0000023888992384,2.9824283072567113,1.0045925388032664,0.05547283544443169,1.0042243528729515,,,,
A,MODEL3-ICL-MC,148,8,3,0.062014079667446265,0.24662938166530354,0.9721669822946811,1.4210918180227228,1.5625572859455534,0.9062212031407796,-0.05116933559972147,0.8995283004361978,,,,
A,MODEL3-ICL-MC,150,10,3,0.15384156035873275,0.3807798934205679,0.9709588049609511,2.1935199215969483,2.340702461179251,0.9351309417263121,0.0726224745390061,0.925128159447048,,,,
A,MODEL3-ICL-MC,152,7,3,0.08744745910923375,0.29458017273325265,0.9717377698038979,1.8376279360198395,1.7516864971755506,1.0504658215822618,-0.0351900015893283,1.0382488979330498,,,,
A,MODEL3-ICL-MC,152,11,3,0.21472386119434797,0.46074977682715623,0.9614434827696844,2.221218074063032,2.371751181952591,0.9344655882784186,-0.02434054767642183,0.9185579584039147,,,,
A,MODEL3-ICL-MC,154,9,3,0.08275171134832217,0.28642155983143164,0.9888675299552228,2.7232373255014863,2.7302258413771874,0.9962951005138491,0.17517660860638262,0.9933981659610968,,,,
A,MODEL3-ICL-MC,155,13,3,0.20211440228963554,0.4490767008198429,0.9829687852405918,3.587192322257931,3.5116805812926515,1.01921730010658,-0.11249702540310846,1.0119718486353129,,,,
A,MODEL3-ICL-MC,156,4,3,0.043467264283477726,0.19006819456199908,0.9879536355006824,1.8690414813249276,1.8808845099933489,0.9935182676049327,0.10752692051853645,0.9894525362657122,,,,
A,MODEL3-ICL-MC,158,13,3,0.09644689930009054,0.3018187800374879,0.992659796666811,3.7098357519558895,3.7278560647995413,0.9949920404826841,0.10257239984982862,0.9917710457195801,,,,
A,MODEL3-ICL-MC,158,16,6,0.2602105320158437,0.5010502056661614,0.9814043524109387,3.900062768966978,3.824788320343396,1.0161749904717354,0.00973934189024465,1.008569588240942,,,,
A,MODEL3-ICL-MC,159,7,3,0.08051450268014383,0.27395925919385306,0.990432690841911,2.973464508770921,2.869805569293551,1.0350669974375628,0.04548836368476994,1.031248829610986,,,,
A,MODEL3-ICL-MC,159,10,3,0.0799490897805233,0.2744799386152495,0.9906207524151566,2.9206894303653255,2.9451334834107707,0.992662464094833,-0.15030093357641147,0.9895916711933107,,,,
A,MODEL3-ICL-MC,159,11,6,0.09825542651774104,0.3105577576329535,0.9952012803142817,4.443129639288313,4.53993185168773,0.9793394298298793,-0.01401689864179115,0.9774204922230018,,,,
A,MODEL3-ICL-MC,159,12,3,0.13937954175520015,0.36969723676317007,0.9750402360954888,2.405950509305899,2.4013127839806327,1.0004766763874942,-0.059573962318592834,0.9888752152798245,,,,
A,MODEL3-ICL-MC,160,8,6,0.06548263335633879,0.24968836286144927,0.9879324605852878,2.72818849958562,2.788200882429747,0.9734794563415116,0.05129200655793592,0.9687489284981575,,,,
A,MODEL3-ICL-MC,161,7,3,0.0472543096510668,0.21440316087136932,0.9647741661564275,1.150230580583028,1.1734498876884583,0.9802708304138319,0.11820396758864905,0.9688871699245606,,,,
A,MODEL3-ICL-MC,161,10,3,0.060175653962838,0.2336503693096982,0.9957375434386203,3.6507682850105465,3.5720540051871903,1.020221801012729,-0.0889358013613768,1.0187856468597616,,,,
A,MODEL3-ICL-MC,162,9,3,0.17892863971548667,0.42034096987044794,0.9728775728625175,2.4702473384261103,2.618927989138421,0.9465357374457591,0.0034006689714215638,0.9362030506612533,,,,
A,MODEL3-ICL-MC,162,12,3,0.17954946056538726,0.42360796210382884,0.972128395232624,2.6145805230399812,2.5873372068485376,1.0109157031335025,0.16675582443460646,1.001070292706365,,,,
A,MODEL3-ICL-MC,162,13,3,0.2588701733669119,0.5063465855394215,0.9321816176345395,1.9296862168414506,1.9442344503712292,0.9938409897547037,-0.20679799864016254,0.9676567786985611,,,,
A,MODEL3-ICL-MC,163,8,3,0.15706233912983922,0.3901132985460441,0.9824754062007838,3.270414509040702,2.9625557400671343,1.1032165857424197,0.1011918591927572,1.1004932190163006,,,,
A,MODEL3-ICL-MC,163,13,3,0.13272048103866688,0.3285836026568757,0.9864904466827382,3.0613588207982674,2.997949901423141,1.0218201914093752,0.01559695386422403,1.0158371456749686,,,,
A,MODEL3-ICL-MC,163,14,3,0.13085793373809898,0.36065191869083274,0.9957354077147033,5.507218218721232,5.542829766320888,0.9954915491485603,-0.06657108260086457,0.9937578513761617,,,,
A,MODEL3-ICL-MC,164,9,3,0.12996863792802377,0.349771750637122,0.9780746403099498,2.5254590594281203,2.45211863550418,1.0299891128809338,-0.019284378420472297,1.0197079814635757,,,,
A,MODEL3-ICL-MC,164,10,3,0.17084987879762337,0.411681223345582,0.9806754462413694,2.7523049173969114,2.964538567294628,0.9293625643345288,-0.026968116881453466,0.9225719111865106,,,,
A,MODEL3-ICL-MC,164,12,3,0.09958962197800902,0.3127690591057391,0.9893622465782657,3.048925069244589,3.033821087999956,1.0055570294071774,0.04556844485706816,1.0006650992981412,,,,
A,MODEL3-ICL-MC,165,12,3,0.14686036442945008,0.3792642612991377,0.9822116342711222,2.97666450532965,2.880009363962794,1.0337164282559117,0.0369730555183083,1.0258104141790918,,,,
A,MODEL3-ICL-MC,165,13,3,0.4269379722965139,0.6333339070807785,0.9700236800856866,3.8423973863283822,3.8616642181412426,0.9994646148190495,0.07378283699772946,0.9854131359735337,,,,
A,MODEL3-ICL-MC,166,10,6,0.06999814195906524,0.25774650051216175,0.9911782438823159,2.881729413759974,2.8268214567873198,1.0181486176560117,0.0596984703726722,1.014853992993199,,,,
A,MODEL3-ICL-MC,167,12,3,0.15967518639478584,0.39155195506324403,0.9809202690745925,2.9127076510954573,2.926661302370485,0.9955989914577964,-0.05086516721672624,0.9876675055067826,,,,
A,MODEL3-ICL-MC,167,14,3,0.19829978373819804,0.442989979836753,0.9655676632301077,2.429753917830563,2.4151141461663985,1.0053215147758416,0.019295847575350165,0.9888896698632025,,,,
A,MODEL3-ICL-MC,169,10,3,0.06311380211048286,0.2505691577218437,0.9947465200808231,3.4596048128913535,3.4696700051553435,0.998486447753958,-0.016152898290573498,0.9962161158513861,,,,
A,MODEL3-ICL-MC,170,7,3,0.0456787899572649,0.2077636319769307,0.9895244763699713,2.2315978079706684,2.1279132196375063,1.048463507534114,0.06080475475463387,1.0460805917429854,,,,
A,MODEL3-ICL-MC,170,15,3,0.3407031608605238,0.567840131771212,0.9869591854179682,5.074315109537472,5.1699154778540946,0.9806184769166566,0.17224275486094606,0.9753915484601742,,,,
A,MODEL3-ICL-MC,173,6,3,0.038646057691924966,0.19597385039060153,0.9883989552346124,1.767691050618935,1.8717778627367272,0.9438108538381466,0.011322327312660732,0.9398475423519428,,,,
A,MODEL3-ICL-MC,173,11,6,0.12127650998598534,0.3347342593705198,0.9901220566027691,3.634450223216486,3.663485236520938,0.9922348418493088,0.032622617700270536,0.9883029190529959,,,,
A,MODEL3-ICL-MC,176,13,3,0.179282559928443,0.41900749143768246,0.9902665710205228,4.47387805116847,4.39162623098583,1.0191170363745083,0.09129105724010729,1.014793040213091,,,,
A,MODEL3-ICL-MC,177,9,3,0.08415775297375915,0.2840685587242716,0.9929263931547095,3.556105779737464,3.429972533517477,1.0345794476205994,-0.0476764661342384,1.0322447182992438,,,,
A,MODEL3-ICL-MC,183,14,3,0.15901227907206625,0.3973574423072646,0.9893354540388314,3.8948848623558905,3.8847432397954833,1.0033294063442224,-0.03020330963781277,0.9982332299215265,,,,
A,MODEL3-ICL-MC,187,9,3,0.08957322063684826,0.28819382814502664,0.9887613929219219,2.8205093421999314,2.777296057069489,1.0126346321656765,0.15564882612675238,1.0094489827380855,,,,
A,MODEL3-ICL-MC,190,5,3,0.032962865208334566,0.1688489101295549,0.9906792460379453,1.823964097883099,1.8199557660981196,1.0012610279580936,0.08529701874549438,0.9980324493007281,,,,
A,RandomForest,133,5,3,0.7801499488282501,0.8804418665763357,0.8543865445242752,1.9482913454333888,2.3079585066769863,0.8487670825694192,0.13147935692947058,0.7926654282740966,,,,
A,RandomForest,134,8,3,2.2219456036025065,1.4764754009360104,0.797131340921319,2.206076175011143,3.2808577006939736,0.6750599052686862,-0.21687332017733574,0.6352056632958509,,,,
A,RandomForest,135,11,3,2.5548819637216753,1.5880954613986782,0.7324982679398856,2.1224019830136447,3.0711360199873403,0.6991610209549873,-0.1714104296342528,0.6181520330139717,,,,
A,RandomForest,143,10,3,1.7276810099189774,1.314379551764734,0.6647875328203866,1.6860406053310786,2.282405859521228,0.7412836605949158,-0.316466861380188,0.6190513449466422,,,,
A,RandomForest,144,5,3,1.2636101057714246,1.1106098512826341,0.856361130950244,2.6937471570372487,2.9824283072567113,0.9032849999335871,0.19819557639535548,0.8399603085948337,,,,
A,RandomForest,148,8,3,0.8160890790930179,0.901576806487955,0.6630844601807865,0.9919458661028356,1.5625572859455534,0.6352858931961208,-0.09908213499970643,0.5369595341818795,,,,
A,RandomForest,150,10,3,1.6022371826928101,1.2642177449352952,0.7077556684605201,1.7065196770744187,2.340702461179251,0.729018532086883,0.32199739670640254,0.6299527943990344,,,,
A,RandomForest,152,7,3,0.6318617048937133,0.7937432877619286,0.7944149609845131,1.4271875449230682,1.7516864971755506,0.8159981546374898,0.08282171456816294,0.7339982975457287,,,,
A,RandomForest,152,11,3,2.0448223583542293,1.4200355471777222,0.6385805864718578,1.5258373196472765,2.371751181952591,0.6539596238182438,0.016053424851686943,0.5478636511431869,,,,
A,RandomForest,154,9,3,1.4335484857562755,1.1827911790979726,0.811720754152281,2.282300746299432,2.7302258413771874,0.8393342283121984,0.0368838380054147,0.760438839182615,,,,
A,RandomForest,155,13,3,4.392299098042784,2.0693863936596077,0.6494057470516039,2.3541657929861985,3.5116805812926515,0.6772120073334466,-0.2713058680636617,0.5588825788083588,,,,
A,RandomForest,156,4,3,0.5646499557668213,0.749785131095316,0.8403611157046061,1.6042760748922869,1.8808845099933489,0.8526370167762506,0.10457250259761657,0.7856472411228798,,,,
A,RandomForest,158,13,3,4.754107353748455,2.169822827777724,0.6621200461123159,2.490206223306376,3.7278560647995413,0.6670059780944607,0.19873339737290038,0.5556423370256328,,,,
A,RandomForest,158,16,6,4.867325799088505,2.159259329254222,0.6798696524136779,2.414242493545728,3.824788320343396,0.6362620716965594,0.24035930688765741,0.5485418280054403,,,,
A,RandomForest,159,7,3,2.1664294118379517,1.4655482201309749,0.7397440062234267,2.326634134221506,2.869805569293551,0.8128639814790093,0.0919538834665121,0.701599914566053,,,,
A,RandomForest,159,10,3,3.0603289162033804,1.7493764916627779,0.6420329184939036,1.898339409042041,2.9451334834107707,0.644596190196505,-0.3355761772343226,0.5404036771918137,,,,
A,RandomForest,159,11,6,6.551628415778119,2.5307550277003696,0.6859536733305175,2.9856741886027116,4.53993185168773,0.6614314330323962,0.3595089515915412,0.5705532952407167,,,,
A,RandomForest,159,12,3,2.23700502790335,1.494762385434476,0.6067030364636729,1.8179889955000508,2.4013127839806327,0.7547359335051116,-0.02920060149290317,0.5897459197692774,,,,
A,RandomForest,160,8,6,1.6372832597102385,1.2708343211615234,0.7613466211017609,2.1713119899370374,2.788200882429747,0.7585117617297428,0.11509968044502478,0.6806934577795519,,,,
A,RandomForest,161,7,3,0.3361660169244424,0.5794188850034002,0.7559670441231923,0.8982249030477171,1.1734498876884583,0.7649930401533261,0.1728858740163893,0.6820096832427964,,,,
A,RandomForest,161,10,3,3.564999289064051,1.8847746533445504,0.716403925525324,2.462296393414835,3.5720540051871903,0.6931349880276464,-0.1854106385881853,0.6017713263620144,,,,
A,RandomForest,162,9,3,1.6793650010899228,1.2909597462164362,0.7569815860082881,1.7026008360587177,2.618927989138421,0.6515359691751916,-0.1550950104259163,0.5942401510913573,,,,
A,RandomForest,162,12,3,3.2182390010672766,1.7919807206479674,0.5081933783043403,1.5765649130551431,2.5873372068485376,0.6165668482435792,0.06607485268279856,0.45878420824100014,,,,
A,RandomForest,162,13,3,1.5132361443894335,1.2291344350300262,0.5953006667343663,1.4790240768114373,1.9442344503712292,0.7663355038662152,0.026973268982564167,0.6063481366169476,,,,
A,RandomForest,163,8,3,1.7148872907925081,1.2967572607420286,0.8053766291343131,2.3217848285216274,2.9625557400671343,0.7846564180812937,-0.13404458847759584,0.7139982117067422,,,,
A,RandomForest,163,13,3,2.6329743678808146,1.6092696634704928,0.7131967235575153,1.950198984203647,2.997949901423141,0.6569693105842744,0.04953859172960503,0.579601680662285,,,,
A,RandomForest,163,14,3,13.672523679138346,3.67815693728591,0.5593014097427239,2.712598069005041,5.542829766320888,0.49218047385208097,0.13607898676317745,0.4045838052226622,,,,
A,RandomForest,164,9,3,1.2844668103035415,1.1237757539939135,0.7831763811849588,1.7655888040981536,2.45211863550418,0.7198043354671713,-0.10430659694573653,0.65249854552419,,,,
A,RandomForest,164,10,3,3.7948009829216076,1.9396855379530404,0.5627536777854233,1.9854262572905945,2.964538567294628,0.6738826411223245,-0.14163049022170277,0.5145467559271437,,,,
A,RandomForest,164,12,3,4.167379441208021,2.0350340542097385,0.5505915725847553,2.123877416160954,3.033821087999956,0.7018762844477897,0.05124132474722632,0.5245217462015995,,,,
A,RandomForest,165,12,3,2.127552318265821,1.4521144074663193,0.7437432163289603,2.3633242514790394,2.880009363962794,0.8207976208857773,-0.14255671011114596,0.7129768665160522,,,,
A,RandomForest,165,13,3,5.7814244861595645,2.386667822216113,0.614218705641507,1.9018395080594566,3.8616642181412426,0.49149901762491405,-0.332408955635366,0.43304149691448474,,,,
A,RandomForest,166,10,6,2.6744412240655673,1.624382005168002,0.6680481368856074,1.8189352513406103,2.8268214567873198,0.6426036303421514,0.02954567095250477,0.548904281012717,,,,
A,RandomForest,167,12,3,2.5900570126060645,1.6089958319322264,0.6974492728605767,1.7951964218267695,2.926661302370485,0.6141687145274931,0.23134893791335961,0.5419477838918495,,,,
A,RandomForest,167,14,3,2.1380621845717656,1.4613376229458066,0.6296277716316736,1.3826642294443643,2.4151141461663985,0.574041453027132,0.0208499780168227,0.4879358820302547,,,,
A,RandomForest,169,10,3,2.9724054429239506,1.7166203249917915,0.7541428969185374,2.5723529788425257,3.4696700051553435,0.7490702721305039,-0.21572270838540775,0.6666910036483774,,,,
A,RandomForest,170,7,3,0.539760615784788,0.7251343877050198,0.8781613876073854,1.8676185247716546,2.1279132196375063,0.8790856893430598,0.013295551831846905,0.8263329427497447,,,,
A,RandomForest,170,15,3,9.5767331396196,3.0855005599320955,0.6434076830576899,2.997550338199653,5.1699154778540946,0.5824802216236287,-0.3962437176731937,0.4967789101564957,,,,
A,RandomForest,173,6,3,0.5321970973740895,0.729146746278741,0.8454913637732996,1.5418019516919648,1.8717778627367272,0.8235452632307738,-0.15165922407545127,0.7661795566873474,,,,
A,RandomForest,173,11,6,4.041592190931252,2.0000172929411852,0.6992650443770221,2.541347313408162,3.663485236520938,0.6947120065664681,0.018266040689956974,0.6024517943518584,,,,
A,RandomForest,176,13,3,6.065850014306292,2.462762507909987,0.6816562238555274,2.857669436076176,4.39162623098583,0.6520026984589417,-0.02014959924776549,0.554801546925813,,,,
A,RandomForest,177,9,3,2.657027951449292,1.6069968225975142,0.7773299313491444,3.1912947302528227,3.429972533517477,0.9426975434785604,0.13570642183249024,0.8408345392022832,,,,
A,RandomForest,183,14,3,6.192147135021744,2.479121785587077,0.58818181432308,2.5114921995761397,3.8847432397954833,0.6485282288274009,0.05955022854190836,0.5087588976287546,,,,
A,RandomForest,187,9,3,1.9317563880680415,1.3791801214059352,0.7543239314873955,2.2588545856753757,2.777296057069489,0.8196892037829572,0.14864626439477077,0.7194160454105715,,,,
A,RandomForest,190,5,3,0.39548789521947353,0.6268476374031114,0.8814800867584074,1.6847906098080365,1.8199557660981196,0.9267036692790652,0.07607057813379094,0.8715403870474073,,,,
A,Ridge,133,5,3,0.028295694317409133,0.16091691658088528,0.9950349681214115,2.1820943189732582,2.3079585066769863,0.9469147631544841,0.015680007746095636,0.946115719973935,,,,
A,Ridge,134,8,3,0.0822809339397962,0.28062661708555253,0.9924167343530458,3.2620899420883074,3.2808577006939736,0.9949206857900655,-0.1199973286846381,0.9920079782541015,,,,
A,Ridge,135,11,3,0.07949431260173984,0.27983115693136223,0.9917270199695544,3.2086840356445756,3.0711360199873403,1.0450070758149483,0.012412297775739831,1.0419196822673376,,,,
A,Ridge,143,10,3,0.08917679191858846,0.2920207760448104,0.9834580488729571,2.380546097832319,2.282405859521228,1.0431352888888392,-0.06332195431447897,1.0366316996639064,,,,
A,Ridge,144,5,3,0.009231007442699333,0.09194492370974706,0.9989795973238912,2.9787370269215843,2.9824283072567113,0.9978165309884893,0.002065180248673333,0.9974368398546393,,,,
A,Ridge,148,8,3,0.04480390386604951,0.21073692056195614,0.9817746464500902,1.4044886528493634,1.5625572859455534,0.8979445332775007,-0.019598301431042933,0.8946664778159176,,,,
A,Ridge,150,10,3,0.11399675949697859,0.3342707205148612,0.9788789925960072,2.175379203003064,2.340702461179251,0.9285065140535608,0.0836290932098373,0.9215765226369251,,,,
A,Ridge,152,7,3,0.07420271327247817,0.2721683183037911,0.9757737991986023,1.8182252097317801,1.7516864971755506,1.0391468428367163,-0.003664716102042234,1.0287327378012185,,,,
A,Ridge,152,11,3,0.16091696382481638,0.39641212268567044,0.9721656392169531,2.225265729048857,2.371751181952591,0.938082546244134,0.035284293441819235,0.926520904502925,,,,
A,Ridge,154,9,3,0.08774958155443258,0.29503942923176546,0.9883395437733826,2.6880744284302125,2.7302258413771874,0.9849668681723843,0.10896047959064416,0.9804176149223589,,,,
A,Ridge,155,13,3,0.11034993156535526,0.32931479116397083,0.9911993395403921,3.606151298676679,3.5116805812926515,1.0250605765074805,-0.053979948884465,1.021238571699342,,,,
A,Ridge,156,4,3,0.03222531249664833,0.17420393179552895,0.9910034782578588,1.9038790325809893,1.8808845099933489,1.0119001967899517,0.12546877064918566,1.0099028241955674,,,,
A,Ridge,158,13,3,0.07633571872879644,0.2756718985760072,0.994380726365191,3.833793104655156,3.7278560647995413,1.0281945006804099,0.07589877445025267,1.0260322266816242,,,,
A,Ridge,158,16,6,0.13735719486420037,0.3641862517497174,0.9904795324403145,3.907711590283055,3.824788320343396,1.0181718658731256,0.05198697222025702,1.0147996402896775,,,,
A,Ridge,159,7,3,0.06264579817235133,0.23810525578187514,0.9927762030913185,2.9632280129323605,2.869805569293551,1.0316256158494899,0.04989007459092326,1.0288594967804798,,,,
A,Ridge,159,10,3,0.07953214626229065,0.27439146192058655,0.9909507403355216,2.9484836878161436,2.9451334834107707,1.0019772046142688,-0.13158359269213724,0.9985644914773225,,,,
A,Ridge,159,11,6,0.06649838612157714,0.2552423411407387,0.996707715311787,4.492391989533618,4.53993185168773,0.9898923501041389,0.03396615676326822,0.9884728540303049,,,,
A,Ridge,159,12,3,0.08157034861533093,0.27985752694399507,0.9861538820816783,2.4284560622500924,2.4013127839806327,1.0106242196122865,-0.08440754047903842,1.004644775961181,,,,
A,Ridge,160,8,6,0.05342776474920055,0.22704949064157456,0.9899214766489152,2.7387203121542236,2.788200882429747,0.9790685618245618,0.04994803155749933,0.9747349456003603,,,,
A,Ridge,161,7,3,0.029885468697986067,0.17146648730161984,0.9778556368787822,1.1485920160653236,1.1734498876884583,0.9785976281242966,0.07138075205454114,0.9709516095648226,,,,
A,Ridge,161,10,3,0.024649177724957564,0.1523632809040685,0.9982060506840557,3.631570602725784,3.5720540051871903,1.0155688757428942,-0.054395665221041,1.014969558260963,,,,
A,Ridge,162,9,3,0.0909659156286987,0.2983579572196469,0.9866637777203154,2.525992570964915,2.618927989138421,0.9658822384725975,-0.08062066019195677,0.960687606896026,,,,
A,Ridge,162,12,3,0.1308902013036899,0.36042155952478017,0.980140352369871,2.577911044598398,2.5873372068485376,0.996587810858775,0.13456852025173627,0.9887983858892767,,,,
A,Ridge,162,13,3,0.210936470828788,0.4591591686513712,0.9432160377382136,1.9518770253397004,1.9442344503712292,1.005379349831027,-0.15815440316962315,0.9814554161797364,,,,
A,Ridge,163,8,3,0.1630847081073682,0.39758422102478236,0.9817504567714895,3.281242566464945,2.9625557400671343,1.1069613601964816,0.14932894070595956,1.1049453623284011,,,,
A,Ridge,163,13,3,0.04074550550117947,0.19671141698948594,0.9951114091873056,2.9400708176744783,2.997949901423141,0.98048850991772,0.0038367175316022678,0.9782833980576379,,,,
A,Ridge,163,14,3,0.062274606374983166,0.2444774979544788,0.9979758135067872,5.489362216114709,5.542829766320888,0.9908799433561587,-0.04624246796427026,0.9899964427980663,,,,
A,Ridge,164,9,3,0.10538014742615576,0.3205177111180349,0.9823561199707287,2.5309408181850723,2.45211863550418,1.0320368518832106,-0.0215875894780241,1.0239518037900253,,,,
A,Ridge,164,10,3,0.12033483879251557,0.3443911495570227,0.9859360233736029,2.796376118720667,2.964538567294628,0.9430270828321322,-0.0141509349526805,0.9379207139787434,,,,
A,Ridge,164,12,3,0.0894806175765379,0.2982495655604176,0.9900082383899016,3.0234892041916424,3.033821087999956,0.9969706554163967,0.06263378447145766,0.992504054669333,,,,
A,Ridge,165,12,3,0.09301561346033739,0.30019991715925237,0.9889937473907281,2.9610802952606847,2.880009363962794,1.0280615901784114,0.007995942934766334,1.0229629248879462,,,,
A,Ridge,165,13,3,0.236275485477872,0.48164507965554265,0.9828296728647478,3.872282996858175,3.8616642181412426,1.0046538454681193,0.08677040713664508,0.9965345952090375,,,,
A,Ridge,166,10,6,0.05287499365960371,0.2205778828874907,0.9934543362070487,2.8498491963968173,2.8268214567873198,1.0078276400102342,0.05292234216693214,1.0050714956166702,,,,
A,Ridge,167,12,3,0.080664859418142,0.27719439138047147,0.990433230461632,2.876720889802965,2.926661302370485,0.9834815871573236,-0.0344615146362407,0.9794009335404539,,,,
A,Ridge,167,14,3,0.1766931798980477,0.4183877733967996,0.9700558303361704,2.441376725872854,2.4151141461663985,1.0099192787477123,-0.023667514653019736,0.9955806291094578,,,,
A,Ridge,169,10,3,0.030280364426954063,0.17223468424895824,0.9973973050536532,3.439134776175159,3.4696700051553435,0.9913436366863477,-0.03210664269763033,0.9902454826883157,,,,
A,Ridge,170,7,3,0.04159630750419924,0.20376972413774472,0.990790553820137,2.211141161899587,2.1279132196375063,1.0388423941568903,0.0691472119674529,1.035686265027821,,,,
A,Ridge,170,15,3,0.1297619374846408,0.3548712693498795,0.9949643192488927,5.094978255319011,5.1699154778540946,0.984967493389085,0.11096585011777826,0.9829114811376748,,,,
A,Ridge,173,6,3,0.03209664700304007,0.1791436813176963,0.9906524765320078,1.777931782854197,1.8717778627367272,0.948695617846164,-0.0037481152768469666,0.9456910637791562,,,,
A,Ridge,173,11,6,0.10386693884171011,0.30499909266351344,0.9921092026722834,3.6235849768279986,3.663485236520938,0.9886694244183926,-0.007202868467579,0.9854638693627703,,,,
A,Ridge,176,13,3,0.14798156184618746,0.3844302535174817,0.9921806465284968,4.512774963362172,4.39162623098583,1.0271993793726983,0.08465449651692165,1.0239805514728555,,,,
A,Ridge,177,9,3,0.08424846369332423,0.28187325707984695,0.9931205536317395,3.574493070743781,3.429972533517477,1.040614015962477,-0.07703559124166853,1.0384968633106986,,,,
A,Ridge,183,14,3,0.12219382797558957,0.348634829317713,0.9917873620395571,3.9140911702931107,3.8847432397954833,1.008214651467666,-0.002007727914730034,1.004338128823556,,,,
A,Ridge,187,9,3,0.07669924447187067,0.27299285734975126,0.9898376212259997,2.8023982021417653,2.777296057069489,1.0073448131527247,0.18091931354835747,1.0048184439688101,,,,
A,Ridge,190,5,3,0.0379746641624988,0.18720683617265907,0.9891434876399915,1.8557305890052447,1.8199557660981196,1.018662441699714,0.09547378721090279,1.0152970182355328,,,,
A,SVR,133,5,3,0.9683857894932034,0.9366127361668731,0.8302653281679099,1.6771073115138513,2.3079585066769863,0.734640842364178,0.08667683046384023,0.6929817831417969,,,,
A,SVR,134,8,3,2.9975931691500204,1.7096077129447265,0.7271552592739886,2.1704169053555695,3.2808577006939736,0.6621557597776117,-0.40597056353652067,0.5931128785816795,,,,
A,SVR,135,11,3,2.535784822624631,1.5870368349658188,0.7323638127213496,1.8318598505838537,3.0711360199873403,0.5969629471804323,-0.3063259980571105,0.5507436834904879,,,,
A,SVR,143,10,3,1.3278846155731865,1.1508960563917432,0.7393189869591387,1.4920898740672277,2.282405859521228,0.6520538016807528,-0.2256873519656352,0.5893307554423225,,,,
A,SVR,144,5,3,1.9491147002097773,1.379692043398631,0.7864968015983429,2.303392117793381,2.9824283072567113,0.7740523745968547,0.21055179125319348,0.7012408706843073,,,,
A,SVR,148,8,3,0.6457183268709634,0.7971330541647074,0.7384758248895111,1.0458270663323022,1.5625572859455534,0.6721915648987672,-0.0072921811508236305,0.6000027740666675,,,,
A,SVR,150,10,3,1.2356591217659576,1.1101988119535582,0.7749229165092139,1.5625786774310793,2.340702461179251,0.6671274426946914,0.2673038223267829,0.6186076781881023,,,,
A,SVR,152,7,3,0.5772341261261528,0.7584244834706126,0.8086850107196358,1.3556433547378075,1.7516864971755506,0.7746270263792603,0.022348614000071102,0.7058996620349159,,,,
A,SVR,152,11,3,2.4487426883355616,1.4671285996734087,0.6161821673743602,1.312247762352902,2.371751181952591,0.5702440641262362,0.1866792003286367,0.49312441117221306,,,,
A,SVR,154,9,3,1.6728045222406376,1.293171279435692,0.7736097305129817,1.764405502922455,2.7302258413771874,0.6453739501911241,0.17203738851372674,0.5986486082386501,,,,
A,SVR,155,13,3,3.137590013110669,1.7129403276641948,0.7662251056605084,2.1360063446437256,3.5116805812926515,0.6146291664387594,-0.004150643495169466,0.5736542456412776,,,,
A,SVR,156,4,3,0.9981512142765302,0.989075993750603,0.7200569619460747,1.3257751279879462,1.8808845099933489,0.7051552201719365,0.1385168416891944,0.614372119924717,,,,
A,SVR,158,13,3,2.9400434957317643,1.7084097464345216,0.7884205390133795,2.3186242171287486,3.7278560647995413,0.6221011217316778,0.4883267538771742,0.5991932408393899,,,,
A,SVR,158,16,6,4.948047218911393,2.1682154522312733,0.6823407046097604,1.905541146687885,3.824788320343396,0.5052643169655241,0.28906980110444846,0.4750197309991366,,,,
A,SVR,159,7,3,1.8682680685113198,1.3575901642385737,0.7759582874894329,2.097702378622676,2.869805569293551,0.7341017718825785,0.35910232338935,0.6698235231763396,,,,
A,SVR,159,10,3,2.064770629828262,1.4335996359306582,0.7616090801982502,1.9453824761338527,2.9451334834107707,0.658783460663801,-0.28639962686427345,0.6081809203019323,,,,
A,SVR,159,11,6,7.289051899715036,2.669603161082517,0.6516140621827663,2.3292720404576435,4.53993185168773,0.5151174781842496,0.18376404395153922,0.46793725695372945,,,,
A,SVR,159,12,3,1.1209653029677764,1.0566236516319254,0.8014307944301292,1.7386215703482388,2.4013127839806327,0.7227054443932749,-0.11427808878340796,0.6643016281313172,,,,
A,SVR,160,8,6,1.6866698814228718,1.2141854026523111,0.8063900626807156,1.970054921789831,2.788200882429747,0.711922384809016,0.007746440129557083,0.6587963008152667,,,,
A,SVR,161,7,3,0.3012559755088446,0.5486950997709514,0.781138517537622,0.8969566371944189,1.1734498876884583,0.7649305449626506,0.20607697568784586,0.7001703578497427,,,,
A,SVR,161,10,3,2.1981944089473204,1.4296788640088325,0.8410960858064307,2.5168409825087177,3.5720540051871903,0.7117374043332196,0.09869371398696887,0.6773206617658593,,,,
A,SVR,162,9,3,1.8489505976935068,1.3337822848096572,0.7403268917793967,1.63720510223206,2.618927989138421,0.6304388530745677,-0.11025914971214572,0.5824948639539913,,,,
A,SVR,162,12,3,1.9965030186377895,1.3940573397930098,0.7120911487426792,1.5424538849525762,2.5873372068485376,0.603136221691312,-0.21625393078903424,0.551123473410959,,,,
A,SVR,162,13,3,1.0810072496989243,1.0331440934519975,0.7181135427991426,1.2305863116396216,1.9442344503712292,0.6337365005422055,-0.0128733706426031,0.5626733074666651,,,,
A,SVR,163,8,3,1.4479553274906272,1.1972475875140618,0.8353461284483922,2.2841625966070978,2.9625557400671343,0.7722041423463128,-0.18334845437796402,0.7214698703927418,,,,
A,SVR,163,13,3,2.1763680562996655,1.464296932703782,0.7623373947441676,1.8614039059964427,2.997949901423141,0.6221772403248352,-0.11084451734069016,0.577732240341993,,,,
A,SVR,163,14,3,11.620590405601135,3.3647017539932325,0.6338603118860787,2.5122793256572007,5.542829766320888,0.45751730475596597,0.07935316325652736,0.42773841236566007,,,,
A,SVR,164,9,3,1.2175108441718117,1.099615019769091,0.7953871870286419,1.753057951598002,2.45211863550418,0.7141963134646,-0.0734790851509209,0.655484230022274,,,,
A,SVR,164,10,3,3.094229349451227,1.7487548129865924,0.6528700028725812,1.553644043880886,2.964538567294628,0.5252900382522604,-0.053798943774626025,0.4679577964387025,,,,
A,SVR,164,12,3,2.313698772988096,1.512564781802846,0.7522663223003172,1.8874569889040311,3.033821087999956,0.6238244658203281,-0.12013375506905587,0.5727966084385967,,,,
A,SVR,165,12,3,2.431660934744372,1.5500069495985638,0.7079991507268067,1.7049048615691251,2.880009363962794,0.5926523158720647,-0.15110285738671655,0.5341390654553979,,,,
A,SVR,165,13,3,4.834124622247029,2.1661561251673764,0.687690638657787,1.9615353674538225,3.8616642181412426,0.5110468467086592,-0.19595420732035454,0.4764188367277092,,,,
A,SVR,166,10,6,1.7378197489291682,1.3106622724221397,0.783569671030851,1.8708069717937086,2.8268214567873198,0.6618678167072108,-0.10193241383081779,0.6188420464718122,,,,
A,SVR,167,12,3,2.5114730874270497,1.5840437466885142,0.7064657523588139,1.7587342980158207,2.926661302370485,0.6012856330663499,0.0025942332605354648,0.5351276433514567,,,,
A,SVR,167,14,3,1.6316529234418349,1.2696332148944254,0.722578903087093,1.3900949671382836,2.4151141461663985,0.5758146649762103,-0.061163868812619406,0.5356199309596513,,,,
A,SVR,169,10,3,2.019912276307704,1.4114405424902792,0.8347542174722404,2.5553604736626903,3.4696700051553435,0.7370214649595335,-0.2516520132819038,0.6936122616839072,,,,
A,SVR,170,7,3,0.7086593415085701,0.834358040662833,0.8458429293132782,1.6345353730154837,2.1279132196375063,0.7680104569927385,-0.02161127221902004,0.7206990946156896,,,,
A,SVR,170,15,3,9.496382094722856,3.073995187433887,0.6456475571261332,2.3457558451010816,5.1699154778540946,0.4542271995116707,-0.3658981360261926,0.43105529576348295,,,,
A,SVR,173,6,3,0.4502901385380873,0.6708171195325242,0.8677570029002576,1.6210051791547793,1.8717778627367272,0.8691386892255615,-0.1682493035185888,0.8182968432775577,,,,
A,SVR,173,11,6,3.459120880633136,1.8301556379588098,0.7492601197626235,2.288973988040721,3.663485236520938,0.6260871954717544,0.1033530235744688,0.5744187627635479,,,,
A,SVR,176,13,3,6.120556915209019,2.4617289228206514,0.686700584454948,2.272379760860579,4.39162623098583,0.5189902810080006,-0.09951098632463283,0.47983925604529354,,,,
A,SVR,177,9,3,2.7832458111309513,1.605524945180293,0.7805201415126545,2.4636362168648582,3.429972533517477,0.7303032585119548,0.2582657450841563,0.6646499226826732,,,,
A,SVR,183,14,3,4.238789101320073,2.0570344332570354,0.7187403318952988,2.169893186648295,3.8847432397954833,0.5586539839920774,0.41951705594625444,0.5231495518380235,,,,
A,SVR,187,9,3,1.6114392554314827,1.2462278282598709,0.8007000040583417,2.0598053980340536,2.777296057069489,0.7484718173432116,0.13453368404707508,0.6903953130259025,,,,
A,SVR,190,5,3,0.5938792548385013,0.7651300175180408,0.82244975445093,1.4353259033806909,1.8199557660981196,0.7909946545712604,0.05358368851474383,0.728190593396476,,,,
A,XGBoost,133,5,3,1.1609022015537018,1.073408862629534,0.7837657298618591,2.1677374839782715,2.3079585066769863,0.9451428784136499,-0.04513820249878527,0.8444603074456967,,,,
A,XGBoost,134,8,3,2.345769535466559,1.5182756177656467,0.7858002019929818,2.7801557381947837,3.2808577006939736,0.8460730805484985,0.10035663923861075,0.7593810517032424,,,,
A,XGBoost,135,11,3,2.9075045171017657,1.7014159929477366,0.6890192087490243,2.3450864950815835,3.0711360199873403,0.7710639026945317,-0.32200692471993453,0.6546255994143825,,,,
A,XGBoost,143,10,3,1.8180900140633047,1.348275222648499,0.6462695090123426,2.097942074139913,2.282405859521228,0.9190897768344856,-0.45615690058662045,0.7677443552561543,,,,
A,XGBoost,144,5,3,1.3802445932176752,1.1734414326465756,0.8424085406315363,2.868678569793701,2.9824283072567113,0.960343204237819,0.17080085748096066,0.8851654483831809,,,,
A,XGBoost,148,8,3,1.1579149742894848,1.0731415964037538,0.5254348794997723,1.359297474225362,1.5625572859455534,0.868490171961762,-0.15994392621614642,0.6517372332147556,,,,
A,XGBoost,150,10,3,1.5313651567515552,1.233326553636283,0.7210811098842096,1.9269224007924397,2.340702461179251,0.8218362364498614,0.2366767119693005,0.705842024392137,,,,
A,XGBoost,152,7,3,0.9009809075687274,0.9463251869443794,0.703637990291409,1.5698415835698445,1.7516864971755506,0.8950585212503158,0.21395492870840926,0.7640946330947758,,,,
A,XGBoost,152,11,3,2.095375017173711,1.440681999978187,0.6241559577380764,1.734003225962321,2.371751181952591,0.7437530758959544,0.10455746760531918,0.6017498398338682,,,,
A,XGBoost,154,9,3,2.1177770144474906,1.4378932478787583,0.7211496266692801,2.5004281997680664,2.7302258413771874,0.9213405629884702,-0.08083272002690271,0.7903891369153229,,,,
A,XGBoost,155,13,3,5.360593615448426,2.291774147255356,0.5707789029249448,2.7663821379343667,3.5116805812926515,0.7964535878654936,-0.314006845759373,0.609754197479366,,,,
A,XGBoost,156,4,3,0.9744462840510696,0.9842732743272875,0.7235655287754317,1.8383076985677083,1.8808845099933489,0.9769475011624768,0.18366173104041675,0.8487352318774909,,,,
A,XGBoost,158,13,3,5.641924300692698,2.3446130385924833,0.6053214768300854,3.0173137187957764,3.7278560647995413,0.8068415978850622,0.08853000712331859,0.6334538050032289,,,,
A,XGBoost,158,16,6,5.143004945974272,2.2399794364830887,0.6493952305142696,2.8973559141159058,3.824788320343396,0.7600978649729089,0.28530565572034444,0.6185776462754179,,,,
A,XGBoost,159,7,3,2.7587931001042985,1.6545834236149968,0.667944446484234,2.611190398534139,2.869805569293551,0.9101792457162575,-0.06834147312337509,0.7499085468072556,,,,
A,XGBoost,159,10,3,4.489548974202023,2.118045987414518,0.4786249439686066,2.5694471995035806,2.9451334834107707,0.8723717648079985,-0.5768737522083387,0.6490306008821359,,,,
A,XGBoost,159,11,6,6.3951188868103825,2.5166272025474634,0.6851118885564716,3.6265602509180703,4.53993185168773,0.8009376424279466,0.26118040057415143,0.6706115955109256,,,,
A,XGBoost,159,12,3,2.4664411871884697,1.5600725653326986,0.5754297035566153,2.147374709447225,2.4013127839806327,0.8929351043171524,-0.0023765677426692325,0.6887237414329652,,,,
A,XGBoost,160,8,6,1.7398474377148625,1.305791492865595,0.745077460351248,2.5197888811429343,2.788200882429747,0.8892659811124802,0.10159007215699002,0.776651492787053,,,,
A,XGBoost,161,7,3,0.564986512775694,0.7489437366597542,0.5832172293074965,1.1161368091901143,1.1734498876884583,0.9506247626302536,0.2053659781931648,0.7610426530036465,,,,
A,XGBoost,161,10,3,4.649129897410669,2.15132938175311,0.630234549903164,2.8489063580830893,3.5720540051871903,0.8018902079781869,-0.14250924226300146,0.6381359325870354,,,,
A,XGBoost,162,9,3,2.320777050440864,1.5199306906342656,0.6626259987539863,2.04883340994517,2.618927989138421,0.787112557386858,-0.13513399174977608,0.6462812696496937,,,,
A,XGBoost,162,12,3,3.0195528910475624,1.722548617078678,0.5459905543514819,1.948659618695577,2.5873372068485376,0.7617591580995162,0.18617744687640034,0.5794452787469928,,,,
A,XGBoost,162,13,3,1.9947435648524934,1.408822447583989,0.46890521804196955,1.6335374116897583,1.9442344503712292,0.8490863628139976,0.14072648388650993,0.6094829261380846,,,,
A,XGBoost,163,8,3,1.765015236621539,1.3217513028081218,0.7999446152812341,2.719468355178833,2.9625557400671343,0.9205154879031209,-0.06780729663913694,0.8275786681018126,,,,
A,XGBoost,163,13,3,2.9607290011725556,1.7177913746633278,0.6639202207849813,2.2400631109873452,2.997949901423141,0.7518204597749043,-0.040838029674989236,0.6174001056524131,,,,
A,XGBoost,163,14,3,15.406935859053457,3.9083926724473215,0.5008965078146262,3.203928232192993,5.542829766320888,0.5792491942858075,0.06792702709488696,0.421517776409926,,,,
A,XGBoost,164,9,3,1.5615567576305451,1.2477765747103025,0.7383283346855846,1.9898732503255208,2.45211863550418,0.8115934320217192,0.16744190334570921,0.7040754590560391,,,,
A,XGBoost,164,10,3,4.611254289064268,2.1341467697742047,0.4712368172239279,2.4313549200693765,2.964538567294628,0.8281023175919494,-0.23387517017627976,0.5918441917976184,,,,
A,XGBoost,164,12,3,4.431517389986808,2.0960771158523097,0.503141322633149,2.668022394180298,3.033821087999956,0.8809316882531549,0.0971676641546193,0.6448447767975884,,,,
A,XGBoost,165,12,3,2.229714669896765,1.4885082264759906,0.728646894400771,2.4233073393503823,2.880009363962794,0.8421963731003709,-0.06689875545704753,0.7222015790805959,,,,
A,XGBoost,165,13,3,6.953309120003678,2.6138063852482554,0.5334214877999106,2.577404022216797,3.8616642181412426,0.6748822294153678,-0.2751081857415814,0.5013785293033357,,,,
A,XGBoost,166,10,6,2.7321723555489172,1.6310020335518305,0.6632915164790186,2.2487831115722656,2.8268214567873198,0.7961221880125633,0.022286401997744218,0.6607327968489757,,,,
A,XGBoost,167,12,3,2.905340584013574,1.6955964939811239,0.6581047575582107,2.289747476577759,2.926661302370485,0.7844204655342223,0.27299740545100964,0.6437690483705459,,,,
A,XGBoost,167,14,3,2.4371153055588928,1.5592734549629295,0.5785392944279978,1.8050458828608196,2.4151141461663985,0.7494412448834359,0.12333123729437846,0.5778808705991287,,,,
A,XGBoost,169,10,3,3.077024382636376,1.7457759741084506,0.7460609426072781,2.8044886589050293,3.4696700051553435,0.8130141851817901,0.05820963132262249,0.711827137501405,,,,
A,XGBoost,170,7,3,0.7990252546021436,0.8938369567031348,0.8213363227406362,2.085515300432841,2.1279132196375063,0.9798178023591824,0.0834228661942029,0.8930504371013875,,,,
A,XGBoost,170,15,3,11.05020104706008,3.311177676453438,0.5899366690002186,3.4481265544891357,5.1699154778540946,0.6675254919022771,-0.28802244165297064,0.5197918610209461,,,,
A,XGBoost,173,6,3,0.7621247589976528,0.8714038667347676,0.7737282653916854,1.749484936396281,1.8717778627367272,0.9370003750041317,-0.13281630063429353,0.8306376125562979,,,,
A,XGBoost,173,11,6,4.768715375257995,2.164710824201726,0.6484880308053518,2.848798950513204,3.663485236520938,0.7771359550778336,0.10694444697303669,0.6399218863608122,,,,
A,XGBoost,176,13,3,5.412034932342741,2.3199210714588467,0.7130296581156834,3.27500049273173,4.39162623098583,0.7445160698336988,-0.11507566865522072,0.6358279315535128,,,,
A,XGBoost,177,9,3,2.7542210574461983,1.6424734885840515,0.7665869034344905,3.4564348061879477,3.429972533517477,1.0218634576544334,0.2146345275216568,0.916752659022764,,,,
A,XGBoost,183,14,3,6.3463019971034536,2.5048927478753296,0.5765606768887751,3.0011900266011557,3.8847432397954833,0.7743850079202691,0.23575338422830186,0.5968391020036722,,,,
A,XGBoost,187,9,3,2.0901351960629726,1.4321330138690087,0.7355530128510583,2.4371651808420816,2.777296057069489,0.886856291301671,0.06842840890803364,0.7719141368788565,,,,
A,XGBoost,190,5,3,0.6444775681335647,0.793570845541259,0.8108669605244332,1.7647290229797363,1.8199557660981196,0.9709028356571481,0.13617143050078206,0.8818941108686126,,,,
B,CatBoost,128,9,3,3.0105963013905885,1.6869951795462124,0.9128120980144449,4.703200726424449,5.704658222362224,0.8290800300406084,-0.08664426849651691,0.8037208643266474,,,,
B,CatBoost,138,5,3,1.6287721650347595,1.2706956221694803,0.9293452023216098,4.208827068849799,4.81295318312516,0.8744631788766309,-0.09602061250049902,0.848215941646056,,,,
B,CatBoost,139,14,3,11.367110258981612,3.3694949549260236,0.7381035276474828,3.977933921396616,6.5944272463057025,0.6027596765354907,-0.0470816090750123,0.5535215113252202,,,,
B,CatBoost,142,14,3,1.212060940635169,1.0771131805227117,0.7753499597550008,1.7267487628123657,2.258856069334574,0.7836487653223019,-0.24150855393203294,0.7073847894469285,,,,
B,CatBoost,142,17,3,6.604972501724437,2.553621477438402,0.9155916278285564,6.842586690018622,8.78213577005352,0.781129600496769,-0.112091107823858,0.7632993452848468,,,,
B,CatBoost,143,11,3,6.683769707065951,2.478615936133023,0.8529520868283881,4.619150854838298,6.4562574769801095,0.7276736935644235,-0.43021207329930267,0.6988773870004986,,,,
B,CatBoost,144,12,3,1.9533787553677187,1.3564378734596712,0.834647591342441,2.5374931799839726,3.3208759143137407,0.7764158152255402,-0.04855953715216923,0.7296623602894335,,,,
B,CatBoost,145,14,3,0.7536175977755718,0.862665008483568,0.9374007302845487,3.0690049150263623,3.4465386503546207,0.8928623098398291,0.021363751535605897,0.8682237244068629,,,,
B,CatBoost,145,16,3,0.5712107837968143,0.718740475271007,0.8199944653378521,1.3142894957678488,1.70250173399882,0.7808257330668433,0.008088993001298403,0.7200191510651681,,,,
B,CatBoost,146,6,3,0.2335593648612542,0.48315251092895234,-0.11160004478475705,0.5637347530438386,0.4680292514751001,1.2163471248531417,-0.0225789293745914,0.7018496887159378,,,,
B,CatBoost,148,11,3,3.3929811524936953,1.7784821416817709,0.8287053229006821,3.2725646461971394,4.370253637592172,0.7521590774501735,-0.513619392245111,0.7079657408146093,,,,
B,CatBoost,149,9,6,1.9964614691109854,1.3332425223386561,0.909710395358475,3.7626361532405235,4.4829491134974155,0.8507931174131299,-0.010690649379872056,0.8184682018256835,,,,
B,CatBoost,150,7,3,0.8647966232236399,0.9283399757536204,0.8838111905179962,2.5237859464859063,2.7448019830025117,0.9191833413658097,-0.04598592526888573,0.8656686635368364,,,,
B,CatBoost,150,10,3,1.1137528501353624,1.0497064518487385,0.8529923856656535,2.2223228150240617,2.7362223630256826,0.8161931823298705,-0.061917928085972095,0.7703217885670625,,,,
B,CatBoost,150,16,3,5.167052016149314,2.2590070661485204,0.7604588340005769,2.8112977237406924,4.615787835344918,0.6104819052937774,0.4073671421762472,0.5732151751091922,,,,
B,CatBoost,151,9,3,0.1908075129745835,0.4353605711765061,0.0,0.4341948786445388,0.0,,-0.02005642928698517,,,,,
B,CatBoost,152,10,6,1.096624651642281,0.9405748801812678,0.7982528984274033,2.4215623680673377,2.900348457172598,0.844914265605479,-0.010262947177977988,0.7629712866726474,,,,
B,CatBoost,153,11,3,2.0958921678881843,1.415562803070145,0.8776598392269421,3.2403721910497594,4.151327774632621,0.7804324575904085,-0.18441074476550656,0.7459712056196898,,,,
B,CatBoost,154,10,3,0.14549262753909595,0.3808495622109284,-6.134668904978437,0.38828266877378476,0.14284733624724874,2.7222693626161987,0.07642368619192218,0.8549928232808793,,,,
B,CatBoost,154,12,6,4.939191499993579,1.9305084219043531,0.8711157439869593,3.756126718623943,5.143281869088917,0.7632973124245845,-0.09364806333667237,0.7299317207179291,,,,
B,CatBoost,154,14,3,1.8833247015889738,1.3540811200912515,0.906659760962783,3.5518797348667874,4.429707696845071,0.8049749630657447,0.030132551212259467,0.7795446343330438,,,,
B,CatBoost,156,6,3,0.6209246077546982,0.7779946605364918,0.8830913360227642,2.0321887550220388,2.293292288480004,0.8886136685373917,-0.11571735460341952,0.8410896055728712,,,,
B,CatBoost,156,11,3,0.5776037538012792,0.7463701981743132,0.7693361256840537,1.1193332459598675,1.5461676903029675,0.7435497250604696,0.02608290823279306,0.6774947266379936,,,,
B,CatBoost,157,10,3,0.1770872721343467,0.4166482708617616,-887.8188306440949,0.3923745509387914,0.014057273367586033,27.907683527218087,-0.135651523193374,1.006318323071226,,,,
B,CatBoost,158,7,3,1.391365223356131,1.1716785376883119,0.9336935382100008,3.9846325216215774,4.558529856376489,0.8752237538721674,-0.09367938856375091,0.8510485410851363,,,,
B,CatBoost,158,8,6,0.5836655759087014,0.748516524309326,0.9176692041408799,2.3480033233287347,2.631565825649639,0.8939032206587871,0.10946073891858694,0.8613508164521112,,,,
B,CatBoost,158,9,6,0.596538973497752,0.7661936426150927,0.8985776539301397,2.0238639186243934,2.448475738666602,0.8264309382958342,-0.0053356207761508165,0.7930144592069547,,,,
B,CatBoost,158,11,3,0.5909943308996254,0.757783102391739,0.898031522315447,1.9571286462747546,2.383851132371845,0.8236366779004584,-0.07923636557059327,0.791016601505877,,,,
B,CatBoost,158,14,3,0.6394746857277899,0.7976896961846528,0.8795328093450333,1.9203496814979877,2.299510247941963,0.8353608538839882,-0.190377881276237,0.7927421488331969,,,,
B,CatBoost,159,7,3,0.30678926096520837,0.5524755697178793,0.9330990080412226,2.1299418436724857,2.1384965633021555,1.0045920223866904,0.10031329157153916,0.9793698340527945,,,,
B,CatBoost,160,7,3,0.4920362810286529,0.7010113226756651,0.8622083072330415,1.632625803596592,1.8885724961636192,0.864104463875056,-0.004172459720391865,0.8049798173398255,,,,
B,CatBoost,161,7,3,0.6089463447216007,0.7749816394090057,0.9275421926002565,2.3811213734616143,2.8730108613123355,0.8290905800996707,0.15035705116146267,0.8091842333510075,,,,
B,CatBoost,162,11,3,0.8145663376099943,0.8880393147563934,0.913217194082034,2.7686760359220792,3.0135801264326862,0.9235449603586988,0.0807829406605176,0.8866227042985804,,,,
B,CatBoost,163,7,3,0.4315249561174633,0.6491092543299374,0.9324286088817626,2.3828516063907954,2.4885450906898696,0.9611442944182463,0.2644904719599439,0.9354317755247218,,,,
B,CatBoost,165,6,3,0.4450729958260977,0.6634703210452937,0.8483865217837137,1.4670772518898847,1.710422461497662,0.8676358842529339,-0.10314404476477677,0.8068301926447078,,,,
B,CatBoost,166,6,3,0.35973754495368687,0.5861807789927674,0.8058303984389293,1.1729468124097202,1.3240368330408365,0.9021381560991855,0.041713340739159076,0.8189980537983717,,,,
B,CatBoost,168,10,3,0.5013924530440911,0.6912555214996233,0.9300808845178464,2.318367112827986,2.630563429415112,0.8860596919249294,0.12706152825994393,0.860653148138908,,,,
B,CatBoost,169,6,3,0.6002523347566174,0.7421615853502198,0.8586267478617557,1.6683746722531385,1.9579189180282262,0.8675704663249113,0.0694965969701925,0.8120028496823078,,,,
B,CatBoost,170,7,3,0.33540910847853067,0.5771045922094552,0.8430517224881685,1.2319855201960281,1.4555311302174163,0.8485792915489455,0.06546625131640206,0.789227941870128,,,,
B,CatBoost,172,6,3,0.4947080355512474,0.7012145083329608,0.9331219000494761,2.6080273294743654,2.746267334871511,0.947822759997455,0.05327873977728823,0.9164214398889657,,,,
B,CatBoost,174,14,3,0.4664472485986965,0.6806954223093128,0.7993097177888734,1.163391486882446,1.5250145770503878,0.7715763048313938,0.07641473915491469,0.7042803012161372,,,,
B,CatBoost,176,5,3,0.17506983220357145,0.41826721939165096,-9.994723435557086,0.44516805548110455,0.12613056767070138,3.5289721802231466,-0.02731615856493763,1.3774954188539639,,,,
B,CatBoost,176,9,6,0.4091186152347601,0.6183141916447058,0.8626987792083908,1.5963275125478082,1.8607827356171531,0.8484052631069291,0.15792597804118927,0.7967026667814333,,,,
B,CatBoost,176,13,3,3.143827202341102,1.704153205609666,0.8631008257914173,3.629037666717643,4.642179313109609,0.7869667238761542,-0.24582616075279162,0.7465649382325497,,,,
B,FixedRidgeLambda1,128,9,3,0.06649571880015746,0.2556506631953175,0.9977864271103897,5.7849981716596135,5.704658222362224,1.0145224727282913,0.11046909980779834,1.0137464917364274,,,,
B,FixedRidgeLambda1,138,5,3,0.024481526671175032,0.14609955227347107,0.9989000116912181,4.878743646083333,4.81295318312516,1.013946822931145,-0.0651266646728722,1.013644961431155,,,,
B,FixedRidgeLambda1,139,14,3,0.145312742416302,0.3767056266070438,0.9966338990269209,6.385648123834369,6.5944272463057025,0.9681984148233481,-0.08937621874572992,0.9672647559353438,,,,
B,FixedRidgeLambda1,142,14,3,0.14992675767356103,0.38650742661667636,0.9693202763246611,2.359893009658707,2.258856069334574,1.0414374040661674,-0.01898189411236717,1.028281476811234,,,,
B,FixedRidgeLambda1,142,17,3,0.1498630935224824,0.38373343577250213,0.9980086593744372,8.789627994923526,8.78213577005352,1.0002055794630502,-0.10200284419322843,0.9993293221006806,,,,
B,FixedRidgeLambda1,143,11,3,0.11699366628068701,0.3412385549150661,0.9968089316776827,6.4716392563445835,6.4562574769801095,1.0023332365984345,-0.09033494294047657,1.0008718349646124,,,,
B,FixedRidgeLambda1,144,12,3,0.08105387354587756,0.2843388162658555,0.9923281959051423,3.287865249015899,3.3208759143137407,0.9898730265646667,-0.06364846549498167,0.9863633009260185,,,,
B,FixedRidgeLambda1,145,14,3,0.05216362884480083,0.2262734681134211,0.9955657314798536,3.4580303204366545,3.4465386503546207,1.0030306966680442,0.10664225510981444,1.0013362491711255,,,,
B,FixedRidgeLambda1,145,16,3,0.0854459771568366,0.2908821588939068,0.9689094940075705,1.6974190241844507,1.70250173399882,1.0009270891574988,0.07024799499616513,0.9875978457116091,,,,
B,FixedRidgeLambda1,146,6,3,0.041776462336149095,0.1960369652011337,0.8144292889009662,0.5810259288132357,0.4680292514751001,1.2357099800028841,0.058747143228917,1.1925162290000777,,,,
B,FixedRidgeLambda1,148,11,3,0.08665526265279457,0.2884036061736283,0.9955903760008303,4.233506581299875,4.370253637592172,0.9689981607972927,0.035250030061295165,0.9675560797720606,,,,
B,FixedRidgeLambda1,149,9,6,0.05782427749010155,0.23368500420391988,0.9958865457033891,4.577762811351561,4.4829491134974155,1.0292903398396196,0.03145144341000811,1.028203061354364,,,,
B,FixedRidgeLambda1,150,7,3,0.034336803079897,0.18348906160776865,0.9953889792092308,2.831176899443227,2.7448019830025117,1.0316677521629718,-0.031166164764710434,1.0301685525861377,,,,
B,FixedRidgeLambda1,150,10,3,0.04287432086204097,0.2020064272269255,0.9944823794867251,2.7221485530061975,2.7362223630256826,0.994881757449289,-0.06035533262049764,0.9925400895733817,,,,
B,FixedRidgeLambda1,150,16,3,0.11573316159888285,0.33916236593680743,0.9945593443861022,4.618803639678383,4.615787835344918,1.001271267538314,-0.034901043333308734,0.9987866786246474,,,,
B,FixedRidgeLambda1,151,9,3,0.0712522411988928,0.26613624830684385,0.0,0.2658093173457486,0.0,,-0.0021520828927336674,,,,,
B,FixedRidgeLambda1,152,10,6,0.039845952880647205,0.19809254081058625,0.9808350708071552,2.8985524028388787,2.900348457172598,1.0103409968146797,0.002508057396740501,1.00213848739453,,,,
B,FixedRidgeLambda1,153,11,3,0.09395893987729291,0.3001424566728807,0.994649401715377,4.078128043114083,4.151327774632621,0.9825758852102476,-0.03985544805877194,0.9804458018379947,,,,
B,FixedRidgeLambda1,154,10,3,0.0602913113300625,0.2440041230435095,-1.9409184108147082,0.28799105606696673,0.14284733624724874,2.013359688277896,0.1072515051267758,1.4097560168265353,,,,
B,FixedRidgeLambda1,154,12,6,0.13403274295352594,0.3615822620463738,0.9891245688335296,5.083153687240428,5.143281869088917,0.996839895276319,0.056735459974275954,0.9919807921717626,,,,
B,FixedRidgeLambda1,154,14,3,0.13160213869979662,0.3595356922711587,0.9934291378625794,4.481174974513549,4.429707696845071,1.011445008589707,-0.07971445375625304,1.0084046401094964,,,,
B,FixedRidgeLambda1,156,6,3,0.059627750862403496,0.23235693678399186,0.9877483740201817,2.297323930798183,2.293292288480004,1.0027311816937845,0.0017126677418347984,0.9969711244233529,,,,
B,FixedRidgeLambda1,156,11,3,0.11534483937651753,0.33541810780701975,0.9520306294209706,1.4031684686214962,1.5461676903029675,0.9147624638568178,-0.0245192949544723,0.8962266215044146,,,,
B,FixedRidgeLambda1,157,10,3,0.08492712250171257,0.2874437911402276,-441.7784524203355,0.2378644876115801,0.014057273367586033,17.036542910310974,-0.16467384703062182,2.914440087458169,,,,
B,FixedRidgeLambda1,158,7,3,0.020694008367986166,0.14261073530569254,0.9990019102498492,4.527448957957977,4.558529856376489,0.9930321763724729,-0.0015773095451290335,0.9925905237585128,,,,
B,FixedRidgeLambda1,158,8,6,0.06372884067593386,0.24756706038567353,0.9909989581343904,2.5758110299360117,2.631565825649639,0.9801851229024058,0.11608190902588426,0.977444549999483,,,,
B,FixedRidgeLambda1,158,9,6,0.06923684340396412,0.26029173092898183,0.9883443623647156,2.392648788877369,2.448475738666602,0.9771676972638427,0.008501732127320685,0.9730290454261864,,,,
B,FixedRidgeLambda1,158,11,3,0.03211680082270857,0.17718503541991418,0.994161068905162,2.3375992427319825,2.383851132371845,0.9803220069927175,-0.052342738722412,0.9779295430478513,,,,
B,FixedRidgeLambda1,158,14,3,0.17503874704855518,0.4151048060387814,0.9664128712520315,2.307861089130475,2.299510247941963,1.004176986434761,-0.14810789136247973,0.9896772242026529,,,,
B,FixedRidgeLambda1,159,7,3,0.047193155216861994,0.21458242303388653,0.9891718388817411,2.3060592616930933,2.1384965633021555,1.0799990198833214,0.005294815426606235,1.0784369607290487,,,,
B,FixedRidgeLambda1,160,7,3,0.047195087032609696,0.21630008256995117,0.9868880047912363,1.814399452360039,1.8885724961636192,0.9610447639190446,0.023292772570350933,0.9555689788502019,,,,
B,FixedRidgeLambda1,161,7,3,0.0642069963339655,0.2521466055808514,0.9919476875599843,2.718187875334669,2.8730108613123355,0.9457377465426634,0.031097021699695835,0.9433988884348362,,,,
B,FixedRidgeLambda1,162,11,3,0.1036373744181468,0.31717391641606946,0.9879831482342514,3.026908506654777,3.0135801264326862,1.005534025219954,0.019894789046322536,0.9997865572413657,,,,
B,FixedRidgeLambda1,163,7,3,0.08411816711724619,0.2859933331365621,0.9853160033798387,2.5801430410602997,2.4885450906898696,1.0365725902303158,0.1132714604042974,1.0316677910732721,,,,
B,FixedRidgeLambda1,165,6,3,0.04628295743917957,0.21190363270621884,0.9848118435787682,1.7591104905090054,1.710422461497662,1.0294320184968502,-0.06703761171473631,1.0231412598428127,,,,
B,FixedRidgeLambda1,166,6,3,0.1224502688840108,0.3495100221332028,0.9246145758379122,1.3337440385899235,1.3240368330408365,1.0096776828867198,0.0832632314069845,0.9771027909694582,,,,
B,FixedRidgeLambda1,168,10,3,0.07133772429971147,0.2621053942716925,0.9892014593805533,2.5563431804851344,2.630563429415112,0.9698837584922902,0.10220177099891865,0.9663427707912945,,,,
B,FixedRidgeLambda1,169,6,3,0.042459683105429934,0.2050902881709836,0.9888422863945857,1.9082239112837633,1.9579189180282262,0.9796329093470958,-0.012256021130154266,0.9753063384458384,,,,
B,FixedRidgeLambda1,170,7,3,0.028208686993225696,0.16131489311330793,0.9873954275700175,1.3903973696358172,1.4555311302174163,0.9572157503729781,0.09449481757437529,0.9544810746144097,,,,
B,FixedRidgeLambda1,172,6,3,0.09133708960845664,0.3009133658931535,0.987911152340843,2.868108101351344,2.746267334871511,1.0438524053947305,0.06900622150753347,1.039140638802915,,,,
B,FixedRidgeLambda1,174,14,3,0.10856671742123031,0.32169042507405843,0.9558624697488232,1.4925942772387382,1.5250145770503878,0.9805873968957411,0.0738514613912709,0.9617841728762276,,,,
B,FixedRidgeLambda1,176,5,3,0.05192557011031577,0.22187462867842186,-2.24664113458664,0.26871112295993643,0.12613056767070138,2.1265675531446733,0.021214434536810198,1.2830134892190428,,,,
B,FixedRidgeLambda1,176,9,6,0.08553573628776402,0.27386626541095,0.9775046834012079,1.7881804457791672,1.8607827356171531,0.9520686617291739,0.09109594544770665,0.9446100477320575,,,,
B,FixedRidgeLambda1,176,13,3,0.03745159424535307,0.1924127618588416,0.9981036572500431,4.600748862198694,4.642179313109609,0.9903798473593755,-0.033917976801823534,0.9895305266894706,,,,
B,KNN,128,9,3,10.432160087146322,3.2240287408689983,0.6772917473481429,3.5078008631360844,5.704658222362224,0.6178237735665698,-0.15156398028092036,0.5362628531943843,,,,
B,KNN,138,5,3,4.127798314720869,2.0153394560574727,0.8214523686986911,3.8279751462169815,4.81295318312516,0.7966270679565035,0.007939059731259338,0.7329337419637111,,,,
B,KNN,139,14,3,17.0746939866621,4.120315225002888,0.6058347187950778,3.3188873916336994,6.5944272463057025,0.5026993792917266,0.3815169497179534,0.43312012446138953,,,,
B,KNN,142,14,3,2.7958127741769885,1.6480454304313905,0.46441130238612677,1.2532822090141358,2.258856069334574,0.5679425619156403,-0.3063106778493106,0.4087708248515365,,,,
B,KNN,142,17,3,35.64709427410292,5.923609503976699,0.5469808725261446,4.221916737383622,8.78213577005352,0.4851122258400315,-0.4877888566086,0.3973777854311055,,,,
B,KNN,143,11,3,18.270247051190633,4.254005318214324,0.5513775870652604,3.205953724075185,6.4562574769801095,0.4973249985395031,-1.098894945776616,0.41761220848819,,,,
B,KNN,144,12,3,4.909976096568486,2.1861507560427804,0.5699309713239209,1.8330413073802294,3.3208759143137407,0.5577198505447662,0.1727277141502331,0.45250228722051533,,,,
B,KNN,145,14,3,3.9225253326271807,1.974951744226403,0.6606929662559221,2.6354122463510823,3.4465386503546207,0.7661335614046371,-0.15767493532323898,0.6264989247856102,,,,
B,KNN,145,16,3,1.5770470994929038,1.2464699359787563,0.4601928604351691,1.0777390003854361,1.70250173399882,0.6368335619994462,0.10260308295964976,0.4391516893858394,,,,
B,KNN,146,6,3,0.2656264480847823,0.5120160525419305,-0.2750924367019815,0.5169622287414454,0.4680292514751001,1.1095996552225278,-0.07489899096163133,0.5049839061771648,,,,
B,KNN,148,11,3,8.318654551596508,2.857630120078504,0.5713705445303279,2.4482249071489233,4.370253637592172,0.5630005598152935,-0.5593744237683641,0.46707292300066633,,,,
B,KNN,149,9,6,7.179595309019644,2.6045263109118606,0.648050830884,2.864816149831349,4.4829491134974155,0.6463413808126054,0.39169941015111487,0.5447325777950064,,,,
B,KNN,150,7,3,1.8839966849296632,1.368397778995096,0.7483893280732139,1.934507636150978,2.7448019830025117,0.7048181985548689,-0.01596414137764543,0.6269848820126417,,,,
B,KNN,150,10,3,2.7655409171052496,1.6617244814420589,0.6297244925633291,1.483225347061001,2.7362223630256826,0.543126370510245,-0.06150369344361656,0.4691098819229169,,,,
B,KNN,150,16,3,8.719628369292042,2.9198918901226825,0.5988269773397326,2.5359841892900614,4.615787835344918,0.5521814065136219,0.33338366282378407,0.4660823573615489,,,,
B,KNN,151,9,3,0.17749515243042027,0.4187641739610604,0.0,0.4163684047726271,0.0,,0.03966952529558797,,,,,
B,KNN,152,10,6,4.7472502080253,1.8649702601059033,0.5011720566372886,1.7042564954703971,2.900348457172598,0.621988790831984,0.25108432785342977,0.4519874588037703,,,,
B,KNN,153,11,3,6.5446371139778305,2.555300225608299,0.6191013526978617,2.3993085733736206,4.151327774632621,0.5792389399792439,-0.7250142703124342,0.4956245652482208,,,,
B,KNN,154,10,3,0.2442594967796801,0.4923564835886008,-11.209124024569588,0.46117066347250657,0.14284733624724874,3.252872446275145,0.13861725007943435,0.36874335816202564,,,,
B,KNN,154,12,6,15.573980752735787,3.4742893446677527,0.5664004258405234,2.6958288824841112,5.143281869088917,0.541735784798056,-0.14024522385695637,0.434074626939658,,,,
B,KNN,154,14,3,8.552976874236231,2.920101925379136,0.5589145657437243,2.2972317104993736,4.429707696845071,0.5175787009844136,0.6655864297060353,0.4275271827910916,,,,
B,KNN,156,6,3,1.249925508769167,1.1158811144148493,0.7609692051417453,1.5766993486011778,2.293292288480004,0.6885685944109482,-0.12101753101969272,0.6222291533751981,,,,
B,KNN,156,11,3,1.1544849095485386,1.0586381327149434,0.5342992618093276,1.0229103036784766,1.5461676903029675,0.6778998554005028,0.07507417355314137,0.5098170049283227,,,,
B,KNN,157,10,3,0.2558413344236056,0.5054170529749434,-1310.3192692223531,0.47951770025664064,0.014057273367586033,34.15644359167401,-0.13072365809790074,-2.2373896427377056,,,,
B,KNN,158,7,3,5.426752889303259,2.3290927948962916,0.7373849564097593,3.1277742213088846,4.558529856376489,0.6866619060314162,-0.34698478701059726,0.6105161765173676,,,,
B,KNN,158,8,6,2.0530984822019156,1.4274190282808377,0.7051931773434285,1.8408635880995663,2.631565825649639,0.7014906980762694,0.20811121326972024,0.6100652257778413,,,,
B,KNN,158,9,6,2.11466241309634,1.4509706385182584,0.6458332831956098,1.5336609650548987,2.448475738666602,0.6260381614943413,-0.06466174192605595,0.5218441014518277,,,,
B,KNN,158,11,3,1.8014092520387999,1.340418659101192,0.68115301796603,1.5847256968827896,2.383851132371845,0.666324279554415,-0.0582919543215078,0.5667086258528741,,,,
B,KNN,158,14,3,2.513623734003769,1.5835630884333762,0.5221604945099861,1.3320375150274435,2.299510247941963,0.5788799930103187,-0.4617529118431156,0.4521935497151815,,,,
B,KNN,159,7,3,0.9205722948013236,0.9592215357602133,0.794778024436324,1.7268126792227745,2.1384965633021555,0.8129529129369218,0.08431937139140293,0.7346046217104454,,,,
B,KNN,160,7,3,1.1701885829291887,1.0811690904327336,0.6694226043241834,1.3247786829085484,1.8885724961636192,0.7015970572415243,0.09984097055214423,0.5840957397005434,,,,
B,KNN,161,7,3,2.411175001536803,1.548511478837783,0.7087799125414231,1.879618034131111,2.8730108613123355,0.6574686233198556,0.27839825194342444,0.5767615780426568,,,,
B,KNN,162,11,3,3.110703426322191,1.7591148611391978,0.6591559310539062,1.9821428847503355,3.0135801264326862,0.6586638964843899,0.26027777437491434,0.5542415997978133,,,,
B,KNN,163,7,3,1.5457055590354247,1.2306947207586802,0.7567294163892341,1.7219529234627622,2.4885450906898696,0.6943418287305104,0.188728032607686,0.6303817213136096,,,,
B,KNN,165,6,3,0.7095083004030148,0.8383255607545416,0.7546666327671593,1.280324360702665,1.710422461497662,0.7528139387791312,-0.08780097572592234,0.6642125346244913,,,,
B,KNN,166,6,3,0.5383117562069334,0.7303591774234491,0.6819612625731498,0.988168560372885,1.3240368330408365,0.76222097461961,0.011837688989058867,0.6362340750748384,,,,
B,KNN,168,10,3,3.015399051709189,1.7333886128990164,0.557859664421787,1.4806473048890663,2.630563429415112,0.5638477436966624,-0.020339337494640924,0.4509385803041648,,,,
B,KNN,169,6,3,1.0964839460580957,1.036387902982653,0.7193234144429587,1.4418763066048939,1.9579189180282262,0.7474185170378357,0.052069687578742606,0.6421769303373589,,,,
B,KNN,170,7,3,0.6658960573589332,0.8129000639375894,0.6887676222603473,1.0016863373358882,1.4555311302174163,0.6902500687096328,0.14019268870119014,0.5890224803669611,,,,
B,KNN,172,6,3,1.467008664940255,1.206571909025864,0.7990397836594979,2.1617601752279043,2.746267334871511,0.7859538340666364,-0.013398597637244108,0.710410130607353,,,,
B,KNN,174,14,3,1.2588571002547695,1.1157023865024165,0.46543625554882834,0.8333954858844349,1.5250145770503878,0.5525937203687324,0.026989068138563128,0.3953066742682935,,,,
B,KNN,176,5,3,0.17861613701161097,0.418788163502545,-10.213735772724144,0.4364410098631004,0.12613056767070138,3.4597367096950626,0.03548694603078694,1.2766701382531493,,,,
B,KNN,176,9,6,1.4874789232069912,1.1438123417094175,0.6170198270031537,1.2226153553992605,1.8607827356171531,0.659333627451198,0.22726239256242112,0.5436259591423577,,,,
B,KNN,176,13,3,10.052726896054933,3.146656307168095,0.5323823155154024,2.5923546942685385,4.642179313109609,0.559543442394495,-0.012970640601731068,0.43271199330801996,,,,
B,LightGBM,128,9,3,3.5332728045406143,1.8290019911524684,0.8979252998722798,5.125875623722417,5.704658222362224,0.9077097301343731,-0.10811726309760254,0.8663445384899969,,,,
B,LightGBM,138,5,3,3.0144736068138456,1.7361394675361368,0.8695626471173922,4.774286436020358,4.81295318312516,0.9931236178035664,-0.16441899611934252,0.9296262656344929,,,,
B,LightGBM,139,14,3,8.427411153345227,2.8870104714624834,0.8051921043317011,5.030195723716258,6.5944272463057025,0.7618775879061941,-0.1271776240369531,0.6983741003865233,,,,
B,LightGBM,142,14,3,1.1310031704915602,1.061742821557411,0.7659170013384361,2.2527869304972854,2.258856069334574,1.0210537398591926,-0.24987129496347968,0.924813003531661,,,,
B,LightGBM,142,17,3,6.586726353695546,2.550925418438689,0.9087045951799048,8.322195354449388,8.78213577005352,0.951499816828767,0.019957454297363213,0.9093157589143176,,,,
B,LightGBM,143,11,3,6.963397028909227,2.6116538998551238,0.8280252087152484,5.644731704528919,6.4562574769801095,0.8834658069180517,-0.10662852140751393,0.8141244929064139,,,,
B,LightGBM,144,12,3,1.6939049459367552,1.2967138998766468,0.8456957909688091,3.2800008616035137,3.3208759143137407,0.9998705956316433,-0.04643865506256003,0.9303456914592315,,,,
B,LightGBM,145,14,3,1.072444444846545,1.0243154556467269,0.9084908455752999,3.5972137191871973,3.4465386503546207,1.0441732931724268,-0.027964275557228035,1.000745342273005,,,,
B,LightGBM,145,16,3,0.6586025042634623,0.8056269492932145,0.7765925349808488,1.6182729513250569,1.70250173399882,0.9628923259586472,-0.0512789534919035,0.8641271603318906,,,,
B,LightGBM,146,6,3,0.34363785567933824,0.5841768826533763,-0.5744814116829527,0.6900703108005103,0.4680292514751001,1.4708931624622401,-0.0635611921599434,0.8097443767602638,,,,
B,LightGBM,148,11,3,4.369834498628878,2.0738810327118324,0.7735137691131357,3.8423060301867675,4.370253637592172,0.8841430830072444,-0.6614244382759638,0.7951065167813715,,,,
B,LightGBM,149,9,6,2.8349914160330507,1.6340674670402244,0.8569254997156337,4.310894659400283,4.4829491134974155,0.9830376044814418,0.012403471365592939,0.9168345345595034,,,,
B,LightGBM,150,7,3,1.2627607262912257,1.1222531904449626,0.8324148531446457,2.8908265414778778,2.7448019830025117,1.054641188640433,-0.12447333601222517,0.9748865964784815,,,,
B,LightGBM,150,10,3,1.4030288208553785,1.180176924475036,0.8073895263264651,2.6407814173850057,2.7362223630256826,0.9713137517965217,-0.01025900411960623,0.8899116018765629,,,,
B,LightGBM,150,16,3,3.5562945364898755,1.8752281568134783,0.8349936547816786,3.7057052055715203,4.615787835344918,0.8045989296123333,0.1989701504147289,0.7445637569668877,,,,
B,LightGBM,151,9,3,0.38180958356158196,0.6169092579668378,0.0,0.6088607209075682,0.0,,-0.013110985703147865,,,,,
B,LightGBM,152,10,6,1.364762347868852,1.0820092657849933,0.7219480082283463,2.9105645213622537,2.900348457172598,1.0252680566966677,-0.030182625998599017,0.8923632493949212,,,,
B,LightGBM,153,11,3,2.0536402390092996,1.4253439524306195,0.8796764285665738,3.8034730460015536,4.151327774632621,0.9153838205800237,-0.18537976020516914,0.8630863408949372,,,,
B,LightGBM,154,10,3,0.2821546457106932,0.5284092100769487,-12.963304239788451,0.5480788912030895,0.14284733624724874,3.845841283200066,0.07870444369574099,1.3105213388880734,,,,
B,LightGBM,154,12,6,4.359334801403854,1.853521138593741,0.871011895215774,4.64911920463474,5.143281869088917,0.9492981344278454,-0.08118510528410959,0.8938080983843205,,,,
B,LightGBM,154,14,3,2.3253691444426092,1.491315675238215,0.8860046882635088,4.096536966804431,4.429707696845071,0.9280533741731705,-0.1989940406673094,0.8782273445553708,,,,
B,LightGBM,156,6,3,1.0044552865922038,0.99778119783018,0.8091210252077689,2.2265423891058487,2.293292288480004,0.9730773119335723,-0.0844170195976337,0.8840300848700889,,,,
B,LightGBM,156,11,3,0.6515139647127856,0.8008165556506022,0.7186541581045901,1.3758182120163234,1.5461676903029675,0.9063256086039827,-0.1644328621843788,0.7860409120035872,,,,
B,LightGBM,157,10,3,0.3258131023401974,0.5674624154484271,-1641.213522850154,0.5526983629497253,0.014057273367586033,39.30435085873598,-0.09691788626089137,2.969815726631188,,,,
B,LightGBM,158,7,3,2.0956543620480224,1.4401951868480187,0.8994113092551839,4.438039283612318,4.558529856376489,0.9733604044647025,-0.024330304161155236,0.9238432832410296,,,,
B,LightGBM,158,8,6,1.0363496524496996,1.0006805607045177,0.8531161117785403,2.6857186223581198,2.631565825649639,1.0249680324665233,0.07907728316001109,0.9595942143679649,,,,
B,LightGBM,158,9,6,0.6829142873992811,0.8182154079039267,0.8839779246578554,2.3945060638849105,2.448475738666602,0.9782062671268553,0.04246031156034361,0.9238970431488869,,,,
B,LightGBM,158,11,3,0.6193796572813558,0.777556155558548,0.8908838619104861,2.365229610239586,2.383851132371845,0.9946635676795177,-0.15983070012777953,0.9459065647481317,,,,
B,LightGBM,158,14,3,0.9317722215165435,0.9630358639875355,0.8230893154010556,2.1851139066251517,2.299510247941963,0.9511395029844621,-0.18942604910255154,0.8724565730536836,,,,
B,LightGBM,159,7,3,0.7659514928704204,0.8653553047561754,0.8224595773584507,2.3881895434409013,2.1384965633021555,1.128419149575042,0.11933192258834309,1.0633348444002129,,,,
B,LightGBM,160,7,3,0.5696106395078931,0.7527578284890718,0.8396017364110001,1.8470804147313686,1.8885724961636192,0.97716177664846,0.026110679995713867,0.897880277889417,,,,
B,LightGBM,161,7,3,0.9625677397244948,0.9771290204537258,0.8794936555716634,2.825668881502166,2.8730108613123355,0.984511987399311,0.12102749597819902,0.9271979173564456,,,,
B,LightGBM,162,11,3,1.109779766732314,1.050994220481184,0.8779690931117488,3.1774378367071296,3.0135801264326862,1.0611239898737737,-0.02297163121708477,1.009911666427559,,,,
B,LightGBM,163,7,3,0.7870317480655199,0.8784633523868361,0.8732944847100614,2.5845805682876133,2.4885450906898696,1.0473533337011507,0.18776036429995224,0.9974400296368117,,,,
B,LightGBM,165,6,3,0.7186971487100267,0.84759248641158,0.7456199032290968,1.7337879062586545,1.710422461497662,1.027155052632905,-0.047556175029129975,0.9092235483533894,,,,
B,LightGBM,166,6,3,0.49188247080301156,0.6969791629903246,0.7163750731119142,1.3426875549021033,1.3240368330408365,1.0387246217337383,0.030573358495367565,0.9168946517620752,,,,
B,LightGBM,168,10,3,0.8889958446186091,0.9361490897196686,0.8731482249974133,2.68322204751758,2.630563429415112,1.0321927475928063,0.21487085851321627,0.9799693401258326,,,,
B,LightGBM,169,6,3,0.7093653209869829,0.8339446572143366,0.8176136595655045,1.8196340629033265,1.9579189180282262,0.9477817788689217,0.04176072676127451,0.8674060655283786,,,,
B,LightGBM,170,7,3,0.5414279278719568,0.7344645931486901,0.7447590582544669,1.4769869321397486,1.4555311302174163,1.01781407319666,0.08943581689778911,0.8989225378348825,,,,
B,LightGBM,172,6,3,0.8069995969726076,0.8979549865645543,0.8910424238455207,2.776234487088748,2.746267334871511,1.011150727656813,0.07627136793993818,0.9581354393842635,,,,
B,LightGBM,174,14,3,0.6602225109746737,0.8021204498282691,0.7220204369936835,1.423808616247243,1.5250145770503878,0.9473254324853816,0.07878547583150564,0.8226237233229519,,,,
B,LightGBM,176,5,3,0.26844392053116195,0.5146265349211977,-15.977869648422816,0.554282357597288,0.12613056767070138,4.40108112289749,0.018174550398678834,1.9323689829892412,,,,
B,LightGBM,176,9,6,0.5071693612996381,0.6939994097083185,0.8227947187759931,1.8372779166616586,1.8607827356171531,0.987649922053734,0.11081936741735822,0.9020725830739446,,,,
B,LightGBM,176,13,3,2.864233133493727,1.6803068527104872,0.8679482495011044,4.392728778787506,4.642179313109609,0.954601318638264,-0.2709229406942076,0.8960307329937761,,,,
B,LinearRegression,128,9,3,0.07941376413054223,0.28059242301976034,0.9973845488233725,5.832805665798172,5.704658222362224,1.0229097829406086,0.11197522319710951,1.0220861761684832,,,,
B,LinearRegression,138,5,3,0.0312663747649764,0.16680997575624149,0.9985981656596848,4.915323090905134,4.81295318312516,1.0215429215153613,-0.06746886673375097,1.021236339126715,,,,
B,LinearRegression,139,14,3,0.12730431189533672,0.3539224584517231,0.9970543046171224,6.4356056586673605,6.5944272463057025,0.9757755810277152,-0.09141983045534817,0.9748424753148073,,,,
B,LinearRegression,142,14,3,0.15480092574598797,0.392156609837426,0.9687193626674824,2.3816362818327215,2.258856069334574,1.050907648990928,-0.01591891601298054,1.0379105245991282,,,,
B,LinearRegression,142,17,3,0.161196899919424,0.39900562728574546,0.9978840957869833,8.862378890739159,8.78213577005352,1.0084504038221958,-0.10681899477221724,1.0075542035699419,,,,
B,LinearRegression,143,11,3,0.12035295457469415,0.3461211440215321,0.9967299929168449,6.515398393531996,6.4562574769801095,1.0090284127120677,-0.0837815000276269,1.0075486367822402,,,,
B,LinearRegression,144,12,3,0.08007904396896111,0.28238232444579253,0.992448124968833,3.3111199046688817,3.3208759143137407,0.9967750635299071,-0.0631069957462419,0.9932765665390578,,,,
B,LinearRegression,145,14,3,0.05444003446484887,0.23146987350881187,0.9953961131581077,3.484401849309318,3.4465386503546207,1.010677026295364,0.10897571888668273,1.008969527093439,,,,
B,LinearRegression,145,16,3,0.08603849236247996,0.29187293978250245,0.9684981164583077,1.7117149432783174,1.70250173399882,1.0094198537901267,0.07072315025388311,0.9959784357777114,,,,
B,LinearRegression,146,6,3,0.04306812909551547,0.19902168624034344,0.8087869135660116,0.5850767709516509,0.4680292514751001,1.2443344812615482,0.059477799802560266,1.200806874393138,,,,
B,LinearRegression,148,11,3,0.0794902522683396,0.27532169609712276,0.9959646258268778,4.262874285744639,4.370253637592172,0.9756867690787931,0.042117980497405894,0.974237850883921,,,,
B,LinearRegression,149,9,6,0.06298004864646738,0.24260216722111297,0.9953790508293352,4.6109881708770315,4.4829491134974155,1.0367104751255936,0.027092409684795846,1.035609562956112,,,,
B,LinearRegression,150,7,3,0.038821742818615335,0.19541484781309026,0.9947839311205304,2.8504503125550102,2.7448019830025117,1.0387042407820548,-0.030137401713600968,1.0371899022573727,,,,
B,LinearRegression,150,10,3,0.04399201523265996,0.20457348641045833,0.99433874483063,2.7425892878588556,2.7362223630256826,1.0023742728556664,-0.0597183274311922,0.9999765980889995,,,,
B,LinearRegression,150,16,3,0.12064938318876435,0.34644140551378255,0.9943133048481286,4.653371478499896,4.615787835344918,1.0087503805328681,-0.03959440109928957,1.0061871814494776,,,,
B,LinearRegression,151,9,3,0.0722591069323398,0.2680003664899653,0.0,0.26768111124176447,0.0,,-0.0018707519582799998,,,,,
B,LinearRegression,152,10,6,0.03900131355220845,0.19564272464654517,0.9804718882154733,2.9186457277633218,2.900348457172598,1.0175536177969322,0.003660333668713482,1.0092572862225648,,,,
B,LinearRegression,153,11,3,0.090123505411052,0.2939901667833064,0.9948633388773374,4.10696125912671,4.151327774632621,0.9895266221667648,-0.03408341628968397,0.9873743752297668,,,,
B,LinearRegression,154,10,3,0.061211671727103505,0.2458233335566188,-1.9854721064204741,0.2903376235756065,0.14284733624724874,2.029683297556686,0.10712530170724464,1.42129809889334,,,,
B,LinearRegression,154,12,6,0.13069468779176766,0.35741571134994876,0.9888725480355581,5.1173078132079945,5.143281869088917,1.0037937489334554,0.05774985380926695,0.998831957070721,,,,
B,LinearRegression,154,14,3,0.13979047409706544,0.37065938069661136,0.9930205495419321,4.510929277355817,4.429707696845071,1.0181820067186516,-0.08200008956573523,1.0150452855245748,,,,
B,LinearRegression,156,6,3,0.060000900480580564,0.23237528456653742,0.9876437554543029,2.3132430292282318,2.293292288480004,1.0096577059329133,0.002876063908152033,1.0038676440130379,,,,
B,LinearRegression,156,11,3,0.11434692304144707,0.3341531590815811,0.9521546050744726,1.4135582520250976,1.5461676903029675,0.9215558837058104,-0.025311074006691567,0.9025683540511601,,,,
B,LinearRegression,157,10,3,0.08570940610152643,0.288747929171475,-445.86509712816445,0.23948991390366206,0.014057273367586033,17.153068911570568,-0.16461972728574079,2.929523608277762,,,,
B,LinearRegression,158,7,3,0.019257665886587335,0.13750409863445243,0.9990755798319393,4.554087935142096,4.558529856376489,0.9988723917940554,1.4344227110043203e-07,0.9984377741638233,,,,
B,LinearRegression,158,8,6,0.06278222118237965,0.24610221580591937,0.9910990887070336,2.593272791212016,2.631565825649639,0.9868303305062577,0.11616301405194425,0.984044689070334,,,,
B,LinearRegression,158,9,6,0.06785253062597797,0.2583665703163749,0.9885762108253339,2.4087621311493255,2.448475738666602,0.9837436641189896,0.008244804967241554,0.9796110085486177,,,,
B,LinearRegression,158,11,3,0.031081316512762636,0.17428834074123545,0.9943546146082514,2.35320053174645,2.383851132371845,0.9868688951646467,-0.051628980001635134,0.9844513377275311,,,,
B,LinearRegression,158,14,3,0.17576986814557394,0.4157723975681622,0.9662420984151109,2.3219917685067397,2.299510247941963,1.0103287384375286,-0.14578837538539335,0.9957251258777995,,,,
B,LinearRegression,159,7,3,0.05246493327590357,0.22665919461580927,0.9879841864912788,2.32100154145918,2.1384965633021555,1.0869941684871476,0.004033292468926202,1.0853990548917125,,,,
B,LinearRegression,160,7,3,0.045636847464102036,0.2127259922172189,0.9873150531575644,1.8262553802960964,1.8885724961636192,0.9673170123332852,0.0232818644662014,0.9618050674603573,,,,
B,LinearRegression,161,7,3,0.058836868059247795,0.241359930218089,0.9926054008908349,2.736666057294194,2.8730108613123355,0.9521552943647281,0.03082939010822876,0.9498191482451986,,,,
B,LinearRegression,162,11,3,0.10386032724781259,0.31701734185002406,0.9879341842203356,3.0456384988391516,3.0135801264326862,1.01175916912547,0.0198570241787095,1.0060432369473717,,,,
B,LinearRegression,163,7,3,0.08826315655723743,0.29348988600503395,0.9846440544161998,2.597085269888749,2.4885450906898696,1.0433668015490445,0.11270974665938212,1.0384057516976855,,,,
B,LinearRegression,165,6,3,0.04793099181604227,0.21579934367833098,0.9842384016638581,1.7703668767600849,1.710422461497662,1.0360104202544786,-0.0670868697270262,1.0296444442436332,,,,
B,LinearRegression,166,6,3,0.12319850111989557,0.350527568180061,0.9240832469251196,1.342223459615701,1.3240368330408365,1.0160634698084043,0.08404939043260327,0.9833572738657234,,,,
B,LinearRegression,168,10,3,0.07002469730513973,0.26017359915749055,0.9894273294209311,2.5729825881212496,2.630563429415112,0.9761763336174786,0.10264059040101857,0.9725841585033853,,,,
B,LinearRegression,169,6,3,0.041275048663617836,0.2026371237852387,0.9890107462709493,1.919920048053944,1.9579189180282262,0.9856209790461414,-0.0112372401164257,0.9812770537314607,,,,
B,LinearRegression,170,7,3,0.027280905661227633,0.15911925901638166,0.9877826577340113,1.398934127347849,1.4555311302174163,0.9630916546779965,0.09500928776847035,0.9603486001376593,,,,
B,LinearRegression,172,6,3,0.09687401228601573,0.30996433025468056,0.9871936882092301,2.8856981489919047,2.746267334871511,1.0502593984353739,0.06863967491761803,1.0454956164724791,,,,
B,LinearRegression,174,14,3,0.10838765198287764,0.3215537229342463,0.9559043747373998,1.5015940786059414,1.5250145770503878,0.9864806929265298,0.07408951867344828,0.9676161404499872,,,,
B,LinearRegression,176,5,3,0.0525144548231741,0.22309971587195254,-2.28331661155334,0.2701118226788616,0.12613056767070138,2.1376447576313127,0.021292651652506895,1.2894183543218636,,,,
B,LinearRegression,176,9,6,0.08452654626213697,0.2717864064412912,0.9779581311483604,1.7987969859300623,1.8607827356171531,0.9578034485639954,0.09049285939684622,0.9502855216818679,,,,
B,LinearRegression,176,13,3,0.036479139775130266,0.18988528981896122,0.9981684224206145,4.629411140392878,4.642179313109609,0.9965216506190987,-0.031794851186868305,0.9956626573326489,,,,
B,MLP,128,9,3,0.867274451490621,0.9311001381300246,0.9726937180288209,5.694004707913694,5.704658222362224,1.0020927834665243,-0.03548942279381433,0.989392851337997,,,,
B,MLP,138,5,3,0.9107863516373245,0.9390436015227778,0.9597073906560101,5.424915041330219,4.81295318312516,1.1285949386497272,-0.3189159503624241,1.120081481113423,,,,
B,MLP,139,14,3,0.9690687948405389,0.9673532104804257,0.9776223994733875,6.210806745288582,6.5944272463057025,0.9417412368242323,0.0279384520773725,0.9324102376995206,,,,
B,MLP,142,14,3,0.7798405655126898,0.880042352591925,0.8417864087537174,2.466049833890604,2.258856069334574,1.099186533352077,-0.1289570869016437,1.032898634646515,,,,
B,MLP,142,17,3,1.6923474894769301,1.2999044899353471,0.9776711454282009,8.26119117643656,8.78213577005352,0.9399147339047366,-0.16458709927004922,0.9312812264259097,,,,
B,MLP,143,11,3,0.701783892074967,0.8357751702311904,0.9819980384996359,6.377376419982123,6.4562574769801095,0.990496120073561,-0.04453934683936114,0.9824518783369846,,,,
B,MLP,144,12,3,0.7884508510582217,0.8860734756836776,0.9231465897403769,3.3140309551673948,3.3208759143137407,0.9978366452268541,-0.07031073054503349,0.9598181883803779,,,,
B,MLP,145,14,3,0.8653458596985315,0.9195347097149241,0.9228122986277391,3.5553744074100266,3.4465386503546207,1.0309026569740565,0.017619555859920467,0.9940145546952124,,,,
B,MLP,145,16,3,0.7256339023907148,0.8505329030021133,0.737494669101697,1.787219848048859,1.70250173399882,1.058861756772693,0.042091687282517,0.9362524091155716,,,,
B,MLP,146,6,3,0.7618747886597609,0.8698783546401597,-2.520586429892494,0.8956048332486466,0.4680292514751001,1.9174436254170935,-0.12143645143995253,0.629078692846737,,,,
B,MLP,148,11,3,0.7124325840943847,0.8429814907859728,0.9620095175389434,4.164284923695788,4.370253637592172,0.9526934116712811,-0.07359842650271686,0.9361171671474698,,,,
B,MLP,149,9,6,0.9379167761146908,0.9564437009660477,0.9364270631873715,4.547356382339532,4.4829491134974155,1.0225250409189572,-0.08210401471730076,0.99339470292082,,,,
B,MLP,150,7,3,0.774853832501889,0.8761914975163595,0.8970799522911056,3.1584349636301337,2.7448019830025117,1.1512746156588902,-0.03049949207336213,1.1162224889718726,,,,
B,MLP,150,10,3,0.4464995692216996,0.6659675090630085,0.9386692493813031,2.8969061625146026,2.7362223630256826,1.0609089550965325,-0.044229950356328394,1.0357723073510314,,,,
B,MLP,150,16,3,1.0338376218022396,0.99953818079469,0.9523526911366161,4.413016653782327,4.615787835344918,0.959021149529529,0.10434423585831597,0.9401731666395525,,,,
B,MLP,151,9,3,0.7911347790812832,0.888562225653645,0.0,0.85872813943898,0.0,,0.032793855541398804,,,,,
B,MLP,152,10,6,0.5480488256365352,0.7361513485660006,0.7258995988004998,3.0082652251961277,2.900348457172598,1.105772244990289,0.008315452651661065,0.9863236708628825,,,,
B,MLP,153,11,3,0.6976056739071739,0.8350580844099523,0.9595014719037475,4.094138300461254,4.151327774632621,0.9868373238994382,-0.17636452569418623,0.96792588052087,,,,
B,MLP,154,10,3,0.6369325940067964,0.7905552815109709,-30.810263201232985,0.7813036054799793,0.14284733624724874,5.492203525418934,0.06254053916517888,0.6883990319773184,,,,
B,MLP,154,12,6,0.8101433344649358,0.8899187313545832,0.9458324573785521,5.152330500020816,5.143281869088917,1.0283841236312117,-0.0076902797350123925,1.0052433173502027,,,,
B,MLP,154,14,3,0.7494336305035353,0.8632828584965585,0.9618879042750154,4.244759759802078,4.429707696845071,0.9566944748087982,0.035077013949638434,0.9389665671977631,,,,
B,MLP,156,6,3,0.7479835497851163,0.8187464939711421,0.8518182997459087,2.4356533081164073,2.293292288480004,1.0646111473510678,-0.07489636272280771,0.9966431053772409,,,,
B,MLP,156,11,3,0.6801990309269859,0.8222529791423446,0.6868247604515653,1.6671179781756802,1.5461676903029675,1.0973222150172097,-0.04206221942060096,0.9573455476065676,,,,
B,MLP,157,10,3,0.6952801872164288,0.8268691149246021,-3506.2602988088197,0.7942210628833042,0.014057273367586033,56.43686062256861,-0.02381710099943023,-2.4549713253886387,,,,
B,MLP,158,7,3,0.48857491656883895,0.6988503966010461,0.9763769211321162,4.765076101293737,4.558529856376489,1.0441121146280825,-0.0825166674330247,1.0342797459941637,,,,
B,MLP,158,8,6,0.661304212048286,0.8066297842332859,0.902885816349861,2.750428286313582,2.631565825649639,1.0482639933616822,0.11415919057290869,1.0048962298812916,,,,
B,MLP,158,9,6,0.6179990677341071,0.7772440946303361,0.8949302586047897,2.4248316206826313,2.448475738666602,0.9910401249986426,0.0005835534854212142,0.9444029583687469,,,,
B,MLP,158,11,3,0.6055359290489291,0.7780653326427861,0.8929181693629534,2.478747112574033,2.383851132371845,1.0416247309617959,-0.07077236505214228,0.992622372661312,,,,
B,MLP,158,14,3,0.8336390555785008,0.9107588514456691,0.8403179310524118,2.4158086813122295,2.299510247941963,1.0512785437913887,-0.0893600918650921,0.9764949227814808,,,,
B,MLP,159,7,3,0.7789394357614675,0.8807420444893408,0.8276325483465984,2.576752486771875,2.1384965633021555,1.2102885729976431,0.023984316321054407,1.152564501314872,,,,
B,MLP,160,7,3,0.607534841208674,0.7790450831810358,0.8295567372708055,1.999817002663659,1.8885724961636192,1.0597046479947705,0.0224864438285332,0.9769695326345876,,,,
B,MLP,161,7,3,0.7208482725447003,0.8430027267328511,0.9108797608172686,2.7207279715164367,2.8730108613123355,0.9419133571641874,-0.0018562864763901944,0.9030698096606032,,,,
B,MLP,162,11,3,0.6106204971796648,0.7811818224067624,0.9316440198831937,3.0563344056404342,3.0135801264326862,1.0145393621775398,0.07263780129242546,0.9812856522090532,,,,
B,MLP,163,7,3,0.971318436132124,0.9783186910051439,0.8460747909788026,2.924669811717741,2.4885450906898696,1.1716657546063904,0.1896532806305479,1.113786624567533,,,,
B,MLP,165,6,3,0.8156685770088328,0.9023869207882491,0.7026267794686013,2.0612880845079045,1.710422461497662,1.2181855590309667,-0.0631878680156416,1.1050860506506208,,,,
B,MLP,166,6,3,0.5946682760817739,0.7635122888796761,0.6042461142552462,1.599478297497446,1.3240368330408365,1.2314203082682376,0.19127216446268655,1.088894178070858,,,,
B,MLP,168,10,3,0.5787954783905156,0.7599126295488565,0.9150201084922123,2.65017817326796,2.630563429415112,1.0111245282745893,0.11336973425522388,0.9714848506249566,,,,
B,MLP,169,6,3,0.6387052877906408,0.7980348205952753,0.8220454764923399,2.1497873017691593,1.9579189180282262,1.1034636826054027,0.05464294827243751,1.0225903783543624,,,,
B,MLP,170,7,3,0.7894707529970556,0.8847619353977795,0.6286648197230168,1.5883887572819757,1.4555311302174163,1.092513155005051,0.13629120350813426,0.926468349287552,,,,
B,MLP,172,6,3,0.6133076683394348,0.7784669583265682,0.9185238384413251,2.8687909932431475,2.746267334871511,1.0405242174349107,0.013388344993733267,1.0032664000925893,,,,
B,MLP,174,14,3,0.5048411437005611,0.7088067699127407,0.7705322176226708,1.5917928090096012,1.5250145770503878,1.050347743394915,0.12880912019466859,0.9440140183946246,,,,
B,MLP,176,5,3,0.8115821405366193,0.8966572140435619,-49.7825851346059,0.9005855943413615,0.12613056767070138,7.134256215902091,0.12448466265439924,2.0508086027666574,,,,
B,MLP,176,9,6,0.6778013955232387,0.813395852142483,0.7098024336169346,1.9529247725413752,1.8607827356171531,1.0714802435239477,0.112982885258751,0.9371012796742683,,,,
B,MLP,176,13,3,1.109836740334525,1.0366114454025661,0.9464996932762316,4.54418611672584,4.642179313109609,0.9840379516879989,-0.020828906115037137,0.958502350742053,,,,
B,MODEL3-ICL-MC,128,9,3,0.06948797484393908,0.2569826668316367,0.99774367025445,5.666607251608497,5.704658222362224,0.9930466315161711,0.08161184810926177,0.9921914617423724,,,,
B,MODEL3-ICL-MC,138,5,3,0.023195394901754565,0.14469236873979383,0.9989618333637919,4.887592443259901,4.81295318312516,1.0158008006667427,-0.01975981373794503,1.0155437600703907,,,,
B,MODEL3-ICL-MC,139,14,3,0.2834894571731951,0.5306924382513888,0.993455240950078,6.305048811724631,6.5944272463057025,0.9559779001841328,-0.07058329576566547,0.9540355323920228,,,,
B,MODEL3-ICL-MC,142,14,3,0.4023664756191459,0.6315081904196481,0.9194759808215706,2.440637674461914,2.258856069334574,1.0746590974058519,-0.013786861816095534,1.0417806539234842,,,,
B,MODEL3-ICL-MC,142,17,3,0.39456134821047284,0.6124455657802944,0.9951777979592525,8.775348368083936,8.78213577005352,0.9998173813239489,0.043539892194671935,0.9977146210428683,,,,
B,MODEL3-ICL-MC,143,11,3,0.18464839391169044,0.4195687409543989,0.9944677097407796,6.446638207958173,6.4562574769801095,1.0005264101471505,-0.09401327323296339,0.9979785957222829,,,,
B,MODEL3-ICL-MC,144,12,3,0.25820205666725143,0.5078849577921597,0.9753384744322099,3.2466114850599355,3.3208759143137407,0.9810842439365772,-0.15410787271535756,0.9713864727072871,,,,
B,MODEL3-ICL-MC,145,14,3,0.1919576757396327,0.4371800458773951,0.9836354881268687,3.429795629086653,3.4465386503546207,0.997918570725587,0.20292526836468147,0.9926845162310244,,,,
B,MODEL3-ICL-MC,145,16,3,0.18415678861767273,0.42786766933360204,0.9354307565893795,1.785601832481131,1.70250173399882,1.0439186640330356,-0.062961389472058,1.0165746956099482,,,,
B,MODEL3-ICL-MC,146,6,3,0.08390596804399347,0.28156405664287293,0.6112832719201456,0.5925333072015825,0.4680292514751001,1.2638394578600927,0.09062296792479942,1.1627064683972808,,,,
B,MODEL3-ICL-MC,148,11,3,0.15605768088312943,0.3876028386850612,0.9920775039321906,4.221876181531002,4.370253637592172,0.9666973942374767,0.039430721623464136,0.9637966945299227,,,,
B,MODEL3-ICL-MC,149,9,6,0.0734155904181469,0.26446563530110495,0.995248968906855,4.515038646380003,4.4829491134974155,1.0142121918203522,0.05479872087362708,1.012529145057886,,,,
B,MODEL3-ICL-MC,150,7,3,0.043630217863237335,0.19074009438616837,0.994098494204187,2.820279435307452,2.7448019830025117,1.0276352761796674,-0.049406377666847495,1.0257000121641573,,,,
B,MODEL3-ICL-MC,150,10,3,0.08548674980167303,0.2882267543796118,0.9884962408910053,2.704417285738458,2.7362223630256826,0.9881238508164093,-0.16477442196503475,0.9847891048886132,,,,
B,MODEL3-ICL-MC,150,16,3,0.28175037388163265,0.5292377899636443,0.9865753378916909,4.536686756702484,4.615787835344918,0.983509016255418,0.039069448860815904,0.9774378559193019,,,,
B,MODEL3-ICL-MC,151,9,3,0.09133207893699076,0.30078710386342283,0.0,0.29814849654209347,0.0,,0.0216642146292878,,,,,
B,MODEL3-ICL-MC,152,10,6,0.07799153027112317,0.2709011384750801,0.9591306316292144,2.887743842240208,2.900348457172598,1.0184059883642307,0.03186282870390978,1.0047264289625415,,,,
B,MODEL3-ICL-MC,153,11,3,0.19323593798222305,0.43956743803688353,0.988760446549165,4.179390846904,4.151327774632621,1.00717451536294,-0.007303958291292896,1.0025682557574602,,,,
B,MODEL3-ICL-MC,154,10,3,0.07129252639770334,0.2646761297010634,-2.432861200179988,0.2716589956664255,0.14284733624724874,1.8841833118059217,0.12354552516649835,1.089395092870164,,,,
B,MODEL3-ICL-MC,154,12,6,0.1755770483197597,0.4148164782089158,0.9849334610872212,5.0511992721723145,5.143281869088917,0.9907514151008313,0.06396384933828281,0.9841732527205099,,,,
B,MODEL3-ICL-MC,154,14,3,0.20888769282056105,0.44788573512621416,0.9896771144754396,4.477070057531663,4.429707696845071,1.0110187844403826,-0.08714383643216596,1.0061577952794984,,,,
B,MODEL3-ICL-MC,156,6,3,0.09484644407249382,0.2958704531714614,0.9806596489572087,2.267203151779105,2.293292288480004,0.9903150898276581,-0.039647518014702704,0.9814432113220449,,,,
B,MODEL3-ICL-MC,156,11,3,0.1208761237116247,0.3475741464193421,0.9455074447058213,1.4215346682954921,1.5461676903029675,0.9290505128529989,0.015861673553733534,0.9068436248101417,,,,
B,MODEL3-ICL-MC,157,10,3,0.15945586549938753,0.39341528103060414,-826.2791275027606,0.36139973562423106,0.014057273367586033,25.79686221366048,-0.1341305476773404,1.2677027303873192,,,,
B,MODEL3-ICL-MC,158,7,3,0.026340559911708767,0.16122075912110542,0.9987357963576317,4.531643631736009,4.558529856376489,0.9942168807038133,0.021691285180819336,0.9936539794219699,,,,
B,MODEL3-ICL-MC,158,8,6,0.10640485151372518,0.32423597883904376,0.984564652507829,2.57177574131913,2.631565825649639,0.9785091038909973,0.1497536851126692,0.9734277696950246,,,,
B,MODEL3-ICL-MC,158,9,6,0.12899810217616217,0.35331023631969544,0.9782124803633204,2.408692514059254,2.448475738666602,0.983088009339386,-0.0007618005014090184,0.9748999062649224,,,,
B,MODEL3-ICL-MC,158,11,3,0.034508241606219035,0.17915583941838428,0.9935412520252461,2.3327566215793154,2.383851132371845,0.9781899616417994,-0.06710568429649454,0.9756591025288275,,,,
B,MODEL3-ICL-MC,158,14,3,0.2709226553033076,0.5195411426440157,0.9482594999012388,2.4191079809659235,2.299510247941963,1.0527305548895658,-0.11372001469832915,1.0301370793663376,,,,
B,MODEL3-ICL-MC,159,7,3,0.0664489108074845,0.2532953930327439,0.9847007292894866,2.3021793685452674,2.1384965633021555,1.0788976443733327,-0.0116550320610767,1.0758275333378138,,,,
B,MODEL3-ICL-MC,160,7,3,0.061308713711459996,0.2456955470145882,0.9830405778354397,1.803398430842048,1.8885724961636192,0.9541298323532373,0.008608329434268633,0.947252402974566,,,,
B,MODEL3-ICL-MC,161,7,3,0.07258342606890433,0.26701093154296973,0.9913369625022778,2.713968248124655,2.8730108613123355,0.9442134349497803,0.06560170426960527,0.9418608333156046,,,,
B,MODEL3-ICL-MC,162,11,3,0.12663035192451574,0.35507144189343504,0.9860155800307688,2.9999041079104747,3.0135801264326862,0.9970062796103397,0.035937185608185,0.9905270368559602,,,,
B,MODEL3-ICL-MC,163,7,3,0.10010336566971577,0.30150472440169,0.9820081035379732,2.5885861368787513,2.4885450906898696,1.0406384544461666,0.14249954264315667,1.0350000911080115,,,,
B,MODEL3-ICL-MC,165,6,3,0.05549610040567937,0.23139627898511853,0.9818973611957017,1.747266556540388,1.710422461497662,1.0197662967751926,-0.08772795120847904,1.0126202822323738,,,,
B,MODEL3-ICL-MC,166,6,3,0.14630267196556473,0.3806137193040519,0.9127634425110833,1.3653429980794234,1.3240368330408365,1.0310834184786506,0.060138509364826766,0.9931000320633606,,,,
B,MODEL3-ICL-MC,168,10,3,0.09058538499406964,0.2981709045274816,0.9860692848819931,2.5007187635350285,2.630563429415112,0.9495258128835422,0.05628221515877354,0.944373152889353,,,,
B,MODEL3-ICL-MC,169,6,3,0.05021123922523887,0.21725929131767574,0.9879107689570374,1.8888180306679623,1.9579189180282262,0.9708927464766552,-0.019574464088379567,0.9665811116050422,,,,
B,MODEL3-ICL-MC,170,7,3,0.0572713776401813,0.23905636370110953,0.9728722414263181,1.39885211762678,1.4555311302174163,0.9612784501337077,0.1543526204041132,0.9547072768284846,,,,
B,MODEL3-ICL-MC,172,6,3,0.12938129859588157,0.35856409235085535,0.9829773057042207,2.8785235207211297,2.746267334871511,1.047445266927952,0.0895552566868716,1.0408612535352597,,,,
B,MODEL3-ICL-MC,174,14,3,0.22683859285879546,0.4745309422736124,0.9016300059010606,1.474648021484941,1.5250145770503878,0.9685780302091057,0.03467544159153714,0.9261202870444712,,,,
B,MODEL3-ICL-MC,176,5,3,0.08115076672733314,0.27541189035857916,-4.095330412050814,0.3187818633225377,0.12613056767070138,2.5246518047468673,0.031374418786000495,1.3950894275484096,,,,
B,MODEL3-ICL-MC,176,9,6,0.11668327631685936,0.3219532599886527,0.9688212830866698,1.7644023194952265,1.8607827356171527,0.9433749202302887,0.09840050485001846,0.9335288881487918,,,,
B,MODEL3-ICL-MC,176,13,3,0.09101076103888284,0.30136835579841764,0.9956605639553282,4.542297943651225,4.642179313109609,0.9771967222806168,-0.058269443089309064,0.9756306362666048,,,,
B,RandomForest,128,9,3,1.8324792863782589,1.3350225602056927,0.9453638402425658,5.192697083200648,5.704658222362224,0.9139561701342833,0.02143484307983561,0.892855688743346,,,,
B,RandomForest,138,5,3,1.7508462672950726,1.3104229141426356,0.9229511958016241,4.3722368063477255,4.81295318312516,0.9083227096586942,-0.06817334110098854,0.8762483745045909,,,,
B,RandomForest,139,14,3,15.534396176364126,3.937666073359669,0.6419603012946186,3.4828466168133936,6.5944272463057025,0.5275479376239894,-0.09084116519344533,0.46316749311450645,,,,
B,RandomForest,142,14,3,1.6448662089391661,1.2805709562193626,0.6602854741062781,1.8236403392751772,2.258856069334574,0.8282299547418863,-0.25637266445980383,0.6895361524894833,,,,
B,RandomForest,142,17,3,9.110458418193199,3.018010662560106,0.8781212914258276,7.215650579025308,8.78213577005352,0.8194909018387557,-0.09222619022680605,0.7753057888448242,,,,
B,RandomForest,143,11,3,8.514661268432059,2.8721484888091524,0.7937401724504483,4.59601736166314,6.4562574769801095,0.7211216649035176,-0.44298290372368615,0.6644262699295651,,,,
B,RandomForest,144,12,3,2.330097745575819,1.4982681316382565,0.796618404671649,2.5183117128451085,3.3208759143137407,0.7717163603493268,-0.07268410563354986,0.7081651139541917,,,,
B,RandomForest,145,14,3,0.45683584547006034,0.6661526836552792,0.9627714834933085,3.3708646216698064,3.4465386503546207,0.9773064288488752,0.027453756789578832,0.9594110115202117,,,,
B,RandomForest,145,16,3,0.4157356634284739,0.6136669207832092,0.8700669246514096,1.5089722815659286,1.70250173399882,0.895438567227448,0.016846437722469198,0.8415523659444321,,,,
B,RandomForest,146,6,3,0.106703876190549,0.3237252242441048,0.5228323817290559,0.5025472793172999,0.4680292514751001,1.069877272457454,-0.023447238053619698,0.8494803329590072,,,,
B,RandomForest,148,11,3,3.9883155045325887,1.9791715283214455,0.7947869134874314,3.4665963788293204,4.370253637592172,0.7965626340624153,-0.4756777918810651,0.7243934007763251,,,,
B,RandomForest,149,9,6,2.0574370290070463,1.382157213316838,0.9034915248685135,4.1125944151629765,4.4829491134974155,0.932557745985533,0.1143886075238892,0.8903013648740185,,,,
B,RandomForest,150,7,3,1.3909227437241138,1.1772905078503049,0.8159497510978238,2.5602587851772456,2.7448019830025117,0.9339888622756064,-0.20045919767601605,0.8492697553123767,,,,
B,RandomForest,150,10,3,1.2041826309135475,1.095878702182101,0.838854412541438,2.206011264525341,2.7362223630256826,0.8081990385778989,-0.010830428161343997,0.7548383585726414,,,,
B,RandomForest,150,16,3,6.6178304277818265,2.549882274017244,0.6943396802731331,2.7853710026472815,4.615787835344918,0.6058289738742005,0.45685346935701926,0.5401635240382597,,,,
B,RandomForest,151,9,3,0.18140456802982965,0.4254876082828101,0.0,0.4241930850904223,0.0,,0.006382600710964334,,,,,
B,RandomForest,152,10,6,1.2067558100772,0.984726254912823,0.8195080952358169,2.5576929073001353,2.900348457172598,0.9010836192900613,-0.05531352369276673,0.8214412756812766,,,,
B,RandomForest,153,11,3,2.96328709597146,1.7028623059276748,0.8247688115005003,3.3487137002615532,4.151327774632621,0.8059218994114845,-0.21654074397358372,0.7422290658222203,,,,
B,RandomForest,154,10,3,0.080925744902668,0.2806687357464363,-2.96663373574169,0.2589192077949957,0.14284733624724874,1.8108796869211872,0.1078208080581533,0.5718079374695685,,,,
B,RandomForest,154,12,6,6.8381476160949894,2.1826479048026086,0.8476050482212272,3.8689170358632,5.143281869088917,0.8089866638595143,-0.03583415689711108,0.7610015458713352,,,,
B,RandomForest,154,14,3,1.1802345823568023,1.0700794149534947,0.9417348217990025,4.1427668482547695,4.429707696845071,0.9360033011173808,-0.003135462158311564,0.909627352690733,,,,
B,RandomForest,156,6,3,0.5410331902387563,0.7327513953082168,0.8980085125532078,1.9661337831606576,2.293292288480004,0.8583574773048112,-0.1803939832327397,0.8239610570154786,,,,
B,RandomForest,156,11,3,0.7049756051424186,0.8244846911874607,0.7185735803095014,1.0290705115883918,1.5461676903029675,0.6818178729881543,0.019222381479216826,0.6053680771306418,,,,
B,RandomForest,157,10,3,0.10892416071090387,0.32596708839843425,-554.5305908459154,0.3015189685547455,0.014057273367586033,21.458051694681597,-0.12027453232253826,1.8819004332477753,,,,
B,RandomForest,158,7,3,1.799635881294013,1.3217869484565279,0.9149550970046733,4.298979521666177,4.558529856376489,0.9447479041654113,0.14184396071453845,0.9070215686479695,,,,
B,RandomForest,158,8,6,0.3579987155610433,0.5801381119253767,0.9501056261252324,2.517585733945353,2.631565825649639,0.9596311507072602,0.1361814550273578,0.9388896217422603,,,,
B,RandomForest,158,9,6,0.606348020448157,0.7745747401943134,0.8977414223872014,2.070490330355121,2.448475738666602,0.8452376713632951,-0.0483671522526145,0.8099888607405955,,,,
B,RandomForest,158,11,3,0.4882622540696328,0.6961692512897089,0.914384922103873,2.100507357916289,2.383851132371845,0.883041938884427,-0.05632389982153934,0.8494463809208775,,,,
B,RandomForest,158,14,3,0.49458252766830846,0.6919230580015746,0.9070463269380523,1.9936545681816884,2.299510247941963,0.8681176149110973,-0.14382686748218476,0.8332910314082177,,,,
B,RandomForest,159,7,3,0.2465935558234388,0.49455835784520774,0.9437031602243561,2.285076463632835,2.1384965633021555,1.074614410514242,0.0730120774537845,1.0539490949442187,,,,
B,RandomForest,160,7,3,0.24630246303151923,0.4909463084362806,0.9320871558950389,1.8551103199266716,1.8885724961636192,0.9822103790852871,-0.0037114515712821337,0.9486500801607538,,,,
B,RandomForest,161,7,3,0.3102845752595625,0.5531937093920608,0.9615180409795817,2.679887778325368,2.8730108613123355,0.9319741949922329,0.06455899501670509,0.9154177509166369,,,,
B,RandomForest,162,11,3,0.6168732437646732,0.7734730381546022,0.9336033794943589,2.92017231451735,3.0135801264326862,0.9733497230996138,-0.0783234379581156,0.9434035470986964,,,,
B,RandomForest,163,7,3,0.2460659883969237,0.4819474930017959,0.9619134329252902,2.594573248066915,2.4885450906898696,1.0437817034494794,0.16884232339338548,1.0293226875734802,,,,
B,RandomForest,165,6,3,0.37257379534619733,0.6101500421371017,0.8678363663437465,1.5465513873784686,1.710422461497662,0.9148704456265567,-0.06348803706429286,0.8593228898537802,,,,
B,RandomForest,166,6,3,0.25994420907886356,0.5051633085475299,0.8517590661798934,1.1887071779635792,1.3240368330408365,0.9112070892834302,0.00467212271523397,0.8492091540330368,,,,
B,RandomForest,168,10,3,0.18381386686309695,0.4260661424667034,0.9733184385271662,2.5211411768282965,2.630563429415112,0.9599052890837244,0.06313222549073164,0.9482704223589029,,,,
B,RandomForest,169,6,3,0.5092634570838978,0.6906660841148252,0.8777622696657836,1.8212715125561576,1.9579189180282262,0.9457517160727248,0.06424688472619906,0.8929628804659923,,,,
B,RandomForest,170,7,3,0.17766668035168443,0.4204183288499759,0.9164010372360845,1.4005964989203132,1.4555311302174163,0.9617954111172752,0.1357976884463482,0.925913780322178,,,,
B,RandomForest,172,6,3,0.2610081510217324,0.509679520253605,0.9646868619472517,2.854103865106294,2.746267334871511,1.0395244424303145,0.14588772840450215,1.0242517906433746,,,,
B,RandomForest,174,14,3,0.4808973079233472,0.6826924454382044,0.7980782245707184,1.2269848259479137,1.5250145770503878,0.812009336591378,0.061968513153511866,0.7328795358562097,,,,
B,RandomForest,176,5,3,0.10932027953998928,0.3300257627851276,-5.896104828431754,0.36300070828876607,0.12613056767070138,2.8801702379191823,0.0398969421416485,1.5082305456737561,,,,
B,RandomForest,176,9,6,0.27098169614132733,0.5110237717126889,0.8963788478933999,1.7024263896759546,1.8607827356171531,0.8855224884146153,0.08684829689447952,0.8476777528141691,,,,
B,RandomForest,176,13,3,2.910653937761889,1.671961658270888,0.8662414064749661,3.845028547474597,4.642179313109609,0.832258971751234,-0.22974777427909843,0.7833984451588076,,,,
B,Ridge,128,9,3,0.06649571880015746,0.2556506631953175,0.9977864271103897,5.7849981716596135,5.704658222362224,1.0145224727282913,0.11046909980779834,1.0137464917364274,,,,
B,Ridge,138,5,3,0.024481526671175032,0.14609955227347107,0.9989000116912181,4.878743646083333,4.81295318312516,1.013946822931145,-0.0651266646728722,1.013644961431155,,,,
B,Ridge,139,14,3,0.145312742416302,0.3767056266070438,0.9966338990269209,6.385648123834369,6.5944272463057025,0.9681984148233481,-0.08937621874572992,0.9672647559353438,,,,
B,Ridge,142,14,3,0.14992675767356103,0.38650742661667636,0.9693202763246611,2.359893009658707,2.258856069334574,1.0414374040661674,-0.01898189411236717,1.028281476811234,,,,
B,Ridge,142,17,3,0.1498630935224824,0.38373343577250213,0.9980086593744372,8.789627994923526,8.78213577005352,1.0002055794630502,-0.10200284419322843,0.9993293221006806,,,,
B,Ridge,143,11,3,0.11699366628068701,0.3412385549150661,0.9968089316776827,6.4716392563445835,6.4562574769801095,1.0023332365984345,-0.09033494294047657,1.0008718349646124,,,,
B,Ridge,144,12,3,0.08105387354587756,0.2843388162658555,0.9923281959051423,3.287865249015899,3.3208759143137407,0.9898730265646667,-0.06364846549498167,0.9863633009260185,,,,
B,Ridge,145,14,3,0.05216362884480083,0.2262734681134211,0.9955657314798536,3.4580303204366545,3.4465386503546207,1.0030306966680442,0.10664225510981444,1.0013362491711255,,,,
B,Ridge,145,16,3,0.0854459771568366,0.2908821588939068,0.9689094940075705,1.6974190241844507,1.70250173399882,1.0009270891574988,0.07024799499616513,0.9875978457116091,,,,
B,Ridge,146,6,3,0.041776462336149095,0.1960369652011337,0.8144292889009662,0.5810259288132357,0.4680292514751001,1.2357099800028841,0.058747143228917,1.1925162290000777,,,,
B,Ridge,148,11,3,0.08665526265279457,0.2884036061736283,0.9955903760008303,4.233506581299875,4.370253637592172,0.9689981607972927,0.035250030061295165,0.9675560797720606,,,,
B,Ridge,149,9,6,0.05782427749010155,0.23368500420391988,0.9958865457033891,4.577762811351561,4.4829491134974155,1.0292903398396196,0.03145144341000811,1.028203061354364,,,,
B,Ridge,150,7,3,0.034336803079897,0.18348906160776865,0.9953889792092308,2.831176899443227,2.7448019830025117,1.0316677521629718,-0.031166164764710434,1.0301685525861377,,,,
B,Ridge,150,10,3,0.04287432086204097,0.2020064272269255,0.9944823794867251,2.7221485530061975,2.7362223630256826,0.994881757449289,-0.06035533262049764,0.9925400895733817,,,,
B,Ridge,150,16,3,0.11573316159888285,0.33916236593680743,0.9945593443861022,4.618803639678383,4.615787835344918,1.001271267538314,-0.034901043333308734,0.9987866786246474,,,,
B,Ridge,151,9,3,0.0712522411988928,0.26613624830684385,0.0,0.2658093173457486,0.0,,-0.0021520828927336674,,,,,
B,Ridge,152,10,6,0.039845952880647205,0.19809254081058625,0.9808350708071552,2.8985524028388787,2.900348457172598,1.0103409968146797,0.002508057396740501,1.00213848739453,,,,
B,Ridge,153,11,3,0.09395893987729291,0.3001424566728807,0.994649401715377,4.078128043114083,4.151327774632621,0.9825758852102476,-0.03985544805877194,0.9804458018379947,,,,
B,Ridge,154,10,3,0.0602913113300625,0.2440041230435095,-1.9409184108147082,0.28799105606696673,0.14284733624724874,2.013359688277896,0.1072515051267758,1.4097560168265353,,,,
B,Ridge,154,12,6,0.13403274295352594,0.3615822620463738,0.9891245688335296,5.083153687240428,5.143281869088917,0.996839895276319,0.056735459974275954,0.9919807921717626,,,,
B,Ridge,154,14,3,0.13160213869979662,0.3595356922711587,0.9934291378625794,4.481174974513549,4.429707696845071,1.011445008589707,-0.07971445375625304,1.0084046401094964,,,,
B,Ridge,156,6,3,0.059627750862403496,0.23235693678399186,0.9877483740201817,2.297323930798183,2.293292288480004,1.0027311816937845,0.0017126677418347984,0.9969711244233529,,,,
B,Ridge,156,11,3,0.11534483937651753,0.33541810780701975,0.9520306294209706,1.4031684686214962,1.5461676903029675,0.9147624638568178,-0.0245192949544723,0.8962266215044146,,,,
B,Ridge,157,10,3,0.08492712250171257,0.2874437911402276,-441.7784524203355,0.2378644876115801,0.014057273367586033,17.036542910310974,-0.16467384703062182,2.914440087458169,,,,
B,Ridge,158,7,3,0.020694008367986166,0.14261073530569254,0.9990019102498492,4.527448957957977,4.558529856376489,0.9930321763724729,-0.0015773095451290335,0.9925905237585128,,,,
B,Ridge,158,8,6,0.06372884067593386,0.24756706038567353,0.9909989581343904,2.5758110299360117,2.631565825649639,0.9801851229024058,0.11608190902588426,0.977444549999483,,,,
B,Ridge,158,9,6,0.06923684340396412,0.26029173092898183,0.9883443623647156,2.392648788877369,2.448475738666602,0.9771676972638427,0.008501732127320685,0.9730290454261864,,,,
B,Ridge,158,11,3,0.03211680082270857,0.17718503541991418,0.994161068905162,2.3375992427319825,2.383851132371845,0.9803220069927175,-0.052342738722412,0.9779295430478513,,,,
B,Ridge,158,14,3,0.17503874704855518,0.4151048060387814,0.9664128712520315,2.307861089130475,2.299510247941963,1.004176986434761,-0.14810789136247973,0.9896772242026529,,,,
B,Ridge,159,7,3,0.047193155216861994,0.21458242303388653,0.9891718388817411,2.3060592616930933,2.1384965633021555,1.0799990198833214,0.005294815426606235,1.0784369607290487,,,,
B,Ridge,160,7,3,0.047195087032609696,0.21630008256995117,0.9868880047912363,1.814399452360039,1.8885724961636192,0.9610447639190446,0.023292772570350933,0.9555689788502019,,,,
B,Ridge,161,7,3,0.0642069963339655,0.2521466055808514,0.9919476875599843,2.718187875334669,2.8730108613123355,0.9457377465426634,0.031097021699695835,0.9433988884348362,,,,
B,Ridge,162,11,3,0.1036373744181468,0.31717391641606946,0.9879831482342514,3.026908506654777,3.0135801264326862,1.005534025219954,0.019894789046322536,0.9997865572413657,,,,
B,Ridge,163,7,3,0.08411816711724619,0.2859933331365621,0.9853160033798387,2.5801430410602997,2.4885450906898696,1.0365725902303158,0.1132714604042974,1.0316677910732721,,,,
B,Ridge,165,6,3,0.04628295743917957,0.21190363270621884,0.9848118435787682,1.7591104905090054,1.710422461497662,1.0294320184968502,-0.06703761171473631,1.0231412598428127,,,,
B,Ridge,166,6,3,0.1224502688840108,0.3495100221332028,0.9246145758379122,1.3337440385899235,1.3240368330408365,1.0096776828867198,0.0832632314069845,0.9771027909694582,,,,
B,Ridge,168,10,3,0.07133772429971147,0.2621053942716925,0.9892014593805533,2.5563431804851344,2.630563429415112,0.9698837584922902,0.10220177099891865,0.9663427707912945,,,,
B,Ridge,169,6,3,0.042459683105429934,0.2050902881709836,0.9888422863945857,1.9082239112837633,1.9579189180282262,0.9796329093470958,-0.012256021130154266,0.9753063384458384,,,,
B,Ridge,170,7,3,0.028208686993225696,0.16131489311330793,0.9873954275700175,1.3903973696358172,1.4555311302174163,0.9572157503729781,0.09449481757437529,0.9544810746144097,,,,
B,Ridge,172,6,3,0.09133708960845664,0.3009133658931535,0.987911152340843,2.868108101351344,2.746267334871511,1.0438524053947305,0.06900622150753347,1.039140638802915,,,,
B,Ridge,174,14,3,0.10856671742123031,0.32169042507405843,0.9558624697488232,1.4925942772387382,1.5250145770503878,0.9805873968957411,0.0738514613912709,0.9617841728762276,,,,
B,Ridge,176,5,3,0.05192557011031577,0.22187462867842186,-2.24664113458664,0.26871112295993643,0.12613056767070138,2.1265675531446733,0.021214434536810198,1.2830134892190428,,,,
B,Ridge,176,9,6,0.08553573628776402,0.27386626541095,0.9775046834012079,1.7881804457791672,1.8607827356171531,0.9520686617291739,0.09109594544770665,0.9446100477320575,,,,
B,Ridge,176,13,3,0.03745159424535307,0.1924127618588416,0.9981036572500431,4.600748862198694,4.642179313109609,0.9903798473593755,-0.033917976801823534,0.9895305266894706,,,,
B,SVR,128,9,3,12.109074130835802,3.469442757682326,0.6266294902245285,2.9330012290952983,5.704658222362224,0.5144569099759418,0.0005565578359683817,0.45939445332166157,,,,
B,SVR,138,5,3,5.370530561094744,2.3081015583922277,0.7655538147707542,3.3022102554434998,4.81295318312516,0.6860503472182313,0.014160137138552797,0.6193191545189759,,,,
B,SVR,139,14,3,20.529178398491812,4.523729604089464,0.5267918840383151,2.4178538986813294,6.5944272463057025,0.36628640417458375,0.24518498268522293,0.3371115325558258,,,,
B,SVR,142,14,3,1.6653791580391968,1.2309271296578725,0.7100049149520586,1.4082028097799804,2.258856069334574,0.6433471899245354,-0.16070583435150124,0.5742560177196576,,,,
B,SVR,142,17,3,51.13993424070802,7.118733785870809,0.34228212972461347,1.8038365026015626,8.78213577005352,0.20539606150365278,0.3501733722319141,0.19442964671186128,,,,
B,SVR,143,11,3,17.350508226516663,4.016782068949137,0.6221392336537791,2.9408990599742335,6.4562574769801095,0.4662066192934789,-0.6493962835028276,0.42994898283419186,,,,
B,SVR,144,12,3,3.5527439606226285,1.8490283811960804,0.6932246109247234,1.7476158719450403,3.3208759143137407,0.5309609875738531,0.0549943570905971,0.49356108238052016,,,,
B,SVR,145,14,3,3.1177308680424907,1.7411316395742815,0.7458652102578224,1.9699540898290469,3.4465386503546207,0.575745154366777,0.13042401200669793,0.5436228429828703,,,,
B,SVR,145,16,3,0.9255500733562192,0.9365429629386167,0.6944191404679079,1.0089744675802694,1.70250173399882,0.6009449053787242,0.0407804576097089,0.5348800060087305,,,,
B,SVR,146,6,3,0.25930209296906165,0.5084941501019707,-0.20774396704574075,0.5290306916514139,0.4680292514751001,1.133773448689557,-0.008316853344299402,0.5729239852795677,,,,
B,SVR,148,11,3,6.341627688376215,2.4770329338660075,0.6727016873388624,2.420520430921622,4.370253637592172,0.5553379041751275,-0.4802132755186255,0.5042077835768991,,,,
B,SVR,149,9,6,5.687695733284275,2.272763304114918,0.7457407640747048,2.6129815024000984,4.4829491134974155,0.5955411617825481,0.17007137892038635,0.5564885215507765,,,,
B,SVR,150,7,3,1.1955115587061018,1.0925710291989745,0.8415553200659726,2.0893348985117055,2.7448019830025117,0.7610332581306918,-0.05266609367724633,0.7111428657373642,,,,
B,SVR,150,10,3,1.7267139932559337,1.2897389860235269,0.7755846208532639,1.8469573460498188,2.7362223630256826,0.6780954247136699,-0.24534851125652068,0.6298696570912714,,,,
B,SVR,150,16,3,7.758788496423229,2.775812329910886,0.6379465929982445,2.11494531081244,4.615787835344918,0.457891685422889,0.40111144888064376,0.4341825659965075,,,,
B,SVR,151,9,3,0.1525262359129522,0.3903737146869191,0.0,0.3703791076833591,0.0,,0.0134766734531414,,,,,
B,SVR,152,10,6,3.770358397231416,1.6373779699855706,0.6479525781240613,1.6545884130036355,2.900348457172598,0.6353777660225882,0.09045014902477193,0.5398553192280068,,,,
B,SVR,153,11,3,4.265025113956097,2.0425056637254855,0.7533511687020747,2.496597068513445,4.151327774632621,0.6013947656765589,-0.3294839049081435,0.5628359367034793,,,,
B,SVR,154,10,3,0.12524127637991522,0.3533386747808298,-5.221106338136427,0.327951521014804,0.14284733624724874,2.3120155647948657,0.14618722181254643,0.8242604586564757,,,,
B,SVR,154,12,6,15.60413536852534,3.3633005900658297,0.6267402398198543,2.151789759140169,5.143281869088917,0.47388153009749384,-0.051389565149406964,0.4342924730243667,,,,
B,SVR,154,14,3,6.351691223159686,2.509504187896711,0.6791440750661639,2.1751203302536797,4.429707696845071,0.49241570693672115,0.24021153802187745,0.46377002315404664,,,,
B,SVR,156,6,3,1.0222715538750604,1.0077604673078528,0.8038947282188577,1.8307920618995468,2.293292288480004,0.8007893971512585,-0.02703445336883989,0.7318236001722291,,,,
B,SVR,156,11,3,0.7096926539192286,0.8133218709935353,0.7272548838144917,0.9930749535966363,1.5461676903029675,0.6541049169845676,0.05707860179147043,0.5866324080362489,,,,
B,SVR,157,10,3,0.1212625398380011,0.3465268637164489,-627.6791662516601,0.3202227899370205,0.014057273367586033,22.849114508360085,-0.1100611770001557,-0.32154284730004506,,,,
B,SVR,158,7,3,4.496247332833293,2.114136559696877,0.7826010372649989,3.0524573694436525,4.558529856376489,0.6703094298300364,-0.27350903109205443,0.62392781614955,,,,
B,SVR,158,8,6,1.3131877127101421,1.1422348253725982,0.8099138914416669,1.920466115830844,2.631565825649639,0.7293747574760858,0.08534782466191805,0.6737146242559299,,,,
B,SVR,158,9,6,1.3388006186255996,1.1527284215862383,0.7772667373472856,1.6490090457951057,2.448475738666602,0.6735483895465894,0.04136789718116319,0.6177090379938142,,,,
B,SVR,158,11,3,1.2302406970567359,1.0922231191746574,0.7893770226952501,1.5271013256225396,2.383851132371845,0.6439781446423387,-0.0913473899276182,0.6065569951214209,,,,
B,SVR,158,14,3,1.2209674218790696,1.1034155022560883,0.766304380127201,1.4522201083503787,2.299510247941963,0.6302388643156484,-0.13465027688763462,0.5853640711484104,,,,
B,SVR,159,7,3,0.6249350643250696,0.7778133552131603,0.8673286337836208,1.8140338459394647,2.1384965633021555,0.853010878786769,-0.022071167794958168,0.8008601016322329,,,,
B,SVR,160,7,3,0.754423667545807,0.8679309026380054,0.7888127589101165,1.4774951812641222,1.8885724961636192,0.7819377502796225,0.08534582804482767,0.7052929658168016,,,,
B,SVR,161,7,3,1.570432986221287,1.2204937986631925,0.820099788109314,1.9280237035381245,2.8730108613123355,0.6784133556239307,0.1553528443868995,0.6453158330337941,,,,
B,SVR,162,11,3,1.567876392451889,1.2451937819743668,0.8293468473355124,2.140464259998431,3.0135801264326862,0.7120814404412434,0.110567509790018,0.6698727992429866,,,,
B,SVR,163,7,3,1.3326766212664694,1.1337376438511313,0.7937359915175287,1.8462549328206992,2.4885450906898696,0.7497860415817424,0.17571606733952314,0.6880124503089985,,,,
B,SVR,165,6,3,0.6846453906449859,0.8171686571318993,0.7732627241142894,1.3943132895290404,1.710422461497662,0.8292080708507964,-0.16990434923240005,0.743256203852189,,,,
B,SVR,166,6,3,0.49667241789314925,0.6966532021657308,0.7205679323203471,1.133510474946272,1.3240368330408365,0.8716845297043819,0.10512714592125483,0.7582171368293792,,,,
B,SVR,168,10,3,1.6799700315038886,1.2810802817026608,0.7641649382824037,1.7645284493564892,2.630563429415112,0.6728558601016137,0.061957838118689594,0.6187504590200014,,,,
B,SVR,169,6,3,0.8705212564480824,0.9021333809592688,0.7919256545327998,1.4221868716135624,1.9579189180282262,0.7320287599688936,0.0030597940831258662,0.6646509346930132,,,,
B,SVR,170,7,3,0.5152905327713265,0.7120866176553654,0.7613003113818405,1.0740718965105982,1.4555311302174163,0.7409084900301578,0.1727575781152917,0.663496310563421,,,,
B,SVR,172,6,3,1.2044905183392778,1.092448339714917,0.8392411302819123,2.1697180736550896,2.746267334871511,0.7905425319587361,0.08559052471114294,0.7359268958185309,,,,
B,SVR,174,14,3,0.6419943020629196,0.7956520784795279,0.728861315564291,1.001955799929281,1.5250145770503878,0.6618639966870492,0.0498202450787316,0.5898139785362534,,,,
B,SVR,176,5,3,0.14660005554734787,0.37776841882781165,-8.147096821767745,0.4168405685538877,0.12613056767070138,3.299341387820798,0.00011355521417176495,1.6776564678041808,,,,
B,SVR,176,9,6,0.852709434393175,0.8684381287891071,0.770302158406869,1.2973220429862746,1.8607827356171531,0.7039022205335569,0.1355844483674769,0.6402059823648963,,,,
B,SVR,176,13,3,8.19226759905717,2.7924990636323073,0.6404336911042381,2.296621873992309,4.642179313109609,0.5009149379454388,-0.20168793730958398,0.45506169341637853,,,,
B,XGBoost,128,9,3,1.611749238913166,1.264769658089774,0.9502377646772423,5.475554466247559,5.704658222362224,0.9607733863171796,0.05562407226815489,0.9376665911731417,,,,
B,XGBoost,138,5,3,2.329851741709572,1.51048283726335,0.8972946742968504,4.533887227376302,4.81295318312516,0.9425581982692407,0.05625889365782357,0.8954491338520922,,,,
B,XGBoost,139,14,3,16.53934902226059,4.0650143418774345,0.6193330951998183,4.208128611246745,6.5944272463057025,0.6374825454562557,0.06800442247345516,0.5212979524622664,,,,
B,XGBoost,142,14,3,1.7999378717687293,1.341460429791806,0.6190089555967592,2.0564088821411133,2.258856069334574,0.9390634364413099,-0.16002340303497378,0.7723030419535872,,,,
B,XGBoost,142,17,3,9.1251473457793,3.017272254753435,0.8799099679981319,8.235472202301025,8.78213577005352,0.9346135244870757,0.09226058506625386,0.8779735800041747,,,,
B,XGBoost,143,11,3,9.241542478217644,3.022782896341864,0.7650443822593477,5.0852077802022295,6.4562574769801095,0.7992679048758587,-0.2782432363712491,0.7076056483672769,,,,
B,XGBoost,144,12,3,2.8790458251680042,1.6873809571079226,0.7401968799459006,2.8643794854482016,3.3208759143137407,0.8788197946980777,-0.33110862939094216,0.7848391073657369,,,,
B,XGBoost,145,14,3,0.6982746028547956,0.821323879223505,0.9428628142721486,3.559177796045939,3.4465386503546207,1.0320531299357665,-0.11044710338809936,1.0058343787131976,,,,
B,XGBoost,145,16,3,1.020639226710192,0.9875906839437462,0.6658850439626417,1.664802074432373,1.70250173399882,0.982017157977127,0.028528575177368135,0.8289263875949667,,,,
B,XGBoost,146,6,3,0.24690497705587874,0.4957270817701948,-0.15745928158147884,0.6319621801376343,0.4680292514751001,1.3530886506191508,-0.0260033232795787,0.8772369989950181,,,,
B,XGBoost,148,11,3,4.082699190473885,2.0038130060697665,0.7891245475689285,3.753610531489054,4.370253637592172,0.86115569398986,-0.18439791603017883,0.7685906295276036,,,,
B,XGBoost,149,9,6,2.2811158155874898,1.4531578804946614,0.8928804153105349,4.172281781832377,4.4829491134974155,0.9488611007011619,-0.10056090186348043,0.903656129285957,,,,
B,XGBoost,150,7,3,1.3876741574823042,1.1705763734424366,0.8180405866627444,2.6279642581939697,2.7448019830025117,0.9578052955913968,-0.060787366833445045,0.873173437674413,,,,
B,XGBoost,150,10,3,1.5138117282224333,1.2299648037613673,0.7962549981307406,2.4900744756062827,2.7362223630256826,0.9145823443730117,-0.20469625200078082,0.8288681088992368,,,,
B,XGBoost,150,16,3,6.68199012652159,2.584467281401838,0.6855119960998315,3.3182016213734946,4.615787835344918,0.7212589166278645,0.4440820088959078,0.6130702614888629,,,,
B,XGBoost,151,9,3,0.29246197614278274,0.5406588979347112,0.0,0.5388970176378886,0.0,,-0.010006100327397375,,,,,
B,XGBoost,152,10,6,1.5720495808626858,1.1450145296872194,0.7266992921115452,2.7141488790512085,2.900348457172598,0.9469888575659496,-0.055750715121469535,0.8225822556626122,,,,
B,XGBoost,153,11,3,3.036119702366197,1.7326082741740902,0.8217729908281703,3.697953542073568,4.151327774632621,0.8907552966464541,-0.15382616423515547,0.8128473005666428,,,,
B,XGBoost,154,10,3,0.2774300166022812,0.5242479370678067,-12.601566778944319,0.5141633252302805,0.14284733624724874,3.5971889626863836,0.0525207416609138,0.6182503364467071,,,,
B,XGBoost,154,12,6,6.425378325976467,2.2263677673884366,0.8229198744242452,4.326054533322652,5.143281869088917,0.8853641533696516,-0.11280738743831727,0.8139716591211132,,,,
B,XGBoost,154,14,3,1.5569976767078906,1.2240776496042327,0.9230765511911893,4.2125067710876465,4.429707696845071,0.9507584949293912,-0.06362911966709063,0.9140613235481835,,,,
B,XGBoost,156,6,3,1.0304758399751484,1.0121123038257458,0.8008166152441917,2.2527252038319907,2.293292288480004,0.9829856448177597,-0.12235806930532438,0.8898801687260036,,,,
B,XGBoost,156,11,3,0.836025778561237,0.9118251094583014,0.6385747720826017,1.3099573055903118,1.5461676903029675,0.8733274915231215,-0.01429431856097596,0.7339752870057744,,,,
B,XGBoost,157,10,3,0.263255900597089,0.5100370750242567,-1333.119510396584,0.5058309932549795,0.014057273367586033,36.020143613216085,-0.06796427955103357,3.7221904673194746,,,,
B,XGBoost,158,7,3,1.875336306353798,1.3542200680077074,0.9111199558290478,4.450573762257894,4.558529856376489,0.978344786534457,0.05879355292608074,0.9357033263307596,,,,
B,XGBoost,158,8,6,0.7518911653755808,0.8513729855392187,0.8935237544769974,2.4940950075785318,2.631565825649639,0.949418086363177,0.18681337191583114,0.9031767061187943,,,,
B,XGBoost,158,9,6,0.7860627165471539,0.8794884855612727,0.8676017553683629,2.290268361568451,2.448475738666602,0.9353586389793392,-0.03565644427922327,0.8758624666096185,,,,
B,XGBoost,158,11,3,0.6186650625348622,0.7861611910681336,0.8906598633480659,2.180187225341797,2.383851132371845,0.9168815372841905,-0.14223275944099026,0.8701680389997194,,,,
B,XGBoost,158,14,3,0.751815735514414,0.8604201209413752,0.856848377323011,2.1271591583887735,2.299510247941963,0.922946996667768,-0.0908527939594424,0.857538329615072,,,,
B,XGBoost,159,7,3,0.5034691973566133,0.7035631361780729,0.8853617404691914,2.2882180213928223,2.1384965633021555,1.0774351692194981,0.051048265218715395,1.0328957413405482,,,,
B,XGBoost,160,7,3,0.581948063430764,0.759571739094891,0.8383066445270245,1.8614425659179688,1.8885724961636192,0.9859561744539844,-0.0188575638915929,0.9056143172122102,,,,
B,XGBoost,161,7,3,0.6340162862208923,0.7876125053106264,0.9185699127569048,2.6909146308898926,2.8730108613123355,0.9323082114533351,-0.020150752964006164,0.8960908437958723,,,,
B,XGBoost,162,11,3,0.9971472766977394,0.9958582414190184,0.8908566669356118,3.133861780166626,3.0135801264326862,1.0433509583655531,-0.1631345858663701,0.9932623574876908,,,,
B,XGBoost,163,7,3,0.5571969809456979,0.7353755551938786,0.912597336289581,2.5657498041788735,2.4885450906898696,1.0343001705396564,0.21869605078225599,0.9983226580314991,,,,
B,XGBoost,165,6,3,0.6854006547387074,0.8230970134529342,0.7415183215894015,1.5476920207341511,1.710422461497662,0.9180866466278493,-0.04924230252176167,0.8024904515507344,,,,
B,XGBoost,166,6,3,0.4372858565362561,0.6587343093534016,0.7427720112641171,1.308601975440979,1.3240368330408365,1.0041611802125907,0.034193818570926404,0.8827215228232467,,,,
B,XGBoost,168,10,3,0.6502119616245635,0.8051247478711935,0.9041030749243807,2.5062406857808432,2.630563429415112,0.9516142539211115,0.07741764107232031,0.9069526703408045,,,,
B,XGBoost,169,6,3,0.7804170757468304,0.875647032247446,0.7935728714889732,2.0507227182388306,1.9579189180282262,1.0535229241292494,0.1928885345544283,0.9596071037657041,,,,
B,XGBoost,170,7,3,0.4600455276172508,0.6766366823974256,0.7837430484918193,1.4433164596557617,1.4555311302174163,0.9928935761081422,0.17580275506181198,0.8947539755745263,,,,
B,XGBoost,172,6,3,0.5445739884901956,0.7370503046047142,0.9263759835729654,2.896016756693522,2.746267334871511,1.055916335370877,0.10413843904198623,1.0217233285006333,,,,
B,XGBoost,174,14,3,0.6430973891520327,0.7958131819621248,0.7229849845222495,1.3820104598999023,1.5250145770503878,0.9165482671278836,0.04219782335137063,0.7904896788692791,,,,
B,XGBoost,176,5,3,0.30867608467074176,0.5529319928550749,-18.506960923059186,0.5642131467660269,0.12613056767070138,4.480765179168036,0.08168534586470337,1.5758299354268681,,,,
B,XGBoost,176,9,6,0.5330125984773816,0.7167417392372144,0.7851891511973506,1.7965067327022552,1.8607827356171531,0.9436284162459021,0.09024177324904327,0.8492708338894316,,,,
B,XGBoost,176,13,3,3.270661888724714,1.7693987527391435,0.8488734429330601,4.150828043619792,4.642179313109609,0.9033723759973141,-0.4163086248541674,0.8412133243646395,,,,
C,CatBoost,142,3,3,0.7272385865971468,0.8469162526075151,0.19693091111254968,1.250911598613254,0.9601120784485525,1.3117368892233283,0.2856517746816449,1.0302418336655013,,,,
C,CatBoost,145,7,3,1.5504326798166463,1.2318563989308677,0.8505155258076059,2.7102584673410193,3.226574784469266,0.8407262076444585,0.13712776346034583,0.790513912270573,,,,
C,CatBoost,146,13,3,3.2865075858002264,1.8022073766671285,0.6926332194383987,1.927297235687022,3.2539405257813354,0.59415643299813,0.19715807599417903,0.5348616419745381,,,,
C,CatBoost,147,10,3,0.871531018065686,0.9273798097395828,0.7046483600752488,1.3518646584969918,1.7074561506561616,0.7971781869143061,0.38835799060919385,0.6979617453482095,,,,
C,CatBoost,147,13,3,2.246979140556441,1.4935993712902818,0.813719641684309,2.46240646653391,3.4931437588493757,0.705435548663541,0.13623441118641158,0.6615596146572783,,,,
C,CatBoost,148,12,3,2.3315028723746614,1.5244321885834076,0.6323442279452189,1.4573404541257515,2.5204838284237767,0.5775599729130856,0.0014399810169539358,0.48885415382566055,,,,
C,CatBoost,150,10,6,2.084680983203941,1.4313885788482434,0.8298394996368357,2.784070532255187,3.5145904153865772,0.791283190558174,-0.04884835893266446,0.7296407497445397,,,,
C,CatBoost,151,8,3,1.1610269138077152,1.071256073657145,0.8305439720663204,2.0853851857792614,2.603217871672261,0.8010609283650395,0.013947764957549971,0.7365948776916383,,,,
C,CatBoost,152,12,3,4.228763803998819,2.0451153413657184,0.7818468944277749,3.015236994094644,4.370285111606197,0.6930767212228374,0.12197522110008559,0.634517600557263,,,,
C,CatBoost,153,9,3,1.9629223117106813,1.3955399412714218,0.7683065099852628,2.189425094213842,2.907867733713779,0.7525487005463013,0.40214448848392115,0.6796886744494747,,,,
C,CatBoost,153,13,3,2.3421083692117546,1.5280981723409017,0.7740304828719152,2.10428523843624,3.216096114782427,0.6540273813972171,0.2354858000676087,0.6066661067205658,,,,
C,CatBoost,154,4,3,0.8277025706378582,0.9038579170869564,0.4987944155692398,1.330619453132445,1.2778001897969606,1.0403264821368838,-0.11511111114469992,0.8018689745733537,,,,
C,CatBoost,154,12,3,1.4809714899442137,1.2134690857925605,0.7354454682562769,1.8829795284597504,2.405569708253579,0.7902576082440279,-0.178538612096673,0.6871587408072878,,,,
C,CatBoost,155,10,6,2.1980254524788685,1.4630516783696315,0.7480607349371099,2.049580814921633,2.9108073761151885,0.7096605416131698,0.0053206246787194725,0.6323245238694606,,,,
C,CatBoost,156,9,3,2.80904784375196,1.6708668094734789,0.8475841986684433,3.2977714183363744,4.279829219599706,0.7698350895287631,0.15565487277898463,0.7210880991673423,,,,
C,CatBoost,156,13,3,3.4637403604994077,1.8418234052559572,0.6992602786183487,2.2788372016981375,3.4110430671604792,0.6668926602579118,-0.2980785318563665,0.5787933829829441,,,,
C,CatBoost,157,4,3,0.6957347322520082,0.8270009993827699,0.601037830473388,1.2343949855791807,1.3067394624321704,0.9548546046043939,0.026224672061987375,0.7639375202481068,,,,
C,CatBoost,157,8,3,1.3537976147563404,1.1628769195335458,0.8046799590453707,2.0767995794642675,2.630941674046975,0.7898129268387306,0.0144696185112168,0.7155077669862037,,,,
C,CatBoost,162,8,3,0.8743163455252211,0.9327988413130135,0.651858027626942,1.3775888615782714,1.6132340242693024,0.8471476410115928,-0.30831801053392455,0.7043350760842869,,,,
C,CatBoost,162,9,6,1.5278815111716277,1.2272001821552088,0.6013266954026469,1.7791888393979132,2.1985081384476137,0.8099353944632726,0.009152074891223804,0.6352150697174109,,,,
C,CatBoost,162,14,3,4.445954146939808,2.1013900825380607,0.7384980106817881,2.75151216034333,4.106701723231775,0.6720045658929847,0.17722829372294802,0.5994749691217639,,,,
C,CatBoost,163,8,3,1.104966466263528,1.050365486082113,0.8393293236011202,2.331789312305805,2.621942640030639,0.8891071529904023,0.0826904333653577,0.8203481827955863,,,,
C,CatBoost,163,15,3,3.9122492482568276,1.974152887514067,0.7735674405191776,2.8179636764706815,4.149640887533596,0.6798881645081688,0.30739340649471336,0.6270351978596348,,,,
C,CatBoost,164,11,3,2.4357184267131555,1.5502908064991263,0.6756016199985456,1.8188112454493712,2.7651167101446004,0.6576300778695335,0.17566794689921963,0.5571501877013014,,,,
C,CatBoost,165,13,3,3.240837689238463,1.7964758387641109,0.6995429018278149,2.170150057245367,3.293229785387691,0.6595820330257255,-0.3164195823158114,0.5738237739950449,,,,
C,CatBoost,166,6,6,0.670818195713674,0.8100754643009704,0.7807445847103779,1.6519890291146364,1.7429010778623628,0.957713782711548,0.011378962428925166,0.8600683553457357,,,,
C,CatBoost,166,10,6,1.4124617375416955,1.182815780819299,0.8135507406870935,2.0404378810698085,2.7390718388215713,0.7469062636604594,-0.02699175221310525,0.6905719988029619,,,,
C,CatBoost,167,4,3,0.7166401629515354,0.835324411780418,0.69222677176786,1.6771192130383434,1.5486702288537295,1.0901984347159106,-0.04817879913384563,0.943642057487732,,,,
C,CatBoost,168,5,3,0.5466989143124951,0.7366036723129481,0.869403663321861,1.941169193049636,2.091844763892318,0.9263593709587017,0.17162111481733056,0.8698872031534387,,,,
C,CatBoost,168,11,3,2.0166268273588512,1.406873940903962,0.7730152861853671,2.1905769379590647,2.953540976346204,0.7477198132042869,-0.08515503796311143,0.6692557488865649,,,,
C,CatBoost,170,7,3,1.2138639025617264,1.0981497382608147,0.8028829984607472,2.236501169095187,2.4774570449985602,0.9033775578524783,0.0017260623784365696,0.8135788464265302,,,,
C,CatBoost,170,9,3,0.9442251051694353,0.9701831069979242,0.5113293352309581,1.0791678597801129,1.4435311725949083,0.7518432390052375,0.030111645453875402,0.5408237075453536,,,,
C,CatBoost,171,8,3,1.540830696974819,1.2410140222627082,0.8097852855420516,2.337578470565432,2.849617326747636,0.8200426405743227,0.022301220689817474,0.7431962655627659,,,,
C,CatBoost,172,13,3,3.0441684634837745,1.7306299681088089,0.8067184275171345,2.813520770700688,3.943849471697145,0.7198898002773105,0.5706510745854726,0.6744007632860068,,,,
C,CatBoost,173,6,3,1.145764515599376,1.0666708056953376,0.7803299866584373,2.130251797994248,2.3106355407658037,0.9222678598842227,0.1340993209328181,0.8259270606395477,,,,
C,CatBoost,173,10,3,0.9867225580550872,0.9883751623970398,0.7750842619881281,1.6019072368795955,2.103510998114484,0.77253099398795,-0.15821109234174988,0.6928631084431262,,,,
C,CatBoost,174,6,3,0.8675707415003048,0.9278874723092635,0.5928554897395379,1.2590065142815474,1.4578447053550019,0.8695045910973495,0.29526752269947193,0.7094504880753495,,,,
C,CatBoost,174,13,3,2.718823354315558,1.6324414121817306,0.7655420701994787,2.528236622868054,3.360848828387549,0.7544786214681155,-0.38363242073199116,0.6749406646031203,,,,
C,CatBoost,174,19,3,8.110419991826367,2.8469139345508654,0.6965702912314865,2.947471432341997,5.174084352722884,0.5697660339005718,-0.1543047140240136,0.512109550956886,,,,
C,CatBoost,175,14,3,3.3706081328242177,1.8344541987574894,0.8202619828657456,3.018439026757916,4.342118254796135,0.6960405424491669,-0.14022318934482328,0.65349157613289,,,,
C,CatBoost,178,15,3,2.3048777699360525,1.5178973647787366,0.7082077999181432,1.8416518429050412,2.8231891212016254,0.6541631515158196,-0.17452843889887537,0.5735163089755534,,,,
C,CatBoost,180,8,3,2.115775465847983,1.4475554749229582,0.8068384417066684,2.7266758440199403,3.3350892942961052,0.8142765106245604,-0.2853459461189102,0.7421035790418059,,,,
C,CatBoost,182,13,3,1.0874342446954777,1.0419659991775072,0.810900040004242,1.8228499636977455,2.3960625749678144,0.7613512923922152,-0.06330721801126643,0.6978179169074402,,,,
C,CatBoost,182,14,3,4.019368959032456,1.9755761791801933,0.6827938292365922,2.051599405403643,3.4927655566753937,0.5928947527577236,0.0769023661655638,0.5201396952343305,,,,
C,CatBoost,186,6,3,0.7959741374230775,0.8887561572320081,0.858266938540096,2.1898062275393024,2.3860352533240525,0.9167325414615949,0.1625601294725638,0.8538297585154578,,,,
C,FixedRidgeLambda1,142,3,3,0.1541197024456794,0.39160631106452043,0.8306743175264013,0.9488415823770228,0.9601120784485525,0.9890412047207863,0.2671440549933653,0.9500243620236101,,,,
C,FixedRidgeLambda1,145,7,3,0.22759982609219018,0.4721732883848604,0.9776781596822485,3.3276810354665307,3.226574784469266,1.0315306954713035,0.11138867906135913,1.0227820407966048,,,,
C,FixedRidgeLambda1,146,13,3,0.5558797781773613,0.7227640117427878,0.949339081940448,3.076279892998661,3.2539405257813354,0.9461459894342671,0.16797427431524936,0.9256587160132672,,,,
C,FixedRidgeLambda1,147,10,3,0.17336846184230947,0.41576733978721075,0.9399833291180716,1.6222892139813887,1.7074561506561616,0.9553229969718724,0.19561713640801584,0.9344329418276005,,,,
C,FixedRidgeLambda1,147,13,3,0.1595848445756728,0.39818251810574345,0.9867104332827661,3.3978847832892876,3.4931437588493757,0.9728863318987161,-0.14420749778829792,0.9679995869083342,,,,
C,FixedRidgeLambda1,148,12,3,0.4412272758985081,0.6374710896352099,0.9298243908062002,2.239334684731305,2.5204838284237767,0.8881915880307231,-0.04714885212698477,0.8610418662588014,,,,
C,FixedRidgeLambda1,150,10,6,0.09454145129984708,0.3036656174989451,0.9924198943735529,3.5091418770168867,3.5145904153865772,0.9978771715033256,0.03105766084383098,0.9941846022031356,,,,
C,FixedRidgeLambda1,151,8,3,0.14883548219361054,0.3827557112431503,0.9780009873811437,2.5738078682977323,2.603217871672261,0.9891732771595575,0.07628049574222824,0.9788866999460635,,,,
C,FixedRidgeLambda1,152,12,3,0.1596725202211754,0.39479876858196866,0.9912832956635264,4.373998139512429,4.370285111606197,1.0003500097758546,-0.0308005516801111,0.996314612115325,,,,
C,FixedRidgeLambda1,153,9,3,0.35396078091709793,0.5933203456372554,0.958273383414606,3.0905202372589287,2.907867733713779,1.0619692009364243,0.18748617710573925,1.0474369374375396,,,,
C,FixedRidgeLambda1,153,13,3,0.18000076198252987,0.4205309737735827,0.9826813296150297,3.340795575206752,3.216096114782427,1.0388185767671414,0.1689988019778947,1.0325149217966356,,,,
C,FixedRidgeLambda1,154,4,3,0.15905685187353,0.3981850362126871,0.9018928961302214,1.2569809002209131,1.2778001897969606,0.9835440119583733,-0.05461571491091727,0.9372323266393936,,,,
C,FixedRidgeLambda1,154,12,3,0.2561331170093282,0.5037801503848075,0.9521729949146334,2.4857024375731473,2.405569708253579,1.0326513319450263,-0.07444056050996196,1.0102900127677852,,,,
C,FixedRidgeLambda1,155,10,6,0.18695744699954556,0.4022680484355068,0.9755795767146624,2.9474271101516596,2.9108073761151885,1.0138518674750967,0.010378161102723884,1.0023364493280467,,,,
C,FixedRidgeLambda1,156,9,3,0.22395446340697844,0.4633965735208389,0.987412043410809,4.144225193153623,4.279829219599706,0.9679637755705476,0.0009168944883913658,0.962321309231634,,,,
C,FixedRidgeLambda1,156,13,3,0.1932643353028767,0.4311672842691811,0.9841264511177382,3.4007225033559365,3.4110430671604792,0.9951421195997502,-0.15182122734699666,0.9885777647002231,,,,
C,FixedRidgeLambda1,157,4,3,0.024145768299129535,0.15129438085657404,0.9840656578444209,1.3410735398111289,1.3067394624321704,1.0322994150381246,0.04583905148365739,1.0281187183060079,,,,
C,FixedRidgeLambda1,157,8,3,0.19939305874895885,0.4386608282531066,0.9705834303207698,2.4205141811872917,2.630941674046975,0.9197036075677779,-0.04361930112900216,0.908898411938614,,,,
C,FixedRidgeLambda1,162,8,3,0.45378517805797985,0.6683243916350641,0.7998585379906727,1.6624499694357242,1.6132340242693024,1.0341597850666122,-0.36779845236647657,0.9636679440378609,,,,
C,FixedRidgeLambda1,162,9,6,0.1873035088947331,0.4174197565033079,0.9356631364014286,2.098949788022447,2.1985081384476137,0.9245005464368417,0.005844391211211904,0.9028570438026989,,,,
C,FixedRidgeLambda1,162,14,3,0.25212491893730743,0.4994006832528724,0.9847170098823566,4.113103112505217,4.106701723231775,1.0023514571274001,-0.027807610808019998,0.9953148275799452,,,,
C,FixedRidgeLambda1,163,8,3,0.43914261900170565,0.6566695003268544,0.934495540844245,2.6389751083543387,2.621942640030639,1.0092669167535082,0.15587345622571505,0.9821828094799642,,,,
C,FixedRidgeLambda1,163,15,3,0.3285663185208977,0.5571877532922328,0.9806478285042602,4.171157758592904,4.149640887533596,1.0051888514281762,0.11953618182174468,0.9961092823157148,,,,
C,FixedRidgeLambda1,164,11,3,0.2050030645526629,0.4466652196208977,0.973071178449422,2.8431237341902786,2.7651167101446004,1.028287798512383,0.13657855538406066,1.0166546454116416,,,,
C,FixedRidgeLambda1,165,13,3,0.2652233498214453,0.5112743238837475,0.9760064695068477,3.2320415709804045,3.293229785387691,0.9798950793215712,0.006405375573410106,0.9691204605623508,,,,
C,FixedRidgeLambda1,166,6,6,0.08182574001110857,0.2802510099714293,0.9723813451824008,1.8016545539402766,1.7429010778623628,1.0393360453692135,0.04166272951879313,1.0300354284412148,,,,
C,FixedRidgeLambda1,166,10,6,0.1549555446974117,0.39020171768875644,0.9792712302157086,2.642671561191364,2.7390718388215713,0.9666549971621893,-0.0675187431815958,0.9581072463996344,,,,
C,FixedRidgeLambda1,167,4,3,0.11391302910454737,0.336515895702105,0.9493957414833365,1.609280507077212,1.5486702288537295,1.0416228988024725,-0.08020407544682177,1.022040383291916,,,,
C,FixedRidgeLambda1,168,5,3,0.17374579197710546,0.4052998387732923,0.9557719610657305,2.101479772563988,2.091844763892318,1.0043650477650161,0.05866032596285307,0.9849599328813845,,,,
C,FixedRidgeLambda1,168,11,3,0.09329842443659547,0.3045365614066557,0.9886725221987026,2.9712361501238647,2.953540976346204,1.0045869444049307,-0.05814023499801536,0.999195843801942,,,,
C,FixedRidgeLambda1,170,7,3,0.0612622845250284,0.24651374842125637,0.9900373793614755,2.5612988018174647,2.4774570449985602,1.0339724145298224,0.062277422517161396,1.0301423471739708,,,,
C,FixedRidgeLambda1,170,9,3,0.2233803768995133,0.4715378656245089,0.8867978706644036,1.2334356690162611,1.4435311725949083,0.8546354404619683,-0.08873816832835928,0.8148293171025472,,,,
C,FixedRidgeLambda1,171,8,3,0.23798660556116258,0.48676950634040755,0.9706001126131799,2.779914257655594,2.849617326747636,0.975556191931744,-0.1018307207973731,0.9627954178534881,,,,
C,FixedRidgeLambda1,172,13,3,0.34293743757258577,0.5803813777049301,0.9758184016844456,4.217946049769033,3.943849471697145,1.0726445665568294,0.1968473261095358,1.0653170676759345,,,,
C,FixedRidgeLambda1,173,6,3,0.20354588786879438,0.4499104567734455,0.9611686375103671,2.3926850010636547,2.3106355407658037,1.0352618677378962,0.028022988910926732,1.017976486672706,,,,
C,FixedRidgeLambda1,173,10,3,0.12427715406913363,0.3486156535431328,0.9689168090300849,2.0220901982340265,2.103510998114484,0.9616082740448332,-0.08734961768402054,0.9481947021402385,,,,
C,FixedRidgeLambda1,174,6,3,0.20649563922330116,0.4408416804547574,0.9042094743547836,1.2887371130183054,1.4578447053550019,0.8853894101789875,0.2723976479558319,0.8636587948045946,,,,
C,FixedRidgeLambda1,174,13,3,0.11024850342826753,0.32980344049030746,0.990306827113523,3.4146884991850306,3.360848828387549,1.0173166750438543,-0.1279794866608401,1.013625547144924,,,,
C,FixedRidgeLambda1,174,19,3,0.283793653186276,0.5313414124476822,0.9893234469334171,5.140024292782681,5.174084352722884,0.993346776392884,0.014443736079511937,0.9880945049014027,,,,
C,FixedRidgeLambda1,175,14,3,0.1229142286196846,0.35046724101813925,0.9934332986383825,4.366524545520228,4.342118254796135,1.0055952185825674,-0.18185214254152857,1.0032859711363444,,,,
C,FixedRidgeLambda1,178,15,3,0.25940456906832093,0.5022508841280663,0.9667382631915907,2.725152741073007,2.8231891212016254,0.9657787931606047,-0.004114654773273635,0.9504159069709939,,,,
C,FixedRidgeLambda1,180,8,3,0.33009747060556266,0.5723727514262128,0.9673617028679242,3.499010103863435,3.3350892942961052,1.0459219701256646,-0.18715420113384765,1.033546200872891,,,,
C,FixedRidgeLambda1,182,13,3,0.1367204137226604,0.36554363946190493,0.9763706877449624,2.475334639950458,2.3960625749678144,1.0328137251546516,-0.009386887382016066,1.0219637553598773,,,,
C,FixedRidgeLambda1,182,14,3,0.34868691116566675,0.5848186992045684,0.9708125253875002,3.2339809287023136,3.4927655566753937,0.9280015026481264,-0.0009856691319212324,0.9162920581350408,,,,
C,FixedRidgeLambda1,186,6,3,0.1084950092741791,0.32851792920645784,0.9809940685349142,2.383964681094751,2.3860352533240525,0.9988334437904407,-0.07645785396084416,0.9900418911801371,,,,
C,KNN,142,3,3,0.5260772861415719,0.7121922671879489,0.4369681025552408,1.1050615809911306,0.9601120784485525,1.1465659918985471,0.22299093691782637,0.9255046420319079,,,,
C,KNN,145,7,3,2.8346783861723597,1.676787506862156,0.7217825119580201,2.243389281473397,3.226574784469266,0.693809925068683,0.4125301930107497,0.6215874665622784,,,,
C,KNN,146,13,3,3.8891228416469406,1.9577501010678064,0.6370218340486221,2.022097427815589,3.2539405257813354,0.6211241497373922,0.4396919426557835,0.530348043374811,,,,
C,KNN,147,10,3,1.6096002882556306,1.2617769899137656,0.44785095414090187,1.1898433649254825,1.7074561506561616,0.7023413238680849,0.44612211588940553,0.5089845010978163,,,,
C,KNN,147,13,3,4.617804154365658,2.148250341907282,0.6193411436981457,1.995631305805409,3.4931437588493757,0.57238068005451,0.05020739263798668,0.4817472568429417,,,,
C,KNN,148,12,3,3.6656260701074923,1.9103279460908544,0.4238008588686175,1.3683841097983658,2.5204838284237767,0.5427729944389467,0.3900697367381039,0.37647241819877636,,,,
C,KNN,150,10,6,5.902126205249149,2.395770969944848,0.5332294499591391,1.9523386863303418,3.5145904153865772,0.5544889827505608,-0.03911366618351405,0.43084026820873533,,,,
C,KNN,151,8,3,2.7384330255888094,1.6466983522383913,0.5974816036677658,1.5745057961442839,2.603217871672261,0.6104471956824086,-0.0478092256398354,0.4907392756244719,,,,
C,KNN,152,12,3,6.23314244122971,2.4958719761985626,0.6702752228075691,2.986835999294152,4.370285111606197,0.685603335216462,0.7418345379611236,0.5900002010176745,,,,
C,KNN,153,9,3,3.494770256242079,1.8644741040379333,0.5846991005978027,1.777572465471397,2.907867733713779,0.6106962526503835,0.49338429702660686,0.49600332756283655,,,,
C,KNN,153,13,3,3.492902487585377,1.8594385277447785,0.6634012522925564,2.024015787719658,3.216096114782427,0.6293612866097945,0.20964403231858988,0.5328904677931101,,,,
C,KNN,154,4,3,0.6345545468865957,0.7907375995979379,0.6029070310742398,1.1816845033704007,1.2778001897969606,0.9227626519994182,-0.02602690736430867,0.7328350680967858,,,,
C,KNN,154,12,3,2.38970468038139,1.5440538899918055,0.5705908088276638,1.785068822748349,2.405569708253579,0.746237807173079,0.027493724957197842,0.5699231776078519,,,,
C,KNN,155,10,6,3.7715260797701142,1.903912397602727,0.5747637357945261,1.684214727352342,2.9108073761151885,0.5852339436610964,0.12227593707824552,0.470468254111925,,,,
C,KNN,156,9,3,5.716326826744424,2.3871224628588967,0.6859259566253103,2.9898640122464837,4.279829219599706,0.6984908748789946,0.17837447362450498,0.5887646782261154,,,,
C,KNN,156,13,3,5.71777934450591,2.3561786397997158,0.511974725980166,2.013136041388919,3.4110430671604792,0.5972204684549413,0.007409916104852597,0.4418126680425265,,,,
C,KNN,157,4,3,0.6211101705309071,0.7864424003788967,0.628790128689256,1.1491417378112174,1.3067394624321704,0.8833545788584019,-0.10381936929704327,0.7136563535724162,,,,
C,KNN,157,8,3,2.8061331217574836,1.6737952522794082,0.5937925917792878,1.5911168705986125,2.630941674046975,0.6042104725636243,0.20498420231102868,0.4844504233605243,,,,
C,KNN,162,8,3,1.7559617358624706,1.3238515096007506,0.2676931034146953,1.304048190362624,1.6132340242693024,0.8148255254864254,-0.4026414054979271,0.506372069911657,,,,
C,KNN,162,9,6,2.729305371266378,1.6333798654251936,0.31680767137949134,1.719762681357795,2.1985081384476137,0.8093021367237175,0.18777055522572886,0.5074963654412371,,,,
C,KNN,162,14,3,5.952063478798323,2.432572372038098,0.6497180086248299,2.6954182081398783,4.106701723231775,0.6575180584272208,0.4345958562825629,0.5499140419423157,,,,
C,KNN,163,8,3,2.565946618303139,1.5906373786766708,0.6312950928699269,2.1012373077426387,2.621942640030639,0.8035886064770744,-0.11807479374885577,0.6446443512169197,,,,
C,KNN,163,15,3,7.726392036265087,2.7795257233787267,0.5510357709190835,2.16952345929445,4.149640887533596,0.5234657780083674,0.49254166479204103,0.4339510782022909,,,,
C,KNN,164,11,3,3.469117493312391,1.8603224304502504,0.5433682083946779,1.8162008547077892,2.7651167101446004,0.6584323060248588,0.43955119376833096,0.5040319035541713,,,,
C,KNN,165,13,3,5.265934215511987,2.292240591479896,0.5133434994994364,1.8756181135244774,3.293229785387691,0.5692871716854666,-0.3906239823034152,0.4312927975332759,,,,
C,KNN,166,6,6,1.2028403835775456,1.0939433744079825,0.589705493095961,1.4513502166915613,1.7429010778623628,0.8456744892106952,-0.02360782065892007,0.6723886361624372,,,,
C,KNN,166,10,6,2.7058330775985993,1.6364415311139833,0.6408649518912111,1.744413614065272,2.7390718388215713,0.6356164917478414,0.030158557192950252,0.5274923936820669,,,,
C,KNN,167,4,3,0.791493562102804,0.8834011896472509,0.6732733712733016,1.4244928319318195,1.5486702288537295,0.9259248153467595,-0.01331128516763517,0.7698370466952983,,,,
C,KNN,168,5,3,0.9068689433342848,0.9512921611861281,0.7886694834675279,1.72647396817331,2.091844763892318,0.8283172463743401,-0.0516050383378342,0.7421165514282325,,,,
C,KNN,168,11,3,3.148857993237041,1.7531348767454904,0.6496605463989911,1.824632345973363,2.953540976346204,0.6225186643633369,-0.2105491389559473,0.5227485852149867,,,,
C,KNN,170,7,3,1.8668743343186727,1.3558879403383612,0.6971727618776168,1.9714899563551178,2.4774570449985602,0.7957542010644189,-0.23911411132059335,0.6746111087340431,,,,
C,KNN,170,9,3,1.597404173179453,1.2637160466769368,0.18977034688312208,1.0576283375046298,1.4435311725949083,0.7443149132255816,-0.14502359062815226,0.3884175650835815,,,,
C,KNN,171,8,3,2.8583238693310222,1.690588773554067,0.6475187330311523,1.975783874965703,2.849617326747636,0.6929161669928531,0.23653709451068738,0.5701636179534453,,,,
C,KNN,172,13,3,6.716954358166596,2.582401978144908,0.5538176950284277,2.493021456436471,3.943849471697145,0.6368897241305801,0.8568449676876506,0.5169643981705264,,,,
C,KNN,173,6,3,1.8642678961124248,1.363508703561851,0.6490880289716525,1.5968267649619017,2.3106355407658037,0.6898425412306978,-0.0033919079332526136,0.57144210619469,,,,
C,KNN,173,10,3,2.1640954366833927,1.4523245868219554,0.5233367854113516,1.3474101905955844,2.103510998114484,0.6509496263711929,-0.31210501554672704,0.49288388811953654,,,,
C,KNN,174,6,3,1.1371953860216895,1.06570544591678,0.46127813673412327,1.1332771615680872,1.4578447053550019,0.7792721676799269,0.2593660457130736,0.555185409857578,,,,
C,KNN,174,13,3,5.234608329180144,2.284128664451515,0.5332734477286377,2.3478901301215873,3.360848828387549,0.6986781981991755,-0.4308858068945823,0.5248795012023715,,,,
C,KNN,174,19,3,9.140783616979979,3.0030126296669635,0.6598937319066844,3.222279260056593,5.174084352722884,0.6229913363856722,-0.1931765640788815,0.5279441986397655,,,,
C,KNN,175,14,3,9.0013006141579,2.996184593815127,0.5223205970485063,2.269773595322095,4.342118254796135,0.5237806706515213,0.12449235465587317,0.3991736534300799,,,,
C,KNN,178,15,3,3.9261797263483396,1.9749037905511624,0.5108148919555633,1.6149875763050858,2.8231891212016254,0.5735119611073692,-0.00024366801616635772,0.42906911697317646,,,,
C,KNN,180,8,3,4.249322592726476,2.05792006148714,0.5950724712624833,2.5523549164388224,3.3350892942961052,0.7628564258481371,-0.1251440430051565,0.5921021220459858,,,,
C,KNN,182,13,3,2.29474220230224,1.5082565029987063,0.6016415091223499,1.694687097474669,2.3960625749678144,0.7071439221822592,-0.07562067385608447,0.5551856363307824,,,,
C,KNN,182,14,3,6.3111728336428605,2.4916450387348226,0.49150645423655076,1.8870313360059552,3.4927655566753937,0.5440831621904544,-0.005511779900882331,0.3949254966280478,,,,
C,KNN,186,6,3,1.281523953775601,1.1285902485705777,0.7754931219441911,2.03253751031458,2.3860352533240525,0.851432441821423,0.08275771261448799,0.7552465873185429,,,,
C,LightGBM,142,3,3,0.9876865813679232,0.9917134464290722,-0.0674505073822036,1.0120233617556975,0.9601120784485525,1.0561100735576303,0.3267362628134026,0.5839495522261452,,,,
C,LightGBM,145,7,3,2.1277679179042965,1.4236005963832519,0.7938901768424205,3.324802246947739,3.226574784469266,1.031155937099908,-0.03984379066625735,0.9401185196073655,,,,
C,LightGBM,146,13,3,3.0247560289772455,1.7369176167669516,0.7126873329377815,2.6176762515001024,3.2539405257813354,0.8049692749392282,0.03523514290699838,0.6852247429257686,,,,
C,LightGBM,147,10,3,1.1219037943580912,1.0462882125362276,0.6268457608438088,1.653378822125816,1.7074561506561616,0.9754200715236574,0.3056804485926307,0.8089254363825095,,,,
C,LightGBM,147,13,3,2.5488851143324784,1.5923047856417618,0.7879480454520925,3.0088039975696024,3.4931437588493757,0.8633496132488568,-0.05097688183199262,0.7746721718133779,,,,
C,LightGBM,148,12,3,2.4861312590268874,1.5711177955835847,0.609736158539519,1.797858138067088,2.5204838284237767,0.7130109681331905,-0.09942027940945303,0.5612409839695934,,,,
C,LightGBM,150,10,6,2.55124092422768,1.5811040930706464,0.7910645695037437,3.245446712480497,3.5145904153865772,0.9212184040087434,-0.0049843621025832665,0.8239731845536721,,,,
C,LightGBM,151,8,3,1.631991684089508,1.2713171742618654,0.7611611435470721,2.4567635486603328,2.603217871672261,0.9472340931134493,0.1211209427706621,0.8313320210150045,,,,
C,LightGBM,152,12,3,3.739923164881535,1.9298666188406672,0.8036276182020613,3.628262690625011,4.370285111606197,0.8315365617150219,-0.0687842730422387,0.7479769434318602,,,,
C,LightGBM,153,9,3,2.301913064840995,1.4477886940549982,0.7332003496288224,2.647974595859892,2.907867733713779,0.9097562102156459,0.10866950662584596,0.7895049367331652,,,,
C,LightGBM,153,13,3,1.9737515658608242,1.404010692843342,0.8092996976818011,2.699850155115764,3.216096114782427,0.8389366305926743,0.04628879243309154,0.7601250844961012,,,,
C,LightGBM,154,4,3,0.954915221808259,0.9762016673069559,0.4100771079707217,1.384816003097794,1.2778001897969606,1.084702919826981,-0.27024551497349475,0.8260692945181344,,,,
C,LightGBM,154,12,3,2.3842638696779126,1.543381231634416,0.577092823392487,2.417808327020749,2.405569708253579,1.0084897984311765,-0.26552744440263537,0.812070851152746,,,,
C,LightGBM,155,10,6,2.0077233957761726,1.3960553588844216,0.7621007337856568,2.645011531509725,2.9108073761151885,0.9168940701692202,-0.062280956202478165,0.8081472657284087,,,,
C,LightGBM,156,9,3,3.361789123841304,1.8167099395024475,0.8198277046275768,3.587078662502201,4.279829219599706,0.8372147622424997,0.11457969400813044,0.761459696383684,,,,
C,LightGBM,156,13,3,4.06230368140568,1.9962146813741122,0.6311678855071654,2.738764987585633,3.4110430671604792,0.808976733117022,-0.47027656856131683,0.6569915163608578,,,,
C,LightGBM,157,4,3,0.9865657328284175,0.9820304439907379,0.4299341971572646,1.3405758905501868,1.3067394624321704,1.0303675937940342,-0.006828514127765639,0.7649539422370375,,,,
C,LightGBM,157,8,3,1.8868250228222092,1.371676318505398,0.7276863816163024,2.295721167764255,2.630941674046975,0.8728255424570154,0.006080130669199199,0.7454612957584205,,,,
C,LightGBM,162,8,3,2.2165415270926396,1.458316747918543,0.019248820918657688,1.995972251793941,1.6132340242693024,1.270103148915526,-0.5884279831263027,0.9106134654708614,,,,
C,LightGBM,162,9,6,2.0572308606565786,1.431160234987467,0.4655689698706023,2.082319889226008,2.1985081384476137,0.9653589801287922,-0.08869281982246476,0.7067651062926602,,,,
C,LightGBM,162,14,3,4.197180006718443,2.0398873596361633,0.7511550420117281,3.381264925231223,4.106701723231775,0.8244166014984867,-0.2888563750968153,0.7242622677606726,,,,
C,LightGBM,163,8,3,2.896061895620123,1.6942170070398344,0.5715922050294546,2.6154340794661644,2.621942640030639,1.0004603518008872,0.16887647747775847,0.7988713560918616,,,,
C,LightGBM,163,15,3,3.2824525999848984,1.806141580066002,0.8093111480804946,3.4751338411159822,4.149640887533596,0.8381466786859968,0.5036894596257163,0.7678195697356038,,,,
C,LightGBM,164,11,3,2.887637069604219,1.691865711981193,0.6184976059956133,2.2451772832066084,2.7651167101446004,0.8113922448648974,0.042779302606072794,0.6402758499988054,,,,
C,LightGBM,165,13,3,2.70274670118304,1.642843083138447,0.7464371813256178,2.7952302804704634,3.293229785387691,0.8481482409838784,-0.20277306820885632,0.7350759426674319,,,,
C,LightGBM,166,6,6,1.3174361763507352,1.1389609945686343,0.5394210990883148,1.924404575357343,1.7429010778623628,1.1189978535769878,-0.019461735818612786,0.9157597227242245,,,,
C,LightGBM,166,10,6,1.4923726778094206,1.2184728671157952,0.8015997572052397,2.4287493161554488,2.7390718388215713,0.8910828528496383,-0.14717472138210155,0.8046904597320789,,,,
C,LightGBM,167,4,3,1.0850740770036358,1.0409676833059518,0.5368093585794727,1.756498450643128,1.5486702288537295,1.1348511738140072,-0.10770348277252943,0.9179612059325407,,,,
C,LightGBM,168,5,3,1.166091501243693,1.0770521968866906,0.7211006071754275,2.06374707015869,2.091844763892318,0.9863203186968578,0.1145986200009222,0.8535864218183594,,,,
C,LightGBM,168,11,3,2.0444680565877675,1.4218507863021983,0.7607191244583587,2.8409697626443617,2.953540976346204,0.9682882353284054,-0.04597814047375646,0.8538020784451446,,,,
C,LightGBM,170,7,3,1.3878056802796017,1.172846986822706,0.7747514601558171,2.6405265421931596,2.4774570449985602,1.0663091416076247,-0.03829016336518786,0.9578761291213175,,,,
C,LightGBM,170,9,3,1.1686923537069094,1.07487573647145,0.38647804407745584,1.4329212215623428,1.4435311725949083,1.0027905448379877,0.0131866905448758,0.7014034356954285,,,,
C,LightGBM,171,8,3,1.9944675048998646,1.4120185798039289,0.754279790403336,2.5890439345084757,2.849617326747636,0.9077435346838358,0.1007450499539418,0.7957696983392669,,,,
C,LightGBM,172,13,3,2.790559245374972,1.6585428417145345,0.823186552908597,3.447167550641248,3.943849471697145,0.8818228866865828,0.38280232386292884,0.8087139895498018,,,,
C,LightGBM,173,6,3,1.7295175399999394,1.306850385478892,0.6704966363963732,2.4241307213138996,2.3106355407658037,1.0505048580323988,0.09820911008348787,0.8969823650014318,,,,
C,LightGBM,173,10,3,1.132692512980995,1.0638611439320378,0.7311378233240277,1.978947282669842,2.103510998114484,0.9530465053657258,-0.1235893545813701,0.8259981180030386,,,,
C,LightGBM,174,6,3,1.12984214903569,1.0596188008874836,0.4723512488390766,1.3927721008125087,1.4578447053550019,0.9638478946262685,0.26447894609011297,0.7370297986773586,,,,
C,LightGBM,174,13,3,2.5724770009390294,1.5882737939346798,0.7779519842402922,3.1393225240128175,3.360848828387549,0.9346910390553473,-0.37398048600105893,0.8350140473219412,,,,
C,LightGBM,174,19,3,6.637442486040226,2.574725505684151,0.7523102424721074,3.9664206078991193,5.174084352722884,0.7670526073853474,-0.12306812774616131,0.6713175409210623,,,,
C,LightGBM,175,14,3,2.8060844455879725,1.6725824489636085,0.846870595146902,3.952151515343054,4.342118254796135,0.9089629773928509,-0.14345316101181693,0.839003419309832,,,,
C,LightGBM,178,15,3,2.2247314389198856,1.4914627037558181,0.7182711898892,2.3901657998961547,2.8231891212016254,0.8475434560084194,-0.1526723320051581,0.7247293162258268,,,,
C,LightGBM,180,8,3,2.965275167481749,1.720983620974921,0.7171026346955044,3.388819378412116,3.3350892942961052,1.0177390558826147,-0.18302963632923444,0.881608185635424,,,,
C,LightGBM,182,13,3,1.4994777961989179,1.2159006374870416,0.7404025708907072,2.307019688623219,2.3960625749678144,0.9631406759672553,0.0432122906798712,0.8362096865220542,,,,
C,LightGBM,182,14,3,3.4421557356061427,1.8412974555991148,0.7232878355888873,2.7901811776278955,3.4927655566753937,0.8077550399718261,0.06899950566306873,0.6933554097568669,,,,
C,LightGBM,186,6,3,1.105145752624883,1.048123517238948,0.8021019331749452,2.448175827130009,2.3860352533240525,1.0236896943021143,0.22995455582374438,0.932745012601369,,,,
C,LinearRegression,142,3,3,0.15467350559113277,0.3922454218953512,0.8300278802343981,0.9558055107740309,0.9601120784485525,0.996287832051678,0.26717062640749906,0.9570187554163506,,,,
C,LinearRegression,145,7,3,0.2361217261345738,0.4812975184985449,0.9768709827208234,3.3540632446383767,3.226574784469266,1.0397090461856753,0.10690196287175725,1.0307486211346275,,,,
C,LinearRegression,146,13,3,0.5501973147961946,0.7195733314672204,0.949855784211599,3.101582099849639,3.2539405257813354,0.9539408597705773,0.16517751196174874,0.933269298972441,,,,
C,LinearRegression,147,10,3,0.17333740962085797,0.4158976646200747,0.9398082456367152,1.6350630633428824,1.7074561506561616,0.9628451774272752,0.19520785545508026,0.9415627416418862,,,,
C,LinearRegression,147,13,3,0.15965868629709298,0.3983913499246791,0.9867076978158593,3.419431426076097,3.4931437588493757,0.979045875305058,-0.1490509095152922,0.9740552444944385,,,,
C,LinearRegression,148,12,3,0.43162771370267855,0.6301450882025114,0.9313361367231775,2.258317456100842,2.5204838284237767,0.8957192891486304,-0.05049537252230903,0.8684997917183006,,,,
C,LinearRegression,150,10,6,0.09615955154714768,0.30589624297487955,0.9923224657725114,3.535036958195995,3.5145904153865772,1.0052641355953573,0.03299680852528772,1.0015361056356415,,,,
C,LinearRegression,151,8,3,0.1472928056073608,0.3811775095972349,0.9781958912510147,2.5920942642610516,2.603217871672261,0.9961773739514556,0.0796043609053459,0.9859593223390597,,,,
C,LinearRegression,152,12,3,0.16406829550412844,0.39985039285631646,0.9910613296890552,4.402861496598798,4.370285111606197,1.0069530786416836,-0.03356994205450367,1.0028325706338632,,,,
C,LinearRegression,153,9,3,0.36307450432660593,0.600497623736281,0.9572225607659167,3.110905708780758,2.907867733713779,1.068973220345904,0.18532174235878096,1.054373327190543,,,,
C,LinearRegression,153,13,3,0.18721993149262095,0.4286946982919351,0.9819803900375126,3.366518194343636,3.216096114782427,1.0468133786864966,0.16548547130837762,1.0404582475771063,,,,
C,LinearRegression,154,4,3,0.15945823125334155,0.39864897161958557,0.9016442126593001,1.2650198131811177,1.2778001897969606,0.9898364736349974,-0.05388531487626141,0.9433528930190981,,,,
C,LinearRegression,154,12,3,0.25946901952061335,0.5072646518884292,0.9516347648772658,2.5029979722409603,2.405569708253579,1.0398050557805407,-0.07689957681639058,1.0174687198885166,,,,
C,LinearRegression,155,10,6,0.18986404508260504,0.40554549682014,0.9751903577998653,2.966245307553099,2.9108073761151885,1.0203099259330217,0.010114353804732735,1.0087219620958492,,,,
C,LinearRegression,156,9,3,0.21717424359045115,0.45561992555823577,0.9877984516805753,4.1703591522093895,4.279829219599706,0.9740667350517326,-0.003174800052624202,0.9684471906304227,,,,
C,LinearRegression,156,13,3,0.1955374603873866,0.43362482577109596,0.9839533196188756,3.421500013279863,3.4110430671604792,1.0011995875416984,-0.15289039799335957,0.9945454485990043,,,,
C,LinearRegression,157,4,3,0.02465823170754203,0.1517035656183681,0.983565494391247,1.3503710446835642,1.3067394624321704,1.0394106786556059,0.04625978941470817,1.035279360460896,,,,
C,LinearRegression,157,8,3,0.19515964780383518,0.43356804360722384,0.9711952914889554,2.4362404826985915,2.630941674046975,0.9256806909132278,-0.044408137901596,0.9147146523975201,,,,
C,LinearRegression,162,8,3,0.4557547456759939,0.6696586582412022,0.7988706507103537,1.673077040010175,1.6132340242693024,1.040708314778961,-0.3660075430694138,0.969709341200852,,,,
C,LinearRegression,162,9,6,0.18711804838097668,0.4180205223838572,0.9362607223253091,2.11227575348367,2.1985081384476137,0.9304975250003128,0.006146724987592884,0.9087146358783866,,,,
C,LinearRegression,162,14,3,0.25651901725887616,0.5035417241086058,0.9844328038231266,4.140277098805385,4.106701723231775,1.0089636710352534,-0.029922167533476696,1.0018226551128666,,,,
C,LinearRegression,163,8,3,0.44233077595283915,0.6585333516036332,0.9339610948354449,2.6535765538053773,2.621942640030639,1.0148578100585957,0.1558734201981569,0.9876082182923106,,,,
C,LinearRegression,163,15,3,0.3333621785755115,0.5618701335908675,0.9803685860686332,4.1963622359762,4.149640887533596,1.0112571620862614,0.11928497392264577,1.0020840732311893,,,,
C,LinearRegression,164,11,3,0.20979714300490035,0.4524807491665483,0.9724256211140864,2.864028540047141,2.7651167101446004,1.0358535703417715,0.13690969768364844,1.0241517680188241,,,,
C,LinearRegression,165,13,3,0.26510702964783334,0.5107267698922665,0.9760638978540909,3.250481881523031,3.293229785387691,0.9854656496760721,0.009598789592327331,0.9746199621727093,,,,
C,LinearRegression,166,6,6,0.08337880284876646,0.2823502191117965,0.9717124062514708,1.8134681547025935,1.7429010778623628,1.0460748444636072,0.042511588875972554,1.0367585782214934,,,,
C,LinearRegression,166,10,6,0.15351990568491217,0.3887600165973069,0.9793856482388187,2.6604554439571473,2.7390718388215713,0.9731654500105882,-0.06766773719277196,0.9645092394961736,,,,
C,LinearRegression,167,4,3,0.11607890044609252,0.33947869273905323,0.9484251368358162,1.6193521134615303,1.5486702288537295,1.0481277420446788,-0.08216404692262273,1.028446908794281,,,,
C,LinearRegression,168,5,3,0.17452938815811744,0.4059160660007875,0.9555737481061627,2.11425280056209,2.091844763892318,1.0104357361966911,0.0589516806926515,0.9909809254114729,,,,
C,LinearRegression,168,11,3,0.09493457373732284,0.3072239137119857,0.9885256518690012,2.9908005483698905,2.953540976346204,1.0111604094342497,-0.05683707452241537,1.005744382876842,,,,
C,LinearRegression,170,7,3,0.0652577638922505,0.2547661172947484,0.9893832802549875,2.5764744434466045,2.4774570449985602,1.0401009097498517,0.06438873059285684,1.0361988105775657,,,,
C,LinearRegression,170,9,3,0.2214066882921074,0.4695192233926733,0.8876736983629829,1.2412930997863678,1.4435311725949083,0.8600618609975719,-0.08937739605349593,0.8200121939059798,,,,
C,LinearRegression,171,8,3,0.23835173174860072,0.4870009610368969,0.9705526469310956,2.7973185213569614,2.849617326747636,0.9816627231601034,-0.104057875098118,0.9687672375582125,,,,
C,LinearRegression,172,13,3,0.3577652039416643,0.5924375326355871,0.9747878616510794,4.243705213660259,3.943849471697145,1.0791462098366569,0.19112544334340595,1.0717274029902553,,,,
C,LinearRegression,173,6,3,0.20785058342521212,0.45473902112453835,0.9603692930562177,2.409479496089619,2.3106355407658037,1.0425225830437557,0.027272147352931802,1.025074912639832,,,,
C,LinearRegression,173,10,3,0.12299740640067024,0.346772635759048,0.9691012331757198,2.0356522730817748,2.103510998114484,0.9679915842402473,-0.08703827266537506,0.9544534334222196,,,,
C,LinearRegression,174,6,3,0.20416564688219263,0.43798630312410053,0.9052744018573304,1.2965345493289633,1.4578447053550019,0.8907496406296809,0.2718166254102134,0.8689060919370921,,,,
C,LinearRegression,174,13,3,0.11270145646147255,0.3335661471429152,0.9900543928893507,3.433369464124386,3.360848828387549,1.022872479968426,-0.12647825828580198,1.0191468999720747,,,,
C,LinearRegression,174,19,3,0.28700381562681926,0.5344174918031076,0.9892059337075249,5.169434880039058,5.174084352722884,0.9990304043468056,0.016400083666564865,0.9936990136544162,,,,
C,LinearRegression,175,14,3,0.12535746177440904,0.3539472782641531,0.9933035673729105,4.391735164798254,4.342118254796135,1.0114035786239082,-0.18157797922682106,1.0090814068465106,,,,
C,LinearRegression,178,15,3,0.25898525379404647,0.5018607106495067,0.9667647934132182,2.740463606558628,2.8231891212016254,0.9712030145262607,-0.0030645969362700365,0.955670035493307,,,,
C,LinearRegression,180,8,3,0.3397240177566146,0.5807359100158805,0.966546907400195,3.5191651602598175,3.3350892942961052,1.0519219694330086,-0.18701272179298345,1.0394459215103418,,,,
C,LinearRegression,182,13,3,0.1401416859694306,0.3697094637665823,0.9757877256416857,2.488388209914008,2.3960625749678144,1.038254635115088,-0.008827727224379066,1.0273186834887562,,,,
C,LinearRegression,182,14,3,0.34158309799006253,0.578750151839666,0.9713290374731026,3.252014754479365,3.4927655566753937,0.9331641774867151,-0.003711217684212833,0.9213558401965187,,,,
C,LinearRegression,186,6,3,0.10936371585776157,0.3299187296415627,0.9808390756297537,2.3965772264419125,2.3860352533240525,1.004118102396318,-0.0763534186041055,0.9952582836089846,,,,
C,MLP,142,3,3,2.656459880350558,1.601477744498359,-1.8265080355454792,2.040121267595507,0.9601120784485525,2.1179961623802677,0.10745983358267373,1.3647347756661887,,,,
C,MLP,145,7,3,1.4710144320108505,1.2110535366784223,0.8587271307896279,3.6405603838258305,3.226574784469266,1.125582557867485,0.34263308093421935,1.074062924283891,,,,
C,MLP,146,13,3,2.7533683055818834,1.6449302773168808,0.7415028537033108,3.465615127369962,3.2539405257813354,1.0655232352298152,0.07658036096484287,0.9410232311095337,,,,
C,MLP,147,10,3,2.676352887340221,1.6289280515397893,0.08460667833321493,2.3175582221647875,1.7074561506561616,1.3561875089092146,0.20618083753280644,0.9966698503790129,,,,
C,MLP,147,13,3,1.8580569141937717,1.3630270159812303,0.8468525565682854,3.5943559161523457,3.4931437588493757,1.0319499698581005,0.0011445551134918557,0.9603616100429514,,,,
C,MLP,148,12,3,2.0252838375154933,1.416356179243136,0.6814562283839479,2.5770505279831903,2.5204838284237767,1.02249535510566,-0.10479790865345351,0.8648659963235014,,,,
C,MLP,150,10,6,1.374722545103024,1.1505938085209977,0.8809657146011833,3.726371723292861,3.5145904153865772,1.0649688800987769,0.029893414072032082,1.0123299614557728,,,,
C,MLP,151,8,3,1.9792045691765339,1.3963005793325791,0.6929037105761641,2.80875652785843,2.603217871672261,1.0795162018038977,0.08372333941081322,0.9330715295779752,,,,
C,MLP,152,12,3,1.672027565755566,1.2639763482678268,0.9113969191006907,4.46386439420264,4.370285111606197,1.0200828215609137,-0.31285077075589013,0.9789729502916661,,,,
C,MLP,153,9,3,2.177929582438094,1.467055747118458,0.7424061944042052,3.4809631319599457,2.907867733713779,1.1975649291478776,0.18307309071624256,1.1001801555435515,,,,
C,MLP,153,13,3,1.7591570932112246,1.3220530024211865,0.8306179923399196,3.5805351728309565,3.216096114782427,1.1125579117299431,0.15288046372660183,1.0411973297247783,,,,
C,MLP,154,4,3,1.5399329547506577,1.223449667105552,0.042641269526458546,1.7738678045602765,1.2778001897969606,1.3870113620028752,-0.19079568334719602,1.0187939226292528,,,,
C,MLP,154,12,3,2.4122312151429326,1.5480717170598943,0.5576061009582237,2.803297144656739,2.405569708253579,1.1663527973237182,-0.3278513739701437,0.9696118648106754,,,,
C,MLP,155,10,6,1.51663412482909,1.2259558788521283,0.8185709978462014,3.2182026979554004,2.9108073761151885,1.1102859936671419,0.0416186028090763,1.0307017965036833,,,,
C,MLP,156,9,3,2.601017075834506,1.5813911918668238,0.8596360443214207,4.55812129704739,4.279829219599706,1.0623061570011856,-0.15246612659143868,0.997134011364523,,,,
C,MLP,156,13,3,2.998782982410756,1.7195605173224902,0.7404347988855954,3.6138723012077834,3.4110430671604792,1.0578558818809023,-0.48675814541085854,0.9423440993457763,,,,
C,MLP,157,4,3,1.9655884333592868,1.3959621274425995,-0.155128253574419,1.83979179003732,1.3067394624321704,1.4053374405812227,0.04158973107229063,0.9306720990174021,,,,
C,MLP,157,8,3,1.5346393718532234,1.220035567740915,0.7809494633569137,2.901492673363419,2.630941674046975,1.103444480614238,0.03862039748057453,0.9999155707359085,,,,
C,MLP,162,8,3,1.8364681535313447,1.3466281525680348,0.23813680397164042,2.1201025574692185,1.6132340242693024,1.3152462723874503,-0.1854207334295097,1.008060882169106,,,,
C,MLP,162,9,6,6.9344798994821835,2.4712816151801875,-1.5584194412335532,3.5279359027809924,2.1985081384476137,1.7868020604826595,0.11471625271159847,1.041497423998403,,,,
C,MLP,162,14,3,2.7051944966489074,1.6349009826805354,0.836154853218748,4.384019376644369,4.106701723231775,1.0682223748919342,-0.12125093664400248,0.9895854843538165,,,,
C,MLP,163,8,3,3.006275026663053,1.722369147908073,0.564065739132714,3.1072455728025354,2.621942640030639,1.1834702117194367,0.020959531141741605,0.9872871877793777,,,,
C,MLP,163,15,3,1.8559691467585078,1.3538118617599697,0.8915051165353743,4.442992337013068,4.149640887533596,1.070750884577779,-0.11061338514675613,1.0203508547705142,,,,
C,MLP,164,11,3,2.6690886688275164,1.6266303626818586,0.643710156937107,3.345037053694463,2.7651167101446004,1.2124038575934197,0.27018486609126147,1.067468934686601,,,,
C,MLP,165,13,3,2.5618522667925574,1.5991674650006147,0.7601416642220521,3.7427368473286022,3.293229785387691,1.1354367318379952,0.16653988863622063,1.0271827505517734,,,,
C,MLP,166,6,6,2.384637804254629,1.5115055408464126,0.19165807831745632,2.3704762575541154,1.7429010778623628,1.3701599972891199,0.0802792099875335,1.058081661324962,,,,
C,MLP,166,10,6,2.0973400262458064,1.440507084466401,0.7130734221662894,2.9291559700516614,2.7390718388215713,1.073926114961017,-0.033822099514723154,0.9507187106100335,,,,
C,MLP,167,4,3,2.2460014544361417,1.4868760702575798,-0.03341881425866,2.071693939777634,1.5486702288537295,1.3634269927797982,0.006981715346111865,0.9505182546123304,,,,
C,MLP,168,5,3,2.1203844071962696,1.4096886954115628,0.4554779582586144,2.659293599357897,2.091844763892318,1.2824435148879243,0.11065871740286204,1.0748747758991517,,,,
C,MLP,168,11,3,1.9823690815184989,1.3993536933353505,0.7688030733850922,3.3977080862653923,2.953540976346204,1.145488153107486,-0.10058008256971245,1.043541383316739,,,,
C,MLP,170,7,3,2.330314914292265,1.5185112811640533,0.6217848072432709,3.0745394393488987,2.4774570449985602,1.24137306986496,0.04551252626246766,1.0880009494621314,,,,
C,MLP,170,9,3,2.7275205449851754,1.630565100459787,-0.2690978608052073,1.8774012121095704,1.4435311725949083,1.2900551680815453,0.1776265379581089,0.7160756764517019,,,,
C,MLP,171,8,3,1.763303782078215,1.3171606360905275,0.7836883691914772,3.1875087021545494,2.849617326747636,1.1186205430606047,0.07981459554896933,1.0200569676239013,,,,
C,MLP,172,13,3,2.4048228443172075,1.549871175192442,0.8363080857544922,4.39878643992622,3.943849471697145,1.1192075776903891,0.09579843002828344,1.048030565298277,,,,
C,MLP,173,6,3,2.2080005225267665,1.4775495590314438,0.5805300201203071,3.1375301294575766,2.3106355407658037,1.3563984837767766,0.019440879705335496,1.2138647414454373,,,,
C,MLP,173,10,3,1.2781490415394814,1.11932134309527,0.6842894002693874,2.2259597438027683,2.103510998114484,1.0715849855805886,0.07117428278077449,0.921999861099783,,,,
C,MLP,174,6,3,2.967916508509561,1.7176867995053893,-0.4008817849189888,2.071060685905233,1.4578447053550019,1.4230074898053655,-0.017295392396976344,0.8478163901649566,,,,
C,MLP,174,13,3,2.828538697170903,1.6717727287630648,0.7494485994913821,3.716648703853901,3.360848828387549,1.1126180281814095,-0.2288555328416805,1.0058959852761191,,,,
C,MLP,174,19,3,2.1095243378227493,1.4465307371736493,0.9205650480707512,5.281096151838118,5.174084352722884,1.0205194147526537,-0.19354085945067556,0.9823800173679843,,,,
C,MLP,175,14,3,1.9170036486311843,1.3750180697528993,0.8997216166310352,4.38242268437616,4.342118254796135,1.008146568539189,-0.13917708008040355,0.9610211061764646,,,,
C,MLP,178,15,3,2.106761702440036,1.4363212806805405,0.7238132175802449,2.925183139037969,2.8231891212016254,1.038960180591071,-0.006096977741887578,0.9049980930362954,,,,
C,MLP,180,8,3,4.204616362774299,2.0457978834419532,0.5818972930271495,3.854296368115706,3.3350892942961052,1.1499510868354597,-0.1503202880227861,0.95438117541614,,,,
C,MLP,182,13,3,1.2191301430238621,1.0942012882657401,0.789014553463871,2.7019083725534223,2.3960625749678144,1.1276778195084696,-0.017495930361393474,1.0337297940347476,,,,
C,MLP,182,14,3,1.9879311233334416,1.3824736583127237,0.8408465635219149,3.35339953034482,3.4927655566753937,0.9686692695044589,0.017375236255724732,0.8938149859402459,,,,
C,MLP,186,6,3,1.8197305624984066,1.3421430006839554,0.6793033432560617,2.6913762532313634,2.3860352533240525,1.1286857620733979,0.22913408463362137,0.9837188804618243,,,,
C,MODEL3-ICL-MC,142,3,3,0.13729351708314821,0.37044021439893426,0.8498169364945749,0.887282872074429,0.9601120784485525,0.9245797795873948,0.23904474363024134,0.8895163720888769,,,,
C,MODEL3-ICL-MC,145,7,3,0.24471948297045576,0.49336089264355215,0.9760633370512991,3.2693725968541103,3.226574784469266,1.0151084060851094,0.11831367023080913,1.0062078539485426,,,,
C,MODEL3-ICL-MC,146,13,3,0.6137185983374526,0.7623905182418563,0.9437406277545685,3.1299604665687943,3.2539405257813354,0.9621549361387957,0.053654384790746634,0.9373561726492957,,,,
C,MODEL3-ICL-MC,147,10,3,0.27056235175533794,0.5180105587863305,0.9075690284918344,1.6137510195541216,1.7074561506561616,0.953496184192903,0.23364240896687385,0.9227372471102907,,,,
C,MODEL3-ICL-MC,147,13,3,0.2924587195115322,0.5195512202165534,0.976622519763329,3.316503174541479,3.4931437588493757,0.9502177060758158,-0.10501102783268278,0.9425620180147644,,,,
C,MODEL3-ICL-MC,148,12,3,0.5221571885051929,0.688437684776026,0.9174616673324909,2.301922778091333,2.5204838284237767,0.9124165068698713,-0.010877020993686365,0.8772458247564426,,,,
C,MODEL3-ICL-MC,150,10,6,0.20898064216715126,0.45148447186197016,0.9825214628686504,3.5471328233498163,3.5145904153865772,1.0096100821073002,0.0009422539492410509,1.0013537038492462,,,,
C,MODEL3-ICL-MC,151,8,3,0.21134097821274075,0.4459675531902101,0.9702705379372198,2.555236593513793,2.603217871672261,0.9809894578830134,0.11417334370727185,0.968701952787414,,,,
C,MODEL3-ICL-MC,152,12,3,0.38673445933424827,0.6163183251440726,0.9790472343161801,4.401363764885363,4.370285111606197,1.0079632408522998,0.07680121533227804,0.9989620758402703,,,,
C,MODEL3-ICL-MC,153,9,3,0.41173127905009094,0.6334746832198552,0.9506118333689013,3.090743905108298,2.907867733713779,1.0628008774863915,0.14901301690619173,1.0424045798291257,,,,
C,MODEL3-ICL-MC,153,13,3,0.2587073694774274,0.49159064843711714,0.9753162177147572,3.3233985568316506,3.216096114782427,1.0339363251982503,0.20158396964718558,1.026306233938312,,,,
C,MODEL3-ICL-MC,154,4,3,0.22878820320323257,0.476407590732361,0.8603766472387493,1.2214210439913238,1.2778001897969606,0.9566366772107778,-0.07440459367832951,0.8904246733959398,,,,
C,MODEL3-ICL-MC,154,12,3,0.4445712370666506,0.6569501833893328,0.9144805848284984,2.4793927121429955,2.405569708253579,1.0284195370586309,-0.13526239324665804,0.9881395427298268,,,,
C,MODEL3-ICL-MC,155,10,6,0.3045151288390439,0.5196598254076726,0.9604825965519294,2.9565336477546817,2.9108073761151885,1.016782701376334,0.05626860834727224,0.9984939056475821,,,,
C,MODEL3-ICL-MC,156,9,3,0.18225217198874666,0.42394625697899896,0.9901093566066238,4.094957087145577,4.279829219599706,0.956292122920932,-0.031422576689345526,0.9527440630114882,,,,
C,MODEL3-ICL-MC,156,13,3,0.3186339002084085,0.5610133928782607,0.9718230331143488,3.449182400028892,3.4110430671604792,1.011416797338236,-0.1005267754511487,0.9984199809708546,,,,
C,MODEL3-ICL-MC,157,4,3,0.0401553113184106,0.19153208691292276,0.9742337959103798,1.3526302647694977,1.3067394624321704,1.0418965946649588,-0.014087720505375897,1.0331014530618712,,,,
C,MODEL3-ICL-MC,157,8,3,0.19671341869297299,0.4303145687196213,0.9711274898340996,2.4812401121488814,2.630941674046975,0.9426163650310625,-0.017368400047734864,0.9311162165770392,,,,
C,MODEL3-ICL-MC,162,8,3,0.5763044042345663,0.7519130352612441,0.7433656640555114,1.7158059318460201,1.6132340242693024,1.0618543246395464,-0.4069247193877787,0.9735055009139586,,,,
C,MODEL3-ICL-MC,162,9,6,0.3452628116679127,0.5630729425480008,0.884415740242301,2.0596463001886636,2.1985081384476137,0.9056968860280395,0.0019067212936763566,0.8629191781599888,,,,
C,MODEL3-ICL-MC,162,14,3,0.5119005980926797,0.7141397531928514,0.9694762435036819,4.094207966255262,4.106701723231775,0.9984361638143261,-0.0939898495804695,0.9849533525980553,,,,
C,MODEL3-ICL-MC,163,8,3,0.5837035909336736,0.7573201364239948,0.9152403077020116,2.5395757981599765,2.621942640030639,0.9704850227088443,0.06823881546547526,0.9332307914213955,,,,
C,MODEL3-ICL-MC,163,15,3,0.43535941368946746,0.6547722323979176,0.9744803654733785,4.115252306486246,4.149640887533596,0.9916758382202336,0.08191765609645286,0.9799116497280856,,,,
C,MODEL3-ICL-MC,164,11,3,0.41580455457372056,0.6375971536972969,0.9439610665700227,2.879195606033479,2.7651167101446004,1.0426306048298157,0.21171763382584705,1.0190488899747483,,,,
C,MODEL3-ICL-MC,165,13,3,0.4367077367098465,0.6508271567613756,0.9605294145209547,3.2285106941631763,3.293229785387691,0.9785229208255877,-0.0628540266194328,0.9628445572362604,,,,
C,MODEL3-ICL-MC,166,6,6,0.11931343721970052,0.3380841657085076,0.962293683479365,1.77093810479298,1.7429010778623628,1.0218620556309297,0.036801430226647384,1.0082498800957702,,,,
C,MODEL3-ICL-MC,166,10,6,0.2298390835605246,0.4652924855585691,0.970028025996367,2.629163122390127,2.7390718388215713,0.9614009320478543,-0.0591711972772496,0.9502903034492255,,,,
C,MODEL3-ICL-MC,167,4,3,0.1315450976417835,0.3598582621752337,0.939670568249135,1.5959247935163543,1.5486702288537295,1.036982334238197,-0.05258640967166536,1.0146127023515108,,,,
C,MODEL3-ICL-MC,168,5,3,0.14973943534933962,0.3737565149979604,0.9615190906941473,2.117330261172645,2.091844763892318,1.0108122718948025,0.06043976015734053,0.9938788551418548,,,,
C,MODEL3-ICL-MC,168,11,3,0.1326446753247858,0.35560956330163523,0.984338699347108,2.9787697439006133,2.953540976346204,1.009940308251129,0.017096636318786034,1.002471788007229,,,,
C,MODEL3-ICL-MC,170,7,3,0.10346722008826258,0.3202462234331882,0.9831811864779813,2.571633009272532,2.4774570449985602,1.0380677994594416,0.1014924442693055,1.0314195093839684,,,,
C,MODEL3-ICL-MC,170,9,3,0.2656429255117269,0.5107610178207143,0.8700894631843591,1.2234022963463664,1.4435311725949083,0.8471194097333118,-0.1494464999335858,0.8008957164872132,,,,
C,MODEL3-ICL-MC,171,8,3,0.30564392648321864,0.5483348977668142,0.962017028487017,2.752678266462245,2.849617326747636,0.9657074187663907,-0.038185519513317105,0.9487128152920715,,,,
C,MODEL3-ICL-MC,172,13,3,0.45732393762877677,0.6708877013869691,0.9682994146286541,4.212910191947409,3.943849471697145,1.0721993848069398,0.17341812040395962,1.0634513712394418,,,,
C,MODEL3-ICL-MC,173,6,3,0.2972669154807446,0.541205911857855,0.9433552558977162,2.4658015885033695,2.3106355407658037,1.0669738676458247,0.04126755748987462,1.0446195186261178,,,,
C,MODEL3-ICL-MC,173,10,3,0.1552488042535929,0.3853100167191828,0.9593342943819593,2.0680365216145358,2.103510998114484,0.9856467314214806,-0.08028201523526003,0.9670545226211892,,,,
C,MODEL3-ICL-MC,174,6,3,0.313675756482286,0.5404718304803886,0.8516138784997787,1.2561058975416113,1.4578447053550019,0.8617510764233979,0.33459337973909936,0.8298694101030062,,,,
C,MODEL3-ICL-MC,174,13,3,0.24927274479482142,0.46957646429036476,0.979609743587349,3.3785226074521604,3.360848828387549,1.0082141684771735,-0.0546844559645881,0.9990622636147276,,,,
C,MODEL3-ICL-MC,175,14,3,0.28719426102147505,0.49798313229944285,0.9843249659801798,4.293585731418859,4.342118254796135,0.9879340307111887,-0.18578629162736351,0.9825617957539446,,,,
C,MODEL3-ICL-MC,178,15,3,0.5052848091774756,0.69338169087092,0.9391977386154334,2.708224043103984,2.8231891212016254,0.960210099787397,-0.033355978619600435,0.9331913317854772,,,,
C,MODEL3-ICL-MC,180,8,3,0.3066800028644947,0.5473852237306794,0.9683209699178171,3.499351613285002,3.3350892942961052,1.0474894508800914,-0.18436181310800656,1.0358249238087562,,,,
C,MODEL3-ICL-MC,182,13,3,0.21908244518599343,0.4669013354860765,0.9616804233107028,2.4432875498848334,2.3960625749678144,1.019076321374569,-0.08304650583960047,1.0020579745755196,,,,
C,MODEL3-ICL-MC,182,14,3,0.4698910929519073,0.6817385202490929,0.9591234426989051,3.3352326744697964,3.4927655566753937,0.9558908747525993,0.0314282569129701,0.9376294153954378,,,,
C,MODEL3-ICL-MC,186,6,3,0.13250013226235938,0.3608901873835455,0.9759943534956516,2.356432100991323,2.3860352533240525,0.9882590767257996,-0.076749215477372,0.9769755274315747,,,,
C,RandomForest,142,3,3,0.4130449562175435,0.637484845106103,0.5373570582137914,1.09552870665496,0.9601120784485525,1.1465702476144883,0.27702179392169485,0.9906058972090831,,,,
C,RandomForest,145,7,3,1.8791793078214836,1.3603027774039873,0.8199073533412538,2.7061651242448703,3.226574784469266,0.8405900427589801,0.09231146917549558,0.7714601397285158,,,,
C,RandomForest,146,13,3,4.342380450224318,2.078703790401358,0.5921216728285911,1.7002413772616165,3.2539405257813354,0.5244078946969827,0.09984170101914176,0.44825130839641,,,,
C,RandomForest,147,10,3,0.8276801398314725,0.9038097225721482,0.7187037760153205,1.1866716720499324,1.7074561506561616,0.7010678409220737,0.2902630955714985,0.6228004159523897,,,,
C,RandomForest,147,13,3,3.0794665432140285,1.7383288333043385,0.750165970316659,2.62291922755642,3.4931437588493757,0.7524294077954846,0.06349071716789445,0.6717427815956585,,,,
C,RandomForest,148,12,3,3.069556108841296,1.7259987552476341,0.5183002015508128,1.4827136451226404,2.5204838284237767,0.5873522105045944,0.1678863082560665,0.4497378590941261,,,,
C,RandomForest,150,10,6,2.9025987388557097,1.6913393920254283,0.7645857595937807,2.771199357137237,3.5145904153865772,0.7880313306196268,-0.13700960038700852,0.697589944701321,,,,
C,RandomForest,151,8,3,1.570373513988861,1.2321018924039746,0.7741259184357508,1.9623348400047782,2.603217871672261,0.7555550654582595,0.04239401196389687,0.6738273035000953,,,,
C,RandomForest,152,12,3,6.745161675563327,2.5926053269620932,0.6474958425249672,2.439873225977991,4.370285111606197,0.5592932799257528,0.16256187354866888,0.4865124987054735,,,,
C,RandomForest,153,9,3,2.732567775035283,1.6526261573162522,0.6760726215279137,2.017250045314969,2.907867733713779,0.6928011256338595,0.5172481914191184,0.5977586048280737,,,,
C,RandomForest,153,13,3,3.5386416468365716,1.8765122514286947,0.6590351809546928,1.7736274089010233,3.216096114782427,0.5511018808079308,0.3919393637005717,0.4918484465601101,,,,
C,RandomForest,154,4,3,0.4512720394725233,0.6717005968355375,0.7229912993766193,1.3119571526439862,1.2778001897969606,1.0262513701628573,-0.07636036139490864,0.8947162217423662,,,,
C,RandomForest,154,12,3,2.068886850447489,1.4374498611436664,0.6342404614791106,1.7864997503231035,2.405569708253579,0.7447606730667862,0.01491607789909957,0.5998769103862993,,,,
C,RandomForest,155,10,6,2.919023791404316,1.6776649372335382,0.6704360411492084,1.893664098292488,2.9108073761151885,0.6560248326899432,0.04714638469942823,0.5563786062762803,,,,
C,RandomForest,156,9,3,5.058788057683669,2.2445036800492386,0.7249952820210416,2.9112882017547537,4.279829219599706,0.6796203685813667,0.005309806657320264,0.5949332510543448,,,,
C,RandomForest,156,13,3,5.406020883539988,2.297068032443279,0.5405188006475395,1.707798571851301,3.4110430671604792,0.5043571220394608,-0.157704050554344,0.3993881838082949,,,,
C,RandomForest,157,4,3,0.7510942428047539,0.8359925783803005,0.5721826225883998,1.3084281422982451,1.3067394624321704,1.0081818459986307,0.005848513330995499,0.8025301971918775,,,,
C,RandomForest,157,8,3,1.743444263318146,1.3188225808751903,0.7471821156666182,1.779676872572204,2.630941674046975,0.6753072911128793,0.07126725920640203,0.6034213869393651,,,,
C,RandomForest,162,8,3,1.284422713213814,1.121833790676612,0.5098068745568195,1.4976711260190612,1.6132340242693024,0.9125472093398468,-0.4211682021997327,0.7090883934401718,,,,
C,RandomForest,162,9,6,3.24138571952957,1.6986887021670347,-0.0761415793741465,2.1303372323010294,2.1985081384476137,1.048069149978305,-0.18851665009595384,0.6201605485714441,,,,
C,RandomForest,162,14,3,6.731053816152968,2.5862829514827363,0.6035969008287349,2.5480353258085375,4.106701723231775,0.6227206477578707,0.13864347541658348,0.5011488441953617,,,,
C,RandomForest,163,8,3,1.7233159905258733,1.28651944317092,0.753978860198569,2.1624910325200175,2.621942640030639,0.8235307371611863,0.17143642638435788,0.7212840318345647,,,,
C,RandomForest,163,15,3,5.478612823169466,2.3390413365972362,0.6819843815394212,2.6392150916372916,4.149640887533596,0.6356851171631798,0.14211253771546087,0.557406818735502,,,,
C,RandomForest,164,11,3,3.7827757767289114,1.9424077967587616,0.5042574673058643,1.4272894323743488,2.7651167101446004,0.5152973234987971,0.14056863093881625,0.3868495462105539,,,,
C,RandomForest,165,13,3,4.884880352000709,2.2040500379732397,0.5483443598967327,2.014475555469851,3.293229785387691,0.6117437427167395,-0.34293369259463874,0.46775035947243726,,,,
C,RandomForest,166,6,6,0.7776424948552055,0.8723152633540928,0.7457558828028042,1.6358631823411602,1.7429010778623628,0.9518272427393696,-0.039041517333827276,0.8391139500298136,,,,
C,RandomForest,166,10,6,1.743278396406662,1.3183542887492166,0.7672458541580505,2.0560542387000402,2.7390718388215713,0.7506858367438798,-0.002204015917019691,0.6680216832345728,,,,
C,RandomForest,167,4,3,0.6826202057548016,0.8182474596865493,0.6838940052010134,1.632485849562342,1.5486702288537295,1.067266278084156,-0.03699044116093947,0.9256277697724982,,,,
C,RandomForest,168,5,3,0.4813402796695924,0.6916152598195658,0.8839435100583438,1.8320788017463008,2.091844763892318,0.8781047482399558,0.03703593963113033,0.8286187736817302,,,,
C,RandomForest,168,11,3,2.0949073822533486,1.4297904425339636,0.7651938326326411,2.037134816847091,2.953540976346204,0.6935127410567382,-0.11952380138399037,0.6254314316981785,,,,
C,RandomForest,170,7,3,1.220960027639822,1.097799508730242,0.8020478086746431,2.275091705557155,2.4774570449985602,0.9186661603714548,0.07465212409532583,0.8248403955339126,,,,
C,RandomForest,170,9,3,0.7991445960201234,0.8933192044966067,0.598744219571902,1.171785240296303,1.4435311725949083,0.8176740376460202,-0.15670423749613233,0.6462705549145039,,,,
C,RandomForest,171,8,3,1.8036828964941554,1.3352996412978495,0.7768602511001328,2.1678857391028754,2.849617326747636,0.7606090120901037,0.0025707160747520663,0.6788938065094882,,,,
C,RandomForest,172,13,3,4.567488006895109,2.1128190544616796,0.710617030867613,2.454338520563663,3.943849471697145,0.6278552850441063,0.5643543842859241,0.5669070031092345,,,,
C,RandomForest,173,6,3,1.1417706361735196,1.0609427568881735,0.7807475220166101,2.1097543532486687,2.3106355407658037,0.9141662922980203,0.07780143310432237,0.8157585342820806,,,,
C,RandomForest,173,10,3,1.450486434967227,1.1931537868620599,0.6754242639416296,1.5380425871970154,2.103510998114484,0.7393465952895899,-0.22379360317949062,0.6210195460169472,,,,
C,RandomForest,174,6,3,0.8338818730568812,0.9127884848905801,0.6041778128510598,1.1971804758493736,1.4578447053550019,0.8222858173360091,0.2971578747314821,0.6683047590824692,,,,
C,RandomForest,174,13,3,4.130388685076122,1.9978801701699185,0.6480120633731304,2.3609252896488644,3.360848828387549,0.7022369149390233,-0.33452881544652363,0.576525518827054,,,,
C,RandomForest,174,19,3,11.39686701622386,3.3753029764621254,0.5736049048632595,2.7365200437911796,5.174084352722884,0.5299078032639754,-0.29841760408203266,0.43324586361257955,,,,
C,RandomForest,175,14,3,5.138080256656738,2.2626462086518835,0.7263151209703689,3.153403923946865,4.342118254796135,0.7270566038925615,0.05007291341476954,0.6286369035027669,,,,
C,RandomForest,178,15,3,2.971203051309311,1.7230665611323064,0.6251893794704207,1.7956966424889937,2.8231891212016254,0.643091543234353,-0.16035755583894806,0.5333524667355357,,,,
C,RandomForest,180,8,3,3.057865114958697,1.744471541109714,0.7139889729889862,2.4500138538319,3.3350892942961052,0.7382876820119396,-0.25836222882517373,0.6358301983221254,,,,
C,RandomForest,182,13,3,1.6976704072055384,1.2954428553693846,0.7037327956368237,1.8171412362706352,2.3960625749678144,0.7585956006895248,-0.185767007257387,0.6449736879787443,,,,
C,RandomForest,182,14,3,5.580302323413531,2.3405976257954397,0.5533598590100186,1.8487850842746456,3.4927655566753937,0.5332998686152465,0.1600132347824868,0.4226621006486672,,,,
C,RandomForest,186,6,3,0.9662239571289947,0.9804083433808745,0.8268500626281762,1.964750889480019,2.3860352533240525,0.8221878687806979,0.047698971968533704,0.7527674220924636,,,,
C,Ridge,142,3,3,0.1541197024456794,0.39160631106452043,0.8306743175264013,0.9488415823770228,0.9601120784485525,0.9890412047207863,0.2671440549933653,0.9500243620236101,,,,
C,Ridge,145,7,3,0.22759982609219018,0.4721732883848604,0.9776781596822485,3.3276810354665307,3.226574784469266,1.0315306954713035,0.11138867906135913,1.0227820407966048,,,,
C,Ridge,146,13,3,0.5558797781773613,0.7227640117427878,0.949339081940448,3.076279892998661,3.2539405257813354,0.9461459894342671,0.16797427431524936,0.9256587160132672,,,,
C,Ridge,147,10,3,0.17336846184230947,0.41576733978721075,0.9399833291180716,1.6222892139813887,1.7074561506561616,0.9553229969718724,0.19561713640801584,0.9344329418276005,,,,
C,Ridge,147,13,3,0.1595848445756728,0.39818251810574345,0.9867104332827661,3.3978847832892876,3.4931437588493757,0.9728863318987161,-0.14420749778829792,0.9679995869083342,,,,
C,Ridge,148,12,3,0.4412272758985081,0.6374710896352099,0.9298243908062002,2.239334684731305,2.5204838284237767,0.8881915880307231,-0.04714885212698477,0.8610418662588014,,,,
C,Ridge,150,10,6,0.09454145129984708,0.3036656174989451,0.9924198943735529,3.5091418770168867,3.5145904153865772,0.9978771715033256,0.03105766084383098,0.9941846022031356,,,,
C,Ridge,151,8,3,0.14883548219361054,0.3827557112431503,0.9780009873811437,2.5738078682977323,2.603217871672261,0.9891732771595575,0.07628049574222824,0.9788866999460635,,,,
C,Ridge,152,12,3,0.1596725202211754,0.39479876858196866,0.9912832956635264,4.373998139512429,4.370285111606197,1.0003500097758546,-0.0308005516801111,0.996314612115325,,,,
C,Ridge,153,9,3,0.35396078091709793,0.5933203456372554,0.958273383414606,3.0905202372589287,2.907867733713779,1.0619692009364243,0.18748617710573925,1.0474369374375396,,,,
C,Ridge,153,13,3,0.18000076198252987,0.4205309737735827,0.9826813296150297,3.340795575206752,3.216096114782427,1.0388185767671414,0.1689988019778947,1.0325149217966356,,,,
C,Ridge,154,4,3,0.15905685187353,0.3981850362126871,0.9018928961302214,1.2569809002209131,1.2778001897969606,0.9835440119583733,-0.05461571491091727,0.9372323266393936,,,,
C,Ridge,154,12,3,0.2561331170093282,0.5037801503848075,0.9521729949146334,2.4857024375731473,2.405569708253579,1.0326513319450263,-0.07444056050996196,1.0102900127677852,,,,
C,Ridge,155,10,6,0.18695744699954556,0.4022680484355068,0.9755795767146624,2.9474271101516596,2.9108073761151885,1.0138518674750967,0.010378161102723884,1.0023364493280467,,,,
C,Ridge,156,9,3,0.22395446340697844,0.4633965735208389,0.987412043410809,4.144225193153623,4.279829219599706,0.9679637755705476,0.0009168944883913658,0.962321309231634,,,,
C,Ridge,156,13,3,0.1932643353028767,0.4311672842691811,0.9841264511177382,3.4007225033559365,3.4110430671604792,0.9951421195997502,-0.15182122734699666,0.9885777647002231,,,,
C,Ridge,157,4,3,0.024145768299129535,0.15129438085657404,0.9840656578444209,1.3410735398111289,1.3067394624321704,1.0322994150381246,0.04583905148365739,1.0281187183060079,,,,
C,Ridge,157,8,3,0.19939305874895885,0.4386608282531066,0.9705834303207698,2.4205141811872917,2.630941674046975,0.9197036075677779,-0.04361930112900216,0.908898411938614,,,,
C,Ridge,162,8,3,0.45378517805797985,0.6683243916350641,0.7998585379906727,1.6624499694357242,1.6132340242693024,1.0341597850666122,-0.36779845236647657,0.9636679440378609,,,,
C,Ridge,162,9,6,0.1873035088947331,0.4174197565033079,0.9356631364014286,2.098949788022447,2.1985081384476137,0.9245005464368417,0.005844391211211904,0.9028570438026989,,,,
C,Ridge,162,14,3,0.25212491893730743,0.4994006832528724,0.9847170098823566,4.113103112505217,4.106701723231775,1.0023514571274001,-0.027807610808019998,0.9953148275799452,,,,
C,Ridge,163,8,3,0.43914261900170565,0.6566695003268544,0.934495540844245,2.6389751083543387,2.621942640030639,1.0092669167535082,0.15587345622571505,0.9821828094799642,,,,
C,Ridge,163,15,3,0.3285663185208977,0.5571877532922328,0.9806478285042602,4.171157758592904,4.149640887533596,1.0051888514281762,0.11953618182174468,0.9961092823157148,,,,
C,Ridge,164,11,3,0.2050030645526629,0.4466652196208977,0.973071178449422,2.8431237341902786,2.7651167101446004,1.028287798512383,0.13657855538406066,1.0166546454116416,,,,
C,Ridge,165,13,3,0.2652233498214453,0.5112743238837475,0.9760064695068477,3.2320415709804045,3.293229785387691,0.9798950793215712,0.006405375573410106,0.9691204605623508,,,,
C,Ridge,166,6,6,0.08182574001110857,0.2802510099714293,0.9723813451824008,1.8016545539402766,1.7429010778623628,1.0393360453692135,0.04166272951879313,1.0300354284412148,,,,
C,Ridge,166,10,6,0.1549555446974117,0.39020171768875644,0.9792712302157086,2.642671561191364,2.7390718388215713,0.9666549971621893,-0.0675187431815958,0.9581072463996344,,,,
C,Ridge,167,4,3,0.11391302910454737,0.336515895702105,0.9493957414833365,1.609280507077212,1.5486702288537295,1.0416228988024725,-0.08020407544682177,1.022040383291916,,,,
C,Ridge,168,5,3,0.17374579197710546,0.4052998387732923,0.9557719610657305,2.101479772563988,2.091844763892318,1.0043650477650161,0.05866032596285307,0.9849599328813845,,,,
C,Ridge,168,11,3,0.09329842443659547,0.3045365614066557,0.9886725221987026,2.9712361501238647,2.953540976346204,1.0045869444049307,-0.05814023499801536,0.999195843801942,,,,
C,Ridge,170,7,3,0.0612622845250284,0.24651374842125637,0.9900373793614755,2.5612988018174647,2.4774570449985602,1.0339724145298224,0.062277422517161396,1.0301423471739708,,,,
C,Ridge,170,9,3,0.2233803768995133,0.4715378656245089,0.8867978706644036,1.2334356690162611,1.4435311725949083,0.8546354404619683,-0.08873816832835928,0.8148293171025472,,,,
C,Ridge,171,8,3,0.23798660556116258,0.48676950634040755,0.9706001126131799,2.779914257655594,2.849617326747636,0.975556191931744,-0.1018307207973731,0.9627954178534881,,,,
C,Ridge,172,13,3,0.34293743757258577,0.5803813777049301,0.9758184016844456,4.217946049769033,3.943849471697145,1.0726445665568294,0.1968473261095358,1.0653170676759345,,,,
C,Ridge,173,6,3,0.20354588786879438,0.4499104567734455,0.9611686375103671,2.3926850010636547,2.3106355407658037,1.0352618677378962,0.028022988910926732,1.017976486672706,,,,
C,Ridge,173,10,3,0.12427715406913363,0.3486156535431328,0.9689168090300849,2.0220901982340265,2.103510998114484,0.9616082740448332,-0.08734961768402054,0.9481947021402385,,,,
C,Ridge,174,6,3,0.20649563922330116,0.4408416804547574,0.9042094743547836,1.2887371130183054,1.4578447053550019,0.8853894101789875,0.2723976479558319,0.8636587948045946,,,,
C,Ridge,174,13,3,0.11024850342826753,0.32980344049030746,0.990306827113523,3.4146884991850306,3.360848828387549,1.0173166750438543,-0.1279794866608401,1.013625547144924,,,,
C,Ridge,174,19,3,0.283793653186276,0.5313414124476822,0.9893234469334171,5.140024292782681,5.174084352722884,0.993346776392884,0.014443736079511937,0.9880945049014027,,,,
C,Ridge,175,14,3,0.1229142286196846,0.35046724101813925,0.9934332986383825,4.366524545520228,4.342118254796135,1.0055952185825674,-0.18185214254152857,1.0032859711363444,,,,
C,Ridge,178,15,3,0.25940456906832093,0.5022508841280663,0.9667382631915907,2.725152741073007,2.8231891212016254,0.9657787931606047,-0.004114654773273635,0.9504159069709939,,,,
C,Ridge,180,8,3,0.33009747060556266,0.5723727514262128,0.9673617028679242,3.499010103863435,3.3350892942961052,1.0459219701256646,-0.18715420113384765,1.033546200872891,,,,
C,Ridge,182,13,3,0.1367204137226604,0.36554363946190493,0.9763706877449624,2.475334639950458,2.3960625749678144,1.0328137251546516,-0.009386887382016066,1.0219637553598773,,,,
C,Ridge,182,14,3,0.34868691116566675,0.5848186992045684,0.9708125253875002,3.2339809287023136,3.4927655566753937,0.9280015026481264,-0.0009856691319212324,0.9162920581350408,,,,
C,Ridge,186,6,3,0.1084950092741791,0.32851792920645784,0.9809940685349142,2.383964681094751,2.3860352533240525,0.9988334437904407,-0.07645785396084416,0.9900418911801371,,,,
C,SVR,142,3,3,0.23027453545885723,0.4781764211402513,0.7524895359236351,0.8789221445580332,0.9601120784485525,0.9154803301121189,0.13316341976964882,0.8092637741999509,,,,
C,SVR,145,7,3,2.4620698279843745,1.552455264490641,0.764532164566385,2.173778579189539,3.226574784469266,0.6731445430672481,0.23436887082010202,0.6256970560767047,,,,
C,SVR,146,13,3,3.916237502428116,1.9726634305935935,0.6328134667647879,1.5524823320493215,3.2539405257813354,0.47752758320258515,0.16289429801955663,0.43970436255885476,,,,
C,SVR,147,10,3,0.7446812391189046,0.856469524603868,0.7490247459732347,1.2042699781776116,1.7074561506561616,0.7109256420311235,0.26326435643387786,0.6414890150786742,,,,
C,SVR,147,13,3,3.6058368625064623,1.8982473510887925,0.7040552527484357,1.8712167534473136,3.4931437588493757,0.5358588463339156,0.0839742545576722,0.4999868834958412,,,,
C,SVR,148,12,3,2.6988596621272016,1.63771147916385,0.5761762272354763,1.157788306364573,2.5204838284237767,0.4595103966410902,0.207691690968791,0.4091772110265426,,,,
C,SVR,150,10,6,3.4446646595450843,1.805358293530383,0.7386830119190023,2.0964677702021812,3.5145904153865772,0.6040107011934538,-0.10482626049025846,0.5578903848237026,,,,
C,SVR,151,8,3,1.6948629163243183,1.2833597113014779,0.7591084248036145,1.7400029502286951,2.603217871672261,0.6731520878620364,-0.19407890448084497,0.6157565322962647,,,,
C,SVR,152,12,3,4.55560353635422,2.0905120878203465,0.7685221186820402,2.5802164247803514,4.370285111606197,0.593133115448199,0.012634580021228164,0.56263335686623,,,,
C,SVR,153,9,3,2.8241213131357044,1.6705794845061916,0.6666610573812451,1.5640961799290312,2.907867733713779,0.5376340169626522,0.3463684473527755,0.4875983771697283,,,,
C,SVR,153,13,3,2.34450142700076,1.529316950099531,0.7737325650913771,1.9266599339590125,3.216096114782427,0.5991572898814935,-0.06182690657461303,0.5681831314152884,,,,
C,SVR,154,4,3,0.3547447266560979,0.5912361013457456,0.7849480455756287,0.93997697242735,1.2778001897969606,0.7362504089445844,-0.16487766573709772,0.6737859555163711,,,,
C,SVR,154,12,3,1.393980100076868,1.1677557079825662,0.7658751536118502,1.569028790193629,2.405569708253579,0.6566273140061608,0.1911081758464316,0.6061943420871394,,,,
C,SVR,155,10,6,2.814889797282339,1.6406001996298283,0.6799404454271385,1.7349462487456944,2.9108073761151885,0.6007052578472126,-0.10546161633892302,0.5323193757975161,,,,
C,SVR,156,9,3,4.888113071670124,2.1956094008555205,0.7352886758749756,2.5189350326725948,4.279829219599706,0.5885597415107092,0.3096457269504485,0.5448676876322267,,,,
C,SVR,156,13,3,3.4658528549798238,1.8245559228384127,0.716188182173728,1.8377357705565078,3.4110430671604792,0.5439156857214772,-0.1899352695498572,0.5081199874407913,,,,
C,SVR,157,4,3,0.4938649667857156,0.6899754701934526,0.719760651169004,1.112537133939318,1.3067394624321704,0.8582163843755136,-0.011719377913476034,0.7319342029377242,,,,
C,SVR,157,8,3,1.5282991960193695,1.2324186162715371,0.7803510610084902,1.7606581203351057,2.630941674046975,0.6704702490993154,0.08892890431408873,0.6182449193956611,,,,
C,SVR,162,8,3,0.629702286342955,0.7776523820910342,0.7530082157282666,1.2836558807605536,1.6132340242693024,0.801603237404807,-0.23966736051525048,0.7118914001993851,,,,
C,SVR,162,9,6,1.154172310808616,1.0341056808058873,0.7650557589057877,1.5145510624981362,2.1985081384476137,0.6853499618702741,0.011466170940661798,0.6197170007594496,,,,
C,SVR,162,14,3,5.295290241820559,2.2668324006707845,0.6927722587781929,2.1309461943983243,4.106701723231775,0.5222482742596607,0.21546977917675922,0.4883059797618172,,,,
C,SVR,163,8,3,0.9317236025070534,0.9535334612653376,0.8661356259181052,1.956178271686272,2.621942640030639,0.7484048881304862,-0.0701830315910084,0.7165827978447555,,,,
C,SVR,163,15,3,5.277212507524717,2.2899544712872717,0.6939247452765528,2.1173566353727513,4.149640887533596,0.5102009922383103,0.19709043278583635,0.48657087743543764,,,,
C,SVR,164,11,3,1.9907712042364702,1.410161184231553,0.7368247449428095,1.7238922312755338,2.7651167101446004,0.6221867941806711,-0.023784476765795027,0.5632714463169667,,,,
C,SVR,165,13,3,3.380233889887086,1.8367710371812265,0.6873480051884583,1.7860172736222086,3.293229785387691,0.5426244039293359,-0.2669665534663466,0.49699041211978806,,,,
C,SVR,166,6,6,0.5940827267196563,0.7333973697621481,0.8200024390727196,1.4264564101401656,1.7429010778623628,0.8250849218509777,-0.009184399088494081,0.7588328091606771,,,,
C,SVR,166,10,6,1.9468878465396557,1.388457656130501,0.7418120837206054,1.6841583885159086,2.7390718388215713,0.6159710573136438,-0.11366435617049164,0.5631318687342399,,,,
C,SVR,167,4,3,0.6334631598752276,0.7928947039608988,0.7350597249499057,1.4082595173165355,1.5486702288537295,0.9170059857937977,0.10374054261029174,0.7989366116953963,,,,
C,SVR,168,5,3,0.7300267298372393,0.8535201160007656,0.8295628098101943,1.6160217478159264,2.091844763892318,0.7724843751642337,0.11178157212556228,0.7158677333191799,,,,
C,SVR,168,11,3,2.375830356815417,1.513316350024402,0.740588458621413,1.8651304272381246,2.953540976346204,0.6388274604254175,-0.04733971360401847,0.5766728547529003,,,,
C,SVR,170,7,3,0.8495503606057736,0.9099714190207585,0.8618713799461438,2.038393705302519,2.4774570449985602,0.823058324760002,0.01580813943141503,0.7737251820073356,,,,
C,SVR,170,9,3,0.8575886978523458,0.92244185489032,0.5873697460278339,0.8337555595950082,1.4435311725949083,0.5788497294300444,0.06059493474268763,0.47156805754856573,,,,
C,SVR,171,8,3,1.8250251497991206,1.3418934938469274,0.7767217562418702,2.0026102500985687,2.849617326747636,0.7030693116570313,0.09037270624698486,0.6394214697761245,,,,
C,SVR,172,13,3,6.0446788489667185,2.4211668553605388,0.6262140718925014,1.9786816481633416,3.943849471697145,0.5065491323092383,0.8496210905296158,0.4656190356583583,,,,
C,SVR,173,6,3,1.7213306371236163,1.3110393226319035,0.6774787625364009,1.4885357970524808,2.3106355407658037,0.6437899219747161,0.11638172685045767,0.5532659975313536,,,,
C,SVR,173,10,3,1.1603535123643154,1.0503199288247425,0.7536053813712854,1.462215407542753,2.103510998114484,0.7112651774817293,-0.10070810881580732,0.6386299407619278,,,,
C,SVR,174,6,3,0.603656975381213,0.7738133374868688,0.7179518123118531,1.0024113273627693,1.4578447053550019,0.6912850260233863,0.1742478515645347,0.6083765247985908,,,,
C,SVR,174,13,3,3.048026550566257,1.719434060262803,0.7404062502658119,1.968535198596572,3.360848828387549,0.5919428780687666,-0.06849937200012751,0.5525107594775539,,,,
C,SVR,174,19,3,10.902052829584399,3.2982063783166864,0.5932422729154253,2.0465739441459996,5.174084352722884,0.39570212490778367,-0.21213369637513935,0.37887832095901647,,,,
C,SVR,175,14,3,7.467436770459038,2.7223464308799468,0.6078036549890588,2.010259145439396,4.342118254796135,0.4650842577742859,-0.2871326693863628,0.41515731401627537,,,,
C,SVR,178,15,3,2.256956829699605,1.5008275707862222,0.7163720086400613,1.635187253162217,2.8231891212016254,0.5792410709460311,-0.21952790953565024,0.534862243231269,,,,
C,SVR,180,8,3,3.1622813397028486,1.750869142750039,0.7246951796042144,2.0870020471439044,3.3350892942961052,0.6370618310593091,-0.30819880768704966,0.5785793325356795,,,,
C,SVR,182,13,3,1.3848008253652144,1.1671276953392171,0.7589191468477559,1.5495619492156838,2.3960625749678144,0.646863285980629,-0.14774604256666649,0.5948675702006909,,,,
C,SVR,182,14,3,4.108418988306137,1.971642831618935,0.6829096615474977,1.8729916228246293,3.4927655566753937,0.5426943843086126,0.12934087961812993,0.49337732797053685,,,,
C,SVR,186,6,3,0.9425508498480308,0.9698633827002411,0.8346226580930596,2.026482193936203,2.3860352533240525,0.8475608219875088,0.10707710707456446,0.7824019634028042,,,,
C,XGBoost,142,3,3,0.9976309560675123,0.9909890172442021,-0.09686866191564669,1.3991913398106892,0.9601120784485525,1.462281314550225,0.24440740583757656,1.076815969004883,,,,
C,XGBoost,145,7,3,2.4084538223542524,1.5402743666723637,0.7647322220883864,3.006338437398275,3.226574784469266,0.9329811168235672,-0.04970396003273303,0.8288284462069743,,,,
C,XGBoost,146,13,3,5.024238136249733,2.230501299795675,0.5309093517973561,2.224760969479879,3.2539405257813354,0.6891571645790004,0.001622871406681529,0.5245304525307576,,,,
C,XGBoost,147,10,3,1.256297939519393,1.1150788088467918,0.5737487371782616,1.5118939876556396,1.7074561506561616,0.8917198734337476,0.492773646623289,0.730915704568465,,,,
C,XGBoost,147,13,3,3.2937833695190313,1.813366834708862,0.7273093729687067,2.9639872709910073,3.4931437588493757,0.8494903220049163,0.005164288911205424,0.7371919694569509,,,,
C,XGBoost,148,12,3,3.9362411641836386,1.9565867937025925,0.3774840576345353,1.8739179770151775,2.5204838284237767,0.7432426620206414,0.10861085388573992,0.48801299580038043,,,,
C,XGBoost,150,10,6,3.2801506127012705,1.8033879762780638,0.733024430574031,3.127379059791565,3.5145904153865772,0.8867051355335098,-0.14632977533067257,0.7646002939383042,,,,
C,XGBoost,151,8,3,2.269796618357648,1.4860866303200935,0.6738227392855913,2.4624690214792886,2.603217871672261,0.9496065886409765,0.2285277503397344,0.793724331686974,,,,
C,XGBoost,152,12,3,8.972575851966022,2.989009839657404,0.531021131981781,3.187729994455973,4.370285111606197,0.7304973070213073,0.018987559995580144,0.5379554647577268,,,,
C,XGBoost,153,9,3,3.2023243719422663,1.788527282462572,0.6214817704145438,2.5999340216318765,2.907867733713779,0.8933453190109941,0.37992449200921347,0.7254552203590986,,,,
C,XGBoost,153,13,3,3.760935599015046,1.9357706654389464,0.6375605449679108,2.298962354660034,3.216096114782427,0.7150362143986152,0.4322152889090769,0.5858491105655922,,,,
C,XGBoost,154,4,3,1.1724417326567478,1.066092297102434,0.29832928799004854,1.604594628016154,1.2778001897969606,1.2531280332466572,-0.0773367865406249,0.9496438963622024,,,,
C,XGBoost,154,12,3,2.988334080786739,1.7273792014115703,0.46975224550141964,2.2785178820292153,2.405569708253579,0.9527284937473768,-0.011395089131673733,0.697084610468409,,,,
C,XGBoost,155,10,6,3.549257008329184,1.857385217786798,0.5921450177566786,2.3602170944213867,2.9108073761151885,0.821663665627312,0.05594393392775484,0.641774886617852,,,,
C,XGBoost,156,9,3,5.567758574672211,2.349856561639203,0.6991472929937338,3.4660610357920327,4.279829219599706,0.8109987218735405,-0.05896682445912003,0.6798286232275431,,,,
C,XGBoost,156,13,3,6.163715457730965,2.466788037018596,0.4398925863458496,2.2901624838511148,3.4110430671604792,0.6681846042416316,-0.4039333901149127,0.4572809433067246,,,,
C,XGBoost,157,4,3,1.4375645548165998,1.1590198414594324,0.19148570639050852,1.5660149653752644,1.3067394624321704,1.2037097483166515,0.08895664643146824,0.8452129240779858,,,,
C,XGBoost,157,8,3,2.3236612459480015,1.5211464653275346,0.661469629759363,2.1934709946314492,2.630941674046975,0.8327026231807978,-0.02977319468851027,0.6818139809174326,,,,
C,XGBoost,162,8,3,1.2083248840087233,1.0987380391280392,0.49913550193131434,1.5448057651519775,1.6132340242693024,0.9710659895292553,-0.24676226507666366,0.7366661115670278,,,,
C,XGBoost,162,9,6,9.36023898221877,2.694736951073652,-2.35646576126659,3.130674680074056,2.1985081384476137,1.626896938763004,-0.4051573113955116,0.6794226728070694,,,,
C,XGBoost,162,14,3,8.602248568480794,2.9218344294615233,0.4880822367309368,3.157006820042928,4.106701723231775,0.7731291996522311,0.0634257392839662,0.5528311969134424,,,,
C,XGBoost,163,8,3,2.3090506727666393,1.5135376609931248,0.6615815286196319,2.5605480670928955,2.621942640030639,0.9763098278490004,0.23798657102234996,0.8125635826809701,,,,
C,XGBoost,163,15,3,6.3550175966621465,2.513845335397279,0.6297779649710292,3.234870990117391,4.149640887533596,0.7789744559602255,0.22501528702102083,0.6330136706469972,,,,
C,XGBoost,164,11,3,4.310629677318421,2.055793914459701,0.43029842138675267,1.904018799463908,2.7651167101446004,0.6882883122368048,0.22225763206716118,0.4561902095326786,,,,
C,XGBoost,165,13,3,4.7283593713058165,2.171086728939819,0.5635920087249199,2.6137916247049966,3.293229785387691,0.7919411818568144,-0.2909972888102225,0.600829489312817,,,,
C,XGBoost,166,6,6,1.5408288663075205,1.23604127651756,0.48170082999049607,1.946595052878062,1.7429010778623628,1.1306883796328708,0.02587630942231292,0.9049120483062024,,,,
C,XGBoost,166,10,6,2.245847184611613,1.4893536670764476,0.7028859854116689,2.2798974911371865,2.7390718388215713,0.8341676993262365,-0.025450747951907698,0.7072089077779872,,,,
C,XGBoost,167,4,3,1.1315811291722042,1.0562991137548747,0.4872753324763015,1.7561134099960327,1.5486702288537295,1.1544100264384332,-0.08413499593621372,0.9341974858188213,,,,
C,XGBoost,168,5,3,1.1055431014937545,1.0435726876404638,0.7382997539548021,2.066218098004659,2.091844763892318,0.9895568675474903,0.09932904667588098,0.8644208438544121,,,,
C,XGBoost,168,11,3,2.675381100553205,1.6107449335536428,0.705302392766932,2.5781776110331216,2.953540976346204,0.8805474943207562,-0.18732802467797693,0.7475936744617807,,,,
C,XGBoost,170,7,3,2.2791842253517065,1.4773494854359637,0.6312637613845998,2.4941189289093018,2.4774570449985602,1.006974734156884,0.17632447008564436,0.8262732399710453,,,,
C,XGBoost,170,9,3,1.8656836957511533,1.3371317406421424,-0.03983746324398988,1.5936253468195598,1.4435311725949083,1.135198344710331,0.043518429619495064,0.6647384352185298,,,,
C,XGBoost,171,8,3,2.5991502382235425,1.5766511109441101,0.6778309134596817,2.3695485591888428,2.849617326747636,0.8313711783648573,-0.02239493545655617,0.6864994991679082,,,,
C,XGBoost,172,13,3,5.12585716900164,2.2591276918773606,0.660574937496364,3.1738773187001548,3.943849471697145,0.8054959373409565,0.5528198096577648,0.6738163116513696,,,,
C,XGBoost,173,6,3,1.5851246291500865,1.2450456273896853,0.6955615809640942,2.2945590813954673,2.3106355407658037,0.9906555287195881,0.12933919594930096,0.8488472667256106,,,,
C,XGBoost,173,10,3,1.2221646985787575,1.0991533640288864,0.7201394831196525,1.8546902736028035,2.103510998114484,0.8917126295257041,-0.17979403429672183,0.7660175923691629,,,,
C,XGBoost,174,6,3,1.373364424749897,1.162263984229947,0.36189042277394456,1.488053282101949,1.4578447053550019,1.0247030458646866,0.2350869473453314,0.7304820182006363,,,,
C,XGBoost,174,13,3,5.048307011294429,2.1728360957617836,0.5830708102697648,3.1516710917154946,3.360848828387549,0.940876699755834,-0.21903160177785272,0.7386147244089685,,,,
C,XGBoost,174,19,3,11.64748525621385,3.404217440704755,0.5664982822872724,3.4968512852986655,5.174084352722884,0.676594077378916,-0.10376251649718449,0.5194165204722049,,,,
C,XGBoost,175,14,3,6.096779522599079,2.456011966082548,0.663041595723133,3.538393974304199,4.342118254796135,0.8157101462576266,0.029163193141834964,0.6658470579012888,,,,
C,XGBoost,178,15,3,3.6494616170009073,1.9082524523187077,0.5332085587287713,2.2926592032114663,2.8231891212016254,0.8179005820561267,-0.33469025960524945,0.6189360452382792,,,,
C,XGBoost,180,8,3,4.148637809970073,2.023424241084089,0.5898973032585393,2.891808827718099,3.3350892942961052,0.870541905474674,-0.35675872518055035,0.6818969717463822,,,,
C,XGBoost,182,13,3,2.247232488154,1.484814992680187,0.60941370745665,2.1628986994425454,2.3960625749678144,0.9023227767587333,-0.0006350059703841004,0.7167077044959065,,,,
C,XGBoost,182,14,3,5.724065253722746,2.386594608187576,0.5306520305390432,2.48671293258667,3.4927655566753937,0.7160246441399428,0.10217142673752837,0.5274363640017453,,,,
C,XGBoost,186,6,3,1.4143613213562158,1.1861719758394953,0.7503666612678567,2.248675584793091,2.3860352533240525,0.9430677282229483,0.0882007567513761,0.8231661814031747,,,,
D,CatBoost,133,11,3,1.7255275625222464,1.3038627621116259,0.7831515361632969,1.9717942590120956,2.821842969093952,0.7070429039407164,-0.011492694295006342,0.6440827242030016,,,,
D,CatBoost,140,10,3,1.8028705542084582,1.3412707573541665,0.8818325327744273,3.072390247104709,3.917859223106151,0.7861918642913469,-0.04841708031295716,0.7519333662866435,,,,
D,CatBoost,142,16,3,4.471668427316555,2.1094937282325756,0.7326697682539024,2.5006895931851965,4.0849650814196865,0.6138802636486398,0.17093161814140356,0.5587487780196906,,,,
D,CatBoost,147,11,3,4.131951196696224,2.0221055117001643,0.7183191336774001,2.4236886503051625,3.814501678198031,0.639451739655053,-0.24052521320220022,0.5684826682452776,,,,
D,CatBoost,148,6,3,0.41789379364421286,0.6453053651123898,0.8466261331159707,1.4680047326940968,1.6719837375869018,0.877786323286544,-0.003955031078386896,0.8098598872025619,,,,
D,CatBoost,149,12,3,1.8693979086157526,1.3622397618843334,0.8085299214302252,2.1746821267863004,3.1117305027641637,0.698350009394578,0.0758432403010751,0.6486055800823478,,,,
D,CatBoost,150,13,3,2.964264700472814,1.7014869874723233,0.8444105107385408,3.0099984020256763,4.332215016527254,0.6970578617054742,0.27015414933151083,0.6694605301286476,,,,
D,CatBoost,151,12,3,2.7590817432063672,1.6292868237026426,0.8608470719567268,3.2157855433936597,4.339444475025226,0.7456736506017428,0.28465871213075555,0.7130544303443371,,,,
D,CatBoost,152,11,3,1.8762293057546764,1.3686473684459208,0.8057989856687033,2.278123608871851,3.1125053525080335,0.7328759784013327,0.037573533395766044,0.6766822968197371,,,,
D,CatBoost,155,6,3,0.8404168352645988,0.9107246101237694,0.864645132385888,2.18609994782458,2.4865086449265714,0.8789294896667491,-0.06522619052714854,0.8196675465283269,,,,
D,CatBoost,155,9,3,3.509157999482758,1.8284943448423385,0.8024039627899491,2.8180715940200507,4.089171029834516,0.6954326739281175,-0.4802517501622156,0.6536969372257438,,,,
D,CatBoost,155,11,6,1.7352582337827789,1.279503152765222,0.8227990171860647,2.273750974061335,3.0558639696628322,0.7444755907355974,0.0883613850203963,0.6918398732838149,,,,
D,CatBoost,156,7,3,0.8663835418050808,0.9276189439020293,0.8113696908031723,1.7285567046382955,2.154347231777091,0.8039157927328597,-0.08610560771262316,0.7348188257594606,,,,
D,CatBoost,156,13,3,2.8215096804472872,1.6470032580464176,0.7389291410725164,2.176271221310327,3.218363146115331,0.6832475918175959,0.3226296590201561,0.6124249091673731,,,,
D,CatBoost,157,8,3,1.1595296040479142,1.0620151512358886,0.8675797929673487,2.3194176706323817,2.911614292806951,0.8025243734050481,-0.03967266708918254,0.7570877147189341,,,,
D,CatBoost,157,12,3,2.0691093054619025,1.4009042919273966,0.7996347991950651,2.2178581685083096,3.117037657752361,0.7167990302251251,0.030602575454693377,0.6622590046627247,,,,
D,CatBoost,158,7,3,0.7291260031516039,0.8501659579105061,0.8110681923809734,1.5801694611926698,1.9720764725631585,0.8072021484906617,-0.09218904420467412,0.7363297463404589,,,,
D,CatBoost,158,9,3,0.600121539336484,0.7688561497556714,0.8654969789576589,1.7448071594026535,2.101114737835324,0.8369315741729574,0.021355285649117667,0.7849263075514928,,,,
D,CatBoost,158,10,3,1.4674786336200407,1.2100857673371666,0.8730861610288297,2.657508028629808,3.397775253614535,0.782546626202536,0.21056400077745954,0.7458711786485139,,,,
D,CatBoost,158,11,3,2.8903835562954776,1.6715059655490865,0.860332717997854,3.4113720334851774,4.458484506987279,0.7669398854814777,0.25773256632307223,0.7273672882269354,,,,
D,CatBoost,159,8,3,3.2318852884992766,1.7949846773850326,0.8507212083072612,3.445741962929262,4.745678892746129,0.7240181281327075,-0.09599514133785499,0.6903395353012333,,,,
D,CatBoost,160,7,3,0.605288094668741,0.7534021649262437,0.8742890447332895,1.929315730927902,2.150850119410498,0.9005343868608162,0.13672568796933213,0.8483660151057189,,,,
D,CatBoost,160,11,3,2.953804174112209,1.679344027091962,0.8283741261983698,3.0676160430295867,4.152059137180717,0.7385429439382377,-0.10700292951300787,0.6907761361885152,,,,
D,CatBoost,160,12,3,2.147576707319299,1.4325543033709323,0.774638322382374,2.108202556189252,3.025431675310505,0.7184459859411171,0.2022276469753642,0.6553251394135858,,,,
D,CatBoost,161,4,3,0.37710442731774535,0.6038429341127359,0.9066707402780835,2.000376291093227,2.0300371269410777,0.9873129326188175,0.13212111651387307,0.9471257830923059,,,,
D,CatBoost,161,7,3,0.6547099331258105,0.803804341070462,0.7724770524808177,1.4543092441481644,1.7190019422976306,0.8460423692894289,0.14320660712479702,0.7484204306685237,,,,
D,CatBoost,161,12,3,5.459531509340749,2.325532142827519,0.6774369184823771,2.3840625837251723,4.100291021575704,0.587259120752341,-0.0991374295716958,0.5157151354772901,,,,
D,CatBoost,162,9,3,1.003773302752878,0.9945358630898596,0.8469910491670555,2.0608261594098694,2.5522000549851795,0.8102837538151171,0.10296734294921213,0.7580037805572739,,,,
D,CatBoost,162,13,3,2.3668515700672494,1.538158605746944,0.8298111525846513,2.8964526778801365,3.7325756588662213,0.7757624546298151,0.1804425241805523,0.7185211624801888,,,,
D,CatBoost,163,5,3,0.6245286777144272,0.7883305241135549,0.8563421380335724,1.92482347301969,2.0848327343967776,0.9218101138806062,0.16207462225396155,0.85723068514128,,,,
D,CatBoost,164,10,3,1.3913802664049768,1.179443836558402,0.818927818836037,2.134868413211485,2.780926227865775,0.7669462580938787,-0.14291328625350377,0.7059475390584969,,,,
D,CatBoost,166,16,3,1.9788705339446437,1.370823468899367,0.7466659984441667,1.9535203373407926,2.7428556457412476,0.7180563813783095,0.25396273094700955,0.6404154880595562,,,,
D,CatBoost,167,8,3,0.6851752667518708,0.8184121274051863,0.8359872977689079,1.7691956567200327,2.104161783596477,0.8423459589153349,0.1126663220400994,0.7784529851501659,,,,
D,CatBoost,167,12,3,2.114750362455856,1.4529585849802613,0.8245642432576087,2.6334129787561937,3.468587390452616,0.7590090246990037,-0.14937025838573192,0.7021197144412503,,,,
D,CatBoost,168,6,3,1.7318298263722518,1.3055245490371596,0.8719461061989553,2.8917488515738086,3.647417625034187,0.7939030711422936,-0.20038322383348137,0.753610184640768,,,,
D,CatBoost,168,14,3,1.6529325161357338,1.284794994673216,0.7957088842697381,2.1756120327278237,2.8579767857422724,0.7622254267435773,-0.13723971615891453,0.6947481107839808,,,,
D,CatBoost,169,5,3,0.37794846412076794,0.6090723288867574,0.8762228517506533,1.5148871191147109,1.726454137336619,0.8785242819451285,-0.07718273926222953,0.8268942802681583,,,,
D,CatBoost,169,11,3,1.9359824224133557,1.366830813345156,0.8149748277725433,2.335382412544353,3.170625371744135,0.7450642592105723,0.014427183003495698,0.68825343895712,,,,
D,CatBoost,169,13,3,2.138164236857701,1.4395518158615428,0.7891955444067534,2.1131165113202033,3.121038265057099,0.6804943237224922,-0.055591627832797995,0.6274742486294437,,,,
D,CatBoost,170,8,3,0.9190214932754589,0.9509539663444091,0.8193070848782312,1.7041335460479974,2.237260233020783,0.762054867399355,0.055299303476182636,0.7025751988090155,,,,
D,CatBoost,170,10,3,2.0359602453821526,1.4100288165610337,0.889569050273423,3.297221560578554,4.2539898994758225,0.776971416875312,-0.06202961789935254,0.7481431799307355,,,,
D,CatBoost,173,7,3,1.1889337864269647,1.0794728557258229,0.8979751459140202,2.717363094818797,3.3737019765502207,0.8065328021100657,-0.009761187124135531,0.7750904395791288,,,,
D,CatBoost,173,9,3,1.6173223645390955,1.2431737106520346,0.7937729815485094,2.096481404201191,2.7191064382665115,0.779943341673805,0.16785396209464265,0.7057901277511167,,,,
D,CatBoost,173,15,3,2.2201957129008942,1.4886723722762112,0.7521025944738162,1.8804812535571183,2.995365633911075,0.627161043972864,0.10033759686023369,0.5766941243657525,,,,
D,CatBoost,174,5,3,0.5503331913514664,0.7390473480084325,0.9287834226350177,2.428026034328001,2.775961532509568,0.8753773983529443,0.01952973458361043,0.8502436817583598,,,,
D,CatBoost,177,8,3,0.8169032903830628,0.8986725727604807,0.9019359748506609,2.4218480249997714,2.881545435637898,0.8404923740867014,-0.01607447530938577,0.8052526046984337,,,,
D,CatBoost,178,5,3,0.3500148090897397,0.5888049954484819,0.8386729836040944,1.4189874741571062,1.487654627857563,0.9575674760857676,-0.14994199309708214,0.8865675101291576,,,,
D,CatBoost,184,10,3,0.8315761167110418,0.89920381870615,0.9090224222177495,2.678152065630776,3.010365017124876,0.8937483720393384,-0.045079531705739105,0.8566159459161437,,,,
D,CatBoost,188,16,3,4.031966881123702,2.0019463080386317,0.7558619402372503,3.004431489489047,4.107247492559265,0.7329709088937797,-0.22865329336590676,0.6565945858086166,,,,
D,FixedRidgeLambda1,133,11,3,0.057166469473936866,0.23831195675007363,0.9924076888985431,2.7877777714651537,2.821842969093952,0.9883995574911894,0.06572024297728457,0.9850954380524968,,,,
D,FixedRidgeLambda1,140,10,3,0.11065040157164424,0.3317416715673153,0.9926802765537076,3.9010757696583718,3.917859223106151,0.9957229039591078,-0.03928265450273754,0.9924411800687869,,,,
D,FixedRidgeLambda1,142,16,3,0.12321515613750038,0.34541603392365844,0.9927801632871232,4.100802127982405,4.0849650814196865,1.0041283504882783,0.021137597475575864,1.0005976545413746,,,,
D,FixedRidgeLambda1,147,11,3,0.06235106402630617,0.2488225145548045,0.9956055948766814,3.87490062678474,3.814501678198031,1.0146319926717504,-0.055287105245706326,1.0129193542325667,,,,
D,FixedRidgeLambda1,148,6,3,0.032110275916314,0.17555087905741865,0.9888191949537358,1.6855010688684189,1.6719837375869018,1.0104458524951525,-0.00866818748079043,1.0057111441094755,,,,
D,FixedRidgeLambda1,149,12,3,0.12688903164585094,0.35306046479479164,0.9870568675070629,3.288431497277386,3.1117305027641637,1.055792408289945,-0.07705956978432198,1.0517217574254252,,,,
D,FixedRidgeLambda1,150,13,3,0.08486833760275818,0.2890561853826052,0.9950805935701427,4.328964073459159,4.332215016527254,0.999958960845366,0.18104236294190565,0.9985237443920223,,,,
D,FixedRidgeLambda1,151,12,3,0.054412388276303826,0.2320798903228416,0.9968055964932648,4.3463989816917055,4.339444475025226,1.0016020439802238,0.0655227016984684,1.000131871451066,,,,
D,FixedRidgeLambda1,152,11,3,0.0724091777916905,0.26279102091928513,0.9922451216003515,3.2117887070790494,3.1125053525080335,1.0325132478211534,0.08729599352970147,1.0300008222044086,,,,
D,FixedRidgeLambda1,155,6,3,0.0599921150018152,0.24274230050545187,0.9904251150950457,2.598791651228252,2.4865086449265714,1.0451521866694036,-0.1256971886826248,1.0427973151438172,,,,
D,FixedRidgeLambda1,155,9,3,0.08477250775924546,0.28815251357607785,0.9950168857161928,3.959036459434359,4.089171029834516,0.9687546020447693,-0.18017954617995546,0.9677405836624358,,,,
D,FixedRidgeLambda1,155,11,6,0.1452113992134032,0.3796599280944352,0.9813687737188403,2.9768267859997533,3.0558639696628322,0.9806098186796285,-0.012391370915253302,0.9724663938055054,,,,
D,FixedRidgeLambda1,156,7,3,0.09023269815998443,0.29797374124636106,0.9798172294072917,2.1782890140796742,2.154347231777091,1.0080362780068732,-0.03755794323226397,0.9988448620642122,,,,
D,FixedRidgeLambda1,156,13,3,0.13336027465742106,0.348250320492763,0.9847394552555976,3.1930769993877153,3.218363146115331,0.9889608173900465,0.17209982843356378,0.9841119023732263,,,,
D,FixedRidgeLambda1,157,8,3,0.11521124937192795,0.33572435240528103,0.9857445060600324,2.9480963650662857,2.911614292806951,1.0136980451526032,0.07408155066482756,1.0072651130649788,,,,
D,FixedRidgeLambda1,157,12,3,0.10099517522938613,0.31313605769960934,0.9899954894884694,3.0023196667603176,3.117037657752361,0.9647147363622163,-0.009357561729564734,0.9605149298395673,,,,
D,FixedRidgeLambda1,158,7,3,0.037648422548935634,0.19104272373295836,0.9902732809088932,1.8774315179165495,1.9720764725631585,0.9511298180678179,-0.07567400525565317,0.948465253385482,,,,
D,FixedRidgeLambda1,158,9,3,0.09708650329993053,0.31085754448289554,0.9774951711318556,2.13880171924459,2.101114737835324,1.0198972962999673,-0.08467748476855617,1.0099238905110857,,,,
D,FixedRidgeLambda1,158,10,3,0.059854603673009564,0.24402008776303605,0.9948227904444314,3.3260352153865544,3.397775253614535,0.9789055029416449,-0.04793126562837816,0.9767389147229908,,,,
D,FixedRidgeLambda1,158,11,3,0.07477954882554516,0.26803483538397627,0.996348669724981,4.383332908443454,4.458484506987279,0.9841057523677126,0.0931628413476036,0.9827790568761657,,,,
D,FixedRidgeLambda1,159,8,3,0.08562514075907544,0.29144449080775076,0.9961569143855312,4.497893662541378,4.745678892746129,0.9477004487600462,-0.025053619158975766,0.9472007053753847,,,,
D,FixedRidgeLambda1,160,7,3,0.05954464331143703,0.2395435554410953,0.9874963807382797,2.122043243395976,2.150850119410498,0.9861970093469502,0.025534892501587872,0.9802927463718962,,,,
D,FixedRidgeLambda1,160,11,3,0.1725673954465099,0.41479661543480645,0.9897332813817606,4.304291195598768,4.152059137180717,1.0375718242665992,0.0482536228101716,1.03342933317013,,,,
D,FixedRidgeLambda1,160,12,3,0.0934992781749505,0.3017757797882403,0.9894923459016289,2.9540546866243056,3.025431675310505,0.9794626172373988,0.079412203059684,0.9749510376407658,,,,
D,FixedRidgeLambda1,161,4,3,0.03648696679651133,0.1872630122012533,0.9909424613893072,2.1858787600551657,2.0300371269410777,1.0771444647392863,0.0154181733289047,1.0758673358086297,,,,
D,FixedRidgeLambda1,161,7,3,0.07280825884666937,0.269054021930426,0.9754874422784793,1.8133121347368615,1.7190019422976306,1.0545348227244606,-0.015950601425863468,1.0446422349657982,,,,
D,FixedRidgeLambda1,161,12,3,0.0816952513080416,0.28465026503946095,0.9949469133119576,3.9456134770146867,4.100291021575704,0.9626710810185779,-0.016763430566146535,0.9609423106432837,,,,
D,FixedRidgeLambda1,162,9,3,0.08646899845310234,0.29219051628930526,0.986597904389368,2.5290881998367385,2.5522000549851795,0.9914963430627949,0.036659781646721505,0.985648546940406,,,,
D,FixedRidgeLambda1,162,13,3,0.15996012474226287,0.39677174891094674,0.988648933246516,3.7973582903555774,3.7325756588662213,1.017282669400091,0.1063154727699463,1.012326569747137,,,,
D,FixedRidgeLambda1,163,5,3,0.031102497751498,0.17567078085262447,0.9926032143918669,2.1091993408675727,2.0848327343967776,1.0113051925754888,0.08938846472416702,1.008611371682649,,,,
D,FixedRidgeLambda1,164,10,3,0.05346975283766397,0.22870169913678426,0.993060762620015,2.894844995432784,2.780926227865775,1.0398111824496794,-0.0470354301772003,1.0374936048205008,,,,
D,FixedRidgeLambda1,166,16,3,0.11608927173917949,0.3316398748978285,0.9852239759695293,2.64119799049498,2.7428556457412476,0.9636776492057413,0.1489751060958903,0.9590363919145597,,,,
D,FixedRidgeLambda1,167,8,3,0.05618268444091346,0.2340424571878674,0.9873314139329361,2.120244191655227,2.104161783596477,1.0082274694665525,0.058607515579301335,1.0025315669473664,,,,
D,FixedRidgeLambda1,167,12,3,0.1357098054087267,0.3676329857348349,0.9886951117065902,3.5404528119124143,3.468587390452616,1.0207546538613839,0.16820370932078554,1.0165697426798335,,,,
D,FixedRidgeLambda1,168,6,3,0.0351814420605051,0.18362016090681463,0.9973723346893947,3.626176300498777,3.647417625034187,0.9938705527610291,0.09697273487504321,0.9929872350345641,,,,
D,FixedRidgeLambda1,168,14,3,0.09528927519600978,0.3066234347146219,0.9883982325363623,2.8747344517929303,2.8579767857422724,1.0059014034337137,0.08149481804747154,1.00095853918689,,,,
D,FixedRidgeLambda1,169,5,3,0.03526628772293697,0.17985525982858486,0.9887558997046574,1.7412413044025976,1.726454137336619,1.0084851640370058,0.0933840709099168,1.0052444397469813,,,,
D,FixedRidgeLambda1,169,11,3,0.09452612973597109,0.3049297245590332,0.9895382782657425,3.0717948391849332,3.170625371744135,0.9700109902754165,0.0503320182370001,0.9654102161847405,,,,
D,FixedRidgeLambda1,169,13,3,0.13259676628494368,0.3605193668598717,0.9854077698410862,3.1493674752638428,3.121038265057099,1.0088625437225602,-0.0878311040986028,1.0022638633307797,,,,
D,FixedRidgeLambda1,170,8,3,0.048273455661717334,0.2169086554785936,0.9905554219329712,2.1307376116134455,2.237260233020783,0.9521909791089128,-0.04850656941446163,0.948933653807658,,,,
D,FixedRidgeLambda1,170,10,3,0.16475145799701843,0.39671812411377316,0.9909362067667647,4.121191534103564,4.2539898994758225,0.9687892800702307,-0.007270808459602701,0.9647901390801535,,,,
D,FixedRidgeLambda1,173,7,3,0.025353029688335468,0.15846109353871696,0.9977902012039074,3.4020543587883307,3.3737019765502207,1.008749600849005,0.011827896476581565,1.0077735483105306,,,,
D,FixedRidgeLambda1,173,9,3,0.05204037503611331,0.22541499262223808,0.9923506800679269,2.6741931567287724,2.7191064382665115,0.9855193768556053,0.007271410038435566,0.9820170088731226,,,,
D,FixedRidgeLambda1,173,15,3,0.11561777157479376,0.3364405849175671,0.9870518783249173,2.883044460955091,2.995365633911075,0.9620416509458405,-0.025341564495515834,0.9565596548089191,,,,
D,FixedRidgeLambda1,174,5,3,0.027549795399492833,0.16056018866242533,0.9963878036578254,2.817202090942074,2.775961532509568,1.0149970908040358,0.020195139096742466,1.0134341402180023,,,,
D,FixedRidgeLambda1,177,8,3,0.050816855771984894,0.2246449954633992,0.9938505086502566,2.9813707976951496,2.881545435637898,1.0346322577895057,0.11655398750180306,1.0329938844687085,,,,
D,FixedRidgeLambda1,178,5,3,0.03426308991734107,0.18419939500252203,0.9836058135155622,1.552405720318365,1.487654627857563,1.0448312523807781,-0.09445175506884702,1.0408284556847909,,,,
D,FixedRidgeLambda1,184,10,3,0.0550235056230047,0.23385429707585462,0.9936874131749628,3.0513610787331538,3.010365017124876,1.0141702932876422,-0.013371659391622838,1.0113747180341794,,,,
D,FixedRidgeLambda1,188,16,3,0.1075739750147741,0.32659856141942756,0.9936729095790868,4.197237372272337,4.107247492559265,1.0214508269420841,0.04124369663105793,1.0186561696732859,,,,
D,KNN,133,11,3,3.0172656901679904,1.7060101854905148,0.6371715032558963,1.8423059892908469,2.821842969093952,0.6684671327640591,0.10507399854128176,0.5497215956559901,,,,
D,KNN,140,10,3,4.189594838581862,2.043189900313809,0.7256231920885364,2.556497741005487,3.917859223106151,0.6537477561981966,-0.507314803709293,0.5874592397541819,,,,
D,KNN,142,16,3,7.799412006655769,2.7887040860068644,0.5332886037281542,2.395815717800195,4.0849650814196865,0.5872992987215907,0.20608658665419688,0.44394657764206374,,,,
D,KNN,147,11,3,5.6776859350392685,2.3752529934785382,0.6124840902552131,2.195948105244953,3.814501678198031,0.5795807319006921,-0.010931510363321498,0.4782103118043435,,,,
D,KNN,148,6,3,0.5823889411448813,0.7562435320635333,0.7938450826290895,1.3775287627599344,1.6719837375869018,0.8297104333440318,0.022653580690038904,0.7447003778649172,,,,
D,KNN,149,12,3,3.185658338417536,1.774193693249706,0.6738785586442347,1.8744188118482608,3.1117305027641637,0.603068265143405,0.0007149545495586674,0.5195173538254219,,,,
D,KNN,150,13,3,6.45856544600824,2.5333371627893135,0.6545954158571443,2.5152259459843447,4.332215016527254,0.5870215709963121,-0.32459531818627346,0.5045700649532741,,,,
D,KNN,151,12,3,6.178260756818561,2.4599441387980203,0.6783904681307703,2.6762978634274623,4.339444475025226,0.6251945076493217,-0.1987031215885261,0.5440427203674285,,,,
D,KNN,152,11,3,4.335422688629317,2.07557089380743,0.5480314079338134,2.105720325662062,3.1125053525080335,0.6775360066012212,0.30527521404998004,0.5200471997881966,,,,
D,KNN,155,6,3,1.1909917963287449,1.0892551164408004,0.8073799554084188,1.8675097530534106,2.4865086449265714,0.7527455036764438,0.11715624235446968,0.6894786587134751,,,,
D,KNN,155,9,3,4.139469308084871,1.9916547915629617,0.765124177155331,2.908800553287301,4.089171029834516,0.721726981420905,-0.42575510169740965,0.6591942395112933,,,,
D,KNN,155,11,6,2.826556461607721,1.6550843914021762,0.691948095472296,1.9645906619089484,3.0558639696628322,0.6360245839845408,0.16523899907971265,0.557291469148966,,,,
D,KNN,156,7,3,1.180367114391711,1.0858656986894286,0.7367574304800094,1.5204245792617634,2.154347231777091,0.7006047588245766,-0.0301673017934045,0.6214935214368519,,,,
D,KNN,156,13,3,3.7720686750620867,1.9057558070901637,0.6507315241251092,2.1914208744213846,3.218363146115331,0.6928522676092591,0.31810246431868544,0.5737000765540782,,,,
D,KNN,157,8,3,2.244182157194204,1.4904767152820086,0.7340893543437845,2.1850117006756227,2.911614292806951,0.7605491688257157,-0.259443186448735,0.6669546536877032,,,,
D,KNN,157,12,3,3.5474722672959462,1.8738497796058067,0.637300877464129,2.01041158663569,3.117037657752361,0.6492998332589134,-0.08581432972021925,0.5469220514668419,,,,
D,KNN,158,7,3,1.3338642942905425,1.1513898961205986,0.6562188130746976,1.2531409132124558,1.9720764725631585,0.6412554831216696,-0.1206258404004464,0.5383912268574044,,,,
D,KNN,158,9,3,1.2951713660540753,1.128147960313193,0.7128901191724383,1.5446296699617417,2.101114737835324,0.7432338553753426,0.2720731555469762,0.6441608075968982,,,,
D,KNN,158,10,3,3.1180822284971406,1.7594104220985107,0.7311233381289295,2.3320149363711713,3.397775253614535,0.6868876290297418,0.31402340173674065,0.6072922550779039,,,,
D,KNN,158,11,3,4.612171171027917,2.125838375133046,0.774042603486658,3.203536670814264,4.458484506987279,0.7221020651374225,0.36977180805613763,0.6545550173391602,,,,
D,KNN,159,8,3,5.69503044345671,2.380481140162974,0.747661599561162,2.923564149970123,4.745678892746129,0.6164712756568208,-0.04354371724500076,0.5672045157818761,,,,
D,KNN,160,7,3,1.0975201923726399,1.0417395977049273,0.7656663340559758,1.7905845720847757,2.150850119410498,0.8329094269616927,0.18479694519273995,0.7353800702375205,,,,
D,KNN,160,11,3,5.338889941433304,2.295954445080841,0.689973971576397,2.511044719359388,4.152059137180717,0.6060148424408781,-0.12108488716166049,0.5327495598912622,,,,
D,KNN,160,12,3,3.650433424739111,1.8764534938410298,0.6106712045351711,1.9590357607608215,3.025431675310505,0.6838832220692866,0.4442951336664829,0.5675208169417314,,,,
D,KNN,161,4,3,0.7279368528347545,0.849604215478564,0.8199773934703023,1.800047024023031,2.0300371269410777,0.8890685073031395,0.0942763483057507,0.8128764676072143,,,,
D,KNN,161,7,3,0.9918068724535409,0.9939973843215605,0.6635941767985912,1.3429831919876525,1.7190019422976306,0.7801449118513855,0.2225122471563392,0.6471634056290617,,,,
D,KNN,161,12,3,9.270467850439244,3.0347537416888906,0.4499280163865113,1.9401427972696201,4.100291021575704,0.4811506841791601,-0.2185924443668222,0.35095256032729544,,,,
D,KNN,162,9,3,2.1465397179956507,1.4645148112739186,0.6697362967389626,1.676081223196934,2.5522000549851795,0.6579095212323199,-0.001634452417445938,0.5542892696266878,,,,
D,KNN,162,13,3,3.9642321610335003,1.9908953734209376,0.714387969495739,2.4547079071310747,3.7325756588662213,0.6579491112155432,-0.053121783777091904,0.5742176598186147,,,,
D,KNN,163,5,3,0.9226554762278322,0.9605436558893145,0.784414977322859,1.7212680984694462,2.0848327343967776,0.8279525200163391,0.09211914884219417,0.7420964168445113,,,,
D,KNN,164,10,3,3.198760441779237,1.7813205402105645,0.5879518930695704,1.7896314893163519,2.780926227865775,0.6428656292281957,-0.33703928486708495,0.5097031316137995,,,,
D,KNN,166,16,3,2.5768009640644327,1.5934858391555593,0.6629924660014989,1.753395750162431,2.7428556457412476,0.6422942708331247,0.3174053748882662,0.5482968911899759,,,,
D,KNN,167,8,3,1.3839248383269576,1.1746187720328116,0.6764094309745775,1.6046183505224463,2.104161783596477,0.7659486245578006,0.1833981251873469,0.6404794552752596,,,,
D,KNN,167,12,3,4.05823360950799,2.0110591498082795,0.6632019465826463,2.309894304048225,3.468587390452616,0.6661821294046818,-0.4319522096643229,0.5615750847390363,,,,
D,KNN,168,6,3,3.304881971153376,1.802998832088371,0.7545329647903586,2.4727543362716142,3.647417625034187,0.6780431498028606,-0.2510551944094521,0.6095996301106473,,,,
D,KNN,168,14,3,3.1684731911298236,1.7788932206638186,0.6102318778675174,1.8479082869906822,2.8579767857422724,0.6468063596273933,-0.16075972928718849,0.5180610449316608,,,,
D,KNN,169,5,3,0.7741146595480476,0.8793187754734898,0.7383685853141092,1.24523585002682,1.726454137336619,0.7234048910371081,-0.14116792114040086,0.6358489622535971,,,,
D,KNN,169,11,3,5.268964960598519,2.280499012758701,0.47732299498039993,1.7336766117660243,3.170625371744135,0.5537236166923676,0.24068559820734328,0.4002019688395744,,,,
D,KNN,169,13,3,3.525376309987814,1.87119696661716,0.6346720587745304,2.0896311227943207,3.121038265057099,0.6739640349740399,-0.156634629743569,0.5466097784225165,,,,
D,KNN,170,8,3,1.3384049551547228,1.1564119835105202,0.7322229722767668,1.4783502019038501,2.237260233020783,0.6604953215456498,-0.10140978999574975,0.586903400426738,,,,
D,KNN,170,10,3,6.078180244167726,2.464837160724485,0.6595044604853207,2.7249365042907527,4.2539898994758225,0.6414470730135409,0.32502721749709707,0.5411194080233145,,,,
D,KNN,173,7,3,3.010217109544776,1.7334761890846548,0.7341117352070041,2.201395585326629,3.3737019765502207,0.6538065972228181,-0.02420139466439583,0.5811758343798115,,,,
D,KNN,173,9,3,3.0996477925187995,1.73418461408733,0.5958072786891799,1.5826734307131505,2.7191064382665115,0.5887197441224811,0.09520036826760192,0.47435012762510015,,,,
D,KNN,173,15,3,3.375445534351829,1.8336232608901177,0.6224265041994507,1.854850904212137,2.995365633911075,0.6185187198016301,0.2984532130897349,0.5152337237811326,,,,
D,KNN,174,5,3,1.4064545517313276,1.1851541125033622,0.8171091642431983,2.0976122044327616,2.775961532509568,0.755833776430887,0.07106767459213563,0.6972913737356752,,,,
D,KNN,177,8,3,1.666880959318199,1.2903473567092234,0.7995389951561477,2.0694781374832574,2.881545435637898,0.7186767057978646,-0.026330400773647133,0.6586394792733761,,,,
D,KNN,178,5,3,0.597998400191407,0.7684350672842916,0.7317665237908137,1.2743627430741327,1.487654627857563,0.8612270092044952,-0.07626889646902431,0.7439891653902401,,,,
D,KNN,184,10,3,2.2050954240297505,1.484541815540408,0.7519670446105445,2.224615015005495,3.010365017124876,0.7391290678835575,-0.029020663476254097,0.6492553777575343,,,,
D,KNN,188,16,3,4.957070921805172,2.2237350444391883,0.7054728893751744,2.7368834926929213,4.107247492559265,0.666168818485989,-0.2801943439294564,0.5797740798064898,,,,
D,LightGBM,133,11,3,2.009643015184636,1.4163514016310244,0.7342075555052127,2.4472805983243164,2.821842969093952,0.8759252854086852,-0.21460790456645865,0.7597535118160369,,,,
D,LightGBM,140,10,3,1.886083173873298,1.372502266457648,0.876959707205399,3.6448127159489374,3.917859223106151,0.9329473490781912,0.09390258840060779,0.8769558150900901,,,,
D,LightGBM,142,16,3,3.499115468469833,1.867189715231449,0.7913201770548083,3.5441773661725464,4.0849650814196865,0.868211643415172,0.1592744832552194,0.7763991206359838,,,,
D,LightGBM,147,11,3,3.555159141190744,1.8843499063661284,0.7538854000193244,3.0337789656461744,3.814501678198031,0.7982101571875058,-0.2196105866631388,0.6985450713299871,,,,
D,LightGBM,148,6,3,0.6366693961293686,0.7957150126510631,0.7731385796787206,1.7021906657965673,1.6719837375869018,1.0194691413837342,-0.014986711667190062,0.9104424939844225,,,,
D,LightGBM,149,12,3,1.9569130650973106,1.3973361787736696,0.7967284484297873,2.49081516830988,3.1117305027641637,0.8016423834558407,0.13743591659933227,0.7225991266630332,,,,
D,LightGBM,150,13,3,2.5955303251496096,1.5969428443997185,0.8641553985833196,3.7895080667336907,4.332215016527254,0.8745163998293036,0.3086679022764246,0.8198896709820603,,,,
D,LightGBM,151,12,3,3.2409572937237865,1.7705578383611893,0.8353354800987073,3.729409652076598,4.339444475025226,0.8717643693318937,0.2234558077709046,0.8038763098084672,,,,
D,LightGBM,152,11,3,1.7746817134179693,1.3289472209610957,0.8167886604340708,2.791937796745232,3.1125053525080335,0.8987908568475685,0.1390103657374077,0.8210763029323597,,,,
D,LightGBM,155,6,3,1.3389191396780893,1.1526552415202884,0.7837026821985456,2.368541635847729,2.4865086449265714,0.9536665543688126,-0.10192272821281488,0.850375534477214,,,,
D,LightGBM,155,9,3,2.9251432711837175,1.6952374339680205,0.8285238324817968,3.3572759270268047,4.089171029834516,0.8294826577061573,-0.40677963916393406,0.7667317017120286,,,,
D,LightGBM,155,11,6,1.8745979920402203,1.329356954171425,0.808099465211936,2.6877601040568844,3.0558639696628322,0.8813880849703729,0.11198446587047657,0.7963441143638582,,,,
D,LightGBM,156,7,3,0.9454017490595809,0.9689550763842933,0.7894685767592025,2.1692692116206955,2.154347231777091,1.0074296412157795,-0.026613589477636767,0.9076032636969978,,,,
D,LightGBM,156,13,3,2.545479234272599,1.5910996621203537,0.7432336027786696,2.9050224092320054,3.218363146115331,0.9142430532692515,0.30061576140349217,0.7979782685161263,,,,
D,LightGBM,157,8,3,1.3126943549203758,1.1310122751320952,0.8432037300368177,2.7227417747784948,2.911614292806951,0.9437056286471543,0.07279772548598273,0.8690423174044435,,,,
D,LightGBM,157,12,3,2.0698715407718518,1.4244007620530637,0.7913489641506911,2.6499910444445836,3.117037657752361,0.8602126870836658,0.07885931606330242,0.7705658529205511,,,,
D,LightGBM,158,7,3,0.9358989094961623,0.9662461965462287,0.754992321410381,1.9250730480998939,1.9720764725631585,0.9851270609967449,-0.014208966109736099,0.8691163970799857,,,,
D,LightGBM,158,9,3,0.8256086661167038,0.9059075581108319,0.8072943751518461,2.0911650162849975,2.101114737835324,1.0018779349457183,-0.05274104905578017,0.912020764875923,,,,
D,LightGBM,158,10,3,1.7660778992880068,1.3248105792216414,0.8474967931736423,2.9373833916752763,3.397775253614535,0.8644536912034929,0.2968175282024089,0.8031542038859786,,,,
D,LightGBM,158,11,3,2.4866746300087876,1.5691989921649991,0.8763130009574897,3.9909639368906107,4.458484506987279,0.8988385144434564,0.373791904476509,0.8490063053356778,,,,
D,LightGBM,159,8,3,3.67411908907398,1.9072219940027058,0.8296234976084195,3.9447086725515637,4.745678892746129,0.8299682706680974,0.01045575422519233,0.7654364203562894,,,,
D,LightGBM,160,7,3,0.7623397727853956,0.8629186755628976,0.8386648648231733,1.9961030007083218,2.150850119410498,0.9322411487776296,0.10352304721586336,0.8598757183701826,,,,
D,LightGBM,160,11,3,2.881360467435789,1.689683294339712,0.8321201694833648,3.7122722881935766,4.152059137180717,0.8932300160504573,-0.12432503343045519,0.8194754602874911,,,,
D,LightGBM,160,12,3,2.144869641079746,1.4504442511620583,0.7562906788556316,2.490806185081945,3.025431675310505,0.8504687390068749,0.2380084433245493,0.7523194653643737,,,,
D,LightGBM,161,4,3,0.5853762706143009,0.760794749646875,0.8594215750451092,2.1196706747857155,2.0300371269410777,1.0456430161383934,0.15649286015455077,0.9815929829458906,,,,
D,LightGBM,161,7,3,0.9746564889887265,0.98284434737758,0.6591992208557463,1.6837753482086848,1.7190019422976306,0.9779818938893934,0.04052478991824983,0.8085014439651506,,,,
D,LightGBM,161,12,3,3.9511686419635983,1.9852692628238968,0.7602414830965772,3.0459794194535212,4.100291021575704,0.7472549419583013,-0.11865628200967375,0.6630809434893913,,,,
D,LightGBM,162,9,3,1.028250057489361,1.0093118603483464,0.8420777339306876,2.2881511917845403,2.5522000549851795,0.89833705334422,0.155294702142353,0.8315586510834158,,,,
D,LightGBM,162,13,3,2.2917131272162563,1.5092374346705502,0.8365132355396497,3.128455868630544,3.7325756588662213,0.838676071353607,0.2306410970338889,0.7745773350837922,,,,
D,LightGBM,163,5,3,1.053751035040571,1.0251935448804483,0.757205859736518,2.0321149684289064,2.0848327343967776,0.9745650148499957,0.13413912627730637,0.8596067416696479,,,,
D,LightGBM,164,10,3,1.1769916290665596,1.0844015585127715,0.8472434814763017,2.422411099183705,2.780926227865775,0.8674571846343181,-0.2123951211067767,0.8062209259018465,,,,
D,LightGBM,166,16,3,1.6243413112622413,1.2627642257603433,0.785398368823869,2.448220790117928,2.7428556457412476,0.8996378313590071,0.1106598666769697,0.8092911933673489,,,,
D,LightGBM,167,8,3,0.9538327628738913,0.9733050990253146,0.780457262124961,1.945585505788804,2.104161783596477,0.9253156254324096,0.32239243576151516,0.8352656842605765,,,,
D,LightGBM,167,12,3,2.0511616207750016,1.4320023982447794,0.8294749066312415,3.035116392732988,3.468587390452616,0.8754431820198305,-0.22598261047497759,0.801311461224493,,,,
D,LightGBM,168,6,3,1.589532452783457,1.2577057772461846,0.8812659487581355,3.185538650791256,3.647417625034187,0.8755778457150099,-0.10456621571898213,0.8284416949561209,,,,
D,LightGBM,168,14,3,1.6742197023653282,1.2880502956399398,0.7919375277922965,2.435704774178891,2.8579767857422724,0.8525069582069406,-0.0525246798814197,0.7682910120697457,,,,
D,LightGBM,169,5,3,0.5441007527441885,0.7373297110350437,0.8150348203711312,1.6832161882417076,1.726454137336619,0.9779019429349706,-0.0954918005499872,0.8900463736525864,,,,
D,LightGBM,169,11,3,1.8284376029085172,1.3390947448226356,0.8216159399376824,2.805321937767271,3.170625371744135,0.8965146215775378,0.0454293335881896,0.8176877425464647,,,,
D,LightGBM,169,13,3,2.0658706991731774,1.4320041428056758,0.7862258276959652,2.5771144427103194,3.121038265057099,0.8260101758439751,-0.0265159315902196,0.7344013496944112,,,,
D,LightGBM,170,8,3,1.0252845852548875,1.0028192716973001,0.7986629213577422,1.9896406710988808,2.237260233020783,0.8908514625244859,0.04297024934152709,0.799106683135852,,,,
D,LightGBM,170,10,3,2.1093273387575517,1.4493433900872297,0.8815906794727884,3.7689886269516726,4.2539898994758225,0.8872893636928354,-0.07128781417394132,0.8376956626270838,,,,
D,LightGBM,173,7,3,1.791438573380297,1.3133771468947735,0.8463912939133204,3.029547017214687,3.3737019765502207,0.8995098467188739,-0.08469494344844619,0.8302111472846941,,,,
D,LightGBM,173,9,3,1.781984971707278,1.3346871972811265,0.7464509364711173,2.618745671120109,2.7191064382665115,0.9725174619797422,0.07063191483181423,0.8501358502323262,,,,
D,LightGBM,173,15,3,1.625338325505539,1.2738418523885349,0.818078651830037,2.3049755351249543,2.995365633911075,0.7683602492945233,-0.07338259041200053,0.707713125444089,,,,
D,LightGBM,174,5,3,1.2308246560385163,1.1080545519212366,0.8405926575847363,2.6036878598854147,2.775961532509568,0.9384121452241833,0.04470081426725467,0.8625685957831465,,,,
D,LightGBM,177,8,3,1.023570670593284,1.0075421686000692,0.8767762676460878,2.798894564099669,2.881545435637898,0.9714550477938486,0.036859074707181035,0.9127378330198227,,,,
D,LightGBM,178,5,3,0.5719011657579287,0.7524174208513353,0.7192676538640227,1.5925426586111298,1.487654627857563,1.0753724243777347,-0.22187132758985295,0.9596479982433235,,,,
D,LightGBM,184,10,3,1.4350583364628653,1.1876762057806578,0.8408666994251609,2.8358840141310075,3.010365017124876,0.9432419866817638,0.07301985973368103,0.8684589188933671,,,,
D,LightGBM,188,16,3,3.7855460916569394,1.9446526170043317,0.772428571005971,3.4963154726261707,4.107247492559265,0.8512131842507173,-0.28275845728880916,0.755568749325545,,,,
D,LinearRegression,133,11,3,0.0555930504411134,0.23434784721019844,0.992658322907403,2.8114914932466974,2.821842969093952,0.9966780129534162,0.06738332138981223,0.9934546806527119,,,,
D,LinearRegression,140,10,3,0.10909255846422676,0.32947183564215704,0.9927786768003223,3.9268184463256226,3.917859223106151,1.0022767898430753,-0.03886079565480596,0.9990420926782079,,,,
D,LinearRegression,142,16,3,0.1283789573079781,0.352763441582266,0.9924747159572912,4.135266867402268,4.0849650814196865,1.012520544624463,0.01616585718517757,1.0088938710134638,,,,
D,LinearRegression,147,11,3,0.06816209731904857,0.2606763485102903,0.9952600076679562,3.9105657962068316,3.814501678198031,1.0239445109176788,-0.05426353930988223,1.0222569040502316,,,,
D,LinearRegression,148,6,3,0.03215875256211943,0.17589655732067766,0.9887419481687316,1.6960244305031906,1.6719837375869018,1.0167172134613531,-0.008393565190945534,1.0120219942097657,,,,
D,LinearRegression,149,12,3,0.1382046906963729,0.3682844781606653,0.9859339457508898,3.312533611774515,3.1117305027641637,1.063531814984133,-0.078560262521611,1.059391087908388,,,,
D,LinearRegression,150,13,3,0.0875340048680754,0.2932668580205437,0.9948990951033688,4.359030214374766,4.332215016527254,1.006884610352375,0.18413919888758604,1.0054201237842084,,,,
D,LinearRegression,151,12,3,0.0570355554465919,0.2379647438517194,0.9966660252393034,4.372652808575813,4.339444475025226,1.007635021059609,0.06658803271014826,1.0061236090142038,,,,
D,LinearRegression,152,11,3,0.08187181129403841,0.2795884436493143,0.9912334770910114,3.2423621556300337,3.1125053525080335,1.0423548547409822,0.08895426867410909,1.039767634217062,,,,
D,LinearRegression,155,6,3,0.06589824113729496,0.2543392518317122,0.9894870000458597,2.6186176223210844,2.4865086449265714,1.0531221721189337,-0.12781259225918182,1.0507409494729865,,,,
D,LinearRegression,155,9,3,0.07848011001411107,0.27758374427284804,0.9953546442665945,3.984019294621117,4.089171029834516,0.974836399027153,-0.17789136475342401,0.9737979339880422,,,,
D,LinearRegression,155,11,6,0.14364075442126742,0.3774038736054084,0.981362594099687,2.9942797679270634,3.0558639696628322,0.98635668425771,-0.013293310246609001,0.9781227202480812,,,,
D,LinearRegression,156,7,3,0.09222974683149064,0.3015759122026736,0.9795025501551352,2.1922300194516144,2.154347231777091,1.014439287335964,-0.0373707814802649,1.0051714671277932,,,,
D,LinearRegression,156,13,3,0.13557540864009263,0.3523156208439349,0.9845943645291347,3.216010799471823,3.218363146115331,0.995966593128101,0.1706184679575906,0.9910356849467391,,,,
D,LinearRegression,157,8,3,0.11665572102048365,0.3376441827839594,0.9855447647502333,2.9655232039490826,2.911614292806951,1.0196691259829944,0.07895903413776516,1.0133018214656329,,,,
D,LinearRegression,157,12,3,0.09876962653471429,0.31004315196294635,0.9901748044416282,3.0253611114900454,3.117037657752361,0.9721239306060516,-0.0071257944644856665,0.9678031861014823,,,,
D,LinearRegression,158,7,3,0.0345035505493508,0.18266244058192704,0.9911196589182811,1.8924412976892284,1.9720764725631585,0.9587436543646053,-0.07435435996178118,0.9561230663301737,,,,
D,LinearRegression,158,9,3,0.09795020987633977,0.3121996500798732,0.9772476391743045,2.1500130296109723,2.101114737835324,1.0252148336927116,-0.08487328135246393,1.0152398213338805,,,,
D,LinearRegression,158,10,3,0.05762812358338084,0.2395730237483781,0.9950172742683524,3.3453736998380443,3.397775253614535,0.9845909601092405,-0.05044022368694381,0.9824272494149686,,,,
D,LinearRegression,158,11,3,0.07146238563184457,0.2636112538887854,0.9964700000451411,4.409694561726985,4.458484506987279,0.9899779586076831,0.09204901526071067,0.9886286733247651,,,,
D,LinearRegression,159,8,3,0.06991535704260902,0.2631942018861064,0.996860905815273,4.527981974673781,4.745678892746129,0.9540358497634355,-0.021641946592603035,0.9535697183941642,,,,
D,LinearRegression,160,7,3,0.05884793551070944,0.23795328670414628,0.9876514454223612,2.1334413911204866,2.150850119410498,0.9914888734143378,0.024878470392762867,0.985589218660123,,,,
D,LinearRegression,160,11,3,0.18681722575548973,0.4318611755168343,0.9888642125056895,4.337860907204273,4.152059137180717,1.0456786890290528,0.05049929887794866,1.0414528849229485,,,,
D,LinearRegression,160,12,3,0.0891707649077097,0.295215169963782,0.9898330341836584,2.9757174182935517,3.025431675310505,0.9865007068730572,0.07727114367707606,0.9820247419514291,,,,
D,LinearRegression,161,4,3,0.04029116107485933,0.19725154192479458,0.9900187707989315,2.1984589489818283,2.0300371269410777,1.08334674106314,0.012286804908905933,1.0820785652128961,,,,
D,LinearRegression,161,7,3,0.07563534488191358,0.2742563774868819,0.9745257127889086,1.8247899814059358,1.7190019422976306,1.061201434469278,-0.017035968150540263,1.0512468305058607,,,,
D,LinearRegression,161,12,3,0.0694922605228947,0.26249323174650935,0.9956645510527946,3.9827845188547677,4.100291021575704,0.9717126776917772,-0.0171633494643597,0.9700416694987984,,,,
D,LinearRegression,162,9,3,0.08576507127086747,0.2908038591155317,0.9866856700410988,2.547507461846758,2.5522000549851795,0.9987156286133135,0.035022297171012136,0.9928590017107215,,,,
D,LinearRegression,162,13,3,0.16410620569402593,0.4017287514712151,0.9883622290040944,3.819828126651197,3.7325756588662213,1.0233081682874583,0.10635355030947169,1.0183414353020286,,,,
D,LinearRegression,163,5,3,0.031409712934999334,0.17662339608021035,0.9925310669519282,2.1231615740046146,2.0848327343967776,1.0180127005718675,0.0892123017982639,1.0153840480520853,,,,
D,LinearRegression,164,10,3,0.05865491153890303,0.23968130747937777,0.9924312519866509,2.916876678103779,2.780926227865775,1.0477066572410316,-0.045690382025256104,1.0454234650490404,,,,
D,LinearRegression,166,16,3,0.11500807348166191,0.33081438399461277,0.9852971678522072,2.6560799969339004,2.7428556457412476,0.9690798924779701,0.1474842010064777,0.9642675992384357,,,,
D,LinearRegression,167,8,3,0.05719918811028616,0.23620781407153166,0.987090143090536,2.1318833372040404,2.104161783596477,1.0137356664234385,0.058634431724744966,1.0079800729856374,,,,
D,LinearRegression,167,12,3,0.14465344679429404,0.3795649610230056,0.987957690692331,3.563381311168417,3.468587390452616,1.0273636293068955,0.1725126798525359,1.0230324922770364,,,,
D,LinearRegression,168,6,3,0.0367954204443677,0.18764317643037323,0.9972629175775237,3.6521286762022043,3.647417625034187,1.0009754754501776,0.10508341158767799,1.000074430378049,,,,
D,LinearRegression,168,14,3,0.0954231545806844,0.30707186153435395,0.9883857963588168,2.890301723354508,2.8579767857422724,1.011351923240108,0.08486977750421604,1.0064707802654984,,,,
D,LinearRegression,169,5,3,0.03638721090237183,0.18207689521341922,0.9883887763662025,1.7511482925951114,1.726454137336619,1.0142088111906078,0.0956238063068368,1.0109304499103944,,,,
D,LinearRegression,169,11,3,0.0895197537860506,0.2959601295048912,0.9900021619664748,3.0989812746879775,3.170625371744135,0.9785726303484782,0.04686617066603956,0.9739703234581899,,,,
D,LinearRegression,169,13,3,0.13570606468650961,0.3647516485401314,0.9850748950434292,3.170490523388299,3.121038265057099,1.0155838095808405,-0.08731806277017318,1.0089216466019961,,,,
D,LinearRegression,170,8,3,0.0449003402708483,0.20877392501277292,0.991232183547163,2.145165261293958,2.237260233020783,0.9586484331226562,-0.05122406013615646,0.9554499474582414,,,,
D,LinearRegression,170,10,3,0.16008883220288322,0.3911513327420104,0.9911906743479312,4.144014607892378,4.2539898994758225,0.9741375615654366,-0.0084132275781454,0.970114605927562,,,,
D,LinearRegression,173,7,3,0.027433441639906464,0.16530503269147465,0.9975919699216887,3.424279781851197,3.3737019765502207,1.0153325743647421,0.012796116743732967,1.0143341512916855,,,,
D,LinearRegression,173,9,3,0.05035599622546063,0.22097159883658538,0.9925014434279046,2.695816827256625,2.7191064382665115,0.9935126595466474,0.004144284828982034,0.9900127700080632,,,,
D,LinearRegression,173,15,3,0.11230659642965768,0.33121986660445907,0.9874325073953975,2.9060061986372907,2.995365633911075,0.969710713217375,-0.026471733276909267,0.9641430280143289,,,,
D,LinearRegression,174,5,3,0.029283579530492636,0.1649911268293519,0.996159309265808,2.83140984083631,2.775961532509568,1.020115579108005,0.0207536827987399,1.0185312056065674,,,,
D,LinearRegression,177,8,3,0.05556985567148743,0.2349510342858708,0.9932810319376612,2.99684327399812,2.881545435637898,1.0399983344633528,0.1195808522050264,1.0383236697761422,,,,
D,LinearRegression,178,5,3,0.03609573189610699,0.18913688875435786,0.9827214345055856,1.5630594425971605,1.487654627857563,1.052007280994899,-0.0939446212137111,1.0479440516586052,,,,
D,LinearRegression,184,10,3,0.05603295325285936,0.2357549691730019,0.9935554410002632,3.0673037749720806,3.010365017124876,1.0194564049752433,-0.013473397894163233,1.0166841014060626,,,,
D,LinearRegression,188,16,3,0.11576402838607654,0.33895569469284026,0.9931890697061264,4.220959437692804,4.107247492559265,1.0272099107424248,0.04715467895059533,1.0243429154770978,,,,
D,MLP,133,11,3,0.971053597064639,0.9791817223295607,0.8688639286600216,3.045604493587918,2.821842969093952,1.0837453940543034,0.07573771563156863,1.0239514533861744,,,,
D,MLP,140,10,3,0.7279920458593345,0.8505121331048882,0.9516449004056787,3.8920080241985033,3.917859223106151,0.9939979251627595,0.061213690530831304,0.9707130783260866,,,,
D,MLP,142,16,3,0.9741747639279178,0.9845305885912253,0.9410355540883025,4.000103896894937,4.0849650814196865,0.9776687463566051,0.08784738425814237,0.9496054557998709,,,,
D,MLP,147,11,3,0.555816298379343,0.7320194588896319,0.9599428851678239,3.930702295692802,3.814501678198031,1.0281279896695115,-0.1370208358099867,1.0097242875870396,,,,
D,MLP,148,6,3,0.6796532079907092,0.8198688920937697,0.7469238240737773,1.999521386095368,1.6719837375869018,1.2033145525588,0.009230443009657665,1.1025526194233888,,,,
D,MLP,149,12,3,0.7846858850696942,0.8812301181209993,0.9200570986329638,3.2255248229605855,3.1117305027641637,1.034349656265024,-0.0454332047848107,0.9962120478292906,,,,
D,MLP,150,13,3,0.8495459264362384,0.9100998814565598,0.9546871370437362,4.349439787431718,4.332215016527254,1.0065289858695055,0.13792434010574303,0.9861529152053743,,,,
D,MLP,151,12,3,0.6057941230131468,0.771027488550204,0.9655926984466024,4.405859069390202,4.339444475025226,1.0168046539064493,0.10327296371043941,1.0010830039463945,,,,
D,MLP,152,11,3,0.6351128777875891,0.7738569174347866,0.9330789350837966,3.2221944942043677,3.1125053525080335,1.0353869748469984,0.1031520706490695,1.0034677445761604,,,,
D,MLP,155,6,3,0.35744898705498224,0.5941464479407157,0.9420976732475417,2.721232443497515,2.4865086449265714,1.0950536599330556,-0.1745512454583875,1.0743870650743208,,,,
D,MLP,155,9,3,0.5746761871184872,0.7573584700966336,0.9646363120928276,4.13853244987413,4.089171029834516,1.013860086902831,-0.1080450553086439,0.9971669349051048,,,,
D,MLP,155,11,6,0.915544554502827,0.951937986163101,0.8845453715579904,3.045426238214695,3.0558639696628322,1.0061603831424415,-0.08404713654373007,0.9539313702053328,,,,
D,MLP,156,7,3,0.9754999848940312,0.9697423203722525,0.799215231433811,2.2424601875069,2.154347231777091,1.0216629504624797,-0.09118037034084338,0.9466327153110058,,,,
D,MLP,156,13,3,0.7165319577118606,0.8460675995187503,0.9251767832902734,3.2132041639884608,3.218363146115331,1.0027801038007773,0.26181141917953127,0.9695271854609921,,,,
D,MLP,157,8,3,0.7165027351978158,0.833930053587404,0.911073254584204,3.1781058473215875,2.911614292806951,1.09568650551802,0.07569503201044817,1.0571546510138219,,,,
D,MLP,157,12,3,0.7606654637159483,0.8632960987749964,0.9223543354278895,3.109212241907772,3.117037657752361,1.0000172217860717,-0.018257280919346735,0.9619795139962036,,,,
D,MLP,158,7,3,0.743532891238325,0.8516483165936828,0.7946611749939931,1.8296569663894229,1.9720764725631585,0.9255951183334744,-0.04627531964442744,0.8317004416972539,,,,
D,MLP,158,9,3,0.8287945643762086,0.9100022978357476,0.8045547517288165,2.2820283344815215,2.101114737835324,1.0995478598889035,-0.09323138005782357,1.0174632644240509,,,,
D,MLP,158,10,3,0.642302472452308,0.8003232407879005,0.9444919372004685,3.365521092006553,3.397775253614535,0.9915714985445186,0.0811826561422667,0.967089580085935,,,,
D,MLP,158,11,3,0.8141636977958947,0.8820402633241237,0.961034548394478,4.427465260122767,4.458484506987279,0.9946453829742959,0.04596674917989863,0.9759213270798259,,,,
D,MLP,159,8,3,0.7291930749454248,0.8479967820350716,0.9670263342107158,4.5897310404766625,4.745678892746129,0.9685505168468288,0.06663503609285774,0.953602407080826,,,,
D,MLP,160,7,3,0.6086396187968126,0.7799237716054268,0.8681305105361027,2.32734341733015,2.150850119410498,1.0814771829657528,0.19789792926163216,1.0247416070543285,,,,
D,MLP,160,11,3,0.6908019089733647,0.826038454345848,0.9605720998170613,4.225769318937566,4.152059137180717,1.0182168139938599,0.016592946735228868,0.998782868513489,,,,
D,MLP,160,12,3,0.6667976879977114,0.809418306608078,0.9254540447385877,3.021388933886391,3.025431675310505,1.0054500018755348,0.07974654372425069,0.9694347229758368,,,,
D,MLP,161,4,3,0.4321020158372897,0.6174191327117069,0.8938914320616521,2.466012460219259,2.0300371269410777,1.215666881823675,-0.09934293652563227,1.1901944097573809,,,,
D,MLP,161,7,3,0.7559169480858395,0.8669185999974344,0.742749767562521,1.920483637913858,1.7190019422976306,1.1100442870151424,-0.07472319735891336,0.9949835237545859,,,,
D,MLP,161,12,3,0.8272306814899265,0.8968577625874917,0.947477664504146,4.005881229650928,4.100291021575704,0.9797915319848092,0.03618967503668056,0.9553088568797715,,,,
D,MLP,162,9,3,0.550912953815128,0.7418462630289565,0.9154514010719899,2.476599780338855,2.5522000549851795,0.9701977968653147,-0.02755755010957157,0.9308871643113408,,,,
D,MLP,162,13,3,0.9483900720205556,0.9711662012357971,0.9313939453379847,3.8507720300579162,3.7325756588662213,1.0317603488993246,0.19084068010021238,1.0010130734965241,,,,
D,MLP,163,5,3,0.9374731227178721,0.958917050658911,0.7865608948598625,2.4914928315311413,2.0848327343967776,1.1922651385181204,0.16180798495734067,1.1080271430354707,,,,
D,MLP,164,10,3,0.6448188537460586,0.7993529691339433,0.9175656600297134,3.07515880378541,2.780926227865775,1.1038802714731863,-0.24504540620843054,1.0728588111499138,,,,
D,MLP,166,16,3,0.6760232119274113,0.8198398601775511,0.9093029887603429,2.694018623567581,2.7428556457412476,0.9806195353695012,0.1652811567176147,0.9374938176092797,,,,
D,MLP,167,8,3,0.9176195781238478,0.9526115825436626,0.7735082970590477,2.4079666017030097,2.104161783596477,1.152849786483561,0.15935250610834456,1.0580011873822477,,,,
D,MLP,167,12,3,1.0833577432216224,1.0406058937788085,0.9098126588250345,3.798993649602823,3.468587390452616,1.0960822891359945,0.30527841283340895,1.0618378010300547,,,,
D,MLP,168,6,3,0.5216136913971339,0.7168554031053196,0.9614093482891374,3.673995248472794,3.647417625034187,1.0094405137664677,0.20712187012665914,0.9928042148916697,,,,
D,MLP,168,14,3,0.6153790921029789,0.7754051327194199,0.9237186013899669,2.9821625099129014,2.8579767857422724,1.0429120704670836,0.04319385227772107,1.0072803766257927,,,,
D,MLP,169,5,3,0.8376451071777655,0.9148518084518708,0.7162255108394877,1.9156002169888298,1.726454137336619,1.1154180058676444,0.0915437855525994,0.9908114367348643,,,,
D,MLP,169,11,3,0.6983604616159836,0.8265012245135176,0.9313175561570857,3.242657720460867,3.170625371744135,1.0298090537021944,0.026500743572869995,0.999233037129294,,,,
D,MLP,169,13,3,0.8773509620334119,0.9341268929641977,0.9018617782909456,3.276633837556375,3.121038265057099,1.056249921144766,-0.11588887953417391,1.0105888766835434,,,,
D,MLP,170,8,3,0.6162175949284502,0.7769470706983674,0.8751438546657414,2.209089638251818,2.237260233020783,0.9881838937489701,-0.07013302238386467,0.9284878093987836,,,,
D,MLP,170,10,3,0.5850557423322581,0.7608795787230781,0.9673849945061906,4.230827452552018,4.2539898994758225,0.9951700903109161,-0.10829864408863603,0.979434054047557,,,,
D,MLP,173,7,3,0.5623549326402768,0.7387658468351063,0.9491553608956925,3.414875139343048,3.3737019765502207,1.0143432368786807,-0.08413770288341926,0.9902463765395733,,,,
D,MLP,173,9,3,0.9953112504562022,0.9876984310114407,0.865000623014823,2.9803058724295965,2.7191064382665115,1.1017753001872643,-0.08192532601691692,1.0460544873841657,,,,
D,MLP,173,15,3,0.5316168444541097,0.7291016366703014,0.9406261522912761,2.895064258889095,2.995365633911075,0.9666971082398415,-0.015617466436926464,0.9379986061210385,,,,
D,MLP,174,5,3,0.4858195403640719,0.6840935603905137,0.9364664970520602,3.034642643699184,2.775961532509568,1.0927654779876224,0.048085219521950696,1.06647798240572,,,,
D,MLP,177,8,3,0.585778667219247,0.7623249556369939,0.9295907655166508,3.027263655061956,2.881545435637898,1.0508592139119088,0.056554702913562536,1.0172854854919025,,,,
D,MLP,178,5,3,0.879280477280334,0.9363343609527544,0.5890041291458746,1.7279516959951569,1.487654627857563,1.1695990197832997,-0.24446541929058554,0.9994081041020394,,,,
D,MLP,184,10,3,0.9231805145931222,0.945197999785058,0.896140720204289,3.202102654893952,3.010365017124876,1.065209211468045,0.038030187813072464,1.0185377250245768,,,,
D,MLP,188,16,3,0.5901901563338647,0.7626693250873572,0.9656724452636324,4.179095749830227,4.107247492559265,1.0164711682338843,0.06022076832815867,1.0000601741916626,,,,
D,MODEL3-ICL-MC,133,11,3,0.18783044043717997,0.4320389403332643,0.9754941687300863,2.6782583712368564,2.821842969093952,0.9505352686028378,-0.0036553866061861,0.940013964274384,,,,
D,MODEL3-ICL-MC,140,10,3,0.20360900689929295,0.44915031632211483,0.9867209659075513,3.8223224821292887,3.917859223106151,0.9761376971113646,-0.05913581058295597,0.9710758332142188,,,,
D,MODEL3-ICL-MC,142,16,3,0.40338254238931875,0.5989125150135434,0.9747549997478481,3.951384558763131,4.0849650814196865,0.9662234870757872,0.1316332609241297,0.9563741704144361,,,,
D,MODEL3-ICL-MC,147,11,3,0.14885400831415788,0.37991773538483903,0.9901240821731507,3.8515120482291376,3.814501678198031,1.0070637901571238,-0.10903862865312954,1.003363028056693,,,,
D,MODEL3-ICL-MC,148,6,3,0.03770996052525513,0.19196983897782838,0.9868168109133126,1.6388747500470175,1.6719837375869018,0.9836055110152943,0.018895991239938136,0.9788793424045105,,,,
D,MODEL3-ICL-MC,149,12,3,0.2017844590675676,0.43890017572221746,0.9797788455547614,3.3071000883365467,3.1117305027641637,1.0630270516452092,-0.025823141140477134,1.056492092446539,,,,
D,MODEL3-ICL-MC,150,13,3,0.19302570730686383,0.43890423906700776,0.98921309982107,4.249720216499831,4.332215016527254,0.980773338720104,0.21326285329036573,0.9770969931221393,,,,
D,MODEL3-ICL-MC,151,12,3,0.1162031539402306,0.33631964745909587,0.9929238378678861,4.356857810368998,4.339444475025226,1.0055014718855884,0.05488032263173267,1.0021560989960845,,,,
D,MODEL3-ICL-MC,152,11,3,0.11242333599965848,0.31825973201559205,0.9880599819424106,3.2179409816243356,3.1125053525080335,1.0349773591714797,0.0743472604812243,1.0304988185214496,,,,
D,MODEL3-ICL-MC,155,6,3,0.06793834016730627,0.2582009017047668,0.9890181376987605,2.5899337523933004,2.4865086449265714,1.0418384695028486,-0.15014407203207655,1.0393949470239887,,,,
D,MODEL3-ICL-MC,155,9,3,0.1360901338840238,0.3656591619336995,0.9920402922494733,3.902965255538892,4.089171029834516,0.9550211135322307,-0.19840908150573563,0.9533057025006295,,,,
D,MODEL3-ICL-MC,155,11,6,0.2047883317567202,0.44729677585682154,0.9731031646312692,3.0118863653306733,3.0558639696628322,0.9939094843662551,0.007837726897982416,0.9819513694715076,,,,
D,MODEL3-ICL-MC,156,7,3,0.08796712391903416,0.29466217313554915,0.9802429561534395,2.2087011024768217,2.154347231777091,1.024559075989364,-0.047351101878494006,1.0153407726464454,,,,
D,MODEL3-ICL-MC,156,13,3,0.2387697940230311,0.45799024529155846,0.9737452285025362,3.1645148677421155,3.218363146115331,0.9780213302715032,0.1753997601985643,0.9697582120782998,,,,
D,MODEL3-ICL-MC,157,8,3,0.10570139685430736,0.32426647522767765,0.9869354280842212,2.9192340035942146,2.911614292806951,1.0026398969502102,0.11531507130606444,0.9971711036551613,,,,
D,MODEL3-ICL-MC,157,12,3,0.1675179541071138,0.4041597795888068,0.9830320893144782,2.994282467423048,3.117037657752361,0.9622167045161127,0.03576708742332523,0.9547937483880791,,,,
D,MODEL3-ICL-MC,158,7,3,0.06504823252016313,0.24506707513593518,0.9845838458286041,1.9187830757603184,1.9720764725631585,0.9708082894365084,-0.035690892958355126,0.9642999669643494,,,,
D,MODEL3-ICL-MC,158,9,3,0.09299184981830977,0.29472052089227835,0.9786362136305214,2.123275746788891,2.101114737835324,1.0121063599517366,-0.048984604798142796,1.0023540752943245,,,,
D,MODEL3-ICL-MC,158,10,3,0.11907035457497524,0.344968629475133,0.9896644937037645,3.329609982581173,3.397775253614535,0.9798566979638123,0.0104440876546263,0.9758962649540392,,,,
D,MODEL3-ICL-MC,158,11,3,0.12332226105266919,0.3444049601096722,0.9938564568043734,4.290627213082178,4.458484506987279,0.9629017378871086,0.05193503310772884,0.9608443581528862,,,,
D,MODEL3-ICL-MC,159,8,3,0.15603811559849967,0.3881834828744412,0.9932289402296509,4.4286062784802604,4.745678892746129,0.9336528600068584,-0.042222169804140265,0.9325831800168191,,,,
D,MODEL3-ICL-MC,160,7,3,0.06330793800598854,0.2498931561599199,0.9862835553223842,2.125059980359717,2.150850119410498,0.9878950551776794,0.010375391177108166,0.9816696235433118,,,,
D,MODEL3-ICL-MC,160,11,3,0.24143050155056534,0.48431060547671234,0.9850896538069752,4.373395096166108,4.152059137180717,1.0539855292908717,0.07034649529366743,1.048759904790454,,,,
D,MODEL3-ICL-MC,160,12,3,0.2357199659748662,0.4831030953733628,0.9707969542405124,2.9262344020218567,3.025431675310505,0.9776765923605916,0.13895485727766535,0.9661101710804028,,,,
D,MODEL3-ICL-MC,161,4,3,0.04371040829116574,0.20742305275544512,0.9892757568912169,2.1972800036596127,2.0300371269410777,1.08248422971022,0.008882110098808934,1.080726049721493,,,,
D,MODEL3-ICL-MC,161,7,3,0.06509938240969794,0.25003610130244175,0.9786338198230694,1.7726235662900667,1.7190019422976306,1.0336458443798116,0.007093501432093964,1.0247640018895556,,,,
D,MODEL3-ICL-MC,161,12,3,0.17391453378519883,0.41614852270819797,0.9894566990024091,3.902498575030284,4.100291021575704,0.9541208383217734,-0.014301105434716535,0.950416413535572,,,,
D,MODEL3-ICL-MC,162,9,3,0.0846051091608981,0.2893777570142153,0.9869480051547453,2.528919825087955,2.5522000549851795,0.9913894144378844,0.06415942441017514,0.9859437250195414,,,,
D,MODEL3-ICL-MC,162,13,3,0.21650502140893454,0.4645697612446165,0.9843510247631958,3.7442972423676313,3.7325756588662213,1.0027656164375136,0.15789245990690343,0.9962585991348013,,,,
D,MODEL3-ICL-MC,163,5,3,0.030791690910204436,0.17130775070803586,0.992524330408123,2.138658916664976,2.0848327343967776,1.0255788405763362,0.0666012703810658,1.0229082461956214,,,,
D,MODEL3-ICL-MC,164,10,3,0.07312213067076537,0.2632601979436433,0.9901390483527375,2.8673436128416583,2.780926227865775,1.0313482246062122,-0.041163790460361435,1.0271734925463822,,,,
D,MODEL3-ICL-MC,166,16,3,0.15932864101332725,0.39749386193813324,0.9789304910075055,2.6374402336325367,2.7428556457412476,0.963746034593355,0.025005939167477797,0.9544436814817833,,,,
D,MODEL3-ICL-MC,167,8,3,0.05680327757780016,0.23203234997520453,0.9863350405361638,2.0835522041195613,2.104161783596477,0.9928748871649461,0.03199527902264817,0.9867988652578501,,,,
D,MODEL3-ICL-MC,167,12,3,0.22607165249844707,0.47491832056309535,0.9811603335452684,3.4941799404030633,3.468587390452616,1.0071598127941137,0.24343074246302457,1.0003950296580648,,,,
D,MODEL3-ICL-MC,168,6,3,0.042158795889160605,0.20504271542675678,0.9968123361080501,3.6035505523301854,3.647417625034187,0.9877924274824622,0.07494571694328617,0.9865813283121917,,,,
D,MODEL3-ICL-MC,168,14,3,0.15457002572184278,0.3915430898797749,0.98110983801739,2.8759065325400908,2.8579767857422724,1.0072481080445235,0.11758812050093782,0.999607018070496,,,,
D,MODEL3-ICL-MC,169,5,3,0.048503930704948406,0.2090677302437388,0.9840707414388526,1.743575641453728,1.726454137336619,1.0099889681229772,0.07022441176132886,1.003805938650996,,,,
D,MODEL3-ICL-MC,169,11,3,0.15504070383316215,0.38873814002572876,0.9850371654750093,3.022759163472832,3.170625371744135,0.9528834297955359,0.053569253561277896,0.9467755299103583,,,,
D,MODEL3-ICL-MC,169,13,3,0.22763388259182604,0.4770960535339137,0.9753629519133956,3.26594439771228,3.121038265057099,1.046351413395529,-0.08169678722910863,1.0357973050237488,,,,
D,MODEL3-ICL-MC,170,8,3,0.060638164645436095,0.24328342353070095,0.9881330329517816,2.1019932893961446,2.237260233020783,0.938871235503265,-0.07441407613307487,0.9358316489156798,,,,
D,MODEL3-ICL-MC,170,10,3,0.2304082766871042,0.4647291569249577,0.9874115803864525,4.132707063114219,4.2539898994758225,0.9718010116037347,-0.0013413393689561011,0.966168211878327,,,,
D,MODEL3-ICL-MC,173,7,3,0.0341285540884453,0.1841674895048474,0.9969052180829273,3.4133532939217157,3.3737019765502207,1.0117981375742666,0.022924865210217266,1.0104358316253614,,,,
D,MODEL3-ICL-MC,173,9,3,0.07554441100757207,0.2662974482989536,0.9888139087804996,2.7016819726441827,2.7191064382665115,0.9929790749786788,0.051557299131656166,0.9885184996637428,,,,
D,MODEL3-ICL-MC,173,15,3,0.18312188766610973,0.4276631394152945,0.9794629135868548,2.9450025349438804,2.995365633911075,0.9824533108803521,-0.026976539326078797,0.9727329966534611,,,,
D,MODEL3-ICL-MC,174,5,3,0.03858187713276907,0.19393555410923424,0.9949617467060498,2.803338211430555,2.775961532509568,1.0100798236647657,0.013572560943195798,1.0078368569858558,,,,
D,MODEL3-ICL-MC,177,8,3,0.0752052501818853,0.2638992958148141,0.9907551364962527,2.9791473288106487,2.881545435637898,1.0340666633856914,0.12350994340853665,1.0312061984366085,,,,
D,MODEL3-ICL-MC,178,5,3,0.03221662769706883,0.17889180319059514,0.9854324239714943,1.5518380096581919,1.487654627857563,1.0426066130687792,-0.08742370020447775,1.039206790901339,,,,
D,MODEL3-ICL-MC,184,10,3,0.07176522141838874,0.266942281087438,0.991896914673108,3.039520087474653,3.010365017124876,1.010160166259732,-0.0223038644584912,1.0065888253196238,,,,
D,RandomForest,133,11,3,2.652477167846686,1.6235858796684433,0.6524978959309684,1.8873095245770042,2.821842969093952,0.6741467841881897,-0.20994999617909404,0.557521086349118,,,,
D,RandomForest,140,10,3,2.8398248118643052,1.6682303411799901,0.8170286895243835,3.0339526230234646,3.917859223106151,0.7775728206237188,-0.012449384617108447,0.7154838169556065,,,,
D,RandomForest,142,16,3,7.02671895542169,2.6427549801069645,0.5820814692141737,2.280735201522811,4.0849650814196865,0.5608984306681596,0.5114378956803097,0.4587950575790029,,,,
D,RandomForest,147,11,3,5.867630467670172,2.421769337603775,0.5918322819285269,2.0942411668038994,3.814501678198031,0.5512738978466841,-0.20451517022183152,0.45079080585915876,,,,
D,RandomForest,148,6,3,0.4187340705662779,0.639607089878289,0.8545012199689687,1.3669141986811282,1.6719837375869018,0.8205281759666135,-0.0032690587481289343,0.7654323310673803,,,,
D,RandomForest,149,12,3,2.6163216041948814,1.6155413300581303,0.7277796119585632,1.9074368437804583,3.1117305027641637,0.6131724026917129,0.030705124087095897,0.5525864027156077,,,,
D,RandomForest,150,13,3,3.74979815824905,1.9313401303442135,0.7993507904866175,3.076844055385917,4.332215016527254,0.7167359704055819,0.2636735756202171,0.660787925953123,,,,
D,RandomForest,151,12,3,4.563736661834934,2.124071780798735,0.7583149114187221,3.0362759876432803,4.339444475025226,0.7092379241466866,0.08634271125385644,0.6370987295853487,,,,
D,RandomForest,152,11,3,2.6191065408298173,1.609926120310918,0.7307689504022935,2.196441703973459,3.1125053525080335,0.7073205901295303,0.23026603950467842,0.6237873001605232,,,,
D,RandomForest,155,6,3,1.2702521687504524,1.117560285525405,0.7906491115266531,2.0908501088920617,2.4865086449265714,0.8416663890252966,-0.10161528236564636,0.7517438848013178,,,,
D,RandomForest,155,9,3,4.62712987422211,2.1239105227635946,0.7312209192173501,2.481911440479513,4.089171029834516,0.608766800998664,-0.3526608852096347,0.5575540101772006,,,,
D,RandomForest,155,11,6,2.3796713755417334,1.485823724894533,0.7647143039756547,2.135758109466513,3.0558639696628322,0.6955203260040079,0.07730261947196664,0.6276647013442521,,,,
D,RandomForest,156,7,3,1.5513424747704454,1.2409944555520627,0.6652879582858969,1.6698962921784233,2.154347231777091,0.7769316272612367,-0.058087485426558866,0.6371797711376368,,,,
D,RandomForest,156,13,3,3.8866135173520298,1.9375247692701318,0.634957119723161,1.9045727988951666,3.218363146115331,0.6002915417000522,0.41179745637531945,0.5102023751775766,,,,
D,RandomForest,157,8,3,1.5328003740241958,1.2255411134052092,0.8178801208828288,2.263062673422351,2.911614292806951,0.7853623316857584,-0.14314994208084586,0.7224040487456239,,,,
D,RandomForest,157,12,3,2.9486709634544304,1.6979580987708491,0.7049382395027953,2.36133879317959,3.117037657752361,0.7654567584031149,-0.15199784130957236,0.6542121014225333,,,,
D,RandomForest,158,7,3,0.6620359009585295,0.8130321500576354,0.8269577689451474,1.6143800507530388,1.9720764725631585,0.8196623588479787,-0.016722683063218367,0.7512604946649274,,,,
D,RandomForest,158,9,3,0.7945697897853381,0.8907386260796547,0.811645299042266,1.6751757280207331,2.101114737835324,0.8050471823842372,0.022157634723822036,0.7328524986071902,,,,
D,RandomForest,158,10,3,2.648990485476293,1.615385024132159,0.7715072094033686,2.493003630431991,3.397775253614535,0.73396623754762,0.22679859883182216,0.6610411456818404,,,,
D,RandomForest,158,11,3,4.268898544636542,2.025842828224562,0.79495558226683,3.3516152090363387,4.458484506987279,0.7574009648587262,0.3554538434572532,0.6902949979849825,,,,
D,RandomForest,159,8,3,5.808182776866466,2.407933980317814,0.7339621509377308,3.214671136994475,4.745678892746129,0.6748300263487389,0.03463604240581897,0.6015545421110443,,,,
D,RandomForest,160,7,3,0.5840953343424092,0.7569174832023178,0.8761197641544077,1.9201043113313678,2.150850119410498,0.8954322791675092,0.11988093604919448,0.8430082208192974,,,,
D,RandomForest,160,11,3,3.9477348959059575,1.9849372450988139,0.7688121299141152,3.0467579509394764,4.152059137180717,0.7344002770692694,-0.1889649302102677,0.6588174324015967,,,,
D,RandomForest,160,12,3,3.0377570130571105,1.7334722070367867,0.6501846097768228,2.0013583763767797,3.025431675310505,0.6922972662790038,0.11912978376188937,0.5804994656525676,,,,
D,RandomForest,161,4,3,0.4689385468312796,0.6840923206746673,0.8850927274629786,1.827262536136369,2.0300371269410777,0.9017207328708091,0.1313490656117196,0.8534457031127672,,,,
D,RandomForest,161,7,3,0.9263156553863147,0.9598911693128902,0.6763986175550801,1.4612788435011257,1.7190019422976306,0.8507763494647446,0.15886685290821376,0.7047727566898626,,,,
D,RandomForest,161,12,3,8.387915560166421,2.893929435438338,0.4951018537846459,2.0890659901964894,4.100291021575704,0.5144007522762409,-0.03215063688861911,0.38598326533932914,,,,
D,RandomForest,162,9,3,1.5824614130233738,1.2532633826936308,0.7587517900421655,1.8376973572003494,2.5522000549851795,0.7218222093982155,0.12464162468002306,0.6436742758182699,,,,
D,RandomForest,162,13,3,3.76522850766982,1.9354031720835045,0.731251605980408,2.9262816128022364,3.7325756588662213,0.7841320071755286,0.2942658818783024,0.6789454876167597,,,,
D,RandomForest,163,5,3,1.0378799960318517,1.0136693151596303,0.7638552693864581,1.7835388104770054,2.0848327343967776,0.8526502901538414,0.08052134489723838,0.747431306268175,,,,
D,RandomForest,164,10,3,1.6211319476598856,1.2716119985603453,0.7864939855616774,2.243169744361983,2.780926227865775,0.8042200749333217,-0.12299469489253695,0.7191489582280409,,,,
D,RandomForest,166,16,3,2.992202641426782,1.713535567199666,0.6118440851978442,1.798622274805284,2.7428556457412476,0.659332077433895,0.3918075704346924,0.5375199412755808,,,,
D,RandomForest,167,8,3,1.1983062303881757,1.085288390502488,0.7288113362562255,1.452890565957545,2.104161783596477,0.6904895885346191,0.06373803373353783,0.606500733459994,,,,
D,RandomForest,167,12,3,3.444396503259796,1.8546516104926962,0.7141370286183283,2.3797004785101232,3.468587390452616,0.6861565330611389,-0.17731622447462825,0.5959210734588637,,,,
D,RandomForest,168,6,3,2.6031809973990074,1.6016969284685454,0.8074218891893997,2.660810618821856,3.647417625034187,0.7311010367513918,-0.21079408349034476,0.6736640276902315,,,,
D,RandomForest,168,14,3,2.792698343429468,1.6650503555798946,0.6560143082575807,1.8688521070480855,2.8579767857422724,0.654281215268952,-0.11493446100998282,0.552115192526672,,,,
D,RandomForest,169,5,3,0.3231697800848828,0.5683428030264661,0.8897037928716762,1.5275284632069823,1.726454137336619,0.8883896070776647,0.05653169291122203,0.8428758424476744,,,,
D,RandomForest,169,11,3,2.7579413476439156,1.6392597643055347,0.7341043533514365,2.0178390071794885,3.170625371744135,0.6451480873327319,0.16517264049071292,0.5800026103777592,,,,
D,RandomForest,169,13,3,3.053771512132902,1.7230927189256986,0.69752253994332,1.949969573122207,3.121038265057099,0.6298362347199902,-0.0683122392255369,0.5497908961938991,,,,
D,RandomForest,170,8,3,1.2797135969214504,1.125207115640744,0.7473470498838961,1.4934184316258146,2.237260233020783,0.6682847488604069,0.06150015315933486,0.6002553448300334,,,,
D,RandomForest,170,10,3,3.9485521339777847,1.9743886062524603,0.7837599436429739,3.000967990440879,4.2539898994758225,0.7074123813082621,-0.06837210258246874,0.6446221904896533,,,,
D,RandomForest,173,7,3,1.8615416625977812,1.3464120438593168,0.8387418819976112,2.5778955526803418,3.3737019765502207,0.7667680093988598,0.0206740515105762,0.7151352528005251,,,,
D,RandomForest,173,9,3,2.4560275742812903,1.563414404977893,0.663582901961376,1.8566282221287043,2.7191064382665115,0.6905122700491065,0.10025988566775228,0.5749870444870503,,,,
D,RandomForest,173,15,3,3.4162986772570085,1.8390063929161993,0.6182816427129763,1.615176682217583,2.995365633911075,0.5376853436408487,0.16072443009111784,0.46172293394379454,,,,
D,RandomForest,174,5,3,1.4122968268496436,1.1831820637236055,0.8167882584212443,2.334545340386198,2.775961532509568,0.8414094696933764,0.16064606789447802,0.7676213463517515,,,,
D,RandomForest,177,8,3,1.4493604552702273,1.2019443053990677,0.825959349824332,2.1718938135124275,2.881545435637898,0.7540642705449133,-0.038077364368971335,0.6988349702932376,,,,
D,RandomForest,178,5,3,0.3366784324077958,0.574276370856301,0.8470666974266448,1.4098092843152437,1.487654627857563,0.9474056710595501,-0.0833910204380135,0.8763589169105295,,,,
D,RandomForest,184,10,3,1.4207790627661059,1.1816763437587756,0.8389144112314252,2.6134504890313903,3.010365017124876,0.8703034272682236,-0.040358493655402596,0.8043663741237242,,,,
D,RandomForest,188,16,3,6.657966653331548,2.569830783643567,0.5966868516275924,2.7420526231317646,4.107247492559265,0.6708665580837034,-0.4063184143249139,0.5388732881347091,,,,
D,Ridge,133,11,3,0.057166469473936866,0.23831195675007363,0.9924076888985431,2.7877777714651537,2.821842969093952,0.9883995574911894,0.06572024297728457,0.9850954380524968,,,,
D,Ridge,140,10,3,0.11065040157164424,0.3317416715673153,0.9926802765537076,3.9010757696583718,3.917859223106151,0.9957229039591078,-0.03928265450273754,0.9924411800687869,,,,
D,Ridge,142,16,3,0.12321515613750038,0.34541603392365844,0.9927801632871232,4.100802127982405,4.0849650814196865,1.0041283504882783,0.021137597475575864,1.0005976545413746,,,,
D,Ridge,147,11,3,0.06235106402630617,0.2488225145548045,0.9956055948766814,3.87490062678474,3.814501678198031,1.0146319926717504,-0.055287105245706326,1.0129193542325667,,,,
D,Ridge,148,6,3,0.032110275916314,0.17555087905741865,0.9888191949537358,1.6855010688684189,1.6719837375869018,1.0104458524951525,-0.00866818748079043,1.0057111441094755,,,,
D,Ridge,149,12,3,0.12688903164585094,0.35306046479479164,0.9870568675070629,3.288431497277386,3.1117305027641637,1.055792408289945,-0.07705956978432198,1.0517217574254252,,,,
D,Ridge,150,13,3,0.08486833760275818,0.2890561853826052,0.9950805935701427,4.328964073459159,4.332215016527254,0.999958960845366,0.18104236294190565,0.9985237443920223,,,,
D,Ridge,151,12,3,0.054412388276303826,0.2320798903228416,0.9968055964932648,4.3463989816917055,4.339444475025226,1.0016020439802238,0.0655227016984684,1.000131871451066,,,,
D,Ridge,152,11,3,0.0724091777916905,0.26279102091928513,0.9922451216003515,3.2117887070790494,3.1125053525080335,1.0325132478211534,0.08729599352970147,1.0300008222044086,,,,
D,Ridge,155,6,3,0.0599921150018152,0.24274230050545187,0.9904251150950457,2.598791651228252,2.4865086449265714,1.0451521866694036,-0.1256971886826248,1.0427973151438172,,,,
D,Ridge,155,9,3,0.08477250775924546,0.28815251357607785,0.9950168857161928,3.959036459434359,4.089171029834516,0.9687546020447693,-0.18017954617995546,0.9677405836624358,,,,
D,Ridge,155,11,6,0.1452113992134032,0.3796599280944352,0.9813687737188403,2.9768267859997533,3.0558639696628322,0.9806098186796285,-0.012391370915253302,0.9724663938055054,,,,
D,Ridge,156,7,3,0.09023269815998443,0.29797374124636106,0.9798172294072917,2.1782890140796742,2.154347231777091,1.0080362780068732,-0.03755794323226397,0.9988448620642122,,,,
D,Ridge,156,13,3,0.13336027465742106,0.348250320492763,0.9847394552555976,3.1930769993877153,3.218363146115331,0.9889608173900465,0.17209982843356378,0.9841119023732263,,,,
D,Ridge,157,8,3,0.11521124937192795,0.33572435240528103,0.9857445060600324,2.9480963650662857,2.911614292806951,1.0136980451526032,0.07408155066482756,1.0072651130649788,,,,
D,Ridge,157,12,3,0.10099517522938613,0.31313605769960934,0.9899954894884694,3.0023196667603176,3.117037657752361,0.9647147363622163,-0.009357561729564734,0.9605149298395673,,,,
D,Ridge,158,7,3,0.037648422548935634,0.19104272373295836,0.9902732809088932,1.8774315179165495,1.9720764725631585,0.9511298180678179,-0.07567400525565317,0.948465253385482,,,,
D,Ridge,158,9,3,0.09708650329993053,0.31085754448289554,0.9774951711318556,2.13880171924459,2.101114737835324,1.0198972962999673,-0.08467748476855617,1.0099238905110857,,,,
D,Ridge,158,10,3,0.059854603673009564,0.24402008776303605,0.9948227904444314,3.3260352153865544,3.397775253614535,0.9789055029416449,-0.04793126562837816,0.9767389147229908,,,,
D,Ridge,158,11,3,0.07477954882554516,0.26803483538397627,0.996348669724981,4.383332908443454,4.458484506987279,0.9841057523677126,0.0931628413476036,0.9827790568761657,,,,
D,Ridge,159,8,3,0.08562514075907544,0.29144449080775076,0.9961569143855312,4.497893662541378,4.745678892746129,0.9477004487600462,-0.025053619158975766,0.9472007053753847,,,,
D,Ridge,160,7,3,0.05954464331143703,0.2395435554410953,0.9874963807382797,2.122043243395976,2.150850119410498,0.9861970093469502,0.025534892501587872,0.9802927463718962,,,,
D,Ridge,160,11,3,0.1725673954465099,0.41479661543480645,0.9897332813817606,4.304291195598768,4.152059137180717,1.0375718242665992,0.0482536228101716,1.03342933317013,,,,
D,Ridge,160,12,3,0.0934992781749505,0.3017757797882403,0.9894923459016289,2.9540546866243056,3.025431675310505,0.9794626172373988,0.079412203059684,0.9749510376407658,,,,
D,Ridge,161,4,3,0.03648696679651133,0.1872630122012533,0.9909424613893072,2.1858787600551657,2.0300371269410777,1.0771444647392863,0.0154181733289047,1.0758673358086297,,,,
D,Ridge,161,7,3,0.07280825884666937,0.269054021930426,0.9754874422784793,1.8133121347368615,1.7190019422976306,1.0545348227244606,-0.015950601425863468,1.0446422349657982,,,,
D,Ridge,161,12,3,0.0816952513080416,0.28465026503946095,0.9949469133119576,3.9456134770146867,4.100291021575704,0.9626710810185779,-0.016763430566146535,0.9609423106432837,,,,
D,Ridge,162,9,3,0.08646899845310234,0.29219051628930526,0.986597904389368,2.5290881998367385,2.5522000549851795,0.9914963430627949,0.036659781646721505,0.985648546940406,,,,
D,Ridge,162,13,3,0.15996012474226287,0.39677174891094674,0.988648933246516,3.7973582903555774,3.7325756588662213,1.017282669400091,0.1063154727699463,1.012326569747137,,,,
D,Ridge,163,5,3,0.031102497751498,0.17567078085262447,0.9926032143918669,2.1091993408675727,2.0848327343967776,1.0113051925754888,0.08938846472416702,1.008611371682649,,,,
D,Ridge,164,10,3,0.05346975283766397,0.22870169913678426,0.993060762620015,2.894844995432784,2.780926227865775,1.0398111824496794,-0.0470354301772003,1.0374936048205008,,,,
D,Ridge,166,16,3,0.11608927173917949,0.3316398748978285,0.9852239759695293,2.64119799049498,2.7428556457412476,0.9636776492057413,0.1489751060958903,0.9590363919145597,,,,
D,Ridge,167,8,3,0.05618268444091346,0.2340424571878674,0.9873314139329361,2.120244191655227,2.104161783596477,1.0082274694665525,0.058607515579301335,1.0025315669473664,,,,
D,Ridge,167,12,3,0.1357098054087267,0.3676329857348349,0.9886951117065902,3.5404528119124143,3.468587390452616,1.0207546538613839,0.16820370932078554,1.0165697426798335,,,,
D,Ridge,168,6,3,0.0351814420605051,0.18362016090681463,0.9973723346893947,3.626176300498777,3.647417625034187,0.9938705527610291,0.09697273487504321,0.9929872350345641,,,,
D,Ridge,168,14,3,0.09528927519600978,0.3066234347146219,0.9883982325363623,2.8747344517929303,2.8579767857422724,1.0059014034337137,0.08149481804747154,1.00095853918689,,,,
D,Ridge,169,5,3,0.03526628772293697,0.17985525982858486,0.9887558997046574,1.7412413044025976,1.726454137336619,1.0084851640370058,0.0933840709099168,1.0052444397469813,,,,
D,Ridge,169,11,3,0.09452612973597109,0.3049297245590332,0.9895382782657425,3.0717948391849332,3.170625371744135,0.9700109902754165,0.0503320182370001,0.9654102161847405,,,,
D,Ridge,169,13,3,0.13259676628494368,0.3605193668598717,0.9854077698410862,3.1493674752638428,3.121038265057099,1.0088625437225602,-0.0878311040986028,1.0022638633307797,,,,
D,Ridge,170,8,3,0.048273455661717334,0.2169086554785936,0.9905554219329712,2.1307376116134455,2.237260233020783,0.9521909791089128,-0.04850656941446163,0.948933653807658,,,,
D,Ridge,170,10,3,0.16475145799701843,0.39671812411377316,0.9909362067667647,4.121191534103564,4.2539898994758225,0.9687892800702307,-0.007270808459602701,0.9647901390801535,,,,
D,Ridge,173,7,3,0.025353029688335468,0.15846109353871696,0.9977902012039074,3.4020543587883307,3.3737019765502207,1.008749600849005,0.011827896476581565,1.0077735483105306,,,,
D,Ridge,173,9,3,0.05204037503611331,0.22541499262223808,0.9923506800679269,2.6741931567287724,2.7191064382665115,0.9855193768556053,0.007271410038435566,0.9820170088731226,,,,
D,Ridge,173,15,3,0.11561777157479376,0.3364405849175671,0.9870518783249173,2.883044460955091,2.995365633911075,0.9620416509458405,-0.025341564495515834,0.9565596548089191,,,,
D,Ridge,174,5,3,0.027549795399492833,0.16056018866242533,0.9963878036578254,2.817202090942074,2.775961532509568,1.0149970908040358,0.020195139096742466,1.0134341402180023,,,,
D,Ridge,177,8,3,0.050816855771984894,0.2246449954633992,0.9938505086502566,2.9813707976951496,2.881545435637898,1.0346322577895057,0.11655398750180306,1.0329938844687085,,,,
D,Ridge,178,5,3,0.03426308991734107,0.18419939500252203,0.9836058135155622,1.552405720318365,1.487654627857563,1.0448312523807781,-0.09445175506884702,1.0408284556847909,,,,
D,Ridge,184,10,3,0.0550235056230047,0.23385429707585462,0.9936874131749628,3.0513610787331538,3.010365017124876,1.0141702932876422,-0.013371659391622838,1.0113747180341794,,,,
D,Ridge,188,16,3,0.1075739750147741,0.32659856141942756,0.9936729095790868,4.197237372272337,4.107247492559265,1.0214508269420841,0.04124369663105793,1.0186561696732859,,,,
D,SVR,133,11,3,1.7039088432524843,1.2910423094272085,0.7892072804964015,1.7509948658988914,2.821842969093952,0.6232552195509263,-0.08614588148891954,0.5899864904152806,,,,
D,SVR,140,10,3,2.764482966590753,1.6621408798054496,0.8196307982126777,2.653810224168609,3.917859223106151,0.6770834161462624,-0.18642283711028496,0.6411547764577982,,,,
D,SVR,142,16,3,7.094734312759976,2.662853954253747,0.5742917955001555,1.7013807573590445,4.0849650814196865,0.41658793589038506,0.4688474551396989,0.38200197436517097,,,,
D,SVR,147,11,3,4.812958699531941,2.1782945236601248,0.674201807984827,1.9680379593433521,3.814501678198031,0.5184173359177356,-0.18285058736848733,0.4743005646713326,,,,
D,SVR,148,6,3,0.45259406535836844,0.6455642943151156,0.8482144703133491,1.3938743933533886,1.6719837375869018,0.837754250610068,0.027443920493718937,0.7787043873151943,,,,
D,SVR,149,12,3,2.00421745789234,1.3952379775582482,0.7973062941962213,2.029744769435679,3.1117305027641637,0.6546873138856779,-0.003892173790736105,0.6154426668348055,,,,
D,SVR,150,13,3,4.5608858798523535,2.1049259541943512,0.7659578680648172,2.4644689554009154,4.332215016527254,0.5736600221964206,0.23933495561113738,0.5511948887931872,,,,
D,SVR,151,12,3,5.344226078500713,2.2497103073320477,0.7357508787142041,2.4839615239429307,4.339444475025226,0.5784419801924382,0.2993806968036163,0.5459350629620345,,,,
D,SVR,152,11,3,2.522858850516584,1.5862674623377877,0.7373193941796291,1.8610418451952022,3.1125053525080335,0.5976300917506888,-0.15003384745024187,0.5562665899977782,,,,
D,SVR,155,6,3,1.0252375318800373,1.0106462551935165,0.834967325011447,2.067685025683914,2.4865086449265714,0.831070427852396,0.05094756117465337,0.7631646440865992,,,,
D,SVR,155,9,3,4.54045131122269,2.0072553025938866,0.756007736928062,2.7240298618300276,4.089171029834516,0.6752803118734869,-0.46186186586018163,0.6223983110483219,,,,
D,SVR,155,11,6,2.5149322767768605,1.5470391317840262,0.7374980274958319,1.8061818252270487,3.0558639696628322,0.5927510716878946,0.1107597928401028,0.5505410874187677,,,,
D,SVR,156,7,3,1.1603598616088255,1.0647392898836676,0.7548769013978752,1.5263421364462217,2.154347231777091,0.711006778836107,-0.2770212925321936,0.644799654960655,,,,
D,SVR,156,13,3,3.4510292250397323,1.7926350061187597,0.6967839363889968,1.773822526879992,3.218363146115331,0.5586473031533737,0.3010575739357509,0.5139147264866938,,,,
D,SVR,157,8,3,1.5274441708566018,1.2146139812643308,0.8273575283521258,2.112216690900389,2.911614292806951,0.7272117156312788,-0.17794401208340238,0.6812595311116247,,,,
D,SVR,157,12,3,2.7093316530443032,1.632027426774701,0.7231893838008245,1.8599428363462274,3.117037657752361,0.5981521330714216,-0.14043988069563712,0.5515409286812915,,,,
D,SVR,158,7,3,0.7959721895763566,0.8806180172610095,0.8011424296290363,1.424545519490711,1.9720764725631585,0.7266684256551329,-0.07899515814158803,0.6679514416113106,,,,
D,SVR,158,9,3,1.2522589011335192,1.0625096214799594,0.7437069327246313,1.5048347836292137,2.101114737835324,0.735178814687306,-0.04878300511236164,0.6587107005838968,,,,
D,SVR,158,10,3,2.8857128204078193,1.69634167526187,0.7504674112303077,2.214277286381497,3.397775253614535,0.6516612792362132,0.4305410236531051,0.5968985255562345,,,,
D,SVR,158,11,3,5.385529488230653,2.28524205203135,0.7381991639196815,2.4585826201921703,4.458484506987279,0.5531887160948115,0.09492263095671581,0.5248946138803919,,,,
D,SVR,159,8,3,5.1982129605479015,2.2733694108444245,0.7694516105098458,2.9479243688254066,4.745678892746129,0.6214968492462701,-0.21188146444620323,0.5880415319099522,,,,
D,SVR,160,7,3,0.8536573748754005,0.881555731817714,0.8243543678592097,1.7850526538232565,2.150850119410498,0.8324477662264287,0.1941771179798523,0.7681865494121681,,,,
D,SVR,160,11,3,4.849040543247971,2.158276484715444,0.7299004376665296,2.3873084934082445,4.152059137180717,0.577958360036423,-0.1739654659783428,0.5369113777163016,,,,
D,SVR,160,12,3,2.130149191951077,1.4289020234354741,0.777286839469019,1.9600382141703188,3.025431675310505,0.6625317648017434,0.12201573444039963,0.6195209223562436,,,,
D,SVR,161,4,3,0.49622836599488024,0.701227615904056,0.8788601725462154,1.8711302413745707,2.0300371269410777,0.9234124861945509,0.09111055433781613,0.8696042764911809,,,,
D,SVR,161,7,3,0.4397562528134842,0.659334725413341,0.8517469394277533,1.4885066724608087,1.7190019422976306,0.8657088782516015,0.023360292442361236,0.8012580920511817,,,,
D,SVR,161,12,3,6.002387755742677,2.429664968795842,0.6509072908663761,2.035931247341057,4.100291021575704,0.5001944129495227,-0.0951778779004827,0.45604637592828273,,,,
D,SVR,162,9,3,1.4258497837171398,1.1849803831162982,0.7819585452126011,1.7543876210545086,2.5522000549851795,0.6884956103791019,0.17695223628143056,0.6337891468073117,,,,
D,SVR,162,13,3,3.096721989691409,1.7554425187469211,0.7788116739880918,2.278446197712143,3.7325756588662213,0.6110765423079791,0.28366273237072426,0.579622820634783,,,,
D,SVR,163,5,3,0.6223734317591194,0.7775207432506993,0.8600085797284569,1.8488319286018706,2.0848327343967776,0.8885425775953468,0.16747327279566293,0.8303870659449372,,,,
D,SVR,164,10,3,1.7053269881877229,1.302713652659675,0.7798898145981007,1.9737874667908901,2.780926227865775,0.71039898028417,-0.21445132662484112,0.6463842236271882,,,,
D,SVR,166,16,3,1.7108171897512845,1.2704002112515802,0.7859063239614715,1.773468827459095,2.7428556457412476,0.6537845289854342,0.1607782470894697,0.6133958515757939,,,,
D,SVR,167,8,3,0.7731262908620455,0.868099651686741,0.8301316248804066,1.7140864098292667,2.104161783596477,0.8207500555288294,0.14441885177708097,0.7571955705080922,,,,
D,SVR,167,12,3,2.488821514958786,1.5733750232124668,0.7938023744757216,2.3556721909106924,3.468587390452616,0.6793381090395623,-0.20661712856439077,0.6297009513764904,,,,
D,SVR,168,6,3,3.6981391361349503,1.8983170410489103,0.7280851084415918,2.336544158652746,3.647417625034187,0.642780122290313,-0.5744604138820681,0.5847825262595272,,,,
D,SVR,168,14,3,1.6512855612732136,1.2841763675341624,0.7980575988968085,1.949459418295788,2.8579767857422724,0.6824991791182756,-0.16174236654624416,0.6390010720538936,,,,
D,SVR,169,5,3,0.7471195685305534,0.8394957232892543,0.7569904953242205,1.2319269047491181,1.726454137336619,0.7184346664242799,-0.13225040578582387,0.6451487400534027,,,,
D,SVR,169,11,3,3.0739238598091227,1.723510934449089,0.7071309615316711,1.7729641669473757,3.170625371744135,0.5660113636418121,0.12521204726362709,0.5168320151512616,,,,
D,SVR,169,13,3,2.695096997798043,1.6200921309412835,0.7323765036613276,1.8812620427876698,3.121038265057099,0.6070449724211097,-0.1336690217970084,0.5559331200053946,,,,
D,SVR,170,8,3,1.0066468778299444,0.9995348244621235,0.8006781481071021,1.5930501112656466,2.237260233020783,0.7131702557675842,0.016318541184060262,0.6575511743226649,,,,
D,SVR,170,10,3,4.2814004665651915,2.066649264578737,0.7636713734279121,2.5138047028624335,4.2539898994758225,0.5906718321950697,0.008250439896168901,0.5566378827527617,,,,
D,SVR,173,7,3,2.1734871728689082,1.453743577538986,0.8128854842156455,2.4321791778991253,3.3737019765502207,0.7231176251780734,-0.09941344733552417,0.670305328606099,,,,
D,SVR,173,9,3,1.799931267247391,1.3228022495763223,0.7655118278368032,1.7651375135451943,2.7191064382665115,0.6525223932224958,0.05699596136795696,0.5964873467368351,,,,
D,SVR,173,15,3,2.2663322690293124,1.5026007444209633,0.7461695659576261,1.7268094075954015,2.995365633911075,0.5755658750551715,0.000154006387852762,0.5445478469370525,,,,
D,SVR,174,5,3,1.8441411972278228,1.34483080579322,0.7617416642676041,1.984243356299989,2.775961532509568,0.7150630170853747,-0.18505448927969678,0.6431990267078759,,,,
D,SVR,177,8,3,1.0654003967874786,1.0092353070555566,0.8722774955535716,2.3109344691619635,2.881545435637898,0.8020990119042812,-0.012400625188108501,0.7606345167885088,,,,
D,SVR,178,5,3,0.34467923063422573,0.5861214930637932,0.8396725153697843,1.2339573733478095,1.487654627857563,0.8306133764232267,-0.18379028093362704,0.7762489032296701,,,,
D,SVR,184,10,3,1.51828066212086,1.2098598230836448,0.8380465669145115,2.1452238816023237,3.010365017124876,0.7160140404678338,0.012556588395782664,0.6809896028682623,,,,
D,SVR,188,16,3,4.867836839358723,2.203995929946299,0.7098886202420079,2.2357887886862766,4.107247492559265,0.5447049186079674,-0.3152458924956591,0.5105912302599801,,,,
D,XGBoost,133,11,3,2.7733034378299712,1.6618466025129084,0.608627567831156,2.3328349590301514,2.821842969093952,0.8398431719322291,-0.09665029080070252,0.6757234419553998,,,,
D,XGBoost,140,10,3,3.3336591621996283,1.819381384191271,0.7846365283886229,3.2030643622080484,3.917859223106151,0.8200346561039056,0.161293763937859,0.7319047480647526,,,,
D,XGBoost,142,16,3,7.199242008080414,2.6777646259464283,0.5689703114957356,3.095097541809082,4.0849650814196865,0.7600774112589351,0.7017214564126961,0.5928776416978113,,,,
D,XGBoost,147,11,3,5.410341061244002,2.3258679309068273,0.6234392365261882,2.5327301820119223,3.814501678198031,0.6646121560534595,-0.26596409860195586,0.5400528027226409,,,,
D,XGBoost,148,6,3,0.5808483904517044,0.7561274745562425,0.7927841325976344,1.6440911293029785,1.6719837375869018,0.9879220686625344,0.04924822626407863,0.888997924072818,,,,
D,XGBoost,149,12,3,3.23788128451827,1.7961345659055468,0.6652598189343415,2.3018341064453125,3.1117305027641637,0.7424960159453328,0.04048925083139853,0.6125164865696222,,,,
D,XGBoost,150,13,3,4.108889474110904,2.016051132582584,0.7829669097440282,3.386432409286499,4.332215016527254,0.785573682067967,0.30758775829739765,0.7037893182466691,,,,
D,XGBoost,151,12,3,4.691868357954334,2.1640787518736735,0.7423027474792286,3.5754257837931314,4.339444475025226,0.8335426167603486,0.1481829154106706,0.7257713816791367,,,,
D,XGBoost,152,11,3,3.503033128216447,1.868862139459292,0.6336662676758427,2.595989386240641,3.1125053525080335,0.8351706069177768,0.17997647835750916,0.6748711287856418,,,,
D,XGBoost,155,6,3,1.6053738289044024,1.259684054725381,0.7337852167474059,2.3656084537506104,2.4865086449265714,0.952096215860928,-0.06874459032671053,0.8212777372771951,,,,
D,XGBoost,155,9,3,4.2161342272902935,2.044347287535702,0.7447864723289538,3.2583897908528647,4.089171029834516,0.7986487233223093,-0.27246962958352683,0.6963575215608065,,,,
D,XGBoost,155,11,6,2.9679837604533703,1.6525840753878862,0.7093510501574358,2.4896636605262756,3.0558639696628322,0.8191008789924917,-0.05341730580650791,0.6957604676153236,,,,
D,XGBoost,156,7,3,1.8146746695132308,1.3449290627387949,0.6017501006726725,2.004575332005819,2.154347231777091,0.9344981611293172,-0.12677607945805403,0.7408718556465527,,,,
D,XGBoost,156,13,3,5.264380339210131,2.2664932241671454,0.49884586278673976,2.2792452573776245,3.218363146115331,0.7204175195143723,0.5784443681569146,0.5297257354714162,,,,
D,XGBoost,157,8,3,2.0315222704334643,1.421305941447521,0.742331497365648,2.4709505240122476,2.911614292806951,0.8520346432721261,-0.08130933829394527,0.7355029991825409,,,,
D,XGBoost,157,12,3,3.673129282743446,1.9076934452461725,0.6224464600003853,2.5641470750172934,3.117037657752361,0.8309466400481077,-0.14327845883369936,0.6646742929268308,,,,
D,XGBoost,158,7,3,1.085786643671044,1.0412284428335516,0.7108735611015039,1.7122357288996375,1.9720764725631585,0.8734720359927209,-0.10130787379523705,0.7411101903556881,,,,
D,XGBoost,158,9,3,1.0705074981237177,1.03153937456877,0.7392404117980277,1.8379190762837727,2.101114737835324,0.8881959677527828,-0.1242312795375403,0.7734110916069655,,,,
D,XGBoost,158,10,3,3.081608960039445,1.7427994649277563,0.7341653898487858,2.7781290213267007,3.397775253614535,0.8187322711720414,0.11331499549711828,0.7108318919595318,,,,
D,XGBoost,158,11,3,4.481927900700122,2.03792276315307,0.7903539517032158,3.5822246074676514,4.458484506987279,0.8127366909861143,0.2984622314683409,0.7364547848920536,,,,
D,XGBoost,159,8,3,4.908280095779514,2.2101507297997425,0.7721529893568763,3.884371598561605,4.745678892746129,0.8148131032314186,0.15002955377840557,0.7237955443836722,,,,
D,XGBoost,160,7,3,0.6956520887317598,0.8303190330835966,0.8509450984542957,2.057789166768392,2.150850119410498,0.960150641215734,0.027625346587866834,0.8911188758636711,,,,
D,XGBoost,160,11,3,4.368649963292784,2.0585848463606733,0.7520154468214378,3.7581929365793862,4.152059137180717,0.9029803213165035,-0.23957432774023166,0.7914316023791348,,,,
D,XGBoost,160,12,3,3.2021447658786144,1.772985058799337,0.6423465010080055,2.239437381426493,3.025431675310505,0.7603904945858823,0.026749336015104097,0.6191740461692093,,,,
D,XGBoost,161,4,3,0.8554751957592202,0.9220970819708946,0.7927176887772441,1.9497085412343342,2.0300371269410777,0.9631501060580563,0.02873508140612133,0.8643741417272518,,,,
D,XGBoost,161,7,3,1.163447866192023,1.0735644451795678,0.5926176439366494,1.6595855553944905,1.7190019422976306,0.965581441038712,-0.027145561264290935,0.7632651469511379,,,,
D,XGBoost,161,12,3,7.347852378718016,2.708224419367294,0.547147141253376,2.5543638865152993,4.100291021575704,0.6246595100784164,-0.1550698553845493,0.47164463758827546,,,,
D,XGBoost,162,9,3,2.044409805068593,1.4150784397987175,0.6887041861341849,2.134224613507589,2.5522000549851795,0.8366616816635984,0.0842227013126371,0.6970217861355454,,,,
D,XGBoost,162,13,3,3.718322954804862,1.9127764263456173,0.7363289816224173,3.207060972849528,3.7325756588662213,0.8590600489169126,0.27234287442060695,0.7423909376878726,,,,
D,XGBoost,163,5,3,1.061000552627487,1.023159110464922,0.7597946527882039,1.9606527884801228,2.0848327343967776,0.9382847454314144,0.14624531858025963,0.8240685151478259,,,,
D,XGBoost,164,10,3,2.2225365530817824,1.4852617075640822,0.7111950714169524,2.3779850800832114,2.780926227865775,0.8533225185044747,-0.09576289778374243,0.7231801870661183,,,,
D,XGBoost,166,16,3,3.10241878095467,1.729740084789788,0.5920358478679909,2.055773615837097,2.7428556457412476,0.7563707155402728,0.06906305953057712,0.5944450947966186,,,,
D,XGBoost,167,8,3,1.5168302616988132,1.2148897137483166,0.6552920852938913,1.7165704170862834,2.104161783596477,0.813254923350572,0.20528695434925479,0.670999025777403,,,,
D,XGBoost,167,12,3,4.544311821900607,2.1216455731723207,0.6226408987402251,2.762537638346354,3.468587390452616,0.7958585798818492,-0.07190887598520257,0.6333684372221017,,,,
D,XGBoost,168,6,3,2.6181213984580016,1.618059111782383,0.8018217764472566,3.100050687789917,3.647417625034187,0.8497399837249177,-0.19318988705888682,0.7647464590342685,,,,
D,XGBoost,168,14,3,3.5047520679101787,1.8713890989148407,0.5678817307786099,2.168492158253988,2.8579767857422724,0.7579152293478199,-0.26469313215513496,0.5849539990288657,,,,
D,XGBoost,169,5,3,0.5754863982965329,0.7523956935482669,0.8110268878477589,1.7156582673390706,1.726454137336619,0.9954629711487657,0.0246590931791079,0.9051715152412108,,,,
D,XGBoost,169,11,3,2.870267056570557,1.6850280807489408,0.7144161426666313,2.4452380339304605,3.170625371744135,0.782661995315942,0.19073841956665702,0.6702993047507566,,,,
D,XGBoost,169,13,3,3.0002826395270077,1.6975374286081717,0.7080504490592595,2.4624976317087808,3.121038265057099,0.7922378416807065,-0.043374975230579565,0.6698011432082173,,,,
D,XGBoost,170,8,3,1.504971525094267,1.222717343101017,0.701807898207416,1.7127061287562053,2.237260233020783,0.7664409633840629,0.07740346822962503,0.6464078265490538,,,,
D,XGBoost,170,10,3,3.7834955203990277,1.9288923613810531,0.7928101821913823,3.3655141989390054,4.2539898994758225,0.7935215134328777,-0.21806185204091397,0.7149939990230383,,,,
D,XGBoost,173,7,3,2.086288471727347,1.4257161211609102,0.8159707084542149,3.013631025950114,3.3737019765502207,0.8981742233436036,0.028148048873302706,0.8147128840121548,,,,
D,XGBoost,173,9,3,2.10486870230309,1.4429387631796322,0.7156337832845421,2.2285584608713784,2.7191064382665115,0.8300297219842644,0.06434826380993981,0.7066430676823039,,,,
D,XGBoost,173,15,3,3.3585877978675174,1.827628468361878,0.6245936379788501,1.9627200762430828,2.995365633911075,0.6534165226703235,0.16548097916226315,0.5320014723725185,,,,
D,XGBoost,174,5,3,1.594749480310331,1.26178036713329,0.7933353798464345,2.436171372731527,2.775961532509568,0.8780082513367858,0.02893297103595523,0.7864584524149448,,,,
D,XGBoost,177,8,3,2.1828498353379797,1.4666559173960014,0.7388348418411285,2.5334819157918296,2.881545435637898,0.8798278171576426,-0.03191810064493522,0.7597257333052537,,,,
D,XGBoost,178,5,3,0.5950217211238745,0.7633526856293363,0.7317291689221564,1.5092145204544067,1.487654627857563,1.0107648040575612,-0.174690724060643,0.8892698101220801,,,,
D,XGBoost,184,10,3,1.5182492623223627,1.2172438122949154,0.8272095244502325,2.832771380742391,3.010365017124876,0.9457387573101127,-0.04254884508826765,0.8649917324930416,,,,
D,XGBoost,188,16,3,5.86432500881891,2.412865018947714,0.648137231769228,3.37923264503479,4.107247492559265,0.8221582463107935,-0.24311251244104992,0.6660252756420021,,,,
E,AutoGluon,138,10,1,1.342922072864128,1.1588451461969058,0.8492751895349969,3.1982014179229736,2.984922315776477,1.071452145008677,-0.2383133986747515,1.0018295488791285,,,,
E,AutoGluon,146,10,1,1.0293191212602817,1.0145536561760948,0.7505505140004209,1.962840795516968,2.031345112820214,0.96627637673633,0.0095514030642233,0.8421313139373761,,,,
E,AutoGluon,156,10,1,1.0726846840755395,1.035704921334035,0.8265074740994248,2.0502943992614746,2.486541173250403,0.8245567864783566,-0.3170869839675206,0.7613314993111568,,,,
E,AutoGluon,162,13,1,1.8464997181990817,1.35885971247921,0.6630085172319924,1.4454855918884275,2.340804591207573,0.6175165570496132,-0.042169973956198,0.5223298750710226,,,,
E,AutoGluon,166,10,1,1.4653678429294643,1.2105237886673126,0.84921251685224,2.7217037677764893,3.117386729228832,0.8730722249689485,0.3734360116957064,0.8129087973713901,,,,
E,AutoGluon,166,15,1,1.4687194325832855,1.211907353135249,0.9125416857142494,3.628101110458374,4.097970893037969,0.8853408687265555,0.0328215660750409,0.8482171174880724,,,,
E,CatBoost,134,5,3,0.48992518602784846,0.6993493941430121,0.6468278912525686,1.1452174561556563,1.1795340481848224,0.9679938415410847,-0.09322660811678658,0.8039192254959349,,,,
E,CatBoost,138,10,3,2.252489486722674,1.462126507795421,0.7526439660261747,2.0709803141586183,2.9317446143591788,0.7242957457419749,-0.08418557207982887,0.6485494100600794,,,,
E,CatBoost,138,11,3,1.767479324514502,1.3270239102852832,0.7811602367256052,2.200594041981601,2.8493164215840294,0.7713936594297038,-0.0633315682701233,0.6920538383519746,,,,
E,CatBoost,143,8,3,0.8484281719867427,0.9205676917471403,0.8220691458720997,1.94594149358242,2.1930758987165073,0.890469217854453,0.10435270161783324,0.8108047450480007,,,,
E,CatBoost,146,6,3,0.9897432380666142,0.9892338762986062,0.8110819909714104,1.8273091981545015,2.299096883006435,0.7949039708510918,-0.05827568629783083,0.7228558090522013,,,,
E,CatBoost,146,10,3,0.8542069575445291,0.9236309436028111,0.8190184179065166,1.7898909619407892,2.191888936362225,0.8164456995984645,0.0026490416578924723,0.7443213284129294,,,,
E,CatBoost,147,9,3,0.8940071674148182,0.941190959571172,0.802333695362893,1.78747447759013,2.183466777312591,0.8176520631866492,-0.2088531365324541,0.7432874317396067,,,,
E,CatBoost,147,10,3,3.015097350049601,1.7214745243565333,0.7645196901060488,2.379331517085332,3.6301670870263023,0.6534676025695366,0.16714166340652628,0.5988986345159304,,,,
E,CatBoost,148,10,3,1.6417007894518447,1.2572786050768674,0.7336036056522349,1.6789133092284085,2.422665064440278,0.7032008725056951,0.16346757326763506,0.6238041926630339,,,,
E,CatBoost,149,13,3,2.7635889500890864,1.6459410104589611,0.7029888293856045,1.843062419396692,3.0134106758875308,0.6219013609797047,-0.1641316337508464,0.555123051466098,,,,
E,CatBoost,150,4,3,0.21040998985866677,0.4574731376639332,0.3418291649899843,0.6398823988893344,0.5811256816776036,1.1122061401938685,-0.0026050410456839985,0.8039890160868594,,,,
E,CatBoost,150,7,3,2.037779371997908,1.4107723872397147,0.814849494857082,2.4612325886944917,3.3462489536339852,0.740878201117576,0.0024151889123950657,0.6894870368443566,,,,
E,CatBoost,150,12,3,3.0452144813995705,1.7090221854206415,0.6998511294841091,2.047093768357517,3.1226654201968205,0.6621111834395681,-0.0992789784686214,0.5772055167537046,,,,
E,CatBoost,150,13,3,4.562677929396211,2.117216652027631,0.665931221814351,2.2347879892638085,3.6555985651508673,0.6137401922601806,-0.29623223847846897,0.5382686250791036,,,,
E,CatBoost,153,7,3,1.8459242037658534,1.3067965302248992,0.7883451240890785,2.057556661862019,2.8446680452684983,0.7387865714125964,-0.07124892101792708,0.6787486509175418,,,,
E,CatBoost,153,11,6,4.4145502857289465,2.0455479718734826,0.7582345423896459,2.6300953884582032,4.12836045354311,0.6470649002471667,-0.11571212700672646,0.5933261903566559,,,,
E,CatBoost,154,8,3,0.6873341559957727,0.8241130952542464,0.8020644809940897,1.5163565841286868,1.8499774778575577,0.8212840791373762,0.11156280835758818,0.7478673625376916,,,,
E,CatBoost,154,13,3,5.580745007381691,2.3613495384481378,0.7557354537012806,3.049013768941865,4.780977966985191,0.637782626363796,0.2706903600841118,0.5833765159093153,,,,
E,CatBoost,155,8,3,2.0341825860687917,1.422804804839978,0.710140776738967,1.7361752293929775,2.6416748130399923,0.6600365617250636,-0.0185757272806828,0.5763446135872786,,,,
E,CatBoost,156,10,3,1.2532835536766507,1.1164026513423717,0.7990879470414282,1.9122212220016992,2.494983432555564,0.7667614447996348,-0.1669823186608824,0.7004632852498239,,,,
E,CatBoost,156,13,3,4.785066223943381,2.147995390688697,0.6263179237379736,2.0598983021927975,3.4948859314343914,0.6004428738901815,0.08880839691926982,0.4997355132814392,,,,
E,CatBoost,157,12,3,4.00233653867382,1.9670955086632915,0.7326509405936118,2.461632733515616,3.869837954165039,0.6369590365404799,-0.05567022991126833,0.5721523325470633,,,,
E,CatBoost,157,14,3,4.601670261975578,2.117781935312648,0.7051084201866119,2.5255664577091186,3.899145862407051,0.6494435212134589,-0.01614669603345574,0.5671893944717211,,,,
E,CatBoost,158,5,3,1.4281730031778805,1.1219382843609476,0.8291543496180499,1.9786449025424033,2.6859055509807432,0.7521867954847804,-0.015647001490631165,0.7041832997364109,,,,
E,CatBoost,158,7,3,2.4644086851877467,1.4430719524985982,0.8288508158191775,2.6599792431862546,3.6012161317747764,0.7477666376072992,0.21409402948844714,0.7021221010283195,,,,
E,CatBoost,158,10,3,1.1333300882572652,1.0614429264698693,0.8582494652815903,2.361040134766782,2.8202286469381512,0.8405282576302207,0.1293951253698097,0.7852557067946733,,,,
E,CatBoost,158,16,3,4.072866889737607,2.001717715813655,0.6797823746493039,2.122697698753206,3.5377764918334655,0.6033528791956969,0.06121621705140923,0.5253669419087607,,,,
E,CatBoost,159,4,3,0.3719610606544465,0.601146048978266,0.8664879387968017,1.575035972395355,1.6654041696422885,0.9467127617330483,-0.024466923046504097,0.8824039305725369,,,,
E,CatBoost,160,8,3,1.6589373333230852,1.286221122971938,0.7385165565143138,1.7619182220311005,2.5184188682458846,0.6996970739895597,0.17248485679504455,0.6182482705882223,,,,
E,CatBoost,162,13,3,2.1583705322027904,1.4658255874289117,0.6065553087173495,1.3233640078200284,2.338430918066529,0.5663237952515545,0.09390960267274806,0.46465593148340917,,,,
E,CatBoost,163,7,6,0.4549349779581329,0.6596691428177409,0.7471192611277945,1.1594465831424976,1.3773197412075628,0.852239175212202,0.042808646227030865,0.7481777571805696,,,,
E,CatBoost,163,16,3,2.906019718130082,1.7045329124120598,0.7065658248817526,2.0704242752699265,3.16454718592807,0.6579269728650444,0.16274216016605905,0.5742900333036826,,,,
E,CatBoost,164,10,6,1.4128766876826029,1.1659975617827756,0.7668728274367336,1.8463980056516096,2.4115786735637847,0.7749536387831454,-0.10637676967297426,0.6953598419786315,,,,
E,CatBoost,164,11,3,3.3689186939284568,1.8338817060917887,0.7979958222047886,3.015270426943733,4.091937429657553,0.7343310346840802,-0.07576965150329923,0.6700818064483501,,,,
E,CatBoost,166,4,3,0.3465083236110133,0.5863479100247,0.7291141905000788,1.0894869374961889,1.146478070404885,0.9569661338929096,-0.026833923863490563,0.8281024466107553,,,,
E,CatBoost,166,7,3,0.9417617735277252,0.9491968413141745,0.821741355168854,1.8028157756482417,2.263210177340751,0.807660338036225,-0.22703063570667145,0.7454286357752045,,,,
E,CatBoost,166,10,3,2.184607020337164,1.474509007345717,0.7624031826143097,2.160312659872281,3.0240499773463667,0.7148400298711625,0.3013397040055652,0.6434604428623506,,,,
E,CatBoost,166,11,3,3.9900359355864996,1.9916548573478805,0.7841780736273871,2.8341566241672767,4.306002264347551,0.6579656173657227,0.3828543060950469,0.614092121469609,,,,
E,CatBoost,166,15,3,5.36219559869176,2.2862944926687976,0.7685342220158393,3.1793664673422786,4.73890646289641,0.675009051459102,-0.06662443493667376,0.6204528820393075,,,,
E,CatBoost,167,9,3,2.1330815943227357,1.4408772988373058,0.7972466819449954,2.149271013961091,3.2102512494133335,0.6720305881532928,-0.12804931880402756,0.6277338482859434,,,,
E,CatBoost,169,14,3,3.1510579762144193,1.7689667009330126,0.7302154698663257,2.2148937210267237,3.432415056794575,0.6444912172343895,-0.018287683489266137,0.575119783698434,,,,
E,CatBoost,170,10,3,3.0960639088800193,1.7590788624436986,0.7466539627957447,2.3020299722091497,3.5017173261315055,0.6578172095258145,-0.05257388907452132,0.5938440053492906,,,,
E,CatBoost,174,15,3,3.859304692733975,1.9644374803701294,0.7216879104479194,2.3585316805215757,3.7616766986743415,0.6249385487850825,-0.13655223459091978,0.5574872600796054,,,,
E,CatBoost,178,7,3,1.9140733031201929,1.382713381185323,0.8017521078032711,2.3735615085818687,3.121392264821227,0.7617680904041045,0.013323084228721799,0.6913544098927183,,,,
E,CatBoost,180,12,3,1.6770733404947287,1.2874785584112778,0.6821328592049243,1.4853944743566945,2.2912438878283274,0.6486591859368405,0.06690353029033667,0.5552485489891578,,,,
E,CatBoost,181,14,3,2.0773660991070533,1.4295699219314686,0.7528734569618547,2.1049692124601393,2.8734488419520154,0.7347056078411871,0.10101136368039454,0.6510723644056461,,,,
E,CatBoost,186,15,3,4.925810682100159,2.216755967245418,0.6711934810009091,2.3694279492935415,3.8756672148281814,0.6112833801247053,0.03329210582807499,0.5282864025508287,,,,
E,FixedRidgeLambda1,134,5,3,0.0388078280562261,0.19453045990591245,0.9703815449176557,1.194969635598594,1.1795340481848224,1.0153255346768841,-0.03597153855010633,1.0047566994960826,,,,
E,FixedRidgeLambda1,138,10,3,0.10824269443114633,0.3282428391937659,0.9865244650413801,3.111553238437351,2.9317446143591788,1.0631761835659275,-0.0375779538637934,1.0589841865050527,,,,
E,FixedRidgeLambda1,138,11,3,0.09862811134759186,0.312565464158782,0.9877759589435859,2.9626791648917994,2.8493164215840294,1.039794518195501,0.0697144995660106,1.0353191425481676,,,,
E,FixedRidgeLambda1,143,8,3,0.11223312957243203,0.3269453771309699,0.9775983683884526,2.2795334891848875,2.1930758987165073,1.03730090061024,0.045902612249077664,1.0277953305338983,,,,
E,FixedRidgeLambda1,146,6,3,0.0344477303155722,0.1728372413725864,0.9934460332348726,2.225182767301603,2.299096883006435,0.9676259833626504,-0.02332922887357237,0.9656492101977688,,,,
E,FixedRidgeLambda1,146,10,3,0.15146889840132713,0.3875068358847314,0.9685462964052296,2.1467297484060923,2.191888936362225,0.9820766861818523,0.07305240499120114,0.9682427873690612,,,,
E,FixedRidgeLambda1,147,9,3,0.0747393933475589,0.2602200982518514,0.9840464928432763,2.171448550489456,2.183466777312591,0.9933400597933767,-0.12111090439336052,0.9875553615359202,,,,
E,FixedRidgeLambda1,147,10,3,0.14934676902171332,0.3797297152934543,0.9884764636053284,3.467668562898524,3.6301670870263023,0.9554969378048647,0.0362637292523956,0.9509093719627826,,,,
E,FixedRidgeLambda1,148,10,3,0.08231342648188167,0.2846520931666711,0.9851879164313967,2.525817028554287,2.422665064440278,1.0457432838917977,0.12370894769647904,1.041205875911883,,,,
E,FixedRidgeLambda1,149,13,3,0.07585017100636643,0.27413741289705734,0.9909244013570951,2.911638459483956,3.0134106758875308,0.966577010679412,-0.012614499206551432,0.962659578980988,,,,
E,FixedRidgeLambda1,150,4,3,0.0090508538766189,0.0875975786726693,0.976305082069992,0.5345291005809628,0.5811256816776036,0.9180962986407009,-0.0133797015708905,0.9104879011558938,,,,
E,FixedRidgeLambda1,150,7,3,0.04051428579867634,0.19708212045037024,0.9964565384323524,3.3127589639503765,3.3462489536339852,0.9918570947664973,0.04839250731074663,0.990457144444003,,,,
E,FixedRidgeLambda1,150,12,3,0.0784005778978462,0.2798448457591254,0.9917617983899235,3.2002259659568977,3.1226654201968205,1.0252691876837503,0.020149599092302867,1.0216966324970373,,,,
E,FixedRidgeLambda1,150,13,3,0.0703861845526204,0.26453172357399596,0.994595830598494,3.6845714087409953,3.6555985651508673,1.009053088186213,-0.0042787273006493305,1.0066660874564466,,,,
E,FixedRidgeLambda1,153,7,3,0.08556439817717076,0.2895297710153519,0.9886721471719975,2.827031711679018,2.8446680452684983,0.9977887947593561,-0.03730227553027947,0.9933630059447522,,,,
E,FixedRidgeLambda1,153,11,6,0.10866502560158615,0.32724149354247695,0.9925775268773701,4.092148470466321,4.12836045354311,0.9953272375970431,-0.09231508331763394,0.9929621172720342,,,,
E,FixedRidgeLambda1,154,8,3,0.060056222344454534,0.23720731536576056,0.9820801063979827,1.7974944671540645,1.8499774778575577,0.9709904303737585,0.0774876073061454,0.96452155105707,,,,
E,FixedRidgeLambda1,154,13,3,0.06781192976434103,0.2504817975700154,0.9970171128482184,4.667185095948437,4.780977966985191,0.9761975799866939,0.012688116657634233,0.9749954822831852,,,,
E,FixedRidgeLambda1,155,8,3,0.057463938577215205,0.2389666636103294,0.9915899357436198,2.5670776363464927,2.6416748130399923,0.9724974289581949,-0.09466607396411897,0.9699760268701633,,,,
E,FixedRidgeLambda1,156,10,3,0.07772111126218863,0.27475133418120784,0.9874762150163229,2.5272191942965967,2.494983432555564,1.0127979470652149,-0.06779680555061941,1.0073519428230486,,,,
E,FixedRidgeLambda1,156,13,3,0.04953638857868343,0.22131522666790363,0.9957814371367709,3.4375710001663187,3.4948859314343914,0.985002988641764,-0.0104836881297091,0.9831072330220314,,,,
E,FixedRidgeLambda1,157,12,3,0.03977682131498807,0.19921584126040245,0.9972043473682867,3.8255493407983856,3.869837954165039,0.9881916186374333,-0.025337062886137903,0.9869415912018044,,,,
E,FixedRidgeLambda1,157,14,3,0.09235675939451032,0.3023091648055067,0.9940059450548971,3.9247737999456653,3.899145862407051,1.005796134926911,-0.056845922567581864,1.0030460661026488,,,,
E,FixedRidgeLambda1,158,5,3,0.0558723042665464,0.23021717549554377,0.9920010228200175,2.615670136524882,2.6859055509807432,0.9736641683809474,-0.07158151832142977,0.9705591708814998,,,,
E,FixedRidgeLambda1,158,7,3,0.028697499371430568,0.16911086782605403,0.9976845024522487,3.6204490284953152,3.6012161317747764,1.0071481490188254,0.09013105973796827,1.0065928117090766,,,,
E,FixedRidgeLambda1,158,10,3,0.14227587036340927,0.370093360474286,0.9806712709028877,2.937369690463878,2.8202286469381512,1.0421812935302672,0.08868677630541329,1.0346048175295888,,,,
E,FixedRidgeLambda1,158,16,3,0.06255967927745469,0.24985379257663387,0.9947883892123501,3.4310724736253158,3.5377764918334655,0.9680282532954898,0.01822979634509643,0.9661982341053883,,,,
E,FixedRidgeLambda1,159,4,3,0.04059742018613677,0.20035716542679957,0.9848209555430224,1.82938017791054,1.6654041696422885,1.0994390436546058,-0.008537044600618769,1.0970035591581748,,,,
E,FixedRidgeLambda1,160,8,3,0.09539528445763153,0.3054956415196819,0.9848859088438751,2.390859376901911,2.5184188682458846,0.94963475351964,-0.018222799048638733,0.9434882385385309,,,,
E,FixedRidgeLambda1,162,13,3,0.1363391755011078,0.36359885826631394,0.9739784628641184,2.284396834145764,2.338430918066529,0.9764454735140955,-0.03293272890458147,0.9664610851443344,,,,
E,FixedRidgeLambda1,163,7,6,0.0363792506566594,0.18716527468277963,0.9780463865105143,1.3289629283182627,1.3773197412075628,0.9655863658379249,-0.01863825320318373,0.9565511893422985,,,,
E,FixedRidgeLambda1,163,16,3,0.033157865513358496,0.1816394025644763,0.9965973900658581,3.189257313144138,3.16454718592807,1.0085736853197118,0.0342902687358475,1.0072524614744758,,,,
E,FixedRidgeLambda1,164,10,6,0.09593165451323642,0.3073359864164676,0.9830387325232305,2.345691135811844,2.4115786735637847,0.9732095985384405,0.0006699181111779658,0.9664393552390328,,,,
E,FixedRidgeLambda1,164,11,3,0.11126415059307433,0.3333177074619682,0.9933265595544928,4.0240845062704915,4.091937429657553,0.9837525520748206,-0.15046179675176843,0.9813302978754878,,,,
E,FixedRidgeLambda1,166,4,3,0.011193653653611267,0.10482628234200041,0.9910057356421825,1.1337858145501285,1.146478070404885,0.9905835702692004,-0.019216714268097835,0.9870442713610698,,,,
E,FixedRidgeLambda1,166,7,3,0.10785148517127459,0.32818503319569414,0.9773618940743405,2.3911490756010845,2.263210177340751,1.0590548738874965,-0.091401000259321,1.050441707603432,,,,
E,FixedRidgeLambda1,166,10,3,0.08506743519024834,0.2906125202678576,0.990705144384943,3.0735843366947204,3.0240499773463667,1.015713096341425,0.21177468774531327,1.0137919378673628,,,,
E,FixedRidgeLambda1,166,11,3,0.053996400749369566,0.22861792142170653,0.9970959344796442,4.3049671374198555,4.306002264347551,0.9997202266351434,0.08638027776655606,0.9985637325153914,,,,
E,FixedRidgeLambda1,166,15,3,0.06879546851295613,0.261980221712091,0.9967438554797918,4.681760518020411,4.73890646289641,0.9873620949792662,0.0059477560993001005,0.9858530076195368,,,,
E,FixedRidgeLambda1,167,9,3,0.0306628193063347,0.16981714948548587,0.9970746259785024,3.160051057877293,3.2102512494133335,0.9844960415410006,-0.0366298352586095,0.9834227615394657,,,,
E,FixedRidgeLambda1,169,14,3,0.05280972910162357,0.2292901847540235,0.9954949736681099,3.413159586764184,3.432415056794575,0.9943388671617361,0.0742555003649402,0.9927794523848338,,,,
E,FixedRidgeLambda1,170,10,3,0.06549807388244387,0.25508448249935894,0.9946922718235487,3.4519621698611958,3.5017173261315055,0.9858223676913984,-0.02744243965180097,0.9834623886541664,,,,
E,FixedRidgeLambda1,174,15,3,0.08909614708445028,0.2935669011820526,0.9939019505279738,3.7044400353627567,3.7616766986743415,0.9859618374234677,0.0369041006006807,0.9833567221590197,,,,
E,FixedRidgeLambda1,178,7,3,0.0942787317590487,0.3058976510865297,0.9899527297862335,3.192051580559004,3.121392264821227,1.022584425835034,0.10090508170558764,1.0183880267578285,,,,
E,FixedRidgeLambda1,180,12,3,0.045455826451166435,0.20844113812856413,0.9914254922024438,2.3089289853147688,2.2912438878283274,1.0076279005954003,0.07230089283937037,1.003948481907681,,,,
E,FixedRidgeLambda1,181,14,3,0.14655732380588216,0.3815274660013226,0.9823969860465009,2.9031396599302552,2.8734488419520154,1.0101594608780111,0.06363003294370816,1.002118950063218,,,,
E,FixedRidgeLambda1,186,15,3,0.10064890461087694,0.31523854775716637,0.993325098625801,3.9057797240250403,3.8756672148281814,1.0078017754208946,0.0385036603107128,1.0046235316362135,,,,
E,KNN,134,5,3,0.5316902631971949,0.7221515256805754,0.6085308940226951,1.0035962124190079,1.1795340481848224,0.854076032361089,-0.09405699226262726,0.6770282498434046,,,,
E,KNN,138,10,3,2.8367059844231934,1.6804983586995406,0.6607201054802411,1.8885751602808352,2.9317446143591788,0.6450290239270103,0.4063139751235007,0.5525315852877055,,,,
E,KNN,138,11,3,3.695448456480546,1.9164932939196735,0.543674643135743,1.6922908756659059,2.8493164215840294,0.5940968383926891,-0.1256352208615659,0.45279622711052414,,,,
E,KNN,143,8,3,1.6872997402600218,1.290692825046387,0.6328566656556548,1.3771619798932304,2.1930758987165073,0.6254193656679807,0.20822191706197335,0.5236757194360423,,,,
E,KNN,146,6,3,1.6474139883679058,1.2775245840735863,0.6886717941963071,1.5267710034411077,2.299096883006435,0.6649872283845131,0.07273751194114407,0.5685292075113982,,,,
E,KNN,146,10,3,2.0237500798029138,1.4179323541793172,0.5815638304291357,1.2810842082600171,2.191888936362225,0.5862646856398817,0.10482354565373543,0.4695393102030434,,,,
E,KNN,147,9,3,1.4922232727519387,1.2161625724984673,0.6839939356731127,1.46905572803196,2.183466777312591,0.6748118272143336,-0.3875704011659707,0.5876340639050891,,,,
E,KNN,147,10,3,6.601498053127384,2.5658886693709984,0.49923921110023955,1.802111965444027,3.6301670870263023,0.4972753195886377,0.16919606538754248,0.377024674227171,,,,
E,KNN,148,10,3,2.1155590897860956,1.446284780286289,0.6425532150707695,1.5950963431752914,2.422665064440278,0.6635708795558924,-0.1655225403134243,0.5455743961458086,,,,
E,KNN,149,13,3,4.14374327245078,2.0274429203078044,0.5426566434991441,1.5704515539751938,3.0134106758875308,0.522997989240442,0.04206311278304272,0.42575352772152475,,,,
E,KNN,150,4,3,0.24313684036615357,0.49135031164439247,0.22439336602155638,0.580321021453419,0.5811256816776036,0.9919715588045407,0.05073011542961936,0.6116031582353649,,,,
E,KNN,150,7,3,4.27109605754506,2.0638896516416865,0.5870693189951449,1.7912641624698662,3.3462489536339852,0.5304280477463387,0.37467587354502996,0.46992189854620964,,,,
E,KNN,150,12,3,3.509869543114389,1.8669854521458429,0.6418861172001932,1.89661580046982,3.1226654201968205,0.6085379591212755,-0.2364763042719005,0.5101653309784075,,,,
E,KNN,150,13,3,6.6097022502515586,2.548902854351445,0.5121348799304558,2.118921163312593,3.6555985651508673,0.5788808171427633,-0.4080705449096222,0.4391745420768581,,,,
E,KNN,153,7,3,2.4621159292146353,1.5302997573075856,0.7141486460736125,1.7211032487869378,2.8446680452684983,0.6143369598655144,-0.2941132274448538,0.5553367528494028,,,,
E,KNN,153,11,6,7.3873998189497,2.666530962525002,0.5835787260950119,2.1264417607947146,4.12836045354311,0.5214825249197425,-0.18298352688767583,0.433825384116539,,,,
E,KNN,154,8,3,1.042296895495527,1.0144574411568859,0.7002815213974566,1.3089822885560114,1.8499774778575577,0.7101364114806813,0.28640459500363913,0.6151363026934198,,,,
E,KNN,154,13,3,8.236054815143332,2.866540107045127,0.6394347417117214,2.8388177873391474,4.780977966985191,0.5937609136843368,-0.23123605572916225,0.49784066726918635,,,,
E,KNN,155,8,3,3.187477020369547,1.7824228417872965,0.5449746169819529,1.2462582651110314,2.6416748130399923,0.4734864508890963,-0.09942485979973491,0.3869835032456021,,,,
E,KNN,156,10,3,2.484179820617105,1.5760899749668507,0.6004427643086668,1.4654145614050584,2.494983432555564,0.5878676929392134,-0.2594021464200792,0.48219859151903366,,,,
E,KNN,156,13,3,6.771116812497566,2.5685834585474754,0.4580531226883798,1.4220827107996845,3.4948859314343914,0.40967407914438275,0.1120743965646706,0.31711967718210177,,,,
E,KNN,157,12,3,5.520253476673983,2.286965768424963,0.6538148901607203,2.2371040873116868,3.869837954165039,0.5879676154231883,0.25386241964765754,0.5074428052939844,,,,
E,KNN,157,14,3,6.800105250812401,2.59545529706399,0.5576576913634407,1.9410732927593533,3.899145862407051,0.4997315881842419,0.31274613015996844,0.4137077482323081,,,,
E,KNN,158,5,3,1.7780806520572547,1.3044192245785027,0.7675743586546883,1.7051059551916967,2.6859055509807432,0.6452997106095217,-0.06969456958973447,0.5990818066379963,,,,
E,KNN,158,7,3,3.6466704468221884,1.8842020211478194,0.7226918521001929,2.1736249368856266,3.6012161317747764,0.6093345287136588,-0.00603339264773739,0.5526885067434063,,,,
E,KNN,158,10,3,3.0299446659221005,1.7359482382767617,0.6132575025696442,1.779430234084196,2.8202286469381512,0.6356100732506847,0.08016849992678199,0.5144234771333269,,,,
E,KNN,158,16,3,7.628203668942965,2.7475157357749738,0.39490820903691765,1.4339371543668677,3.5377764918334655,0.4073309822835993,0.29345059091010595,0.2884284285159598,,,,
E,KNN,159,4,3,0.507019173040543,0.7118496282967236,0.8112344108975562,1.3157157972095754,1.6654041696422885,0.7924840246857586,-0.026978082358957562,0.7218336446310846,,,,
E,KNN,160,8,3,2.1968954342683666,1.4766740046046196,0.6561243273201717,1.4329758597959021,2.5184188682458846,0.570594314849535,0.1270634953917936,0.4944143836050107,,,,
E,KNN,162,13,3,3.0198533517430355,1.7290689868895077,0.45477096362966457,1.1079938166809031,2.338430918066529,0.4738897504135093,0.09943590790876611,0.34258115731625516,,,,
E,KNN,163,7,6,0.8220131179467702,0.8839945352099295,0.5650153405905489,0.9038941319186752,1.3773197412075628,0.6523461791098638,-0.03455119720692081,0.505898736991674,,,,
E,KNN,163,16,3,5.319820429497944,2.3004284449901164,0.4695476188060514,1.5860290932929137,3.16454718592807,0.5037098172480303,0.05397042958885725,0.3662989190262955,,,,
E,KNN,164,10,6,2.3546269093366607,1.525314630591459,0.593403686301311,1.4201674141353156,2.4115786735637847,0.590291304177273,-0.21895290470468623,0.4909533355213915,,,,
E,KNN,164,11,3,7.024887300903223,2.6351408437591615,0.5859181720232473,2.301058226889746,4.091937429657553,0.5648541816016098,-0.393738184017298,0.4632161782141098,,,,
E,KNN,166,4,3,0.3828730426036595,0.6172487122050735,0.7088583629233686,0.9181156588711472,1.146478070404885,0.8046172776532593,-0.04854209828386106,0.6837962350172696,,,,
E,KNN,166,7,3,1.8331562290781307,1.3373945895862331,0.6487686205343225,1.2589682338329766,2.263210177340751,0.5651339586010868,-0.12485058852288,0.4899354446332347,,,,
E,KNN,166,10,3,3.3636379229550406,1.8164424685205063,0.6376846294148707,1.7393086734714363,3.0240499773463667,0.5789761772321421,0.09560691881891957,0.49111966335108487,,,,
E,KNN,166,11,3,6.48894221215744,2.5468618898464066,0.6497561727282167,2.3007762862712364,4.306002264347551,0.5340021046844007,0.2837641665550197,0.4749165938779811,,,,
E,KNN,166,15,3,8.757063273370688,2.9159116219194736,0.6238859649943344,2.579081842747859,4.73890646289641,0.5504003941730963,-0.29376677603079854,0.4697947686256516,,,,
E,KNN,167,9,3,3.824202991654738,1.9439890827868773,0.63452762429907,1.6586314939708489,3.2102512494133335,0.5189079095373569,-0.1420822147118632,0.45505761029422737,,,,
E,KNN,169,14,3,5.688733095633098,2.3725923685140327,0.5196611867232125,1.7693516090796149,3.432415056794575,0.5153369250982377,0.1922934242296219,0.4012808830842969,,,,
E,KNN,170,10,3,5.937664963223181,2.4343481024475606,0.5159649126966865,1.8588992478434667,3.5017173261315055,0.5303573196646486,-0.22484059752667274,0.40735527222061507,,,,
E,KNN,174,15,3,8.052930858419261,2.8092602569971405,0.44359878443962897,1.683287286798402,3.7616766986743415,0.4510395122150978,-0.1790418781293804,0.32633915845073347,,,,
E,KNN,178,7,3,2.773377693412023,1.6488370620001376,0.7207051095685175,1.9595655142197785,3.121392264821227,0.6303235863561106,0.20208588524324547,0.5657462879039347,,,,
E,KNN,180,12,3,2.354530723330104,1.5339407056503793,0.5512783787863617,1.2511863706934134,2.2912438878283274,0.5455881437621991,0.25236292415410033,0.43662953903914775,,,,
E,KNN,181,14,3,3.9985482378227246,1.9916781722450565,0.51952715445507,1.4392442891555726,2.8734488419520154,0.5032420568828408,0.2774634039315287,0.39682206432229394,,,,
E,KNN,186,15,3,7.142054239608279,2.6694457720271547,0.5236881826869305,2.1616786875173197,3.8756672148281814,0.5572117095117596,0.520061895961291,0.42755866909460455,,,,
E,LightGBM,134,5,3,0.9103321285571221,0.953139263858774,0.33925563149921123,1.345559303307149,1.1795340481848224,1.137981966427582,-0.012061947607423337,0.8240997714221008,,,,
E,LightGBM,138,10,3,3.0481183708924804,1.7400190341049857,0.6349004977193952,2.595000667206595,2.9317446143591788,0.9048452420444333,-0.12607662275157935,0.7406355061177842,,,,
E,LightGBM,138,11,3,3.2206879859551294,1.7897730095153292,0.6027553311860723,2.6263022900938133,2.8493164215840294,0.9193382060834256,-0.0299950604453349,0.7360369661608456,,,,
E,LightGBM,143,8,3,1.3269461775539173,1.1396579319483324,0.7294656351599914,2.207660130317794,2.1930758987165073,1.0149257570313615,0.05350651147447877,0.8864407975557148,,,,
E,LightGBM,146,6,3,1.8952646980236265,1.368959184295786,0.6396505482484416,2.1610185854543436,2.299096883006435,0.9412427899855347,-0.33015268620373794,0.7760835380966019,,,,
E,LightGBM,146,10,3,1.4786266399773347,1.2155958608155915,0.6908032190713319,2.2690383442287874,2.191888936362225,1.0352295152359279,-0.035494295071210095,0.8821597907150037,,,,
E,LightGBM,147,9,3,1.8986582350095098,1.3708604900957095,0.5809739320828439,2.129899226972151,2.183466777312591,0.9759367969403582,-0.28837259183398906,0.7767322924044823,,,,
E,LightGBM,147,10,3,4.2731400489382745,2.0450633176656754,0.6669189691123529,2.83517199256541,3.6301670870263023,0.778573141265316,0.09737533459798654,0.6433843256677935,,,,
E,LightGBM,148,10,3,2.785418316660921,1.6660313207044222,0.501440010736941,2.4104953942596894,2.422665064440278,1.016864836844806,0.2149982367497989,0.7967598251979343,,,,
E,LightGBM,149,13,3,3.0470591217589935,1.740285323626928,0.6511487235778769,2.468363511003169,3.0134106758875308,0.840224067761921,-0.20972338088804135,0.7000532670490612,,,,
E,LightGBM,150,4,3,0.30176385774516223,0.543482822029746,0.014343580716925652,0.6877297757244304,0.5811256816776036,1.2155275566835988,-0.026361194468495903,0.8099423481129818,,,,
E,LightGBM,150,7,3,3.5961562902003528,1.894452519480028,0.6616580075199486,2.9052458091633926,3.3462489536339852,0.8930385392772081,0.24866627261500254,0.747575927404875,,,,
E,LightGBM,150,12,3,3.3472319057934734,1.819833665044243,0.6587314701491239,2.6621387139709864,3.1226654201968205,0.8550211123920514,-0.12434985491499219,0.7022058886870575,,,,
E,LightGBM,150,13,3,5.833976088841602,2.4129546222284777,0.5613186027494702,2.9060535627625357,3.6555985651508673,0.7974772841460305,-0.12514728293862212,0.611941753745526,,,,
E,LightGBM,153,7,3,2.5854522159655247,1.570271558724574,0.6929756476472188,2.4164930100268545,2.8446680452684983,0.8653201964041365,-0.031234487721781726,0.7354772491154685,,,,
E,LightGBM,153,11,6,4.5944179689455575,2.118360340619199,0.732827253506018,3.1340207429941978,4.12836045354311,0.7696636901877801,-0.047713898127076736,0.6670336377419596,,,,
E,LightGBM,154,8,3,1.0183775407819065,1.0013714103232196,0.705967478809371,1.899856329651076,1.8499774778575577,1.0313720524146277,0.20203819037734405,0.8977285341391191,,,,
E,LightGBM,154,13,3,6.78099024690513,2.6008877070232512,0.7034133448790939,3.8391265201852582,4.780977966985191,0.8027066805939502,0.20663583316030998,0.6793279092478975,,,,
E,LightGBM,155,8,3,2.7970476379413367,1.6678206665425925,0.6021129266755968,2.095940592551661,2.6416748130399923,0.7936144336887895,-0.043040272165965954,0.6244616544398743,,,,
E,LightGBM,156,10,3,1.4851620303150268,1.2162036882642087,0.7609255836420467,2.2420831637799763,2.494983432555564,0.8991187311421057,-0.21276927660754683,0.7967966450817306,,,,
E,LightGBM,156,13,3,5.565253467277515,2.3348972038501383,0.549532601795553,2.6374199568370353,3.4948859314343914,0.7766553183775874,0.3418356933245048,0.6010651942735218,,,,
E,LightGBM,157,12,3,3.6509462719605197,1.9035864083425655,0.7545673623112682,3.1640063475389995,3.869837954165039,0.8194076059483543,-0.0504562965681598,0.71329508755056,,,,
E,LightGBM,157,14,3,5.424761557144418,2.305367749221791,0.6510438238388486,3.12371408203193,3.899145862407051,0.8022502891928847,-0.18741325648200413,0.6531517408990054,,,,
E,LightGBM,158,5,3,2.0311788464628986,1.3927388151261473,0.7244129879207858,2.3214099358299443,2.6859055509807432,0.901908605257992,-0.1682898068115294,0.8069457910108101,,,,
E,LightGBM,158,7,3,4.801767458696281,2.1640215073527185,0.6376922071851808,2.953636706096026,3.6012161317747764,0.8366714054527532,0.059251851840162295,0.6875638879562755,,,,
E,LightGBM,158,10,3,1.9028514496760673,1.3749175367719777,0.7595363695895521,2.862753380212883,2.8202286469381512,1.017651462052674,0.13096162744453724,0.9011359632516377,,,,
E,LightGBM,158,16,3,3.841129256431188,1.9501345220050403,0.6825481069279253,2.7885794173919134,3.5377764918334655,0.7964456548858285,0.12544734123459747,0.6635040869229005,,,,
E,LightGBM,159,4,3,0.738879955884399,0.8558096422779585,0.7311867999918809,1.6688030871832418,1.6654041696422885,1.0082295188588308,-0.04300188980168701,0.8788966468350662,,,,
E,LightGBM,160,8,3,1.9852449809594719,1.405759822694857,0.6887742406419234,2.17700383569671,2.5184188682458846,0.8666922711680095,0.30464291293062934,0.7295583596970413,,,,
E,LightGBM,162,13,3,2.4688819781673197,1.5659504365987207,0.5494576220075973,1.919135176785521,2.338430918066529,0.8210153255954026,0.1836607201883821,0.6194613851751957,,,,
E,LightGBM,163,7,6,0.6863754085215555,0.8085455871756505,0.6294066083479067,1.3915277238888712,1.3773197412075628,1.0297270733327994,0.020066101461828835,0.8577961156936641,,,,
E,LightGBM,163,16,3,3.0072643962232752,1.719411734707462,0.6843610264746477,3.022271154663635,3.16454718592807,0.9569205454674125,0.004727625095281203,0.8032192320470773,,,,
E,LightGBM,164,10,6,2.3485242245378695,1.5134868040104112,0.6019574597999087,2.266740441019935,2.4115786735637847,0.9494523163421222,-0.13315765853809958,0.7644402142812649,,,,
E,LightGBM,164,11,3,4.850342192171823,2.199715120262391,0.7065411391383251,3.799571119117306,4.091937429657553,0.929600136791989,-0.05220344168246702,0.7895803686517521,,,,
E,LightGBM,166,4,3,0.5673961836958031,0.7520951339819645,0.567948018944976,1.208552015661741,1.146478070404885,1.060171373318813,-0.04501659982477076,0.8505452299663246,,,,
E,LightGBM,166,7,3,1.5229882749570534,1.2276700108905316,0.6961549685351617,1.9785087286758056,2.263210177340751,0.8941453275033271,-0.25338570629671386,0.7715106651084822,,,,
E,LightGBM,166,10,3,3.6823292306813595,1.9160143777438465,0.5866185197651801,2.67034337821015,3.0240499773463667,0.88508297379479,0.4069492164229324,0.6975451954190404,,,,
E,LightGBM,166,11,3,5.072186013613169,2.24908921853121,0.7267546418791605,3.4646448231474367,4.306002264347551,0.8050669257199017,0.3613273434185735,0.6919189493965879,,,,
E,LightGBM,166,15,3,5.8542712638344865,2.402049259912068,0.7429434749808665,3.86855392794538,4.73890646289641,0.8162504950174297,0.16743035508640783,0.7127955188406482,,,,
E,LightGBM,167,9,3,2.484233983363277,1.5734550192471033,0.7586384603894997,2.534204899038808,3.2102512494133335,0.7920204173767346,-0.05424653002744414,0.6958403614160091,,,,
E,LightGBM,169,14,3,3.4202483142064715,1.8443043495645053,0.7076427625545536,2.72948903876785,3.432415056794575,0.7959819040574351,0.01855450686328867,0.6727007183490757,,,,
E,LightGBM,170,10,3,3.4001181876796545,1.8402430981926239,0.7216966900787973,2.8788673419820596,3.5017173261315055,0.8247039488704689,0.0865639346070604,0.706461681942493,,,,
E,LightGBM,174,15,3,4.4716859306666725,2.1117153091784426,0.6803182731907631,2.988832824312878,3.7616766986743415,0.793042381268788,-0.02896858484739857,0.6557288951618654,,,,
E,LightGBM,178,7,3,3.6188946793881995,1.901152862641376,0.6239310527659253,2.6508561469863516,3.121392264821227,0.8535135101903627,0.1260015696701429,0.6843803270502277,,,,
E,LightGBM,180,12,3,1.9457122835433047,1.3808172085617503,0.6317944373794938,1.9375047971235666,2.2912438878283274,0.8465467045012277,0.029125563522857268,0.6786860309923455,,,,
E,LightGBM,181,14,3,2.36929582633158,1.5254332077261596,0.7151971039321339,2.6022280079216933,2.8734488419520154,0.9060540605513104,0.1405241901456924,0.7700366263517809,,,,
E,LightGBM,186,15,3,4.540133785783639,2.129112614846227,0.6961312816576374,2.9023829353221906,3.8756672148281814,0.7480804158363309,0.014493766960923027,0.6338389476506595,,,,
E,LinearRegression,134,5,3,0.0385897707821629,0.19377895035847348,0.9704925341356566,1.203164714423405,1.1795340481848224,1.022258895574345,-0.036276004616933664,1.0118436192426035,,,,
E,LinearRegression,138,10,3,0.11677812159411981,0.34111166708180624,0.9855076569968819,3.1329438608135227,2.9317446143591788,1.0704450868725222,-0.038291279540273636,1.0662450871214044,,,,
E,LinearRegression,138,11,3,0.1052810623492787,0.3234022902686427,0.9869538902919629,2.9851714120070163,2.8493164215840294,1.0476915028750489,0.0719822417503863,1.0431807592908058,,,,
E,LinearRegression,143,8,3,0.11643605685783527,0.33291265521693925,0.9767839137631878,2.2954135404500904,2.1930758987165073,1.0445188972519668,0.046598882570081795,1.034931301600268,,,,
E,LinearRegression,146,6,3,0.0319715797801191,0.16613213502466156,0.9939205407121702,2.2416360582881203,2.299096883006435,0.9747731535746146,-0.0232416475644931,0.9728224025718224,,,,
E,LinearRegression,146,10,3,0.15124768895364124,0.3874177774449368,0.9684924611933851,2.164142202808626,2.191888936362225,0.9900365408453399,0.07220659533022714,0.9760582838599152,,,,
E,LinearRegression,147,9,3,0.07445366687062847,0.2591073204681937,0.9841424804130634,2.185208624516301,2.183466777312591,0.9996187582700405,-0.11924596828972821,0.9938067350385186,,,,
E,LinearRegression,147,10,3,0.13967210159979238,0.36718574007663474,0.9892164074681312,3.4955478831103672,3.6301670870263023,0.9631574130836307,0.0341814885954833,0.9586276978980545,,,,
E,LinearRegression,148,10,3,0.08588632917939097,0.29063747750776553,0.9844757972780291,2.542242254319277,2.422665064440278,1.0525511222706323,0.12462019405664775,1.0480176153199665,,,,
E,LinearRegression,149,13,3,0.07270105405453124,0.26792116073918093,0.9912642045328576,2.9309083066946973,3.0134106758875308,0.9729939838532067,-0.013455406037170265,0.9690476265707805,,,,
E,LinearRegression,150,4,3,0.008821815706749033,0.08600887447152333,0.9770533953306969,0.5379763470402489,0.5811256816776036,0.9239983111711658,-0.013943431141630333,0.9163308750677491,,,,
E,LinearRegression,150,7,3,0.03920697886367944,0.19450618897872737,0.9965690993537436,3.3327440053819077,3.3462489536339852,0.9978630126893521,0.04448528622482387,0.9964706496861607,,,,
E,LinearRegression,150,12,3,0.08239469825173307,0.28692519581581566,0.9913481103600189,3.2250812767862143,3.1226654201968205,1.0332096426682735,0.02330742897417863,1.0296735153341041,,,,
E,LinearRegression,150,13,3,0.07377371469737064,0.2705597134035237,0.9942882272486999,3.714331457043634,3.6555985651508673,1.0171991153640287,0.0007523388665363016,1.0147413543966939,,,,
E,LinearRegression,153,7,3,0.08584589294023537,0.28980585933839237,0.9885183557470465,2.845126024377865,2.8446680452684983,1.0041807825776046,-0.03838521445003527,0.9997219793974162,,,,
E,LinearRegression,153,11,6,0.10587487858243327,0.3213646242745422,0.9926437185350556,4.121859254105771,4.12836045354311,1.0023940908954494,-0.09025203331381515,1.0000345405140783,,,,
E,LinearRegression,154,8,3,0.0592122671949415,0.23548092634253623,0.9823404353119337,1.8093927547511404,1.8499774778575577,0.97741660245365,0.07653206036595507,0.9708819828909053,,,,
E,LinearRegression,154,13,3,0.06082860327913144,0.2347922503835421,0.9973227952196867,4.702272200611636,4.780977966985191,0.9835349835749594,0.0133547851936131,0.9823383660313519,,,,
E,LinearRegression,155,8,3,0.054792268202951556,0.23278181382322435,0.9919472062194136,2.585869485372586,2.6416748130399923,0.9795945248398984,-0.09567888214168511,0.9770857001792167,,,,
E,LinearRegression,156,10,3,0.080031650919713,0.2789525254461289,0.987113819933621,2.545171710562042,2.494983432555564,1.0199850165609063,-0.0669480135563311,1.0144782915786275,,,,
E,LinearRegression,156,13,3,0.047151435541180564,0.21656331653839622,0.9958969904907296,3.462939610586934,3.4948859314343914,0.9921664256342653,-0.009880760720237766,0.9902381895554192,,,,
E,LinearRegression,157,12,3,0.03840223751659486,0.19568743627565954,0.9972971193850942,3.849058799244285,3.869837954165039,0.9942251142424205,-0.026361890359498836,0.9929712889235714,,,,
E,LinearRegression,157,14,3,0.0954877755272408,0.30679467607156535,0.9938258795796427,3.954894768081737,3.899145862407051,1.013544612227934,-0.05789644216130171,1.010771204330739,,,,
E,LinearRegression,158,5,3,0.053770567881086896,0.22567006694237576,0.9923024060085281,2.632076673547419,2.6859055509807432,0.9797926548328889,-0.0701487027543866,0.9766766891954167,,,,
E,LinearRegression,158,7,3,0.030302738528583367,0.1728612525653045,0.9975032635521218,3.6430803768520703,3.6012161317747764,1.0134510485732988,0.089787389123049,1.0128830948033463,,,,
E,LinearRegression,158,10,3,0.14817990703744877,0.37801123548250054,0.9798904213831273,2.9566475824828373,2.8202286469381512,1.0490110544074371,0.08815913307880217,1.0413593892864659,,,,
E,LinearRegression,158,16,3,0.0592698876098122,0.24324863369775862,0.9950985142798979,3.45402961031797,3.5377764918334655,0.9745144696275925,0.017836875944239234,0.9726595647563417,,,,
E,LinearRegression,159,4,3,0.044707819012400035,0.21040950970334957,0.98332163352358,1.8412573891185968,1.6654041696422885,1.106577828680237,-0.010651094953206866,1.1041382353226663,,,,
E,LinearRegression,160,8,3,0.09243789600408087,0.3003858729803734,0.9853421468189074,2.4076422200616197,2.5184188682458846,0.956294823907161,-0.0176860831481713,0.9500629736810101,,,,
E,LinearRegression,162,13,3,0.13775612097126907,0.3655459147145403,0.9737174336949345,2.3007873096486224,2.338430918066529,0.9834418877791729,-0.03527941674748017,0.9732917643114627,,,,
E,LinearRegression,163,7,6,0.0360771443133747,0.18650699411260852,0.9781426007320518,1.3376597048500891,1.3773197412075628,0.9717365025045299,-0.018092363420444815,0.9625678745018426,,,,
E,LinearRegression,163,16,3,0.035278817656247595,0.18708557688662872,0.996363806758874,3.2112829637962164,3.16454718592807,1.015538402022955,0.03351490606315586,1.0141986108040972,,,,
E,LinearRegression,164,10,6,0.09543775065754014,0.3063448234303752,0.9830784750062543,2.3591543275171225,2.4115786735637847,0.9787785381870818,0.0021877533520821995,0.9718740510769258,,,,
E,LinearRegression,164,11,3,0.10779371801649833,0.32817089771953817,0.9935224767325977,4.050196441873738,4.091937429657553,0.990131396590315,-0.15050365879731023,0.9877280066838633,,,,
E,LinearRegression,166,4,3,0.011163885603424066,0.104663544234874,0.9909890883259279,1.1404689473173404,1.146478070404885,0.9964129452622661,-0.019706330247344302,0.9928357681222922,,,,
E,LinearRegression,166,7,3,0.11394122996917948,0.33729027422935104,0.9760861278908036,2.4079544238522423,2.263210177340751,1.0665043756836285,-0.09144714083087706,1.057725226988544,,,,
E,LinearRegression,166,10,3,0.088197025281034,0.29565372411806373,0.9903939474741685,3.092517527822194,3.0240499773463667,1.0219411609682332,0.21271569372916888,1.0200082859510775,,,,
E,LinearRegression,166,11,3,0.05447707929809886,0.22876434134510534,0.9970717128126182,4.330187991439316,4.306002264347551,1.005575738989115,0.08492447292260924,1.004417130226767,,,,
E,LinearRegression,166,15,3,0.06880044844147966,0.26203787061360734,0.9967553795237339,4.707748951587127,4.73890646289641,0.992791745999917,0.005643893840940234,0.991234119938056,,,,
E,LinearRegression,167,9,3,0.029140743919597468,0.16653655688085903,0.9972202200221753,3.1806271149055054,3.2102512494133335,0.9909080837052823,-0.03720258577536314,0.9898333026662063,,,,
E,LinearRegression,169,14,3,0.05310281065996741,0.23025913903765372,0.9954689052783209,3.4382115535071307,3.432415056794575,1.0016235464677925,0.0780839658168604,1.0000542959525898,,,,
E,LinearRegression,170,10,3,0.0635105844493077,0.2512514599888619,0.9948560875951927,3.475896704231886,3.5017173261315055,0.9926590750376709,-0.0248772648642621,0.9902957433196944,,,,
E,LinearRegression,174,15,3,0.08697694071632522,0.29013513855059064,0.9940130481440065,3.7286629895760623,3.7616766986743415,0.9923855467642481,0.03866786192492624,0.9897723398979014,,,,
E,LinearRegression,178,7,3,0.09762281054785181,0.311646498783863,0.9896249504788844,3.2097431941522463,3.121392264821227,1.0282447799303043,0.10253507959684204,1.0240436289411612,,,,
E,LinearRegression,180,12,3,0.04620861622017236,0.21022359325013676,0.9912835852141137,2.3242600409864806,2.2912438878283274,1.0143199383631634,0.07145794506663963,1.0106339866728966,,,,
E,LinearRegression,181,14,3,0.1482570329529022,0.3838237789356753,0.9821849265138848,2.920931430987151,2.8734488419520154,1.0163556386325483,0.0629585861811535,1.008273773441694,,,,
E,LinearRegression,186,15,3,0.1036683471116947,0.3200277237539883,0.9931237485933423,3.930906523807735,3.8756672148281814,1.0142846306474305,0.0379619038915254,1.0110753909162458,,,,
E,MLP,134,5,3,1.0836378043427874,1.0325324043148656,0.1814960620603845,1.6256232285994512,1.1795340481848224,1.3823915827663613,-0.08519620939712207,1.064200959316236,,,,
E,MLP,138,10,3,1.0175277757143109,1.002049212475023,0.8713188008323146,3.1085146277889995,2.9317446143591788,1.0733394143089185,-0.05603448136634174,1.0184570938654651,,,,
E,MLP,138,11,3,0.9519713441669758,0.9736608875969615,0.8823437954809267,3.074249966494479,2.8493164215840294,1.0784110944974614,0.16619893882816422,1.0259821530181705,,,,
E,MLP,143,8,3,0.4910688093645304,0.6994062375263201,0.8979280600437045,2.3733200173033207,2.1930758987165073,1.079000636796872,0.134662452035955,1.0352583101915467,,,,
E,MLP,146,6,3,0.5122373098792184,0.6941897808908628,0.9015285958386919,2.3266916739714065,2.299096883006435,1.0148439877336546,-0.0008585385839604368,0.9755938988377689,,,,
E,MLP,146,10,3,0.7869763630373149,0.8860058941097696,0.8356365008358937,2.324440103192266,2.191888936362225,1.0632425420699994,0.020346912111677832,0.9852867848402336,,,,
E,MLP,147,9,3,0.769246458574328,0.8760195452392429,0.8354268064961398,2.352428754983684,2.183466777312591,1.0827686289277032,-0.22425587410232187,1.0150038613299497,,,,
E,MLP,147,10,3,1.1303120915583738,1.0551421018024398,0.9145563541545637,3.4427876418719165,3.6301670870263023,0.9498634184887571,-0.03532901594265084,0.9101771304588469,,,,
E,MLP,148,10,3,0.8960578308853834,0.9425486720024735,0.8334784675736918,2.686650877715431,2.422665064440278,1.121431790458958,0.1816691774724242,1.0550175923347378,,,,
E,MLP,149,13,3,0.6327055960743947,0.7887954522555735,0.9265589183103652,3.12966068477957,3.0134106758875308,1.0374343378837176,-0.11334072012297954,1.005596950034291,,,,
E,MLP,150,4,3,0.9662913642929954,0.9819262562036256,-1.9531948996084905,1.1797593028030027,0.5811256816776036,2.033889499539807,0.0062154939159076,1.0973363008355557,,,,
E,MLP,150,7,3,0.6110901711152693,0.7811948423259674,0.9413682746452618,3.3217707529080536,3.3462489536339852,0.9875521116192542,0.059085109511773294,0.9616116576831119,,,,
E,MLP,150,12,3,0.7798794999931139,0.8797741001113684,0.9194731940432749,3.2074752485496365,3.1226654201968205,1.0318414840039523,0.10672734888433803,0.9954546773770053,,,,
E,MLP,150,13,3,1.0136628046628595,1.0059054544889712,0.9236405627955163,3.686156279228328,3.6555985651508673,1.010515392600318,0.053473385728531046,0.9760460337937076,,,,
E,MLP,153,7,3,0.9193551273388735,0.9482919185699865,0.8816175504687109,3.0832358020922537,2.8446680452684983,1.0923512055327809,-0.11496310964243435,1.0439010370938797,,,,
E,MLP,153,11,6,0.890664480100193,0.9421701155931818,0.9411377120920951,4.009611575200413,4.12836045354311,0.974052888918957,-0.10359458428185353,0.9472135327453186,,,,
E,MLP,154,8,3,0.5998170388068589,0.7692424973857189,0.8241049312752441,1.905955211632592,1.8499774778575577,1.0288934825730642,0.09338660894147004,0.950699497169385,,,,
E,MLP,154,13,3,0.8083591086162265,0.8982776720298614,0.9646493339640415,4.7117309193573105,4.780977966985191,0.9853399699404631,0.05162530218652909,0.9693692458385645,,,,
E,MLP,155,8,3,1.0624689335071487,1.0202143350152966,0.847094840329108,2.610508568173146,2.6416748130399923,0.988434403100167,-0.1434268204865517,0.9149108145159385,,,,
E,MLP,156,10,3,1.0608060827865229,1.0275532118416095,0.8285994647103365,2.780093459299586,2.494983432555564,1.1137932496325524,-0.08459442265935518,1.0405856173132508,,,,
E,MLP,156,13,3,0.7451203318791343,0.8597585718189791,0.9329358427795859,3.5176433532262217,3.4948859314343914,1.009034311398968,-0.0796368460813525,0.9777949905397573,,,,
E,MLP,157,12,3,0.8300340420599168,0.8959799544911258,0.9461046597694961,3.7844504216342774,3.869837954165039,0.9790552736155916,0.08559238229814377,0.9533129813653204,,,,
E,MLP,157,14,3,0.6895388597437919,0.827305613899935,0.9539139731945921,3.992279085858057,3.899145862407051,1.0246336840251404,0.016159163452235073,1.0024904212130852,,,,
E,MLP,158,5,3,0.8391387473439011,0.8878658047368324,0.8925441843213501,2.84633777193284,2.6859055509807432,1.0490372265356047,-0.1267952742962856,1.0020981797959896,,,,
E,MLP,158,7,3,0.4489982663685644,0.6670593107971837,0.964886390264986,3.5185382144935833,3.6012161317747764,0.977591147565068,0.13562133081776057,0.9613420463090928,,,,
E,MLP,158,10,3,0.7745662944831372,0.8596299164207931,0.8936312609769304,2.9964142140467476,2.8202286469381512,1.064646283618418,0.23448664157801147,1.0188863815663425,,,,
E,MLP,158,16,3,0.8553960594423046,0.9181879372085913,0.9317031265374515,3.277567639399931,3.5377764918334655,0.9307162273433717,-0.03647205413545419,0.9020814076176576,,,,
E,MLP,159,4,3,1.0555964113369292,1.0186328229764101,0.6268664450942215,2.0915478838051533,1.6654041696422885,1.2517526006301463,-0.17469809749286888,1.1112169480706593,,,,
E,MLP,160,8,3,0.629604269779255,0.7854909273044569,0.901918103303737,2.4015451477833207,2.5184188682458846,0.9549653711341451,0.08179912844894767,0.9111190156028277,,,,
E,MLP,162,13,3,1.0559908518134582,1.0227600131688181,0.8089414954619049,2.253392581587291,2.338430918066529,0.9651808559924066,0.06575660549131117,0.8735686782540147,,,,
E,MLP,163,7,6,0.8977019975280157,0.9267057995740428,0.4172714314713772,1.5795714954725497,1.3773197412075628,1.1619809190155341,0.02127470364687441,0.904085302201048,,,,
E,MLP,163,16,3,0.7190294479529878,0.8424222887865557,0.9287622809619184,3.253771424810644,3.16454718592807,1.0311611873896174,0.07993576355972366,1.0002287485710923,,,,
E,MLP,164,10,6,0.7417046099912287,0.8584226438236904,0.8699807793941966,2.397207032566735,2.4115786735637847,0.9984260560019385,-0.0846796020053225,0.9381210073951314,,,,
E,MLP,164,11,3,0.7688510389797077,0.8760133549130612,0.9536686463668683,4.075646358470096,4.091937429657553,0.9978751884781975,-0.1758609979124429,0.977057383978717,,,,
E,MLP,166,4,3,0.8000074433327639,0.8905303704067499,0.36198823444398337,1.3923468702607922,1.146478070404885,1.220656792996756,0.0056492677694818345,0.9369371832875143,,,,
E,MLP,166,7,3,0.6766737807531893,0.8056678794890031,0.8549603372989348,2.3194155417026945,2.263210177340751,1.0439524677625964,-0.19696149725501177,0.990295289219533,,,,
E,MLP,166,10,3,0.5783878305376063,0.7597309335618697,0.9361591634508531,3.2755713415725434,3.0240499773463667,1.082820482375916,0.17239238167676582,1.0561586770458145,,,,
E,MLP,166,11,3,1.0053101211866868,0.9991450069737035,0.945888538521947,4.245231841740428,4.306002264347551,0.9855710810659248,0.2571066906618677,0.9614706269908856,,,,
E,MLP,166,15,3,1.1281214926035907,1.0553122262900758,0.9503949662379391,4.76780239806187,4.73890646289641,1.005377913099802,0.09319819171841613,0.9811429307249421,,,,
E,MLP,167,9,3,0.6427034982793103,0.7954774481375461,0.9374126215235047,3.278752042926959,3.2102512494133335,1.0213666297757562,9.220128560716533e-05,0.9913651281148631,,,,
E,MLP,169,14,3,0.8961112186898049,0.9409191276895337,0.923346109043548,3.51502170264469,3.432415056794575,1.0235146181309605,0.08500533994028281,0.9869283550579088,,,,
E,MLP,170,10,3,0.6382592780831685,0.7949822940684963,0.9483070688126748,3.52721534459986,3.5017173261315055,1.0094397829546173,-0.08830539701812844,0.9856676632396605,,,,
E,MLP,174,15,3,0.6469582873954439,0.802165163237254,0.9534500845447972,3.677983948532162,3.7616766986743415,0.9811465381009783,0.019453783561355603,0.9608189927505294,,,,
E,MLP,178,7,3,0.43765089390947454,0.6501572217433107,0.9526708245621728,3.4089557210543444,3.121392264821227,1.0948914509880954,0.02137945532009827,1.0783032664235965,,,,
E,MLP,180,12,3,0.7279713905739983,0.8479638183699748,0.861566413052702,2.3652631098562895,2.2912438878283274,1.0319577635400978,0.10932322606939526,0.9669711449281083,,,,
E,MLP,181,14,3,0.7281263912759782,0.8504587014494073,0.9102277771068277,2.8570651960344287,2.8734488419520154,0.9932030774464534,0.21966880058117677,0.952390582984108,,,,
E,MLP,186,15,3,0.5843881652142827,0.762953318431253,0.9610073746655171,3.7618535244437745,3.8756672148281814,0.9701990410032634,0.0384370818920129,0.951982919071071,,,,
E,MODEL3-ICL-MC,134,5,3,0.050149500476372205,0.21578600325603073,0.9605387006824886,1.20011288874384,1.1795340481848224,1.0182669992976257,-0.08667122337113879,1.0033336343694599,,,,
E,MODEL3-ICL-MC,138,10,3,0.15855431556764693,0.36755203871400194,0.9834093682628232,3.1014536213318458,2.9317446143591788,1.058620254588795,-0.04211852317327527,1.052414529342011,,,,
E,MODEL3-ICL-MC,138,11,3,0.18265528676163265,0.4234627483590514,0.977649233861389,3.079836595688081,2.8493164215840294,1.0808537142477148,0.052901691570179266,1.0754442036107812,,,,
E,MODEL3-ICL-MC,143,8,3,0.17319854898411435,0.3868042385974199,0.9643020271970087,2.3135699070102436,2.1930758987165073,1.0518119626005458,0.036958923199196,1.0373673266508598,,,,
E,MODEL3-ICL-MC,146,6,3,0.0816333890523566,0.2779508547981209,0.9842426045088741,2.2010094007685734,2.299096883006435,0.9576762482728679,-0.006843439255327302,0.9521458834423203,,,,
E,MODEL3-ICL-MC,146,10,3,0.24205355129337777,0.4915969208388824,0.9487317859372438,2.2412574046253066,2.191888936362225,1.0245041335366016,0.019474348773995533,1.0010834201251777,,,,
E,MODEL3-ICL-MC,147,9,3,0.13184356757695245,0.3368165359240918,0.9716900196060553,2.169846269511092,2.183466777312591,0.9928947346344196,-0.1750621180297057,0.984789012449237,,,,
E,MODEL3-ICL-MC,147,10,3,0.20933001417986252,0.4573880776377705,0.9840281271399447,3.3887823332096123,3.6301670870263023,0.9341812002639808,0.05499709773817077,0.9290006091243552,,,,
E,MODEL3-ICL-MC,148,10,3,0.1277682352313784,0.3549272665679944,0.9784704145560527,2.490397648644494,2.422665064440278,1.031564917029141,0.0806357577783151,1.02245255589415,,,,
E,MODEL3-ICL-MC,149,13,3,0.1286041887719116,0.3572823182692899,0.9846501345335259,2.9612535744679165,3.0134106758875308,0.9829886612314382,-0.02021417380974864,0.9762086749845866,,,,
E,MODEL3-ICL-MC,150,4,3,0.0122604910407379,0.11019285217562051,0.9630964234582624,0.5141172863545808,0.5811256816776036,0.8812142870099061,0.010506835224319467,0.8714607578557277,,,,
E,MODEL3-ICL-MC,150,7,3,0.04754949420858487,0.21452864797580337,0.9955451878553409,3.2570916088072863,3.3462489536339852,0.97570292534945,0.04836601085720976,0.9740633614064497,,,,
E,MODEL3-ICL-MC,150,12,3,0.1180221066260309,0.32509132952614744,0.9866177006555548,3.2046085354882727,3.1226654201968205,1.0275276651934069,0.057689140449217774,1.0218884131411092,,,,
E,MODEL3-ICL-MC,150,13,3,0.22020474148545724,0.4541615615924641,0.9833021316931232,3.6896928006774488,3.6555985651508673,1.0127383145417952,-0.009311259529430535,1.0062990311229159,,,,
E,MODEL3-ICL-MC,153,7,3,0.12548398266166974,0.3504771885094709,0.9827217789259696,2.831286958950772,2.8446680452684983,0.9990082114323857,-0.04294572951214843,0.9917560603204726,,,,
E,MODEL3-ICL-MC,153,11,6,0.1926425318335633,0.4306919443221216,0.9869891889502078,4.067428376660497,4.12836045354311,0.9899528914909742,-0.11716830530278594,0.9852097189166478,,,,
E,MODEL3-ICL-MC,154,8,3,0.11299358672985693,0.3315730015165626,0.9670242738152197,1.8474161730742058,1.8499774778575577,0.9972260743553761,0.10968168706897587,0.9846446797967804,,,,
E,MODEL3-ICL-MC,154,13,3,0.20162329191871783,0.4342792678953776,0.9911362597076012,4.624342408997697,4.780977966985191,0.967151498488673,-0.027323620040693632,0.9635053976637554,,,,
E,MODEL3-ICL-MC,155,8,3,0.11278188530364143,0.33487812102496983,0.9836006999699957,2.5318442704692274,2.6416748130399923,0.9589665571012,-0.03975891107523407,0.9523078167815843,,,,
E,MODEL3-ICL-MC,156,10,3,0.19983440732223398,0.4376671569547079,0.9681676643373329,2.5655329169751635,2.494983432555564,1.0276623525572413,-0.11995503511208133,1.0142125089947662,,,,
E,MODEL3-ICL-MC,156,13,3,0.2563474947282146,0.49421400031717405,0.9791526826699287,3.3405055800495504,3.4948859314343914,0.9606871318541955,-0.04421607877716233,0.9526909999244837,,,,
E,MODEL3-ICL-MC,157,12,3,0.1032392424479208,0.3159275400241282,0.9934007461192179,3.7856932088300934,3.869837954165039,0.9779261582844677,-0.10488555113680241,0.9752947497376097,,,,
E,MODEL3-ICL-MC,157,14,3,0.1546243001185788,0.3892875769876956,0.9896702652897239,3.8613794132794492,3.899145862407051,0.9906306435448275,0.008798521425110603,0.9857893480549246,,,,
E,MODEL3-ICL-MC,158,5,3,0.0593386677968332,0.24273709031970755,0.9909998660204492,2.56941133486723,2.6859055509807432,0.95609203748457,-0.07389383408865893,0.953041705161901,,,,
E,MODEL3-ICL-MC,158,7,3,0.06391434234469816,0.2512331719866731,0.9949081536318628,3.615689094627134,3.6012161317747764,1.0060009878909575,0.1292969449460673,1.0045755596524801,,,,
E,MODEL3-ICL-MC,158,10,3,0.20748623825377285,0.4525110296904722,0.9724212062963881,3.0241833061340535,2.8202286469381512,1.072344233356674,0.09682898969232007,1.0628251221409333,,,,
E,MODEL3-ICL-MC,158,16,3,0.19704548906999528,0.44168488259762334,0.9835732571725831,3.4320441832437325,3.5377764918334655,0.9661558818572056,0.05846318381203153,0.9597946501014758,,,,
E,MODEL3-ICL-MC,159,4,3,0.0441790382638281,0.20856213956086603,0.9841959101102793,1.8273210266742332,1.6654041696422885,1.0975438931000603,-0.006909992246381101,1.0947836122186663,,,,
E,MODEL3-ICL-MC,160,8,3,0.11933314094591486,0.3423303970299385,0.9808399755634941,2.3976905222511427,2.5184188682458846,0.9523561130346462,0.0058078821330632,0.9442778418420209,,,,
E,MODEL3-ICL-MC,162,13,3,0.30236466668817114,0.5414164848200107,0.9446612547777832,2.244166449481951,2.338430918066529,0.9595672469540976,-0.08492475231527473,0.938451201823625,,,,
E,MODEL3-ICL-MC,163,7,6,0.05111814519078176,0.21657626595874058,0.9675381955655803,1.3500108994048965,1.3773197412075628,0.9822249344937464,-0.015372712745696368,0.9686649850057627,,,,
E,MODEL3-ICL-MC,163,16,3,0.1185729538539711,0.33366417197648596,0.9873329591694237,3.223424774193655,3.16454718592807,1.020484941994871,0.032332184028127736,1.0161942748681947,,,,
E,MODEL3-ICL-MC,164,10,6,0.12720383236596775,0.35017466124339314,0.977350941714032,2.3347929853025295,2.4115786735637847,0.9679350052744017,0.00018124596767303257,0.9579940429373573,,,,
E,MODEL3-ICL-MC,164,11,3,0.146137824550188,0.381338758060509,0.9913061016787195,4.017751552488832,4.091937429657553,0.9825721643787292,-0.13574306132580582,0.9790439982495268,,,,
E,MODEL3-ICL-MC,166,4,3,0.01667930693810313,0.12380243129135282,0.9868555204295543,1.1295160416452112,1.146478070404885,0.9870058629711429,0.009786694436235433,0.9819824070864751,,,,
E,MODEL3-ICL-MC,166,7,3,0.1101051390714576,0.3228021524049657,0.9799447969012881,2.3085317731349364,2.263210177340751,1.0182625141325181,-0.08315291269417026,1.009336873446516,,,,
E,MODEL3-ICL-MC,166,10,3,0.11198514102439977,0.3329538220350325,0.9875732900848128,3.0715553853119784,3.0240499773463667,1.0152236856734722,0.18305076494023806,1.0114695776134675,,,,
E,MODEL3-ICL-MC,166,11,3,0.11597245016887876,0.33987759094047365,0.9937495968782288,4.285705342313274,4.306002264347551,0.9952593906732355,0.13426156109222703,0.9928287084809401,,,,
E,MODEL3-ICL-MC,166,15,3,0.2636570488519792,0.5045384251473982,0.9875871591813231,4.581594393240879,4.73890646289641,0.9676589909177736,0.0715162130339072,0.9625463695256594,,,,
E,MODEL3-ICL-MC,167,9,3,0.06163457923706153,0.23565221488479557,0.9943729787305099,3.2291306832884104,3.2102512494133335,1.0061190354319225,-0.009995503689884767,1.0038339418885605,,,,
E,MODEL3-ICL-MC,169,14,3,0.11787697299581053,0.3415090676477177,0.9899074313676648,3.429955664294743,3.432415056794575,0.9993131249469805,0.08102640110392484,0.9958391567952344,,,,
E,MODEL3-ICL-MC,170,10,3,0.059642932651178836,0.24053949914273853,0.9952205745275143,3.457064880967472,3.5017173261315055,0.9869712511240203,0.012562090905367492,0.9851456050340076,,,,
E,MODEL3-ICL-MC,174,15,3,0.17657996695383657,0.4199127608303457,0.9872164421594372,3.6859998595055234,3.7616766986743415,0.9806192933682575,-0.04678100929756949,0.9748643423742426,,,,
E,MODEL3-ICL-MC,178,7,3,0.09542763288159246,0.3048455301890331,0.9896331007134181,3.156612046285037,3.121392264821227,1.0112959367572871,0.09250882887221747,1.0068260490633083,,,,
E,MODEL3-ICL-MC,180,12,3,0.07961733587676693,0.27523101737497596,0.9848838655445235,2.249908307825697,2.2912438878283274,0.982062107875648,0.06505700004775664,0.9752220836208115,,,,
E,MODEL3-ICL-MC,181,14,3,0.19843334969266876,0.44483491418904303,0.9754196651196384,2.8679300486706496,2.8734488419520154,0.9999546801131869,0.06054478172091406,0.9888804068692344,,,,
E,MODEL3-ICL-MC,186,15,3,0.18848377368423755,0.433648128197995,0.9874792757131807,3.8798629267411617,3.8756672148281814,1.001014371505087,0.10608316594070355,0.9953038140059727,,,,
E,RandomForest,134,5,3,0.42522019996418114,0.6510768958087061,0.6863806810941129,1.0808112275081387,1.1795340481848224,0.9186244896494523,-0.15948887211068985,0.7845874579806762,,,,
E,RandomForest,138,10,3,2.5619542358048553,1.5628039652112717,0.7185082159306756,2.113775283875579,2.9317446143591788,0.7283979012625587,-0.1278680732873035,0.6307409587055005,,,,
E,RandomForest,138,11,3,2.461315821805177,1.5685939610741222,0.6968851898025346,2.318136496264176,2.8493164215840294,0.8133505672449157,0.01921897370989183,0.682355656463436,,,,
E,RandomForest,143,8,3,1.603641336353606,1.2637442753075099,0.6543178241648869,2.195809418745524,2.1930758987165073,1.0041769491410013,0.012149017351483637,0.8334674792564444,,,,
E,RandomForest,146,6,3,1.6023619206663628,1.2648693696333295,0.6943770325750617,1.5355833724770411,2.299096883006435,0.6690779782084518,-0.0726102567699308,0.5732597549221238,,,,
E,RandomForest,146,10,3,1.3031486428636319,1.1370750708033044,0.7281927844075611,1.7714632816936569,2.191888936362225,0.8059541024033448,0.07267613016122466,0.6951744370514624,,,,
E,RandomForest,147,9,3,1.4842133920145522,1.2112347790194509,0.6675782558386679,1.7701556279654433,2.183466777312591,0.8109675438810938,-0.40807056479456155,0.6807769188165267,,,,
E,RandomForest,147,10,3,4.622106861613905,2.136477360520426,0.6397961239496744,2.359634791076952,3.6301670870263023,0.649685797732358,0.1228760041419552,0.5322183658287206,,,,
E,RandomForest,148,10,3,2.1809100319859467,1.4615194829603173,0.6374232022881833,1.5125476899990062,2.422665064440278,0.631665916517619,0.09025176968916547,0.5220372582002225,,,,
E,RandomForest,149,13,3,3.5356064571416415,1.8717343721526518,0.6095560874904221,1.7422016861540044,3.0134106758875308,0.5857577528468664,-0.20966116028967732,0.48759489043587995,,,,
E,RandomForest,150,4,3,0.12212763245966878,0.34917169333764647,0.6256584285738935,0.5810171167121756,0.5811256816776036,1.0056330358569678,0.019752786197494664,0.8237728353026399,,,,
E,RandomForest,150,7,3,2.231625968137301,1.4620508644515116,0.8075925709172624,2.253237024423436,3.3462489536339852,0.6789366260256727,0.034561441273292026,0.6381941472269649,,,,
E,RandomForest,150,12,3,4.049949251000168,1.9769818142466633,0.599978399644748,1.9138952063997452,3.1226654201968205,0.6189569370868823,-0.1431850854793905,0.49818004192366155,,,,
E,RandomForest,150,13,3,6.68244023512282,2.5692532933885466,0.5044012540824313,2.050559927828031,3.6555985651508673,0.5615740977939695,-0.41934141415616183,0.43102279172574204,,,,
E,RandomForest,153,7,3,2.7051318914585676,1.6078595347326736,0.6835105585715606,1.851936472685458,2.8446680452684983,0.6611026465240067,0.005695237110475033,0.5679468255521543,,,,
E,RandomForest,153,11,6,5.944888838765536,2.36616164178789,0.6758120034243894,2.52869162919333,4.12836045354311,0.6218612087444623,-0.12483044028262517,0.5381019631777549,,,,
E,RandomForest,154,8,3,0.9422488581887724,0.9679326565813575,0.7201762207023487,1.517035779725255,1.8499774778575577,0.8237638082773125,0.10957635491124645,0.7067818713564357,,,,
E,RandomForest,154,13,3,8.681579587409958,2.9424727851775425,0.6197704278447119,2.738313025822604,4.780977966985191,0.5726861131466714,0.3124924014306676,0.4796913177408412,,,,
E,RandomForest,155,8,3,2.2708606648663503,1.503166284886609,0.6762468783912526,1.8610869044251608,2.6416748130399923,0.70875206994006,0.05179890157850444,0.5960650206490845,,,,
E,RandomForest,156,10,3,1.775562895053125,1.3318310533984004,0.7150868631637266,1.6475898625410033,2.494983432555564,0.6601436961499404,-0.08227923081466833,0.5828444674343167,,,,
E,RandomForest,156,13,3,6.520014819301099,2.536985489696368,0.46641903662853235,1.8833423078341873,3.4948859314343914,0.5511725503001262,0.09018859153548793,0.39525523479622054,,,,
E,RandomForest,157,12,3,5.706757035811923,2.373252712893271,0.6235463952990844,1.898184249548696,3.869837954165039,0.49463365955616895,-0.027646595190974937,0.4369450475111725,,,,
E,RandomForest,157,14,3,6.324441789134557,2.5023566523842606,0.5872292951524247,2.4024007746967064,3.899145862407051,0.6169600749163165,-0.09075511612677539,0.49025035118135524,,,,
E,RandomForest,158,5,3,1.2542332648732837,1.0675118535472599,0.8431769404807161,2.1895952534501957,2.6859055509807432,0.8228050157077055,-0.02742021659549036,0.7689525883348036,,,,
E,RandomForest,158,7,3,2.674524037204806,1.5886961079595856,0.7911442097444533,2.7372717182444934,3.6012161317747764,0.7645462240810706,0.13992432043778405,0.6930723530987687,,,,
E,RandomForest,158,10,3,1.5798787469094808,1.2504158315151075,0.7979254845820906,2.46293540202945,2.8202286469381512,0.8764861490091088,0.03186132375661433,0.7869672925120396,,,,
E,RandomForest,158,16,3,6.3686722818487835,2.519914729312757,0.4833584469881658,1.759127900283885,3.5377764918334655,0.4973010161060611,0.0173427926400546,0.36993806189853445,,,,
E,RandomForest,159,4,3,0.34361049551735423,0.5810121626739972,0.8760283342966156,1.551612418999224,1.6654041696422885,0.933031656377794,-0.08475321268272569,0.8753773348646767,,,,
E,RandomForest,160,8,3,2.2124052586567213,1.4792983265446604,0.6550469708278409,1.5854971099330877,2.5184188682458846,0.6314869572950207,0.12513050427838346,0.5307472825865317,,,,
E,RandomForest,162,13,3,2.7277652231369056,1.650574598160438,0.4977790110734275,1.2022094348435595,2.338430918066529,0.5135770945540629,0.1511797197047799,0.3832992139554463,,,,
E,RandomForest,163,7,6,0.5433953757743609,0.7068782312514542,0.7367390451617403,1.2064832040480988,1.3773197412075628,0.8666644926033517,0.03070290860537365,0.7547202431652372,,,,
E,RandomForest,163,16,3,3.7826584144389828,1.943524642715907,0.6136957996586557,1.7558321758005206,3.16454718592807,0.5533254621741883,0.15355347311438702,0.4628758894866903,,,,
E,RandomForest,164,10,6,2.2304846495516686,1.46953936815696,0.632262623947869,1.6267724374505335,2.4115786735637847,0.686266658637117,-0.16660415629159647,0.572473805300715,,,,
E,RandomForest,164,11,3,5.237203951889501,2.287062836524295,0.6814296813825219,2.9415450702751182,4.091937429657553,0.717887994897035,-0.0003426990623933678,0.6021798258996744,,,,
E,RandomForest,166,4,3,0.2942331204458101,0.5398298956000002,0.7789014702274817,1.0177839980725532,1.146478070404885,0.8936856967759509,0.0330337846872361,0.7923150534918445,,,,
E,RandomForest,166,7,3,0.9442640098799951,0.9700283576549538,0.8005030427785059,1.872583606510019,2.263210177340751,0.8349576989146579,-0.21116145898683794,0.7577766238776192,,,,
E,RandomForest,166,10,3,3.264384779178517,1.8031785270501384,0.6421763560826483,1.7628380903716492,3.0240499773463667,0.5846890900968235,0.2731142597792559,0.5011858806322333,,,,
E,RandomForest,166,11,3,6.171322384419945,2.478971716018672,0.6672608237912634,2.328552941113183,4.306002264347551,0.540571907023821,0.3546054286673752,0.4845836538369765,,,,
E,RandomForest,166,15,3,7.3139908365222865,2.672404982643446,0.6822984382557183,2.7729983614019242,4.73890646289641,0.5850408060451066,-0.022340691684891317,0.5201213133305028,,,,
E,RandomForest,167,9,3,3.0610828178235203,1.7354448719588291,0.7080918467734844,1.8841159717823048,3.2102512494133335,0.5882017631166865,0.05806368513955774,0.5300048137656422,,,,
E,RandomForest,169,14,3,3.6668009796799415,1.911496653516603,0.6871836884571659,2.2620908261620003,3.432415056794575,0.6585359439849978,-0.04837655773711972,0.5644168240100975,,,,
E,RandomForest,170,10,3,3.74999063937404,1.933868706671169,0.6931909853873913,2.164641310984406,3.5017173261315055,0.6187582705303307,-0.15949963156572214,0.5420985642413986,,,,
E,RandomForest,174,15,3,6.154427282979555,2.4749671038781393,0.565095799121094,2.159850629413977,3.7616766986743415,0.575331194880852,-0.146657271069536,0.45148800384700366,,,,
E,RandomForest,178,7,3,2.600095293733743,1.6102049813448918,0.7322463309866084,2.0432443137642506,3.121392264821227,0.6566987931481293,-0.0019181391361167283,0.5835585207314578,,,,
E,RandomForest,180,12,3,2.157617894478849,1.4667012344357853,0.5898392941633243,1.3202759759599734,2.2912438878283274,0.5761076907046728,0.06938777665261513,0.4664523293134186,,,,
E,RandomForest,181,14,3,2.382317463112883,1.5316529215477204,0.7152302498457249,1.9136501036293871,2.8734488419520154,0.665591927974185,0.14666048910924884,0.5847073332502992,,,,
E,RandomForest,186,15,3,7.822847991163312,2.790563731105225,0.4765082487888892,2.1657341280790856,3.8756672148281814,0.5586583589853998,0.005624348310951585,0.4010299867938623,,,,
E,Ridge,134,5,3,0.0388078280562261,0.19453045990591245,0.9703815449176557,1.194969635598594,1.1795340481848224,1.0153255346768841,-0.03597153855010633,1.0047566994960826,,,,
E,Ridge,138,10,3,0.10824269443114633,0.3282428391937659,0.9865244650413801,3.111553238437351,2.9317446143591788,1.0631761835659275,-0.0375779538637934,1.0589841865050527,,,,
E,Ridge,138,11,3,0.09862811134759186,0.312565464158782,0.9877759589435859,2.9626791648917994,2.8493164215840294,1.039794518195501,0.0697144995660106,1.0353191425481676,,,,
E,Ridge,143,8,3,0.11223312957243203,0.3269453771309699,0.9775983683884526,2.2795334891848875,2.1930758987165073,1.03730090061024,0.045902612249077664,1.0277953305338983,,,,
E,Ridge,146,6,3,0.0344477303155722,0.1728372413725864,0.9934460332348726,2.225182767301603,2.299096883006435,0.9676259833626504,-0.02332922887357237,0.9656492101977688,,,,
E,Ridge,146,10,3,0.15146889840132713,0.3875068358847314,0.9685462964052296,2.1467297484060923,2.191888936362225,0.9820766861818523,0.07305240499120114,0.9682427873690612,,,,
E,Ridge,147,9,3,0.0747393933475589,0.2602200982518514,0.9840464928432763,2.171448550489456,2.183466777312591,0.9933400597933767,-0.12111090439336052,0.9875553615359202,,,,
E,Ridge,147,10,3,0.14934676902171332,0.3797297152934543,0.9884764636053284,3.467668562898524,3.6301670870263023,0.9554969378048647,0.0362637292523956,0.9509093719627826,,,,
E,Ridge,148,10,3,0.08231342648188167,0.2846520931666711,0.9851879164313967,2.525817028554287,2.422665064440278,1.0457432838917977,0.12370894769647904,1.041205875911883,,,,
E,Ridge,149,13,3,0.07585017100636643,0.27413741289705734,0.9909244013570951,2.911638459483956,3.0134106758875308,0.966577010679412,-0.012614499206551432,0.962659578980988,,,,
E,Ridge,150,4,3,0.0090508538766189,0.0875975786726693,0.976305082069992,0.5345291005809628,0.5811256816776036,0.9180962986407009,-0.0133797015708905,0.9104879011558938,,,,
E,Ridge,150,7,3,0.04051428579867634,0.19708212045037024,0.9964565384323524,3.3127589639503765,3.3462489536339852,0.9918570947664973,0.04839250731074663,0.990457144444003,,,,
E,Ridge,150,12,3,0.0784005778978462,0.2798448457591254,0.9917617983899235,3.2002259659568977,3.1226654201968205,1.0252691876837503,0.020149599092302867,1.0216966324970373,,,,
E,Ridge,150,13,3,0.0703861845526204,0.26453172357399596,0.994595830598494,3.6845714087409953,3.6555985651508673,1.009053088186213,-0.0042787273006493305,1.0066660874564466,,,,
E,Ridge,153,7,3,0.08556439817717076,0.2895297710153519,0.9886721471719975,2.827031711679018,2.8446680452684983,0.9977887947593561,-0.03730227553027947,0.9933630059447522,,,,
E,Ridge,153,11,6,0.10866502560158615,0.32724149354247695,0.9925775268773701,4.092148470466321,4.12836045354311,0.9953272375970431,-0.09231508331763394,0.9929621172720342,,,,
E,Ridge,154,8,3,0.060056222344454534,0.23720731536576056,0.9820801063979827,1.7974944671540645,1.8499774778575577,0.9709904303737585,0.0774876073061454,0.96452155105707,,,,
E,Ridge,154,13,3,0.06781192976434103,0.2504817975700154,0.9970171128482184,4.667185095948437,4.780977966985191,0.9761975799866939,0.012688116657634233,0.9749954822831852,,,,
E,Ridge,155,8,3,0.057463938577215205,0.2389666636103294,0.9915899357436198,2.5670776363464927,2.6416748130399923,0.9724974289581949,-0.09466607396411897,0.9699760268701633,,,,
E,Ridge,156,10,3,0.07772111126218863,0.27475133418120784,0.9874762150163229,2.5272191942965967,2.494983432555564,1.0127979470652149,-0.06779680555061941,1.0073519428230486,,,,
E,Ridge,156,13,3,0.04953638857868343,0.22131522666790363,0.9957814371367709,3.4375710001663187,3.4948859314343914,0.985002988641764,-0.0104836881297091,0.9831072330220314,,,,
E,Ridge,157,12,3,0.03977682131498807,0.19921584126040245,0.9972043473682867,3.8255493407983856,3.869837954165039,0.9881916186374333,-0.025337062886137903,0.9869415912018044,,,,
E,Ridge,157,14,3,0.09235675939451032,0.3023091648055067,0.9940059450548971,3.9247737999456653,3.899145862407051,1.005796134926911,-0.056845922567581864,1.0030460661026488,,,,
E,Ridge,158,5,3,0.0558723042665464,0.23021717549554377,0.9920010228200175,2.615670136524882,2.6859055509807432,0.9736641683809474,-0.07158151832142977,0.9705591708814998,,,,
E,Ridge,158,7,3,0.028697499371430568,0.16911086782605403,0.9976845024522487,3.6204490284953152,3.6012161317747764,1.0071481490188254,0.09013105973796827,1.0065928117090766,,,,
E,Ridge,158,10,3,0.14227587036340927,0.370093360474286,0.9806712709028877,2.937369690463878,2.8202286469381512,1.0421812935302672,0.08868677630541329,1.0346048175295888,,,,
E,Ridge,158,16,3,0.06255967927745469,0.24985379257663387,0.9947883892123501,3.4310724736253158,3.5377764918334655,0.9680282532954898,0.01822979634509643,0.9661982341053883,,,,
E,Ridge,159,4,3,0.04059742018613677,0.20035716542679957,0.9848209555430224,1.82938017791054,1.6654041696422885,1.0994390436546058,-0.008537044600618769,1.0970035591581748,,,,
E,Ridge,160,8,3,0.09539528445763153,0.3054956415196819,0.9848859088438751,2.390859376901911,2.5184188682458846,0.94963475351964,-0.018222799048638733,0.9434882385385309,,,,
E,Ridge,162,13,3,0.1363391755011078,0.36359885826631394,0.9739784628641184,2.284396834145764,2.338430918066529,0.9764454735140955,-0.03293272890458147,0.9664610851443344,,,,
E,Ridge,163,7,6,0.0363792506566594,0.18716527468277963,0.9780463865105143,1.3289629283182627,1.3773197412075628,0.9655863658379249,-0.01863825320318373,0.9565511893422985,,,,
E,Ridge,163,16,3,0.033157865513358496,0.1816394025644763,0.9965973900658581,3.189257313144138,3.16454718592807,1.0085736853197118,0.0342902687358475,1.0072524614744758,,,,
E,Ridge,164,10,6,0.09593165451323642,0.3073359864164676,0.9830387325232305,2.345691135811844,2.4115786735637847,0.9732095985384405,0.0006699181111779658,0.9664393552390328,,,,
E,Ridge,164,11,3,0.11126415059307433,0.3333177074619682,0.9933265595544928,4.0240845062704915,4.091937429657553,0.9837525520748206,-0.15046179675176843,0.9813302978754878,,,,
E,Ridge,166,4,3,0.011193653653611267,0.10482628234200041,0.9910057356421825,1.1337858145501285,1.146478070404885,0.9905835702692004,-0.019216714268097835,0.9870442713610698,,,,
E,Ridge,166,7,3,0.10785148517127459,0.32818503319569414,0.9773618940743405,2.3911490756010845,2.263210177340751,1.0590548738874965,-0.091401000259321,1.050441707603432,,,,
E,Ridge,166,10,3,0.08506743519024834,0.2906125202678576,0.990705144384943,3.0735843366947204,3.0240499773463667,1.015713096341425,0.21177468774531327,1.0137919378673628,,,,
E,Ridge,166,11,3,0.053996400749369566,0.22861792142170653,0.9970959344796442,4.3049671374198555,4.306002264347551,0.9997202266351434,0.08638027776655606,0.9985637325153914,,,,
E,Ridge,166,15,3,0.06879546851295613,0.261980221712091,0.9967438554797918,4.681760518020411,4.73890646289641,0.9873620949792662,0.0059477560993001005,0.9858530076195368,,,,
E,Ridge,167,9,3,0.0306628193063347,0.16981714948548587,0.9970746259785024,3.160051057877293,3.2102512494133335,0.9844960415410006,-0.0366298352586095,0.9834227615394657,,,,
E,Ridge,169,14,3,0.05280972910162357,0.2292901847540235,0.9954949736681099,3.413159586764184,3.432415056794575,0.9943388671617361,0.0742555003649402,0.9927794523848338,,,,
E,Ridge,170,10,3,0.06549807388244387,0.25508448249935894,0.9946922718235487,3.4519621698611958,3.5017173261315055,0.9858223676913984,-0.02744243965180097,0.9834623886541664,,,,
E,Ridge,174,15,3,0.08909614708445028,0.2935669011820526,0.9939019505279738,3.7044400353627567,3.7616766986743415,0.9859618374234677,0.0369041006006807,0.9833567221590197,,,,
E,Ridge,178,7,3,0.0942787317590487,0.3058976510865297,0.9899527297862335,3.192051580559004,3.121392264821227,1.022584425835034,0.10090508170558764,1.0183880267578285,,,,
E,Ridge,180,12,3,0.045455826451166435,0.20844113812856413,0.9914254922024438,2.3089289853147688,2.2912438878283274,1.0076279005954003,0.07230089283937037,1.003948481907681,,,,
E,Ridge,181,14,3,0.14655732380588216,0.3815274660013226,0.9823969860465009,2.9031396599302552,2.8734488419520154,1.0101594608780111,0.06363003294370816,1.002118950063218,,,,
E,Ridge,186,15,3,0.10064890461087694,0.31523854775716637,0.993325098625801,3.9057797240250403,3.8756672148281814,1.0078017754208946,0.0385036603107128,1.0046235316362135,,,,
E,SVR,134,5,3,0.564778924000999,0.7304230167461755,0.5969477455427757,0.9238539114022952,1.1795340481848224,0.7849768819111316,-0.04151195299019903,0.6193117345502279,,,,
E,SVR,138,10,3,3.1673785138871065,1.7182685352212779,0.6614399361390295,1.7183847295634542,2.9317446143591788,0.5977904413198977,0.2184939558718858,0.5174777429763183,,,,
E,SVR,138,11,3,2.7564342832045967,1.6555402408246025,0.6592217005926027,1.7251853963145558,2.8493164215840294,0.6047990009434998,0.022987662524981262,0.5144202242419895,,,,
E,SVR,143,8,3,1.2850210957783417,1.1268706552787322,0.7360780135044395,1.6013016087603404,2.1930758987165073,0.7321194599088837,0.2843585094378891,0.6461932521457585,,,,
E,SVR,146,6,3,1.0850082148681452,1.0336187848894451,0.7942334692832863,1.684021087089919,2.299096883006435,0.7323832387480754,-0.02054369339672642,0.669681643802737,,,,
E,SVR,146,10,3,1.47895532421013,1.2133344398171684,0.6938391780677229,1.4073621698603038,2.191888936362225,0.6442784427661751,-0.04448742988519724,0.5584412684392667,,,,
E,SVR,147,9,3,1.2970660278849593,1.1317137667393824,0.7214893268903202,1.569087044635859,2.183466777312591,0.7172983301823561,-0.3257660939414103,0.6320976150231806,,,,
E,SVR,147,10,3,5.509247152458319,2.3372831137694754,0.5723170214803593,1.790021452718298,3.6301670870263023,0.491549918120467,0.36886153730480004,0.4156765534805144,,,,
E,SVR,148,10,3,1.8508720576819915,1.3189509789345786,0.7049947129423115,1.5685752102226465,2.422665064440278,0.654349927091581,-0.10316275045267449,0.5743672612938031,,,,
E,SVR,149,13,3,3.648644354784052,1.8682318260142734,0.6178510058628888,1.5636507967642188,3.0134106758875308,0.5249657933843245,-0.19979175506350688,0.4554021785333491,,,,
E,SVR,150,4,3,0.1328844575915266,0.35508951371035186,0.631425485569533,0.5633054544341229,0.5811256816776036,0.969947534295382,-0.04305436050838257,0.7976317603855166,,,,
E,SVR,150,7,3,5.383178766408577,2.2900085175170624,0.5253018828834412,1.71555742463664,3.3462489536339852,0.5258076956173479,0.2058526920820111,0.4202197490540378,,,,
E,SVR,150,12,3,3.3306762560730725,1.7898983027226265,0.6723332212408528,1.6891345102146866,3.1226654201968205,0.546859805039242,-0.072417168467157,0.490326575831262,,,,
E,SVR,150,13,3,6.095267489058955,2.421585157070885,0.5619142818568893,1.780711578182599,3.6555985651508673,0.491005394572338,-0.28049599542167075,0.4154362518710073,,,,
E,SVR,153,7,3,3.097018596804086,1.6840086931565514,0.6465918508726917,1.6449966682611705,2.8446680452684983,0.5918381712983608,-0.02381603907115723,0.5104171997273422,,,,
E,SVR,153,11,6,7.061295520041514,2.5860384836600763,0.6121021285010992,2.0885292984351183,4.12836045354311,0.5140857548226571,-0.2795733258147411,0.44579172412301843,,,,
E,SVR,154,8,3,0.7045284055818998,0.8228700922208252,0.8009830264602291,1.4529901867733097,1.8499774778575577,0.7875898685126289,0.07352528907869177,0.717608742783141,,,,
E,SVR,154,13,3,8.1740522555101,2.8588174533588657,0.6422663829097175,2.340950918923213,4.780977966985191,0.48962134639757054,-0.27837722721209085,0.44305003247986613,,,,
E,SVR,155,8,3,3.28005957546941,1.8051807217750826,0.533637699496381,1.4460253706424187,2.6416748130399923,0.5472549574646829,-0.06939348059718521,0.4184812291025579,,,,
E,SVR,156,10,3,2.0865856273158516,1.4402925531264958,0.6663310811998088,1.5336013227671936,2.494983432555564,0.6149371866798456,-0.15519444438280927,0.5322038101057144,,,,
E,SVR,156,13,3,6.49860615215099,2.457162396740706,0.5143278584848703,1.4892126284992546,3.4948859314343914,0.4382630804726113,0.12404868076292856,0.3601965961742974,,,,
E,SVR,157,12,3,5.523309153657915,2.2872532397455068,0.6547391221751743,2.041776374412069,3.869837954165039,0.5325204262784173,0.019387654820049435,0.47039057464210704,,,,
E,SVR,157,14,3,5.655417286038756,2.3525549893015048,0.6364832612876298,1.9134592205349492,3.899145862407051,0.49220480867924277,0.1478401162402082,0.44283024184297765,,,,
E,SVR,158,5,3,3.352408388406785,1.7263395823563104,0.59632617864414,1.4860099436114458,2.6859055509807432,0.5779945328020583,-0.07114009977230504,0.4800510193820431,,,,
E,SVR,158,7,3,5.442467173973181,2.190491927810745,0.6183916333182801,1.9877815002378465,3.6012161317747764,0.5602810181983188,0.2374074880253815,0.47863189165231584,,,,
E,SVR,158,10,3,2.097563982388985,1.4296892757924577,0.7380913459860746,1.9178305502569508,2.8202286469381512,0.6804083150668004,0.240258538537763,0.6129753251698503,,,,
E,SVR,158,16,3,5.708268104228677,2.35918457318111,0.5587225699859498,1.498341700328285,3.5377764918334655,0.425078383167303,-0.12547129452178862,0.3765180013346314,,,,
E,SVR,159,4,3,0.7558323798863706,0.8548441825173722,0.736522637462326,1.1299234319324385,1.6654041696422885,0.6817738485528944,0.0010126511863211656,0.6019740754473041,,,,
E,SVR,160,8,3,1.864831539948997,1.3562568627499745,0.7097736210149806,1.6623316031403033,2.5184188682458846,0.6614998138590785,-0.0032390080439856687,0.5749673714634932,,,,
E,SVR,162,13,3,2.3616037993626,1.5221598110360877,0.5758251761395888,1.2267631779071622,2.338430918066529,0.5260232098437999,0.1547665220706518,0.4291015173897133,,,,
E,SVR,163,7,6,0.6172709957027352,0.7356917657801759,0.7017088456861682,0.9414759036838958,1.3773197412075628,0.6939409806972047,-0.04068539624366226,0.6026236246454957,,,,
E,SVR,163,16,3,4.096027055661236,2.0188863879459884,0.5912828259761734,1.4800023881471944,3.16454718592807,0.4675101082143051,0.19277642055026814,0.40743152789520226,,,,
E,SVR,164,10,6,1.8767744392563082,1.345954329912189,0.6896931993213347,1.5146763427394296,2.4115786735637847,0.636162602030906,-0.25236737330424236,0.5653457586107266,,,,
E,SVR,164,11,3,5.544895124737027,2.3353973639442507,0.674875143378754,2.2080767381192175,4.091937429657553,0.5434033766634491,-0.2256572546027165,0.49163378998706925,,,,
E,SVR,166,4,3,0.4127824400349212,0.6297320890064831,0.6988890868874454,0.9114419705512783,1.146478070404885,0.8005195961566698,-0.003233124540293203,0.6768807003127469,,,,
E,SVR,166,7,3,2.097934200938524,1.4027620869275494,0.6213510161955282,1.3021785980492424,2.263210177340751,0.5867662948459973,-0.20903566627361467,0.49264768436059087,,,,
E,SVR,166,10,3,2.973443475760593,1.7125260808527436,0.6803252112554713,1.8049024849302644,3.0240499773463667,0.5997170051589197,0.2857923143339824,0.52783226592137,,,,
E,SVR,166,11,3,6.884884338593444,2.6067017889355477,0.6304089174845392,2.316826626139641,4.306002264347551,0.5386559924612787,0.456293492373079,0.4686097678921068,,,,
E,SVR,166,15,3,9.08999589554177,2.960447940516589,0.6120296405664724,2.2582035597910326,4.73890646289641,0.4821275443457902,0.2501685468814984,0.43265269131795075,,,,
E,SVR,167,9,3,3.6262233848628918,1.8671269868714369,0.6591186069989597,1.7770192769212123,3.2102512494133335,0.5567257834472614,-0.08817693240343756,0.4880362393942866,,,,
E,SVR,169,14,3,3.932416153160714,1.9777511714225813,0.6673322362216849,1.8458866323175946,3.432415056794575,0.5383035679973283,-0.006773133098224397,0.48378056204500797,,,,
E,SVR,170,10,3,5.6110655041795345,2.367594029826909,0.5421024162242121,1.7224982198803371,3.5017173261315055,0.4905038547332501,-0.13656012375956583,0.4009869814250557,,,,
E,SVR,174,15,3,5.3117560551003455,2.2949585542305653,0.6277602171702699,1.7521897559612947,3.7616766986743415,0.46683693857423686,-0.12842484362983123,0.4244265149904816,,,,
E,SVR,178,7,3,3.8389503922378836,1.9520670509960052,0.6075837431502832,1.821586293048209,3.121392264821227,0.586348961953848,0.02377079824206486,0.4781750480483357,,,,
E,SVR,180,12,3,1.7774968508377744,1.3174596225598472,0.6639224719987967,1.473476592212328,2.2912438878283274,0.6437611302216725,0.14580725673426798,0.5435053795144438,,,,
E,SVR,181,14,3,2.52760301186735,1.5767746059937877,0.6999973832670437,1.6529408194863884,2.8734488419520154,0.5769089347456321,0.06224382915022766,0.5288841968718406,,,,
E,SVR,186,15,3,4.850395269725461,2.1877079672270425,0.6762800425625862,2.132302969851527,3.8756672148281814,0.5497853883618022,0.24288623205349094,0.49275960828251436,,,,
E,XGBoost,134,5,3,0.6728182794858735,0.8198480489310835,0.5053518046758754,1.2374707460403442,1.1795340481848224,1.0471987824180777,-0.11561341232284299,0.8101548556211053,,,,
E,XGBoost,138,10,3,3.4234474520309988,1.830706887698603,0.6103407185047459,2.4748497009277344,2.9317446143591788,0.8607729401120298,-0.041403841463030965,0.6922818825873188,,,,
E,XGBoost,138,11,3,2.967624225536808,1.6972934251799747,0.6301191909018079,2.503974119822184,2.8493164215840294,0.8781410771480171,0.2343441164082086,0.7068934961604175,,,,
E,XGBoost,143,8,3,2.2451572305224716,1.4951192733517449,0.5330957891871778,2.499823490778605,2.1930758987165073,1.1388224845552288,-0.06101222007768314,0.9204957135913109,,,,
E,XGBoost,146,6,3,1.6721488254760988,1.2920812918370101,0.6817675645068001,2.1024139722188315,2.299096883006435,0.9145409233442586,-0.2064697013584312,0.7646274268549388,,,,
E,XGBoost,146,10,3,1.5323868030570003,1.2318276842802363,0.6719025066842846,2.082761287689209,2.191888936362225,0.9483989652873098,-0.11185688213643037,0.7907499162760591,,,,
E,XGBoost,147,9,3,1.4201124009772776,1.1913813499074248,0.6931258927308739,2.0535645882288613,2.183466777312591,0.938254153678247,-0.4645848680962486,0.8114965820061711,,,,
E,XGBoost,147,10,3,5.1928825704974395,2.2757772009209094,0.6013085861219407,2.665715535481771,3.6301670870263023,0.7345685349610788,0.036427999137237606,0.5708702867359208,,,,
E,XGBoost,148,10,3,2.411211011034433,1.5515417542057566,0.5671128464774943,1.998899221420288,2.422665064440278,0.8385680868620838,-0.12679791433717688,0.6467127321211438,,,,
E,XGBoost,149,13,3,4.398779790568808,2.0670361383331106,0.515372850475829,2.2181626160939536,3.0134106758875308,0.7483233268763452,-0.35454210793835844,0.5531363541314968,,,,
E,XGBoost,150,4,3,0.4048904374673694,0.6347594929541859,-0.26499304731256884,0.8155732154846191,0.5811256816776036,1.4207593438061388,-0.006954183873549832,0.8990912324147188,,,,
E,XGBoost,150,7,3,2.9290233293627304,1.703796115421561,0.7339159852611205,2.6234265168507895,3.3462489536339852,0.7909783080615044,-0.14108941310766393,0.6872008869015898,,,,
E,XGBoost,150,12,3,4.408374607606483,2.059474754066746,0.5647583174086478,2.3926062981287637,3.1226654201968205,0.7799281370906087,0.0305806250294135,0.6042190333156215,,,,
E,XGBoost,150,13,3,7.758509005794185,2.7674180961199415,0.4229868454297449,2.8799408276875815,3.6555985651508673,0.7914969583968813,-0.38094819394507745,0.5558604797161336,,,,
E,XGBoost,153,7,3,3.070363495673046,1.7248918812809888,0.6286260348437349,2.204786936442057,2.8446680452684983,0.7881949737612622,0.007249368652947406,0.6359946288518614,,,,
E,XGBoost,153,11,6,5.817012141019234,2.3844894693947354,0.6596491309324316,2.9620439608891806,4.12836045354311,0.7227253936419729,-0.08619404020702041,0.5993123683940881,,,,
E,XGBoost,154,8,3,1.2922753200597203,1.1359069522643523,0.6170621655473855,1.6993556022644043,1.8499774778575577,0.9262720872473299,0.11921550360995582,0.7542094497787443,,,,
E,XGBoost,154,13,3,8.763332527035697,2.95416873391769,0.6161225881642075,3.1935834089914956,4.780977966985191,0.6678605012315764,0.3029339670344442,0.5409013378715344,,,,
E,XGBoost,155,8,3,3.161612827919445,1.7729450960734257,0.5433464460533122,2.208631753921509,2.6416748130399923,0.8398412085029127,0.1557040150599773,0.6392476195404151,,,,
E,XGBoost,156,10,3,2.3560620780759067,1.5344202134105165,0.6210888200310661,2.0895670652389526,2.494983432555564,0.8380290564291815,0.0036989116833477686,0.6657339528437509,,,,
E,XGBoost,156,13,3,5.71673480855691,2.3896914459436736,0.5059535193069928,2.4469448725382485,3.4948859314343914,0.7100446626725746,-0.0015462611692807677,0.516466192006428,,,,
E,XGBoost,157,12,3,5.201159561759869,2.265891332487711,0.6532711880833925,2.6879282792409263,3.869837954165039,0.7009827974869536,0.05840626144942151,0.5790622464343221,,,,
E,XGBoost,157,14,3,6.380181084860054,2.5178133514435577,0.5824035355619581,2.8993094762166343,3.899145862407051,0.7441831017694643,-0.061388311905343364,0.577010796739262,,,,
E,XGBoost,158,5,3,2.7567528997996944,1.5697928876308422,0.6501640867627653,2.7341211636861167,2.6859055509807432,1.0260681864248138,-0.28080396070908303,0.906987114531495,,,,
E,XGBoost,158,7,3,2.8099471394367703,1.638914929166786,0.7866464394954495,2.814807653427124,3.6012161317747764,0.7862170815483983,0.18407589430363647,0.7086042140503808,,,,
E,XGBoost,158,10,3,2.209227324554383,1.4851578428427252,0.7183287437544461,2.7947519620259604,2.8202286469381512,0.9958337195073383,0.14532312619031926,0.8620224410580638,,,,
E,XGBoost,158,16,3,6.423011357241914,2.5339942299272282,0.46298888370118757,2.3340441385904946,3.5377764918334655,0.6634093574065739,0.08121460149488001,0.4595913867396943,,,,
E,XGBoost,159,4,3,0.590274797598221,0.7563299445275353,0.7907439564560694,1.6463166077931721,1.6654041696422885,0.9874669782446538,-0.05891442785671767,0.8851334433121201,,,,
E,XGBoost,160,8,3,2.1802969962347816,1.4758903250551167,0.6563952730203807,1.932540575663249,2.5184188682458846,0.7684934634058495,0.1473453434162143,0.630351674117453,,,,
E,XGBoost,162,13,3,3.056195702921108,1.7465852452996096,0.4330881208764256,1.4758773644765217,2.338430918066529,0.6284382332157058,0.10959422507905274,0.41652401352907215,,,,
E,XGBoost,163,7,6,0.7499806996990785,0.8510064834387632,0.5918004408342776,1.3948367834091187,1.3773197412075628,1.0321493879421821,0.04923026923380045,0.8453880946946236,,,,
E,XGBoost,163,16,3,3.8981801284290163,1.971895660054889,0.6012311188730863,2.349593162536621,3.16454718592807,0.7459456425713435,0.25860360152435397,0.5839053629722384,,,,
E,XGBoost,164,10,6,2.391369547714189,1.5277985082892396,0.59009114720162,2.0862527887026467,2.4115786735637847,0.8816730513680575,-0.1036986426422324,0.7006842299947537,,,,
E,XGBoost,164,11,3,6.058755546243894,2.4558966522129313,0.6297059464100258,3.370777209599813,4.091937429657553,0.8239647892049425,-0.08001882484309696,0.6650068064097494,,,,
E,XGBoost,166,4,3,0.4574304016464172,0.6762789045791697,0.646938826704769,1.1535178025563557,1.146478070404885,1.0107761554702008,-0.03244130000925413,0.8368047291740147,,,,
E,XGBoost,166,7,3,1.0611067555987312,1.0172199764806458,0.7681895493600014,2.110225796699524,2.263210177340751,0.940119048376545,-0.24240919879781217,0.8386483546360296,,,,
E,XGBoost,166,10,3,3.3319098504434623,1.8167844056912308,0.6399290120329097,2.245718161265055,3.0240499773463667,0.7451021674306335,0.29833209033872055,0.6092597611337826,,,,
E,XGBoost,166,11,3,7.415047268538391,2.717092871804019,0.6008555621250259,3.204393148422241,4.306002264347551,0.7440726671384442,0.442402767657821,0.5838791086383356,,,,
E,XGBoost,166,15,3,9.537754149420486,3.0635647936231063,0.5820914790857965,3.3456290562947593,4.73890646289641,0.7006031246158871,0.012879505917958426,0.5459850480736327,,,,
E,XGBoost,167,9,3,3.103877618585628,1.7492176494883187,0.7031155561887851,2.1182958682378135,3.2102512494133335,0.6631865360497945,-0.13857407231531127,0.5752243297593557,,,,
E,XGBoost,169,14,3,3.8484551728853855,1.9580316843628065,0.6747120302517873,2.581040859222412,3.432415056794575,0.752236907891989,-0.09979320937391427,0.6272525049548491,,,,
E,XGBoost,170,10,3,3.825133944272503,1.9547542460293823,0.6878166646222755,2.5420092741648355,3.5017173261315055,0.7261022182356323,-0.25186615291177317,0.6134370257452559,,,,
E,XGBoost,174,15,3,6.148312698204762,2.4770905209467657,0.5614454934450596,2.7038044134775796,3.7616766986743415,0.7203654439843173,0.1177494103284497,0.5440472951764183,,,,
E,XGBoost,178,7,3,2.807816239636024,1.6708464622438397,0.699097000178991,2.6047921975453696,3.121392264821227,0.8358882885668178,-0.10737262174719307,0.7002301487646893,,,,
E,XGBoost,180,12,3,2.277507408378421,1.5013367647787996,0.5682280828398015,1.651004473368327,2.2912438878283274,0.7207213143227124,0.1120466738570775,0.5475139329830503,,,,
E,XGBoost,181,14,3,2.645882318542423,1.6222621753357436,0.6801945471490048,2.3121777375539145,2.8734488419520154,0.8042501196612449,0.1684842807980597,0.6722590572822318,,,,
E,XGBoost,186,15,3,8.105136939352274,2.846388165145143,0.45832304344073016,2.814340511957804,3.8756672148281814,0.7261832975911734,0.15510497477887833,0.4986585652922755,,,,
F,CatBoost,134,14,3,0.09923704921566423,0.3117991351424236,0.0,0.30438930692819127,0.0,,-0.009067869419775868,,,,,
F,CatBoost,137,9,3,0.39815264355010943,0.6288606472735022,0.966218204332582,3.2486645254195294,3.4775986841679773,0.9336228567918122,-0.07855825302549056,0.9198308696681395,,,,
F,CatBoost,142,10,3,0.1824258859531804,0.4265156668612488,0.0,0.41735337754445995,0.0,,-0.08577289853259192,,,,,
F,CatBoost,145,7,3,0.36581768953629884,0.5988239088556014,0.8454919283715805,1.4467088436933082,1.5398751409139804,0.9400885821553127,-0.045513189167219074,0.8663789118529217,,,,
F,CatBoost,146,12,3,0.11187480797662153,0.33167981352155523,0.0,0.3257803171735471,0.0,,-0.03527325915267193,,,,,
F,CatBoost,147,10,3,0.13122060024061208,0.3611996386418606,0.8198643454348403,0.8808506679296695,0.8614594779971028,1.0249539772051552,0.014833219872737669,0.9396878397847915,,,,
F,CatBoost,149,8,3,0.1828158713538278,0.42739190358837664,0.3782932740817446,0.5504210243028966,0.5431149474814694,1.0140386346364405,-0.02146327020635383,0.7231308467165798,,,,
F,CatBoost,150,9,6,0.2347407836221855,0.4768315945451241,0.0,0.44793439299644566,0.0,,0.10020882810272254,,,,,
F,CatBoost,150,10,3,0.18422312686085487,0.42538742293413195,0.0,0.40370588503437665,0.0,,0.11204384177022385,,,,,
F,CatBoost,150,13,3,0.1823506851913297,0.42281403363119524,0.0,0.41738574850330495,0.0,,0.016441372882341133,,,,,
F,CatBoost,150,19,3,0.9787922614933408,0.9595977553784961,0.9569265990810898,4.0633495007369245,4.613816752283436,0.8845933957242312,-0.20772915286754456,0.8724188269790801,,,,
F,CatBoost,151,10,3,0.17741635710480316,0.42094803972348704,0.0,0.4104922121568779,0.0,,-0.0738422942370726,,,,,
F,CatBoost,151,14,3,0.14117210866518437,0.3730055257448164,0.0,0.34941025924014574,0.0,,-0.13035603233617263,,,,,
F,CatBoost,151,16,3,0.12025345623899619,0.3450282217284439,-2.6006828458377327,0.42537555496626545,0.1839758617644395,2.32437144785391,0.0197691645634522,1.4649693711233678,,,,
F,CatBoost,153,11,3,0.14977030519543924,0.3860188362771235,0.0,0.37778865224618235,0.0,,-0.0377112963449698,,,,,
F,CatBoost,154,9,3,0.16572179117267077,0.4006229666185805,0.0,0.3806183430813559,0.0,,-0.11698856725333873,,,,,
F,CatBoost,155,10,3,0.17455674386928913,0.4168846001866333,-5.9529447253099645,0.40268088965136983,0.1580514909717356,2.543184789699122,-0.08840224068590154,0.5982034466035114,,,,
F,CatBoost,155,12,3,0.19411670628460942,0.43896861026382744,0.8876843320122302,1.0991670715201847,1.3100440044447004,0.8406121249095189,0.14029021541859454,0.8059711759222893,,,,
F,CatBoost,156,10,3,0.17866509964357347,0.42081842736328406,0.0,0.37981205428151027,0.0,,0.14330059457008168,,,,,
F,CatBoost,156,17,3,0.1426168824632069,0.37610964607831887,0.0,0.35882557805977505,0.0,,-0.10489523992675971,,,,,
F,CatBoost,157,7,3,0.2829815717903913,0.5259775763906421,0.9200141278564042,1.6638905224304459,1.882600922968319,0.883575026197461,-0.002834663930625533,0.8517223052552644,,,,
F,CatBoost,157,10,3,0.2754809694319622,0.5169794126716855,0.7214235756840491,0.8474657566305881,0.9978553385477117,0.8489654610703167,-0.09180458098201554,0.7401381787097062,,,,
F,CatBoost,158,7,6,0.23720814786946895,0.4860918926251501,0.44979969982340745,0.9874298076367616,0.767609470535411,0.9765162903934871,-0.07646181081777986,0.9287915973905673,,,,
F,CatBoost,158,10,3,0.13910212951722722,0.37008288974558834,0.0,0.36507462908483673,0.0,,-0.016290936247187367,,,,,
F,CatBoost,158,18,3,0.4883193376642892,0.6943412028322479,0.9435505452067569,2.5788667922178043,2.934475081990948,0.8798932932023859,-0.15704598604995337,0.8609708994861842,,,,
F,CatBoost,159,8,3,0.21040740668729482,0.45722491182679753,0.0,0.4247076162293891,0.0,,0.1646339834971696,,,,,
F,CatBoost,159,9,3,0.33559348616179024,0.5761137226412996,0.8893610059169054,1.543646712828945,1.7325984932376208,0.8911596644242409,-0.03723588907911977,0.842127612692385,,,,
F,CatBoost,162,6,3,0.23925034970348105,0.48371098029123355,0.0,0.48307925448297695,0.0,,0.0036313604167892005,,,,,
F,CatBoost,162,8,3,0.2217419788565401,0.4674253818410692,0.0,0.46657654569222434,0.0,,0.008201453901901466,,,,,
F,CatBoost,162,12,3,0.15063071162251543,0.3877449515182303,0.44749808958863824,0.5674274409349499,0.5260759773317472,1.083162330486176,0.016503446214236533,0.8213260792645932,,,,
F,CatBoost,163,5,3,0.19884610278760087,0.4437033289321466,0.0,0.43830915186832203,0.0,,-0.0478889134609479,,,,,
F,CatBoost,163,7,3,0.3099798582805034,0.5552855790604414,0.2176634492167384,0.6825176517864161,0.6395390745273696,1.0761249686041452,-0.048989010043131304,0.699099987396336,,,,
F,CatBoost,163,10,3,0.28196987875910373,0.5302546020714808,0.5472748344957087,0.5533841883184994,0.7887978694923093,0.701779450498953,0.025864472251442065,0.52184869532806,,,,
F,CatBoost,164,8,3,0.5914789454134743,0.7576315910966018,0.9644354202118143,3.824397167212519,4.040583567521932,0.9471139636324685,-0.024202837210839268,0.9307892879225871,,,,
F,CatBoost,166,6,6,0.21843901315156056,0.4629932021245558,0.0,0.44864431332962923,0.0,,0.06866029574649582,,,,,
F,CatBoost,168,11,3,0.19650161027903632,0.44274926399398234,0.0,0.4314375361515897,0.0,,-0.09432585985681924,,,,,
F,CatBoost,169,11,3,0.17907394836790402,0.42024782322662885,0.0,0.40405840285977734,0.0,,-0.06813586226088138,,,,,
F,CatBoost,171,6,3,0.3499890257903197,0.5882676809497814,0.9011776278265472,1.7919472302190187,1.8941359745473918,0.9460368318367255,0.02288857270183624,0.900554993827977,,,,
F,CatBoost,171,7,3,0.2438587978751292,0.4936242065415488,0.0,0.4819482835046482,0.0,,0.0444166779956492,,,,,
F,CatBoost,171,12,3,0.1947802731387898,0.43981322647745397,0.0,0.3696201095517933,0.0,,0.218870178466302,,,,,
F,CatBoost,172,9,3,0.3470582959685203,0.5860889925070972,0.9666185840460305,3.0002669979872674,3.216576846990009,0.933907319041956,0.003200364245493433,0.9204036535050046,,,,
F,CatBoost,174,6,6,0.16066365062789723,0.40028299369748027,0.0,0.3960177909441694,0.0,,-0.010272829553720216,,,,,
F,CatBoost,177,15,3,0.13013064409770617,0.3568511110155465,0.0,0.35540278905685313,0.0,,-0.0024775690295270663,,,,,
F,CatBoost,178,12,3,0.12247599780985034,0.349357167846978,0.0,0.34490922599507917,0.0,,0.0007238691185584674,,,,,
F,CatBoost,178,15,3,0.16373759154009493,0.4037128242812759,0.0,0.3917443572703198,0.0,,-0.0024134253425293676,,,,,
F,CatBoost,182,13,3,0.10162727680601939,0.31789177356382153,0.0,0.30948677925567475,0.0,,0.03484744392920134,,,,,
F,FixedRidgeLambda1,134,14,3,0.07245932672787721,0.26245544750189725,0.0,0.24976268105602692,0.0,,-0.03699265376114797,,,,,
F,FixedRidgeLambda1,137,9,3,0.06094264917815103,0.243507134296,0.9947173469208991,3.4436202084118293,3.4775986841679773,0.9902122291535624,0.021816792955855067,0.9876484435720781,,,,
F,FixedRidgeLambda1,142,10,3,0.1066621579459861,0.32249561341436234,0.0,0.31224455583669264,0.0,,-0.07936712351260859,,,,,
F,FixedRidgeLambda1,145,7,3,0.07033559580472021,0.2577863121182155,0.9707639195801473,1.6918707701116957,1.5398751409139804,1.0984121324141816,-0.03540554871451313,1.0898785017060921,,,,
F,FixedRidgeLambda1,146,12,3,0.05698106027692523,0.23713676389399288,0.0,0.2302183006403428,0.0,,-0.013758695378812599,,,,,
F,FixedRidgeLambda1,147,10,3,0.08276197173924914,0.28729725117950905,0.8860564369056939,0.9237292930020277,0.8614594779971028,1.0757578322260624,-0.016341654461705768,1.024449210460985,,,,
F,FixedRidgeLambda1,149,8,3,0.0355996700413928,0.1873822637265381,0.8790382330350429,0.4666817975440755,0.5431149474814694,0.8599000271567121,0.015096176581130534,0.8122446262050635,,,,
F,FixedRidgeLambda1,150,9,6,0.09621503808714098,0.3036919578349426,0.0,0.282513824483628,0.0,,0.07255730112709353,,,,,
F,FixedRidgeLambda1,150,10,3,0.07273291351338837,0.2691276026365487,0.0,0.24948481613264284,0.0,,0.0960155188351871,,,,,
F,FixedRidgeLambda1,150,13,3,0.16256360383942256,0.40259324472046654,0.0,0.39855749661034245,0.0,,0.027823098014459074,,,,,
F,FixedRidgeLambda1,150,19,3,0.17778893777167648,0.41388457878705115,0.9913769129036418,4.593042267077251,4.613816752283436,0.9953750171223943,-0.06386178433245757,0.9913482963361684,,,,
F,FixedRidgeLambda1,151,10,3,0.05504043690426053,0.23250063747716385,0.0,0.21133733860125378,0.0,,-0.0909926206904571,,,,,
F,FixedRidgeLambda1,151,14,3,0.1534064780437596,0.3871526798274498,0.0,0.3460420228735022,0.0,,-0.14865301517630267,,,,,
F,FixedRidgeLambda1,151,16,3,0.18567266648292946,0.4300310349488801,-4.474884509126678,0.5187647505253793,0.1839758617644395,2.819904646862635,-0.060134553330996494,1.8230191034638044,,,,
F,FixedRidgeLambda1,153,11,3,0.07362512325462646,0.2699675138744613,0.0,0.26164483406628675,0.0,,-0.025906522930912803,,,,,
F,FixedRidgeLambda1,154,9,3,0.0628932877908045,0.24072968718064405,0.0,0.2131965512090157,0.0,,-0.09498237963825411,,,,,
F,FixedRidgeLambda1,155,10,3,0.06899027549175726,0.26225109544721387,-1.77181528986333,0.2749673285256547,0.1580514909717356,1.7413221722799819,-0.10245904269387762,0.9241658891831487,,,,
F,FixedRidgeLambda1,155,12,3,0.052385611884351264,0.2266948367921381,0.9689942596239504,1.3031077843019312,1.3100440044447004,0.9954069872243482,0.046849543582010066,0.9821039090969702,,,,
F,FixedRidgeLambda1,156,10,3,0.05415287560059063,0.22982495139503356,0.0,0.17027742845205096,0.0,,0.13663695790665453,,,,,
F,FixedRidgeLambda1,156,17,3,0.13367409784749903,0.3654440642235845,0.0,0.360681148917614,0.0,,-0.05568281941619696,,,,,
F,FixedRidgeLambda1,157,7,3,0.0382698274911475,0.19123955905651824,0.9891336727727723,1.7489013746469484,1.882600922968319,0.9288512839493926,-0.039229641944355735,0.9264262589148938,,,,
F,FixedRidgeLambda1,157,10,3,0.15879865054244194,0.39161250359066074,0.8390874509612428,0.9073079303089003,0.9978553385477117,0.908661476178779,-0.12100532407507007,0.8463974750551162,,,,
F,FixedRidgeLambda1,158,7,6,0.03622684166029127,0.18692145676988722,0.4939352063018709,0.8954865878678354,0.767609470535411,1.0452129905721257,-0.07548666775664412,1.0419007055624274,,,,
F,FixedRidgeLambda1,158,10,3,0.07649959206330227,0.2746850958192901,0.0,0.2717113963900099,0.0,,-0.0025099271484798,,,,,
F,FixedRidgeLambda1,158,18,3,0.09495428782340799,0.2971951326753449,0.9893678932651504,2.9125719635982574,2.934475081990948,0.9929842118973303,-0.08900069152943206,0.9882587901584982,,,,
F,FixedRidgeLambda1,159,8,3,0.04112108849198127,0.2025674676126672,0.0,0.17743716536589785,0.0,,0.09683209934699415,,,,,
F,FixedRidgeLambda1,159,9,3,0.05089747431603226,0.2246930312431288,0.9829902302226808,1.709739139523009,1.7325984932376208,0.9856086406932952,-0.02995634759561347,0.9778649220212423,,,,
F,FixedRidgeLambda1,162,6,3,0.05255664259189433,0.22878440733421887,0.0,0.22672394622377434,0.0,,-0.029017522133953668,,,,,
F,FixedRidgeLambda1,162,8,3,0.054422721671827066,0.2326432506305202,0.0,0.23152660080728327,0.0,,-0.006509607745415667,,,,,
F,FixedRidgeLambda1,162,12,3,0.03738194092811773,0.1907631859353708,0.868094690427793,0.5922394988238652,0.5260759773317472,1.1227537440644333,-0.010750364453187068,1.0668793367078213,,,,
F,FixedRidgeLambda1,163,5,3,0.03945421444441587,0.1944507703497141,0.0,0.18898965046061691,0.0,,-0.025981170119270036,,,,,
F,FixedRidgeLambda1,163,7,3,0.03351427960024473,0.18209612153355195,0.9147639027500271,0.6275325885789379,0.6395390745273696,0.984868710681059,-0.050078613949145735,0.9493259654186303,,,,
F,FixedRidgeLambda1,163,10,3,0.05788588558315407,0.24042035088799452,0.9068917684396927,0.6339981878875776,0.7887978694923093,0.8035831860594183,0.03954967427972277,0.7806584888872762,,,,
F,FixedRidgeLambda1,164,8,3,0.0532652633864186,0.22879608033208645,0.9967527660949157,4.114103250301728,4.040583567521932,1.018703197864191,-0.009256716766510699,1.0173136922435102,,,,
F,FixedRidgeLambda1,166,6,6,0.03988877497215893,0.1900841479180997,0.0,0.16428089648463864,0.0,,0.035527612392972814,,,,,
F,FixedRidgeLambda1,168,11,3,0.07398093008709163,0.2719720350455673,0.0,0.2476122372609769,0.0,,-0.109766861889194,,,,,
F,FixedRidgeLambda1,169,11,3,0.06089419119448503,0.2456724255949961,0.0,0.233767884973214,0.0,,-0.0683423950918738,,,,,
F,FixedRidgeLambda1,171,6,3,0.10964131641196634,0.32986856674050485,0.9691926556956406,1.943178612691706,1.8941359745473918,1.0264664776073416,0.046599731438798475,1.0143771106027046,,,,
F,FixedRidgeLambda1,171,7,3,0.06065717615488897,0.24499088108707234,0.0,0.2370338473629273,0.0,,0.03455628657869753,,,,,
F,FixedRidgeLambda1,171,12,3,0.14307166169765384,0.37722614720692516,0.0,0.3141087009839992,0.0,,0.20595258632195432,,,,,
F,FixedRidgeLambda1,172,9,3,0.0282520770239735,0.1672569250828586,0.9972154637246761,3.182605520525351,3.216576846990009,0.9890471915339766,0.03202929588986967,0.9878153303354381,,,,
F,FixedRidgeLambda1,174,6,6,0.04838834048919003,0.21284643059478262,0.0,0.2065603192997986,0.0,,0.0003060125723212658,,,,,
F,FixedRidgeLambda1,177,15,3,0.06938585851849881,0.25893502659680034,0.0,0.2500941758616099,0.0,,0.055789669728080936,,,,,
F,FixedRidgeLambda1,178,12,3,0.0557582398061914,0.23597414838921849,0.0,0.23538825137255684,0.0,,0.016522273290806536,,,,,
F,FixedRidgeLambda1,178,15,3,0.07398955918496264,0.269644747735088,0.0,0.2678874471583756,0.0,,0.024429000855407168,,,,,
F,FixedRidgeLambda1,182,13,3,0.0644646721874182,0.2535701311040486,0.0,0.24510244337157341,0.0,,0.018195719632795596,,,,,
F,KNN,134,14,3,0.14275276280989188,0.3774348116107138,0.0,0.36564000388129725,0.0,,-0.060374941283926835,,,,,
F,KNN,137,9,3,3.2083765058045812,1.781088645680228,0.738243822244387,2.537661631021024,3.4775986841679773,0.7319696429906596,-0.4009305027205299,0.6459719377310922,,,,
F,KNN,142,10,3,0.21500063137649375,0.46225137643238234,0.0,0.45243371495366613,0.0,,-0.08449451972251787,,,,,
F,KNN,145,7,3,0.6650156878914997,0.8131035906670908,0.7179927988070225,1.3014316657348513,1.5398751409139804,0.8451935846132091,-0.13272557073557492,0.7220809344987363,,,,
F,KNN,146,12,3,0.15683772879834457,0.39446383673097146,0.0,0.3821066436418237,0.0,,-0.0634805503061159,,,,,
F,KNN,147,10,3,0.3548844957762756,0.5887663258254171,0.5151142350427986,0.8241417776585833,0.8614594779971028,0.9612235959700682,-0.08937996005839204,0.7282066400923881,,,,
F,KNN,149,8,3,0.22803346339101696,0.47625943762300454,0.22455359244793657,0.5160624714501387,0.5431149474814694,0.9485734030681606,-0.020829976307875198,0.5812104417892386,,,,
F,KNN,150,9,6,0.30363539506640796,0.546039001023409,0.0,0.5107777162264558,0.0,,0.09173163555847647,,,,,
F,KNN,150,10,3,0.17227217682151785,0.4147593141413901,0.0,0.3845305747340803,0.0,,0.1454388318864144,,,,,
F,KNN,150,13,3,0.266445684865338,0.51564823578493,0.0,0.5118642019170884,0.0,,0.0207354465319799,,,,,
F,KNN,150,19,3,9.090450528828281,2.977054758546028,0.5867124088410562,3.032959526129529,4.613816752283436,0.6650961878968658,-0.21271349622338773,0.540399488523354,,,,
F,KNN,151,10,3,0.19250762310396094,0.43695438252167196,0.0,0.4312868822177352,0.0,,-0.0390852926650054,,,,,
F,KNN,151,14,3,0.1598400360116189,0.39684699895099507,0.0,0.3493679461810825,0.0,,-0.18458606733044158,,,,,
F,KNN,151,16,3,0.192122134600441,0.43585021332760937,-4.7028688601115896,0.4327048321690246,0.1839758617644395,2.3658071804294245,0.09544527567776101,0.6139356055297438,,,,
F,KNN,153,11,3,0.1675601251423575,0.40908550140369515,0.0,0.3773906216192829,0.0,,-0.053049164449894326,,,,,
F,KNN,154,9,3,0.19918152752517568,0.44309378830148044,0.0,0.40930001281408623,0.0,,-0.15888107321259518,,,,,
F,KNN,155,10,3,0.21788634367306722,0.46121742002885774,-7.861019254220866,0.4325477425092456,0.1580514909717356,2.743778774823575,-0.0790222102655591,0.21987575596719947,,,,
F,KNN,155,12,3,0.9056250100841545,0.9485405679338873,0.4755931206048609,0.9234512547989038,1.3100440044447004,0.7063048252433908,0.04060280890932466,0.4991625923031715,,,,
F,KNN,156,10,3,0.2080865290655123,0.453238961443405,0.0,0.40627530326076716,0.0,,0.15539950280694892,,,,,
F,KNN,156,17,3,0.16422276600554375,0.40430737493584545,0.0,0.39866308091329355,0.0,,-0.041794589957219165,,,,,
F,KNN,157,7,3,0.9986055442542096,0.9956033740884296,0.7193007592076821,1.3732659592818564,1.882600922968319,0.7295812559181908,-0.0387570982286696,0.627151352825228,,,,
F,KNN,157,10,3,0.5638061280287976,0.7478672113132131,0.4289369150106768,0.7357115866987112,0.9978553385477117,0.737240497164235,-0.10966255718524104,0.5305744590104623,,,,
F,KNN,158,7,6,0.41543399575833845,0.621648266461089,0.36625929335131824,0.8545500889851517,0.767609470535411,0.828621845128317,-0.024109882241452666,0.7145508061271282,,,,
F,KNN,158,10,3,0.1796349661668015,0.4218263032878382,0.0,0.4135588502697023,0.0,,0.07866228609966285,,,,,
F,KNN,158,18,3,3.9790700683953926,1.9823674398548892,0.5296405863280472,1.7100080537887574,2.934475081990948,0.5821249997518597,-0.36546125481816444,0.4457431511681478,,,,
F,KNN,159,8,3,0.22019273653634377,0.4688243928927362,0.0,0.4535612290437025,0.0,,0.11542775887754515,,,,,
F,KNN,159,9,3,0.9352277611129972,0.9668764059797478,0.6863162995105117,1.2103454834402962,1.7325984932376208,0.6990220432579264,-0.030178555434144567,0.5908163861959949,,,,
F,KNN,162,6,3,0.2085066306569646,0.45510124421469217,0.0,0.4527464491075548,0.0,,-0.03560058868247536,,,,,
F,KNN,162,8,3,0.19369613341572137,0.43972839391873175,0.0,0.4328148891242476,0.0,,-0.04576127891295526,,,,,
F,KNN,162,12,3,0.20668064452461396,0.4537583588647632,0.2547468326454407,0.5329319882471564,0.5260759773317472,1.0175883272739146,0.022827512211336037,0.6495659580747546,,,,
F,KNN,163,5,3,0.18474789851713225,0.42926172568703413,0.0,0.4209981180982008,0.0,,-0.04056035164400147,,,,,
F,KNN,163,7,3,0.3461753974730802,0.5858343253539745,0.15148518587025075,0.6018188057785542,0.6395390745273696,0.9530018787069255,0.03324179101562763,0.5564686300282858,,,,
F,KNN,163,10,3,0.5392984084697225,0.7309413010564526,0.131859919796684,0.538325395198711,0.7887978694923093,0.6826753935311906,-0.1268451409469869,0.3182436778692616,,,,
F,KNN,164,8,3,4.134198057697645,2.030899661536506,0.7439808999738425,2.767722759040987,4.040583567521932,0.6868168190546223,0.19478890817200187,0.6095669050959145,,,,
F,KNN,166,6,6,0.1921990909166346,0.43533285986279013,0.0,0.41187048770276785,0.0,,0.012141151384044748,,,,,
F,KNN,168,11,3,0.2147456228695509,0.4623475001099389,0.0,0.4428177889451037,0.0,,-0.12810476881213728,,,,,
F,KNN,169,11,3,0.27999617153707307,0.5265555772214511,0.0,0.5060384307964806,0.0,,-0.11532398368230638,,,,,
F,KNN,171,6,3,0.975522370950424,0.9870670421646768,0.7279607670830915,1.4547289995674986,1.8941359745473918,0.770534696489737,-0.020099177229244897,0.6631809585811849,,,,
F,KNN,171,7,3,0.19747412431271213,0.4396994421473311,0.0,0.4305633378366704,0.0,,0.08124887271310817,,,,,
F,KNN,171,12,3,0.22986220724651127,0.4781909406748162,0.0,0.41690660567479165,0.0,,0.21211605706683523,,,,,
F,KNN,172,9,3,2.4402092646152997,1.5578345684582835,0.7649479636531668,2.2199944545114754,3.216576846990009,0.691690634325658,0.10829254585315023,0.6247961538389887,,,,
F,KNN,174,6,6,0.18598415149302686,0.4282818227250416,0.0,0.42243607116342147,0.0,,0.04445347570327648,,,,,
F,KNN,177,15,3,0.13489662284672926,0.36530345617448684,0.0,0.3632761083633307,0.0,,-0.0376467258973604,,,,,
F,KNN,178,12,3,0.20929723037073744,0.45614024081532367,0.0,0.45419679916920214,0.0,,0.0364269762329638,,,,,
F,KNN,178,15,3,0.19760140253829472,0.4430191893334636,0.0,0.42294918236472645,0.0,,0.06667481779803093,,,,,
F,KNN,182,13,3,0.19063657558829228,0.4361333242157264,0.0,0.4317499508795894,0.0,,0.040227692488006804,,,,,
F,LightGBM,134,14,3,0.2929874435648569,0.5354465435308913,0.0,0.485976040902091,0.0,,-0.06642507682071207,,,,,
F,LightGBM,137,9,3,0.545890390189195,0.7373857269647704,0.9539935353844847,3.5136748064458345,3.4775986841679773,1.0117818035417343,0.057732573291097995,0.9910939858217329,,,,
F,LightGBM,142,10,3,0.3572831747654219,0.5953785777882082,0.0,0.5852901565777314,0.0,,-0.09446929543097883,,,,,
F,LightGBM,145,7,3,0.6039290537217029,0.7763145922377558,0.7443547279024028,1.7161820276671118,1.5398751409139804,1.114417301916444,-0.14229467357150227,1.0001049733234728,,,,
F,LightGBM,146,12,3,0.19832541728180186,0.442999022550229,0.0,0.4333645139701994,0.0,,-0.07741744268049744,,,,,
F,LightGBM,147,10,3,0.24381795781752413,0.49035362645765607,0.6568265252717023,1.034295486560328,0.8614594779971028,1.2041415760420489,0.011106842815701465,1.0595789893113663,,,,
F,LightGBM,149,8,3,0.34319158432485647,0.5836362147391196,-0.15896401631239718,0.7221968829344029,0.5431149474814694,1.3294290658935453,-0.09423014110409454,0.8284106371609304,,,,
F,LightGBM,150,9,6,0.45013792926624996,0.6656192120308149,0.0,0.6416455435109415,0.0,,0.07500252625630167,,,,,
F,LightGBM,150,10,3,0.387856555625494,0.618695520765388,0.0,0.5903171979999086,0.0,,0.15678684522823724,,,,,
F,LightGBM,150,13,3,0.3908875283963172,0.6229196613342434,0.0,0.6162288558345463,0.0,,0.07390912126259856,,,,,
F,LightGBM,150,19,3,0.6843076204039859,0.8227860784232757,0.9681870771648547,4.574335448666123,4.613816752283436,0.9938798869909062,-0.0830754083982778,0.9788485281283127,,,,
F,LightGBM,151,10,3,0.4428531662126179,0.662780125851152,0.0,0.6199092077794262,0.0,,-0.1744002445851833,,,,,
F,LightGBM,151,14,3,0.3383816496369538,0.57874505116942,0.0,0.548243375638537,0.0,,-0.17822190438376273,,,,,
F,LightGBM,151,16,3,0.37758684737516046,0.610298607521052,-10.358198605455918,0.6962790888831875,0.1839758617644395,3.8120568635123515,0.017683092767462997,2.3581470785245604,,,,
F,LightGBM,153,11,3,0.4199376185381806,0.6445194519338033,0.0,0.6381569326015705,0.0,,-0.04810810316945587,,,,,
F,LightGBM,154,9,3,0.4053444142888449,0.6324564059972936,0.0,0.6099863962539228,0.0,,-0.14115146000075987,,,,,
F,LightGBM,155,10,3,0.29921980163468165,0.545057379932361,-10.894660505566222,0.5241461507039827,0.1580514909717356,3.310252386557611,-0.12502655546502686,0.37587061130951743,,,,
F,LightGBM,155,12,3,0.38977773303264246,0.6186359492851524,0.7716438724083726,1.3331304865078242,1.3100440044447004,1.0186889218782846,0.16876593305832457,0.9164716393002253,,,,
F,LightGBM,156,10,3,0.4500029237864629,0.6653994395753015,0.0,0.6116916261965786,0.0,,0.19067432451346347,,,,,
F,LightGBM,156,17,3,0.3205467430139501,0.5659554394585382,0.0,0.5594681442309833,0.0,,-0.05769683992252609,,,,,
F,LightGBM,157,7,3,0.3799606382487928,0.6021885921476325,0.8926791145491807,1.824761859818343,1.882600922968319,0.9688969524053211,0.00539930328596977,0.9179715012926525,,,,
F,LightGBM,157,10,3,0.4060802493420681,0.6226953256862988,0.588978951902198,1.0056521628016633,0.9978553385477117,1.008366280228229,-0.11982218547293548,0.8242084980384526,,,,
F,LightGBM,158,7,6,0.3379869072459815,0.5764094647799105,0.4249697023928294,1.0837009520503116,0.767609470535411,1.0429921746517035,-0.10530311638120575,0.9755043810104462,,,,
F,LightGBM,158,10,3,0.3181906936526107,0.563942817091419,0.0,0.5557911053958008,0.0,,0.041062251821329866,,,,,
F,LightGBM,158,18,3,0.40775393711238633,0.6359533291481584,0.9519050667709905,2.963692027459469,2.934475081990948,1.0099788739087892,-0.09346444281282673,0.9874821679911764,,,,
F,LightGBM,159,8,3,0.28868797269436447,0.5355063271613191,0.0,0.5081507328905969,0.0,,0.13034219882405662,,,,,
F,LightGBM,159,9,3,0.30879715837920535,0.5525880514892988,0.8980972428238018,1.687343384364211,1.7325984932376208,0.9725144753721863,0.009518654474492334,0.9247055357209012,,,,
F,LightGBM,162,6,3,0.39165804672127186,0.6124341763576909,0.0,0.6120091076154824,0.0,,0.015645942473480667,,,,,
F,LightGBM,162,8,3,0.3912933875498996,0.6212437075338428,0.0,0.6180420545544241,0.0,,-0.053396490350757796,,,,,
F,LightGBM,162,12,3,0.3306635512851636,0.5746205494041648,-0.22148581100965933,0.715036104842855,0.5260759773317472,1.365384092139353,0.035443353454902064,0.8363666896247302,,,,
F,LightGBM,163,5,3,0.32477215557558,0.5697914735598442,0.0,0.5651195042168446,0.0,,-0.02409821097017083,,,,,
F,LightGBM,163,7,3,0.47679489046564827,0.6757401668083188,-0.23575524918953902,0.8459691951144667,0.6395390745273696,1.335301903626025,-0.1012602093422965,0.8205025696593475,,,,
F,LightGBM,163,10,3,0.4221091758332077,0.6470511604674035,0.32070436585114753,0.8225482624496911,0.7887978694923093,1.0428628866697627,-0.003532101155758166,0.7052950077051362,,,,
F,LightGBM,164,8,3,0.4726566065920645,0.6830236867456856,0.96992915603794,4.039850725633536,4.040583567521932,1.0008467890813189,-0.08751700502229641,0.98631141996543,,,,
F,LightGBM,166,6,6,0.38947862418160617,0.6230965046836323,0.0,0.6112470672433956,0.0,,0.10406139119957282,,,,,
F,LightGBM,168,11,3,0.33931891276178033,0.5817021384174454,0.0,0.5711424511262724,0.0,,-0.08734775334792207,,,,,
F,LightGBM,169,11,3,0.3787090900354911,0.6138784558088654,0.0,0.5905937049937148,0.0,,-0.1082300065777489,,,,,
F,LightGBM,171,6,3,0.5234919580241262,0.7103400871796227,0.8527524130386007,2.123479379981628,1.8941359745473918,1.1208861884221613,0.06192465754762503,1.0594763017977051,,,,
F,LightGBM,171,7,3,0.44301296225286296,0.6644552671491889,0.0,0.6611130163949488,0.0,,0.0350612371081881,,,,,
F,LightGBM,171,12,3,0.3715998389189373,0.6091049290345998,0.0,0.5611653467990275,0.0,,0.19086908563651828,,,,,
F,LightGBM,172,9,3,0.401688168456976,0.6331051377861027,0.9605908917114473,3.172469594220066,3.216576846990009,0.9848170652855835,-0.008815892831395234,0.9663009127811538,,,,
F,LightGBM,174,6,6,0.21862515982111044,0.4653175858515726,0.0,0.4601058036593823,0.0,,0.009089191699765983,,,,,
F,LightGBM,177,15,3,0.2798028288978319,0.5253729724133165,0.0,0.522703680154818,0.0,,0.023104272494264732,,,,,
F,LightGBM,178,12,3,0.34552242304886055,0.5824862519482753,0.0,0.5665872050812791,0.0,,0.118618368410084,,,,,
F,LightGBM,178,15,3,0.31663701929586646,0.5621109475415464,0.0,0.5509176172653748,0.0,,-0.013362509187421032,,,,,
F,LightGBM,182,13,3,0.19331524918809362,0.43836501387156374,0.0,0.433234214827281,0.0,,0.03830737352852153,,,,,
F,LinearRegression,134,14,3,0.07384095678341034,0.2650188024247815,0.0,0.25227369965869845,0.0,,-0.036789685211522295,,,,,
F,LinearRegression,137,9,3,0.0593988320419911,0.2403523378165252,0.9948498865023256,3.468889477836123,3.4775986841679773,0.9974713849671648,0.028034146920891668,0.994939879004381,,,,
F,LinearRegression,142,10,3,0.10821967375955287,0.32482506493983704,0.0,0.31460139142458354,0.0,,-0.0795567645327489,,,,,
F,LinearRegression,145,7,3,0.0745023115397666,0.2656111622663217,0.9690219299546644,1.7037140704273666,1.5398751409139804,1.1060998903114123,-0.0337828231334448,1.0974896438582984,,,,
F,LinearRegression,146,12,3,0.05792876539044767,0.23908174581220829,0.0,0.23211296402689452,0.0,,-0.013709355091807866,,,,,
F,LinearRegression,147,10,3,0.08382494875907594,0.28909030914505784,0.8845172378868168,0.9298956308539766,0.8614594779971028,1.0829578716658383,-0.016516718507179732,1.0314961866920924,,,,
F,LinearRegression,149,8,3,0.0353371372700041,0.18659856050341497,0.879909945880109,0.469881721875409,0.5431149474814694,0.8658022849518773,0.0149248469544587,0.8177976912016347,,,,
F,LinearRegression,150,9,6,0.09748742972515174,0.3056559914831793,0.0,0.28452067436121137,0.0,,0.07251474840954412,,,,,
F,LinearRegression,150,10,3,0.0737939399623329,0.27108464352684164,0.0,0.2515242160340397,0.0,,0.09613727687100586,,,,,
F,LinearRegression,150,13,3,0.1649671457050285,0.40555292633586376,0.0,0.4014796313197288,0.0,,0.027949062077191195,,,,,
F,LinearRegression,150,19,3,0.1733524029497059,0.4106280000612621,0.9915781374081081,4.626701499604989,4.613816752283436,1.0026608299638122,-0.06465020736620604,0.9987544924787745,,,,
F,LinearRegression,151,10,3,0.05583188966032909,0.23415399139520557,0.0,0.21305744238657923,0.0,,-0.09122320311361659,,,,,
F,LinearRegression,151,14,3,0.15597254257966764,0.39035006165540714,0.0,0.34916806327185745,0.0,,-0.1493131177415725,,,,,
F,LinearRegression,151,16,3,0.18910356920326934,0.43396502820496,-4.575508941769255,0.5228094848212957,0.1839758617644395,2.841829782065005,-0.0604693902507726,1.8360928354597938,,,,
F,LinearRegression,153,11,3,0.07474696717715677,0.2719992077175763,0.0,0.26366094933416245,0.0,,-0.0257075872221449,,,,,
F,LinearRegression,154,9,3,0.06366181812976424,0.24214279092519297,0.0,0.21474847917464882,0.0,,-0.09500501981793878,,,,,
F,LinearRegression,155,10,3,0.06986477055607587,0.2639100473083407,-1.8068322874601594,0.2768943538165,0.1580514909717356,1.7535048886319606,-0.10272646358352973,0.9300535051962903,,,,
F,LinearRegression,155,12,3,0.05281199900508384,0.22733453267597592,0.9687224254626643,1.311853511492753,1.3100440044447004,1.002085768092514,0.04716272265902943,0.988614120092191,,,,
F,LinearRegression,156,10,3,0.0547349804481518,0.23099812055626745,0.0,0.17161705298745125,0.0,,0.1367778677269823,,,,,
F,LinearRegression,156,17,3,0.13573876989731645,0.36825440868441794,0.0,0.36356284662802874,0.0,,-0.055410848807006634,,,,,
F,LinearRegression,157,7,3,0.035189260111720404,0.18278077636768608,0.9900043964815753,1.7604267222981396,1.882600922968319,0.9349702242469702,-0.039340115452796566,0.9325586632365802,,,,
F,LinearRegression,157,10,3,0.1585496932269437,0.3914436866368,0.8393547978128657,0.9134103669132104,0.9978553385477117,0.9147670004645282,-0.12146626074944337,0.852072214436875,,,,
F,LinearRegression,158,7,6,0.03750732640882813,0.19036595011041926,0.4935182193068583,0.9012205978012405,0.767609470535411,1.05188203137885,-0.07607873008890437,1.0485484375140197,,,,
F,LinearRegression,158,10,3,0.07760408268275766,0.27665627076708116,0.0,0.2736809925782275,0.0,,-0.0028774020188256345,,,,,
F,LinearRegression,158,18,3,0.09489591245966293,0.29824462702675447,0.9893505760897131,2.9331174707841043,2.934475081990948,1.0000124957479644,-0.08348617998809398,0.9952132042070887,,,,
F,LinearRegression,159,8,3,0.041528798025519835,0.20356344290596118,0.0,0.1785464129433143,0.0,,0.0968768052298407,,,,,
F,LinearRegression,159,9,3,0.050313252119544995,0.22334283843271852,0.9832170101267231,1.7205999345280718,1.7325984932376208,0.9918735153812003,-0.02951315649595303,0.9841854139119643,,,,
F,LinearRegression,162,6,3,0.0531704096541783,0.23011917409681173,0.0,0.22805615712717442,0.0,,-0.0291010156567946,,,,,
F,LinearRegression,162,8,3,0.05522281450436787,0.23434926825287428,0.0,0.23323437345789652,0.0,,-0.006599460137064201,,,,,
F,LinearRegression,162,12,3,0.03827431614397687,0.19300856227290686,0.8650898342334158,0.5962527082637054,0.5260759773317472,1.130303962968818,-0.011438319264272865,1.0740093765124545,,,,
F,LinearRegression,163,5,3,0.03991598605738797,0.1955807707287581,0.0,0.190107335794229,0.0,,-0.0260400271727166,,,,,
F,LinearRegression,163,7,3,0.0336325677739666,0.18238028651219165,0.9143851985782043,0.6313059748269051,0.6395390745273696,0.9907700593300168,-0.051636267262636065,0.9552007343839893,,,,
F,LinearRegression,163,10,3,0.056736087406590835,0.23803033707694396,0.908743129185876,0.6383077076795873,0.7887978694923093,0.8090448251541912,0.039729528200395096,0.7859992434747395,,,,
F,LinearRegression,164,8,3,0.05759854222889164,0.238010560328779,0.9964793256878591,4.139637207736451,4.040583567521932,1.0250241706950363,-0.010735093376248799,1.023636658167884,,,,
F,LinearRegression,166,6,6,0.040261807256914084,0.1910144052859246,0.0,0.16528220719723777,0.0,,0.035556646741391355,,,,,
F,LinearRegression,168,11,3,0.07477920651889637,0.2734360795125965,0.0,0.24930645478109628,0.0,,-0.109538172047127,,,,,
F,LinearRegression,169,11,3,0.06155718657574124,0.24700239104120905,0.0,0.23523606232166341,0.0,,-0.06802308662023623,,,,,
F,LinearRegression,171,6,3,0.11321007152755676,0.33474512031165227,0.9681771890342613,1.9552684552897013,1.8941359745473918,1.0328473770172668,0.047835357570501835,1.0206177799690288,,,,
F,LinearRegression,171,7,3,0.0613953777341705,0.24647062553430707,0.0,0.238548690477589,0.0,,0.0344578555903563,,,,,
F,LinearRegression,171,12,3,0.14449504050446385,0.3790888273185387,0.0,0.3161596345065246,0.0,,0.20621424993624415,,,,,
F,LinearRegression,172,9,3,0.027192155344904632,0.16403535390442536,0.99732749780509,3.2015743137382953,3.216576846990009,0.9949387469526868,0.03031309729945623,0.9937092178138588,,,,
F,LinearRegression,174,6,6,0.048974340444300206,0.2141208163633617,0.0,0.20784082413977176,0.0,,0.000312018064816684,,,,,
F,LinearRegression,177,15,3,0.0703596572759126,0.2607308164747148,0.0,0.2518404043622347,0.0,,0.05608383804821543,,,,,
F,LinearRegression,178,12,3,0.056399693298651465,0.23732369906156195,0.0,0.23672830537167858,0.0,,0.016689924664408398,,,,,
F,LinearRegression,178,15,3,0.07499242611225757,0.27144483089899585,0.0,0.2697102138414707,0.0,,0.02435510884394643,,,,,
F,LinearRegression,182,13,3,0.06528503115597921,0.2551823808592006,0.0,0.24675078851334398,0.0,,0.018197235206382934,,,,,
F,MLP,134,14,3,0.6304699637566764,0.791437912091808,0.0,0.7850042164290159,0.0,,-0.0331651609428622,,,,,
F,MLP,137,9,3,0.657477355622738,0.7964576781969891,0.9450758741961115,3.5633654091819658,3.4775986841679773,1.0236728271752515,0.029524040217342905,0.9977534969837327,,,,
F,MLP,142,10,3,0.6214856678669975,0.786445897156327,0.0,0.7659809331543196,0.0,,-0.14130347102592616,,,,,
F,MLP,145,7,3,0.6736920598168538,0.8184924103445358,0.7144454907108786,1.7695446329498783,1.5398751409139804,1.1494884976669135,-0.09051018695998869,1.0290529665271877,,,,
F,MLP,146,12,3,0.4578248354691011,0.6728802492509215,0.0,0.6708177648138847,0.0,,0.005667170343755468,,,,,
F,MLP,147,10,3,0.5803448283676437,0.7571777058449861,0.184120891719419,1.201219648660727,0.8614594779971028,1.403609719244472,0.049789586097834966,1.097369590416091,,,,
F,MLP,149,8,3,0.5923806935704612,0.7664323486027323,-1.02325716558048,0.8591590596891309,0.5431149474814694,1.5858886421773193,-0.10822210831297054,0.8012145037718931,,,,
F,MLP,150,9,6,0.8665955191680585,0.9235492995535585,0.0,0.9003822892549841,0.0,,0.11808674263595194,,,,,
F,MLP,150,10,3,0.7768426694664425,0.8766533306537033,0.0,0.8607979871207204,0.0,,0.15080490840333408,,,,,
F,MLP,150,13,3,0.7468177334267484,0.8631236986986169,0.0,0.8572891598684844,0.0,,-0.09140118274869861,,,,,
F,MLP,150,19,3,1.346454543874658,1.1581390262566407,0.9340771537844371,4.280876893507746,4.613816752283436,0.9292035833558167,0.00466596761894017,0.9010651113649361,,,,
F,MLP,151,10,3,0.5857956499019935,0.763270280853741,0.0,0.7518607917334865,0.0,,-0.05500619777377763,,,,,
F,MLP,151,14,3,0.5521824687203186,0.7400671893753804,0.0,0.6936377949985008,0.0,,-0.24279787783720308,,,,,
F,MLP,151,16,3,0.5655385021568139,0.7504466493218734,-16.07840471979385,0.7946309003602341,0.1839758617644395,4.351853190119972,-0.04491705531351816,1.6484317901291428,,,,
F,MLP,153,11,3,0.6453246011323803,0.8001295083099742,0.0,0.7610889316498289,0.0,,-0.13928391452630892,,,,,
F,MLP,154,9,3,0.7650572113810753,0.848193532480476,0.0,0.8323612618835391,0.0,,-0.16208526390682446,,,,,
F,MLP,155,10,3,0.6872732596850613,0.8264799547452298,-26.786313416235355,0.8077900242235398,0.1580514909717356,5.113547262161405,-0.15196836159456373,0.7758329886211578,,,,
F,MLP,155,12,3,0.4804136876950218,0.6833170875196269,0.722053913840604,1.3702998431956617,1.3100440044447004,1.046820884909481,0.15611083423201713,0.9223391214829751,,,,
F,MLP,156,10,3,0.6298755574616893,0.7928078921763074,0.0,0.7531811678471096,0.0,,0.14398230315086455,,,,,
F,MLP,156,17,3,0.4124699580264353,0.6403109337555866,0.0,0.6242001808091319,0.0,,-0.020151892711156763,,,,,
F,MLP,157,7,3,0.41117318436670597,0.6406894490523252,0.8839132311033469,1.9174138203291362,1.882600922968319,1.0184087778211361,-0.0408440703816011,0.9624238262431938,,,,
F,MLP,157,10,3,0.6059227592743069,0.7725003561649757,0.39656706668062247,1.029384230671807,0.9978553385477117,1.0288354758200933,-0.13949328492007726,0.7588806275793853,,,,
F,MLP,158,7,6,0.743981753370034,0.8495332223174024,0.3777705150229034,1.3160214993957833,0.767609470535411,1.100978940796795,-0.04828796117455411,0.9905849527319853,,,,
F,MLP,158,10,3,0.524425002591954,0.7226774721246686,0.0,0.7078531003403068,0.0,,0.10571855343902048,,,,,
F,MLP,158,18,3,0.6674138816874278,0.8160374499374541,0.9226722815894212,2.833430187453304,2.934475081990948,0.965575232306362,-0.049118888687286665,0.928491261904425,,,,
F,MLP,159,8,3,0.8189830883522758,0.9027920632346772,0.0,0.8952357806318858,0.0,,0.08792808088568481,,,,,
F,MLP,159,9,3,0.4772324090705082,0.6886113345898558,0.8377407003963002,1.869786558220208,1.7325984932376208,1.0778900084302858,0.060828333105080866,1.0021606730913513,,,,
F,MLP,162,6,3,0.8356603522854206,0.8854755519818842,0.0,0.8717826985795089,0.0,,0.0457446370455154,,,,,
F,MLP,162,8,3,0.742895869165161,0.8613752469395548,0.0,0.8423743537001315,0.0,,0.023616503522336536,,,,,
F,MLP,162,12,3,0.40486993665716847,0.6344631237447985,-0.511335699167387,0.8737430051597607,0.5260759773317472,1.6702713464767525,-0.014402163268838466,1.1522010183982767,,,,
F,MLP,163,5,3,0.7977413016105047,0.8913977223614763,0.0,0.876846723799852,0.0,,-0.15086792525512768,,,,,
F,MLP,163,7,3,0.728534567056899,0.8504908620755169,-0.7945464515271551,0.8472733873439363,0.6395390745273696,1.3350635190380942,-0.07512599259285807,0.5151833488157276,,,,
F,MLP,163,10,3,0.7776968152431495,0.8778068572354375,-0.24985184929305615,0.8518040025803882,0.7887978694923093,1.0803522020677845,-0.03384140489268613,0.47434300177142696,,,,
F,MLP,164,8,3,0.5535175207418419,0.7411693041617734,0.9663504297278293,4.482417728502206,4.040583567521932,1.108535165588573,-0.02876689999136367,1.0984528244196008,,,,
F,MLP,166,6,6,0.7593762251876056,0.8645781469537824,0.0,0.8480879078272711,0.0,,0.04716180915089354,,,,,
F,MLP,168,11,3,0.7926289674956788,0.8878572134302304,0.0,0.8694228250989516,0.0,,-0.11093794083800253,,,,,
F,MLP,169,11,3,0.8034101281287245,0.894976404972863,0.0,0.8534690510474081,0.0,,-0.19537634182882935,,,,,
F,MLP,171,6,3,0.7491014477893744,0.8621866091317876,0.7904013545412666,2.103394161181647,1.8941359745473918,1.110628828406947,0.02681756355644312,1.0253121801772853,,,,
F,MLP,171,7,3,0.6427090290611825,0.7998534252628379,0.0,0.7902952085249173,0.0,,0.09226827525021686,,,,,
F,MLP,171,12,3,0.608595402331198,0.7795682838300086,0.0,0.7103925926815234,0.0,,0.24289117532874363,,,,,
F,MLP,172,9,3,0.44361695094622333,0.6651608431793847,0.9571491577241935,3.336902728526097,3.216576846990009,1.0390198096312582,0.08449996659314384,1.0203308006988114,,,,
F,MLP,174,6,6,0.9011446465686951,0.938426160197638,0.0,0.9314645702342292,0.0,,0.07894400178313622,,,,,
F,MLP,177,15,3,0.515695517663343,0.718030254043088,0.0,0.7135232112730892,0.0,,0.025356737785127096,,,,,
F,MLP,178,12,3,0.6538252571184225,0.8079486541925075,0.0,0.7998681642103516,0.0,,0.09622943060196221,,,,,
F,MLP,178,15,3,0.5418950287784579,0.7344921234811249,0.0,0.6975795736446754,0.0,,-0.0315368476477969,,,,,
F,MLP,182,13,3,0.5230935047949264,0.7195524432823857,0.0,0.7026236805063985,0.0,,0.014307148391213368,,,,,
F,MODEL3-ICL-MC,134,14,3,0.19584049356841451,0.43763033047933636,0.0,0.4328758178360488,0.0,,0.02047363314213174,,,,,
F,MODEL3-ICL-MC,137,9,3,0.1053410571648717,0.3243258335897691,0.9912335063452472,3.423448537190948,3.4775986841679773,0.9838324093839065,0.011394075113145136,0.9798506305342701,,,,
F,MODEL3-ICL-MC,142,10,3,0.1420551743468613,0.37328942420153083,0.0,0.34733975275650736,0.0,,-0.09750735543288837,,,,,
F,MODEL3-ICL-MC,145,7,3,0.0863103161106326,0.28583658802131806,0.9640042379815345,1.7183347424924147,1.5398751409139804,1.1156604210379386,0.030598708510123532,1.1050756008339773,,,,
F,MODEL3-ICL-MC,146,12,3,0.10111355319973926,0.3165375396897205,0.0,0.3021370429443284,0.0,,0.015106325958751965,,,,,
F,MODEL3-ICL-MC,147,10,3,0.069501090569764,0.26289204649466263,0.9069697352946245,0.9031621743568246,0.8614594779971028,1.0525806748856705,-0.027303921919080366,1.01109034887952,,,,
F,MODEL3-ICL-MC,149,8,3,0.05484979004278167,0.2340919463594996,0.8137552334732877,0.44531304996934407,0.5431149474814694,0.8198671604545177,-0.0237210695044084,0.7612289694929656,,,,
F,MODEL3-ICL-MC,150,9,6,0.15602879402411818,0.3897207952767226,0.0,0.35672895850075087,0.0,,0.0787431702272915,,,,,
F,MODEL3-ICL-MC,150,10,3,0.06027239767815334,0.24439933393456917,0.0,0.2311618929857411,0.0,,0.07330745743201657,,,,,
F,MODEL3-ICL-MC,150,13,3,0.2094342413034155,0.45597599325321,0.0,0.45284353576188496,0.0,,0.0358370521424657,,,,,
F,MODEL3-ICL-MC,150,19,3,0.5090832551942801,0.6976197197083233,0.9758069968537401,4.483662949623121,4.613816752283436,0.9746055844377116,0.046694392521527676,0.9638896885696875,,,,
F,MODEL3-ICL-MC,151,10,3,0.0927418946991647,0.30416392539887543,0.0,0.28957233995456405,0.0,,-0.0649876434780788,,,,,
F,MODEL3-ICL-MC,151,14,3,0.17881296845822203,0.4166557232465866,0.0,0.34899787969963053,0.0,,-0.2203524005476777,,,,,
F,MODEL3-ICL-MC,151,16,3,0.16360152022850763,0.4024109278907928,-3.835550099949519,0.501735854695868,0.1839758617644395,2.7234315560314584,0.0387227692804415,1.8894591298535068,,,,
F,MODEL3-ICL-MC,153,11,3,0.11506000631355824,0.3366198513873478,0.0,0.32816638607575704,0.0,,0.044252160407210674,,,,,
F,MODEL3-ICL-MC,154,9,3,0.0603976793237759,0.24517569422606697,0.0,0.18680350560908454,0.0,,-0.1471909366499044,,,,,
F,MODEL3-ICL-MC,155,10,3,0.07764742010520743,0.2762013338584151,-2.0847429777343405,0.3043359392332596,0.1580514909717356,1.9261106044854868,-0.058327979568408204,0.9213001922937369,,,,
F,MODEL3-ICL-MC,155,12,3,0.06281427667719046,0.24855900080718296,0.9632958272870681,1.3240515540635225,1.3100440044447004,1.0110255360216478,0.10098857295090996,0.9963445528385558,,,,
F,MODEL3-ICL-MC,156,10,3,0.06500038406696367,0.2531501442804512,0.0,0.23491999993896776,0.0,,0.09065156844782869,,,,,
F,MODEL3-ICL-MC,156,17,3,0.3215361171283899,0.566332710520516,0.0,0.5569220121810613,0.0,,-0.09615304319816836,,,,,
F,MODEL3-ICL-MC,157,7,3,0.03909137270737,0.18474786383919564,0.9889254220035184,1.7540497395723775,1.882600922968319,0.9317300555166818,-0.0296192208419984,0.9288699851774139,,,,
F,MODEL3-ICL-MC,157,10,3,0.18616339763947773,0.4282112155670639,0.8115942722743457,0.970552350007881,0.9978553385477117,0.9724487023812384,-0.13297110686822836,0.8936576138843702,,,,
F,MODEL3-ICL-MC,158,7,6,0.04177621169478058,0.20160194931714095,0.49176351256077694,0.8791484222615712,0.767609470535411,1.0242165528380798,-0.08269240139134675,1.0181556032742565,,,,
F,MODEL3-ICL-MC,158,10,3,0.12672612790830792,0.3546437551587565,0.0,0.35342646272194395,0.0,,0.006192806205557001,,,,,
F,MODEL3-ICL-MC,158,18,3,0.20377705078283237,0.44867966941510634,0.9766305375828269,2.9266227966752445,2.934475081990948,0.9980858607423428,0.03287354908644657,0.9871756894636237,,,,
F,MODEL3-ICL-MC,159,8,3,0.06143919050392693,0.24151788047418454,0.0,0.19476783829957514,0.0,,0.13932354672501482,,,,,
F,MODEL3-ICL-MC,159,9,3,0.07181617963752293,0.26707013668525553,0.9757325648292626,1.697034281162015,1.7325984932376208,0.9773606246986309,-0.022131218882538467,0.9669418330585792,,,,
F,MODEL3-ICL-MC,162,6,3,0.052502930116788395,0.22713918262471308,0.0,0.22071099044187822,0.0,,-0.0512400213507859,,,,,
F,MODEL3-ICL-MC,162,8,3,0.05781783241178546,0.23649801715737098,0.0,0.2359269333365823,0.0,,-0.008249681224115166,,,,,
F,MODEL3-ICL-MC,162,12,3,0.0969144113743633,0.3092398118888665,0.643396758615607,0.6504275406335394,0.5260759773317472,1.240700781362847,-0.02516168748990787,1.1040813051771623,,,,
F,MODEL3-ICL-MC,163,5,3,0.05270865626461866,0.22049825107089693,0.0,0.2056272727592896,0.0,,-0.04399574357198504,,,,,
F,MODEL3-ICL-MC,163,7,3,0.033571060949724764,0.1817677552907211,0.916965518547899,0.6406997769287605,0.6395390745273696,1.0043798825754353,-0.004780239909960166,0.9645574742872814,,,,
F,MODEL3-ICL-MC,163,10,3,0.0703924633381538,0.2615758516650226,0.8867768389975538,0.6407466562892895,0.7887978694923093,0.8122817959883756,0.05194622079724657,0.7758969306804495,,,,
F,MODEL3-ICL-MC,164,8,3,0.07197940747310501,0.266605031669603,0.9956059916939403,4.116441052428661,4.040583567521932,1.0192238913923797,0.0093935948157008,1.017300891720428,,,,
F,MODEL3-ICL-MC,166,6,6,0.048104128802061684,0.20993960134947431,0.0,0.1923009346459844,0.0,,0.02806435419513185,,,,,
F,MODEL3-ICL-MC,168,11,3,0.1159739402278789,0.3384875640566096,0.0,0.3034608242067609,0.0,,-0.12637619260432462,,,,,
F,MODEL3-ICL-MC,169,11,3,0.12180171368761727,0.34802164984996553,0.0,0.340176366451237,0.0,,-0.05333250122558733,,,,,
F,MODEL3-ICL-MC,171,6,3,0.10512860866147324,0.32115896530135535,0.9698050829960972,1.958458196952557,1.8941359745473918,1.0351911514451244,0.039753816120728,1.0226950587212076,,,,
F,MODEL3-ICL-MC,171,7,3,0.07902946891996047,0.276394245908748,0.0,0.26749818993799473,0.0,,0.0359841252792655,,,,,
F,MODEL3-ICL-MC,171,12,3,0.14050030870070773,0.3681518223757445,0.0,0.31775003433479504,0.0,,0.1813800223532688,,,,,
F,MODEL3-ICL-MC,172,9,3,0.057175906942574635,0.2250603532207723,0.9940481777133926,3.101510111692735,3.216576846990009,0.9631030910511352,0.09137844049117501,0.9616002548042463,,,,
F,MODEL3-ICL-MC,174,6,6,0.05886237320874083,0.23068234782691274,0.0,0.22709625077872198,0.0,,-0.00714833023506685,,,,,
F,MODEL3-ICL-MC,177,15,3,0.09882847735300886,0.3094885451334608,0.0,0.30487261995655063,0.0,,0.04282444336197586,,,,,
F,MODEL3-ICL-MC,178,12,3,0.06541968187733634,0.25232010315777526,0.0,0.24899003884395557,0.0,,0.029722691275828467,,,,,
F,MODEL3-ICL-MC,178,15,3,0.15924878498294381,0.3959926949057606,0.0,0.3916333485641392,0.0,,0.03747312792428687,,,,,
F,MODEL3-ICL-MC,182,13,3,0.08930913785090007,0.29700372218417304,0.0,0.2710774563223015,0.0,,0.03080262031440657,,,,,
F,RandomForest,134,14,3,0.053433021229392606,0.2302746392343784,0.0,0.22028817027119077,0.0,,-0.03786580687135483,,,,,
F,RandomForest,137,9,3,0.31637098724663454,0.5594132695141648,0.9741974207309324,3.5082876117967667,3.4775986841679773,1.0094178563769471,0.02203223594576223,0.9974108484768082,,,,
F,RandomForest,142,10,3,0.12423452809481794,0.35173865501059787,0.0,0.347625264892121,0.0,,-0.050641486527855196,,,,,
F,RandomForest,145,7,3,0.27824340867519887,0.5246601010787599,0.8818961878986901,1.6462605970996649,1.5398751409139804,1.0692621935417856,-0.1251969719908146,1.0174772198143553,,,,
F,RandomForest,146,12,3,0.06243476128180386,0.24894135642095186,0.0,0.24431610191067313,0.0,,-0.04613062223061987,,,,,
F,RandomForest,147,10,3,0.09358131947479063,0.3030440348127684,0.8673041697086394,0.9200494823227229,0.8614594779971028,1.0738434910407886,0.013410977092739635,1.015491632335536,,,,
F,RandomForest,149,8,3,0.12450124186673867,0.3524218379109603,0.5772141463721439,0.545087625090381,0.5431149474814694,1.0038535978287455,0.026535676902422468,0.7965966920388889,,,,
F,RandomForest,150,9,6,0.15615887993886854,0.3918033940823083,0.0,0.3648549308314863,0.0,,0.09630625639189326,,,,,
F,RandomForest,150,10,3,0.1158535621166872,0.3310573268294847,0.0,0.3128066516898131,0.0,,0.08482295868074391,,,,,
F,RandomForest,150,13,3,0.08586215196148712,0.2905804863427179,0.0,0.28902486916247494,0.0,,0.012813983171537065,,,,,
F,RandomForest,150,19,3,0.3124309659845358,0.5569496782242608,0.9853615424971688,4.652195139922209,4.613816752283436,1.009330277555743,0.0044327594118654,1.0021261762895963,,,,
F,RandomForest,151,10,3,0.10369715449712126,0.3195355235420551,0.0,0.29925015078290423,0.0,,-0.08314137605362336,,,,,
F,RandomForest,151,14,3,0.09959764180070947,0.31553981190730607,0.0,0.2794996549776481,0.0,,-0.14117132244111427,,,,,
F,RandomForest,151,16,3,0.10285385961330469,0.3175098602450757,-2.071259742215281,0.422789573427969,0.1839758617644395,2.306256329187701,0.031428670338370664,1.7065501622388402,,,,
F,RandomForest,153,11,3,0.09776268478552026,0.3082482685982463,0.0,0.3024589076550977,0.0,,-0.004202854700594734,,,,,
F,RandomForest,154,9,3,0.12697376330480428,0.34950668091799025,0.0,0.3210576257015381,0.0,,-0.13522686302936862,,,,,
F,RandomForest,155,10,3,0.09149427382284976,0.30122291813820895,-2.6429513789900128,0.2900644946977886,0.1580514909717356,1.8314987972740473,-0.10181780883470254,0.6221686882965082,,,,
F,RandomForest,155,12,3,0.13576420182418178,0.36819329395243533,0.9203794437272195,1.2297470310962557,1.3100440044447004,0.9398699060674582,0.11216799238038873,0.9071305762349388,,,,
F,RandomForest,156,10,3,0.11348923237916124,0.33652583491917204,0.0,0.29263501032550815,0.0,,0.15476984655473627,,,,,
F,RandomForest,156,17,3,0.10895690168288452,0.32919859669849977,0.0,0.3150462075524685,0.0,,-0.09329201532116667,,,,,
F,RandomForest,157,7,3,0.1928227866720922,0.43361278541444337,0.9454246167758292,1.763536915347805,1.882600922968319,0.9363943081633552,0.06770732383335316,0.9125299447427153,,,,
F,RandomForest,157,10,3,0.22408273292539974,0.4681360394487872,0.7738185811237233,0.8899448463135552,0.9978553385477117,0.8914453645974424,-0.0719470844037525,0.798016696600496,,,,
F,RandomForest,158,7,6,0.13687815248470517,0.36574591415882346,0.4624413165599723,0.9581115755769934,0.767609470535411,1.0571034610960963,-0.09895838570241601,1.024188508456598,,,,
F,RandomForest,158,10,3,0.09639611392437648,0.309032025937864,0.0,0.30657386016771254,0.0,,-0.02740611777270573,,,,,
F,RandomForest,158,18,3,0.17188488949987857,0.4077297308483821,0.9793333033398096,2.931186924962844,2.934475081990948,0.999201869417293,-0.04975900066247737,0.9900280149206674,,,,
F,RandomForest,159,8,3,0.1220699857990792,0.34837788437773387,0.0,0.3221577178419874,0.0,,0.1299906168082389,,,,,
F,RandomForest,159,9,3,0.13939091854291863,0.37064951363758175,0.9535918134412292,1.7165596088536452,1.7325984932376208,0.9902652488202276,0.0095773117611558,0.9674505055365324,,,,
F,RandomForest,162,6,3,0.11201596418857336,0.332943353564331,0.0,0.3305108455615038,0.0,,-0.021137193685397637,,,,,
F,RandomForest,162,8,3,0.157182867471825,0.38803228494028,0.0,0.3854410207090715,0.0,,0.016818131752252035,,,,,
F,RandomForest,162,12,3,0.1015921098799552,0.31461889343876626,0.6226349588707379,0.6300693364474504,0.5260759773317472,1.2024081956464048,-0.0267287789073012,1.0448810153111727,,,,
F,RandomForest,163,5,3,0.12480970523444536,0.3514837741196246,0.0,0.3426860190111604,0.0,,-0.04503398009210633,,,,,
F,RandomForest,163,7,3,0.1882950312761715,0.4295011081189613,0.527452019587524,0.6773747782550545,0.6395390745273696,1.0641887720335597,-0.06676245721876777,0.8447264558762511,,,,
F,RandomForest,163,10,3,0.21621781771994283,0.4646575870685033,0.6526766818290378,0.5660662093772393,0.7887978694923093,0.7178093145902128,0.008506802818457995,0.5893450684639404,,,,
F,RandomForest,164,8,3,0.2591143301738033,0.49925070160133656,0.9829992353485638,4.110231389684702,4.040583567521932,1.0181919574720852,0.009613846986017966,1.010065375551007,,,,
F,RandomForest,166,6,6,0.15437988755515578,0.3866544050046184,0.0,0.36698804474685276,0.0,,0.061655962771278015,,,,,
F,RandomForest,168,11,3,0.12075845786366603,0.3473826977235441,0.0,0.324159554332262,0.0,,-0.11807412231493697,,,,,
F,RandomForest,169,11,3,0.1008703359554856,0.31378451640103905,0.0,0.3027608475632277,0.0,,-0.0749142906202707,,,,,
F,RandomForest,171,6,3,0.23157080036304115,0.47156605104149246,0.934850519450335,1.9387920674393204,1.8941359745473918,1.0238248501378584,0.050986637667940565,0.9941722488836983,,,,
F,RandomForest,171,7,3,0.16441416803786976,0.40335595165586985,0.0,0.3876591157332932,0.0,,0.05521446016099241,,,,,
F,RandomForest,171,12,3,0.13148610673036812,0.3605663019006224,0.0,0.2754258698102632,0.0,,0.22372411287195013,,,,,
F,RandomForest,172,9,3,0.16205404278981297,0.40232505551370384,0.9842132933738615,3.190190894801822,3.216576846990009,0.990324994907852,0.03380356447444047,0.9834837515144607,,,,
F,RandomForest,174,6,6,0.07595184649705501,0.27542876718706233,0.0,0.2742177960659187,0.0,,-0.006580195944425083,,,,,
F,RandomForest,177,15,3,0.07105415424682117,0.2646751625500945,0.0,0.26367097584160964,0.0,,0.012607545192079536,,,,,
F,RandomForest,178,12,3,0.06679169059538216,0.2581412181062041,0.0,0.2580559013773705,0.0,,-0.002265282494423367,,,,,
F,RandomForest,178,15,3,0.09555772831915281,0.30375576212749533,0.0,0.30342934232215996,0.0,,-0.0103223785075869,,,,,
F,RandomForest,182,13,3,0.0626066597216757,0.2502037870697949,0.0,0.2337084910353654,0.0,,0.022815540500539192,,,,,
F,Ridge,134,14,3,0.07245932672787721,0.26245544750189725,0.0,0.24976268105602692,0.0,,-0.03699265376114797,,,,,
F,Ridge,137,9,3,0.06094264917815103,0.243507134296,0.9947173469208991,3.4436202084118293,3.4775986841679773,0.9902122291535624,0.021816792955855067,0.9876484435720781,,,,
F,Ridge,142,10,3,0.1066621579459861,0.32249561341436234,0.0,0.31224455583669264,0.0,,-0.07936712351260859,,,,,
F,Ridge,145,7,3,0.07033559580472021,0.2577863121182155,0.9707639195801473,1.6918707701116957,1.5398751409139804,1.0984121324141816,-0.03540554871451313,1.0898785017060921,,,,
F,Ridge,146,12,3,0.05698106027692523,0.23713676389399288,0.0,0.2302183006403428,0.0,,-0.013758695378812599,,,,,
F,Ridge,147,10,3,0.08276197173924914,0.28729725117950905,0.8860564369056939,0.9237292930020277,0.8614594779971028,1.0757578322260624,-0.016341654461705768,1.024449210460985,,,,
F,Ridge,149,8,3,0.0355996700413928,0.1873822637265381,0.8790382330350429,0.4666817975440755,0.5431149474814694,0.8599000271567121,0.015096176581130534,0.8122446262050635,,,,
F,Ridge,150,9,6,0.09621503808714098,0.3036919578349426,0.0,0.282513824483628,0.0,,0.07255730112709353,,,,,
F,Ridge,150,10,3,0.07273291351338837,0.2691276026365487,0.0,0.24948481613264284,0.0,,0.0960155188351871,,,,,
F,Ridge,150,13,3,0.16256360383942256,0.40259324472046654,0.0,0.39855749661034245,0.0,,0.027823098014459074,,,,,
F,Ridge,150,19,3,0.17778893777167648,0.41388457878705115,0.9913769129036418,4.593042267077251,4.613816752283436,0.9953750171223943,-0.06386178433245757,0.9913482963361684,,,,
F,Ridge,151,10,3,0.05504043690426053,0.23250063747716385,0.0,0.21133733860125378,0.0,,-0.0909926206904571,,,,,
F,Ridge,151,14,3,0.1534064780437596,0.3871526798274498,0.0,0.3460420228735022,0.0,,-0.14865301517630267,,,,,
F,Ridge,151,16,3,0.18567266648292946,0.4300310349488801,-4.474884509126678,0.5187647505253793,0.1839758617644395,2.819904646862635,-0.060134553330996494,1.8230191034638044,,,,
F,Ridge,153,11,3,0.07362512325462646,0.2699675138744613,0.0,0.26164483406628675,0.0,,-0.025906522930912803,,,,,
F,Ridge,154,9,3,0.0628932877908045,0.24072968718064405,0.0,0.2131965512090157,0.0,,-0.09498237963825411,,,,,
F,Ridge,155,10,3,0.06899027549175726,0.26225109544721387,-1.77181528986333,0.2749673285256547,0.1580514909717356,1.7413221722799819,-0.10245904269387762,0.9241658891831487,,,,
F,Ridge,155,12,3,0.052385611884351264,0.2266948367921381,0.9689942596239504,1.3031077843019312,1.3100440044447004,0.9954069872243482,0.046849543582010066,0.9821039090969702,,,,
F,Ridge,156,10,3,0.05415287560059063,0.22982495139503356,0.0,0.17027742845205096,0.0,,0.13663695790665453,,,,,
F,Ridge,156,17,3,0.13367409784749903,0.3654440642235845,0.0,0.360681148917614,0.0,,-0.05568281941619696,,,,,
F,Ridge,157,7,3,0.0382698274911475,0.19123955905651824,0.9891336727727723,1.7489013746469484,1.882600922968319,0.9288512839493926,-0.039229641944355735,0.9264262589148938,,,,
F,Ridge,157,10,3,0.15879865054244194,0.39161250359066074,0.8390874509612428,0.9073079303089003,0.9978553385477117,0.908661476178779,-0.12100532407507007,0.8463974750551162,,,,
F,Ridge,158,7,6,0.03622684166029127,0.18692145676988722,0.4939352063018709,0.8954865878678354,0.767609470535411,1.0452129905721257,-0.07548666775664412,1.0419007055624274,,,,
F,Ridge,158,10,3,0.07649959206330227,0.2746850958192901,0.0,0.2717113963900099,0.0,,-0.0025099271484798,,,,,
F,Ridge,158,18,3,0.09495428782340799,0.2971951326753449,0.9893678932651504,2.9125719635982574,2.934475081990948,0.9929842118973303,-0.08900069152943206,0.9882587901584982,,,,
F,Ridge,159,8,3,0.04112108849198127,0.2025674676126672,0.0,0.17743716536589785,0.0,,0.09683209934699415,,,,,
F,Ridge,159,9,3,0.05089747431603226,0.2246930312431288,0.9829902302226808,1.709739139523009,1.7325984932376208,0.9856086406932952,-0.02995634759561347,0.9778649220212423,,,,
F,Ridge,162,6,3,0.05255664259189433,0.22878440733421887,0.0,0.22672394622377434,0.0,,-0.029017522133953668,,,,,
F,Ridge,162,8,3,0.054422721671827066,0.2326432506305202,0.0,0.23152660080728327,0.0,,-0.006509607745415667,,,,,
F,Ridge,162,12,3,0.03738194092811773,0.1907631859353708,0.868094690427793,0.5922394988238652,0.5260759773317472,1.1227537440644333,-0.010750364453187068,1.0668793367078213,,,,
F,Ridge,163,5,3,0.03945421444441587,0.1944507703497141,0.0,0.18898965046061691,0.0,,-0.025981170119270036,,,,,
F,Ridge,163,7,3,0.03351427960024473,0.18209612153355195,0.9147639027500271,0.6275325885789379,0.6395390745273696,0.984868710681059,-0.050078613949145735,0.9493259654186303,,,,
F,Ridge,163,10,3,0.05788588558315407,0.24042035088799452,0.9068917684396927,0.6339981878875776,0.7887978694923093,0.8035831860594183,0.03954967427972277,0.7806584888872762,,,,
F,Ridge,164,8,3,0.0532652633864186,0.22879608033208645,0.9967527660949157,4.114103250301728,4.040583567521932,1.018703197864191,-0.009256716766510699,1.0173136922435102,,,,
F,Ridge,166,6,6,0.03988877497215893,0.1900841479180997,0.0,0.16428089648463864,0.0,,0.035527612392972814,,,,,
F,Ridge,168,11,3,0.07398093008709163,0.2719720350455673,0.0,0.2476122372609769,0.0,,-0.109766861889194,,,,,
F,Ridge,169,11,3,0.06089419119448503,0.2456724255949961,0.0,0.233767884973214,0.0,,-0.0683423950918738,,,,,
F,Ridge,171,6,3,0.10964131641196634,0.32986856674050485,0.9691926556956406,1.943178612691706,1.8941359745473918,1.0264664776073416,0.046599731438798475,1.0143771106027046,,,,
F,Ridge,171,7,3,0.06065717615488897,0.24499088108707234,0.0,0.2370338473629273,0.0,,0.03455628657869753,,,,,
F,Ridge,171,12,3,0.14307166169765384,0.37722614720692516,0.0,0.3141087009839992,0.0,,0.20595258632195432,,,,,
F,Ridge,172,9,3,0.0282520770239735,0.1672569250828586,0.9972154637246761,3.182605520525351,3.216576846990009,0.9890471915339766,0.03202929588986967,0.9878153303354381,,,,
F,Ridge,174,6,6,0.04838834048919003,0.21284643059478262,0.0,0.2065603192997986,0.0,,0.0003060125723212658,,,,,
F,Ridge,177,15,3,0.06938585851849881,0.25893502659680034,0.0,0.2500941758616099,0.0,,0.055789669728080936,,,,,
F,Ridge,178,12,3,0.0557582398061914,0.23597414838921849,0.0,0.23538825137255684,0.0,,0.016522273290806536,,,,,
F,Ridge,178,15,3,0.07398955918496264,0.269644747735088,0.0,0.2678874471583756,0.0,,0.024429000855407168,,,,,
F,Ridge,182,13,3,0.0644646721874182,0.2535701311040486,0.0,0.24510244337157341,0.0,,0.018195719632795596,,,,,
F,SVR,134,14,3,0.11732858880317455,0.3403313874728398,0.0,0.3000180257649813,0.0,,-0.1370348059344962,,,,,
F,SVR,137,9,3,1.9577689066542927,1.3972266447974124,0.8378534559911993,2.3694948726343124,3.4775986841679773,0.6814061419808123,-0.2899065547507876,0.6571610480351194,,,,
F,SVR,142,10,3,0.1557310395075206,0.38819868658030504,0.0,0.360472216958698,0.0,,-0.14070832560911684,,,,,
F,SVR,145,7,3,0.37947421997575553,0.6139245370369655,0.8389621953909865,1.226038639800537,1.5398751409139804,0.7957419336083497,-0.11059167454715346,0.7408431601336286,,,,
F,SVR,146,12,3,0.08167519165222803,0.2853170633105271,0.0,0.28149561985691446,0.0,,-0.037432126443761767,,,,,
F,SVR,147,10,3,0.18264881096705463,0.42504562756321795,0.7482449254421333,0.7753813210657201,0.8614594779971028,0.9024011039705697,0.0871818115053879,0.7893434537223264,,,,
F,SVR,149,8,3,0.16867412392584366,0.40919639255746804,0.4252647136739453,0.49173264785152454,0.5431149474814694,0.9045541818987756,0.023170827080349832,0.6317060626950366,,,,
F,SVR,150,9,6,0.2143823627010041,0.45524624237440436,0.0,0.42905629198968215,0.0,,0.05830500554482007,,,,,
F,SVR,150,10,3,0.11705965911005434,0.3420792788674998,0.0,0.32748286492132883,0.0,,0.09776312448430184,,,,,
F,SVR,150,13,3,0.14075457240640457,0.3722144318721851,0.0,0.36476846603605223,0.0,,-0.0703323988218475,,,,,
F,SVR,150,19,3,8.9302809480126,2.962824706781157,0.5887268832711688,2.0230920938798236,4.613816752283436,0.4405931309298598,-0.1325624017714376,0.4134744402120713,,,,
F,SVR,151,10,3,0.10721975396389703,0.32735326967561756,0.0,0.3143132772088384,0.0,,-0.04097483340587317,,,,,
F,SVR,151,14,3,0.11143624023392619,0.33228318276993124,0.0,0.29385896292135294,0.0,,-0.14742308648255384,,,,,
F,SVR,151,16,3,0.09991152961641898,0.3151768057299467,-2.024008625032014,0.3775862599099343,0.1839758617644395,2.069266643056053,-0.055123546193002866,1.2294223330371528,,,,
F,SVR,153,11,3,0.1446660304582197,0.37933205969114225,0.0,0.35706883294242386,0.0,,-0.08611390487135832,,,,,
F,SVR,154,9,3,0.14544661669930256,0.3771073682728438,0.0,0.3573902621486275,0.0,,-0.11162181383039571,,,,,
F,SVR,155,10,3,0.15907011458085807,0.39594927986041467,-5.462415796942639,0.36273748312696474,0.1580514909717356,2.2976576299271163,-0.1638433182682242,0.6224883419787121,,,,
F,SVR,155,12,3,0.34479169463327947,0.5860009687105323,0.7997321469993627,1.0157162946255556,1.3100440044447004,0.7772151101491799,0.12356447663727749,0.7116246493394502,,,,
F,SVR,156,10,3,0.1310093986649665,0.35745892657730477,0.0,0.30205926847815207,0.0,,0.1678204730574698,,,,,
F,SVR,156,17,3,0.13175795824523834,0.36243111219713686,0.0,0.3564027418928008,0.0,,-0.06560131440508703,,,,,
F,SVR,157,7,3,0.5391627444233718,0.7324130313603364,0.8481501180498366,1.3741652415614427,1.882600922968319,0.7298803580517017,-0.010292401240341401,0.6935769039677812,,,,
F,SVR,157,10,3,0.3662177204103732,0.6031110650437593,0.6318832778050044,0.7154738272341045,0.9978553385477117,0.7170976334919016,-0.127381142365139,0.5972782730860261,,,,
F,SVR,158,7,6,0.24354523386201973,0.4908470851005833,0.44016625565156947,0.9234096346933772,0.767609470535411,0.9132410167027268,-0.01529275751526995,0.8622952248143871,,,,
F,SVR,158,10,3,0.12825633662183483,0.3568354272211129,0.0,0.3410055912455861,0.0,,0.10296090867114249,,,,,
F,SVR,158,18,3,2.041189154086546,1.4281090444806226,0.7619063510005398,1.7859435036058686,2.934475081990948,0.6087184680863017,-0.42853338176858546,0.5770212339397177,,,,
F,SVR,159,8,3,0.1399503302511948,0.37072047865649344,0.0,0.35663219459544315,0.0,,0.09473062679504111,,,,,
F,SVR,159,9,3,0.469774287669404,0.6838111138603606,0.8442607468031872,1.2953810011819777,1.7325984932376208,0.7475874180638952,-0.051741336332305404,0.7028548961333491,,,,
F,SVR,162,6,3,0.14364112204236357,0.3773290954550568,0.0,0.37492359398260405,0.0,,-0.0370340368650433,,,,,
F,SVR,162,8,3,0.15958426619203278,0.39615072223350983,0.0,0.3873493951111149,0.0,,0.04465938518010723,,,,,
F,SVR,162,12,3,0.141395214792731,0.37324975480979594,0.47903265889681945,0.5124274628258004,0.5260759773317472,0.9809599610593024,0.07641406971279527,0.7380598204712355,,,,
F,SVR,163,5,3,0.11660515610444723,0.3408338901869487,0.0,0.33622195608063904,0.0,,-0.0369158080762099,,,,,
F,SVR,163,7,3,0.24310060669434844,0.4894068985023232,0.39310799980471156,0.5873746324647134,0.6395390745273696,0.9243323503139876,-0.008312334057460902,0.6321869746943692,,,,
F,SVR,163,10,3,0.32155805023299555,0.5669037919920156,0.4829535808134498,0.4570065984619693,0.7887978694923093,0.5796794998120919,-0.005620122094252534,0.41248828125644316,,,,
F,SVR,164,8,3,2.675284238329851,1.6282512634217607,0.8380358139471439,2.848940640636894,4.040583567521932,0.7057674188773596,0.03305748876556053,0.6709582145337029,,,,
F,SVR,166,6,6,0.12405045593095977,0.34821130113874504,0.0,0.3308694327398137,0.0,,0.07322433601325375,,,,,
F,SVR,168,11,3,0.13604749615798253,0.3655368200767167,0.0,0.3586562714609993,0.0,,-0.06941561394608077,,,,,
F,SVR,169,11,3,0.16128081334374855,0.3960086867827766,0.0,0.3490061565324644,0.0,,-0.16988392478706452,,,,,
F,SVR,171,6,3,0.5623895307383469,0.7459780075331294,0.8446394751906136,1.5720830772845151,1.8941359745473918,0.831830922604612,-0.008440855189627899,0.7728306226689989,,,,
F,SVR,171,7,3,0.14384583011809296,0.37793074198436977,0.0,0.3575302713056372,0.0,,0.1151628410978357,,,,,
F,SVR,171,12,3,0.20260145744906652,0.4479052604806711,0.0,0.36216269410024665,0.0,,0.2564661807767214,,,,,
F,SVR,172,9,3,0.9667730115432475,0.974706607316972,0.9079933232526157,2.593127663959223,3.216576846990009,0.8081392296443123,0.10608431402646401,0.7834414491597596,,,,
F,SVR,174,6,6,0.15210497891077576,0.38262418773511836,0.0,0.3663929123987569,0.0,,0.07887998736685196,,,,,
F,SVR,177,15,3,0.10976502364925579,0.32651432280306,0.0,0.32421483793855277,0.0,,0.0102778275665276,,,,,
F,SVR,178,12,3,0.11242689182670777,0.3301749210366036,0.0,0.32715969746384643,0.0,,0.0380086762852032,,,,,
F,SVR,178,15,3,0.10224642810692904,0.31908185203587824,0.0,0.3130656269642164,0.0,,-0.0032646626522229993,,,,,
F,SVR,182,13,3,0.09813378754776081,0.31281722582368454,0.0,0.3015425783543612,0.0,,0.024580026344649137,,,,,
F,XGBoost,134,14,3,0.2798880354287396,0.5282765101661347,0.0,0.5023456315199534,0.0,,-0.11311641795857047,,,,,
F,XGBoost,137,9,3,0.6433417370565815,0.7998181558120744,0.9470963896055454,3.651904503504435,3.4775986841679773,1.0503699419153243,0.01320310540230423,1.0270662850367966,,,,
F,XGBoost,142,10,3,0.3153130304709044,0.5603629444067786,0.0,0.5593139926592509,0.0,,-0.02738678406199647,,,,,
F,XGBoost,145,7,3,0.5773446780746596,0.7523267007330722,0.7543942930613822,1.6128647327423096,1.5398751409139804,1.0487561026422245,-0.05873477844183297,0.9342275754838285,,,,
F,XGBoost,146,12,3,0.19137800368875743,0.43182033687296734,0.0,0.425895631313324,0.0,,-0.06030399667926956,,,,,
F,XGBoost,147,10,3,0.27054137232178677,0.5183573127439572,0.6267920778552737,0.970698078473409,0.8614594779971028,1.1316241776708045,0.0742452743812597,0.9622286083011047,,,,
F,XGBoost,149,8,3,0.34336965214708387,0.5854698663285044,-0.1642094274893081,0.7324507633845011,0.5431149474814694,1.3480262299166947,0.0495638833950075,0.8433118233307116,,,,
F,XGBoost,150,9,6,0.5250756093859593,0.7112995145761384,0.0,0.6897697200377783,0.0,,0.14119180817934898,,,,,
F,XGBoost,150,10,3,0.34502388967898767,0.5867093207997857,0.0,0.5699077248573303,0.0,,0.08192737392141476,,,,,
F,XGBoost,150,13,3,0.28017914410419503,0.5267612450747,0.0,0.5253914793332418,0.0,,0.02187826266294123,,,,,
F,XGBoost,150,19,3,0.49630941047208604,0.70114086735613,0.9759067025949681,4.575537204742432,4.613816752283436,0.9940057937014369,-0.005626860732273836,0.9829057491368882,,,,
F,XGBoost,151,10,3,0.40766107811051383,0.6339176138115811,0.0,0.600907564163208,0.0,,-0.16095939441175575,,,,,
F,XGBoost,151,14,3,0.3630168560749744,0.5987386874983914,0.0,0.5659540990988413,0.0,,-0.16782437142376835,,,,,
F,XGBoost,151,16,3,0.2788164025803538,0.5260455559891826,-7.273981381289365,0.6239139437675476,0.1839758617644395,3.3959760904051017,0.0315836114253099,2.3226259503696327,,,,
F,XGBoost,153,11,3,0.3321632977031613,0.573715522908865,0.0,0.5656198064486185,0.0,,-0.0017854212905819358,,,,,
F,XGBoost,154,9,3,0.3518568120481859,0.589253744594242,0.0,0.5598692695299784,0.0,,-0.16916579099600773,,,,,
F,XGBoost,155,10,3,0.2942540145062354,0.5368100125325256,-10.653942231093842,0.5356057385603586,0.1580514909717356,3.3790355124209075,-0.09731958492323549,0.9618377370114706,,,,
F,XGBoost,155,12,3,0.44971108328519155,0.6696177349322067,0.7384544929496567,1.3435178995132446,1.3100440044447004,1.0274111427083037,0.12762353386702618,0.90619569748312,,,,
F,XGBoost,156,10,3,0.3398308528009921,0.5820380061763631,0.0,0.5603266755739847,0.0,,0.15027178902702373,,,,,
F,XGBoost,156,17,3,0.2611439899545059,0.5106329776395974,0.0,0.49004937211672467,0.0,,-0.13421692037815625,,,,,
F,XGBoost,157,7,3,0.42881931814860313,0.65309822209288,0.879384224410139,1.803636868794759,1.882600922968319,0.9576088432032864,0.06701281112304706,0.9008890687463124,,,,
F,XGBoost,157,10,3,0.4598222864690584,0.6660394616477262,0.5335000744394065,1.0057851274808247,0.9978553385477117,1.006720535751289,-0.08101363265429114,0.7870305755541646,,,,
F,XGBoost,158,7,6,0.3727966967825355,0.6047198888307425,0.40532321125627585,1.1081916789213817,0.767609470535411,1.1051236086263934,-0.09368129001274468,1.0190243464025002,,,,
F,XGBoost,158,10,3,0.2917872175114225,0.5359340474656683,0.0,0.5318470100561777,0.0,,0.00019352119027943315,,,,,
F,XGBoost,158,18,3,0.38267115606997,0.6117794109728258,0.9544509561030218,2.992986520131429,2.934475081990948,1.020202182704549,-0.04924113296720697,0.9987116731234043,,,,
F,XGBoost,159,8,3,0.2667801921289752,0.5159965716800042,0.0,0.49224825700124103,0.0,,0.14519818495124728,,,,,
F,XGBoost,159,9,3,0.3912531531875671,0.6145534630128108,0.8730759663568654,1.7063950697580974,1.7325984932376208,0.9836329662109184,-0.04082980681547283,0.9229881264140617,,,,
F,XGBoost,162,6,3,0.2807464211299407,0.5294080041626795,0.0,0.5270763834317526,0.0,,0.0014943800056428994,,,,,
F,XGBoost,162,8,3,0.3907470249545955,0.6168665497057234,0.0,0.6145479381084442,0.0,,0.00899729399728437,,,,,
F,XGBoost,162,12,3,0.28334875756361727,0.5292110364862007,-0.044077308156099705,0.7748962243398031,0.5260759773317472,1.4789979970622429,-0.06764127487075976,1.1045729303878107,,,,
F,XGBoost,163,5,3,0.30522044960420075,0.5517058748051532,0.0,0.5469026962916056,0.0,,-0.01794744460139333,,,,,
F,XGBoost,163,7,3,0.45842597837249777,0.6735291232629822,-0.16330539348432901,0.8102274735768636,0.6395390745273696,1.2782361618228444,-0.16776134867076967,0.7935524636609638,,,,
F,XGBoost,163,10,3,0.46452042943840555,0.6722309811501831,0.25575825142213443,0.7224777738253275,0.7887978694923093,0.9159158820303026,0.009627252513757066,0.5485765471880654,,,,
F,XGBoost,164,8,3,0.6006279210986075,0.7731073553368285,0.9619023257042612,4.074233531951904,4.040583567521932,1.0092941734886842,0.1331139042916979,0.9911676304886915,,,,
F,XGBoost,166,6,6,0.3326916637774661,0.574983590256541,0.0,0.5555354108413061,0.0,,0.09610789157920274,,,,,
F,XGBoost,168,11,3,0.2755536706167563,0.5221471864290638,0.0,0.5096503098805746,0.0,,-0.09455482829325194,,,,,
F,XGBoost,169,11,3,0.31490136669715163,0.5609722505945315,0.0,0.5515195727348328,0.0,,-0.01850668106612471,,,,,
F,XGBoost,171,6,3,0.4861650952665509,0.6911918600832619,0.8619908316299331,1.9545371135075886,1.8941359745473918,1.0320459792006833,-0.004017468440905135,0.9666356664771504,,,,
F,XGBoost,171,7,3,0.4167909683523161,0.6433697587379623,0.0,0.6307464639345804,0.0,,0.010828950106664478,,,,,
F,XGBoost,171,12,3,0.34537317335498563,0.586652898760163,0.0,0.5112096667289734,0.0,,0.2817246556745561,,,,,
F,XGBoost,172,9,3,0.34689966003265976,0.5851223670994479,0.9668628459735601,3.218282699584961,3.216576846990009,0.9992958302222421,-0.009691150506844265,0.9846260869010014,,,,
F,XGBoost,174,6,6,0.229842532692905,0.4771588663258611,0.0,0.4732554256916046,0.0,,-0.035832397415719607,,,,,
F,XGBoost,177,15,3,0.251795268056189,0.5013165136787018,0.0,0.49850210547447205,0.0,,0.040425831176848566,,,,,
F,XGBoost,178,12,3,0.25031170413119547,0.5000239684890493,0.0,0.4938299556573232,0.0,,0.0097998701332306,,,,,
F,XGBoost,178,15,3,0.3001775830288701,0.5477163984083661,0.0,0.5425437490145365,0.0,,-0.004627622240646302,,,,,
F,XGBoost,182,13,3,0.18861660750324413,0.431682453695613,0.0,0.4185304641723633,0.0,,0.07793388987494697,,,,,
G,CatBoost,131,9,3,82.84661132386799,8.769428607407697,-20.066746550846265,7.067813678683443,2.0182603497068663,3.5472741982369986,4.713721002952876,-0.22533570920564938,,,,
G,CatBoost,131,11,3,5.182018069832883,2.2647240783413665,0.6338350874664184,3.4278474742858998,3.7859373042696505,0.905577784718275,0.08541931772360105,0.7308626402764609,,,,
G,CatBoost,140,9,3,73.92464807962563,6.268116974769787,-9.636545621545292,6.617610923843984,2.6829652455349318,2.4966499093959515,-0.915823187718464,0.9385606492809785,,,,
G,CatBoost,142,12,3,11.271631619246984,3.3261195853861296,0.43799617384395556,3.9525893763279734,4.432945775526991,0.8871940175576066,-0.8195327842693289,0.6324269256023635,,,,
G,CatBoost,143,11,3,298.02149328733486,17.235201806727748,-85.67087206513106,16.1147964647198,1.8715323519213467,8.694547668700878,5.391961559573641,-0.14908323726288408,,,,
G,CatBoost,144,8,3,14.003740683510395,3.2044429548711544,-0.20907181539255046,4.585441051657294,3.254513453257204,1.3947286061464552,-0.1036370003465093,0.9665717111636184,,,,
G,CatBoost,145,8,3,9.678880442883065,3.0791593173472336,0.4682436635972071,4.314534086974619,4.212658939588259,1.0334347139994013,-0.8667327677832156,0.8010657657052386,,,,
G,CatBoost,147,13,3,75.32028257457979,8.61400128675051,-11.29249158631355,7.79959824888119,2.473017340793184,3.1529012717803337,3.155591593497434,0.17629435766074783,,,,
G,CatBoost,148,13,3,3.8614257540045807,1.9238888260709412,0.5572326317468761,3.0495022726566696,2.916754558870162,1.0502129389467134,-0.7411614243452119,0.8777249314514197,,,,
G,CatBoost,149,9,3,2.9535443309225307,1.7162727564010922,0.2550658911731778,1.955463853667706,2.026858521879755,0.9754026797037728,0.6134339214547737,0.6584619361017147,,,,
G,CatBoost,152,8,3,8.83489940085357,2.8534553340328226,-2.3774163486674276,2.95733365588414,1.7004800825157096,1.787107377765552,1.0072855779725958,0.9076784111757145,,,,
G,CatBoost,153,11,3,10.003186450956287,2.9815329552463,-1.4218369057911777,3.2757483957494586,2.0277539449532975,1.613863502928791,0.04404034857929743,0.7776396976096782,,,,
G,CatBoost,153,14,3,9.665074648802841,3.0533911474880333,0.48958313321957525,3.9009004199107458,4.405077499099619,0.8951551165936431,-1.162366785332494,0.6988909307903165,,,,
G,CatBoost,154,8,6,194.450156613983,8.053435524431155,-15.820261122796694,8.291455356958677,2.6500779412233126,2.7724145839119427,1.3960193982421847,0.6676944617732904,,,,
G,CatBoost,155,5,3,51.46964331391621,7.042145872258377,-27.93481945210355,6.713800940083934,1.3378849514002626,5.022848193184314,1.7771963213466397,0.39772415533342115,,,,
G,CatBoost,155,6,3,7.185471375746888,2.354624576827846,-0.7786198722130315,3.181438157068085,2.0557779663911178,1.5641713989486086,0.1391713835526113,1.045899403876396,,,,
G,CatBoost,155,9,3,10.192437535695197,2.9270602602175626,-0.7471098283102764,3.9881634271794906,2.495380916657975,1.6245597893353054,-0.7435285785436063,1.2078172640279166,,,,
G,CatBoost,155,11,3,14.021200828435061,3.508234573975352,-0.3974833106883584,4.2294355141597215,3.079596204271285,1.3393672586032734,0.7381171336697245,0.8302668831355029,,,,
G,CatBoost,157,9,3,328.9343962449845,16.22266499157857,-41.689491168146795,15.266442389162831,2.914738495435858,5.4266890045411005,4.627859128147322,-0.3952579248270887,,,,
G,CatBoost,157,10,3,6.264010416681036,2.492392255114111,0.5811048323999966,2.8804672477635886,3.854217306528174,0.7500401876160737,0.14275460424379063,0.5770613510074976,,,,
G,CatBoost,158,6,3,2155.9484915979233,40.37270801877704,-841.1948613356723,38.80639737548389,1.6135960229976598,24.15797051225853,11.25366885293613,3.224578380737556,,,,
G,CatBoost,158,9,3,16.055709897147434,3.686214612406945,-0.7727258197836974,3.9909600394620965,2.9716200588501622,1.3319085479792774,-0.2552509739137246,0.694203099339398,,,,
G,CatBoost,158,14,3,406.88270391957843,16.91396725327179,-23.709176826361233,16.347235622374985,3.934883542057794,4.0882191534498915,-4.1104836019756705,0.4481694796814672,,,,
G,CatBoost,159,6,3,53.35337597176767,5.971199488151442,-10.922295003434806,5.92163444462479,2.0081762870257918,2.8530836149566707,1.989424200242186,0.9661715091171184,,,,
G,CatBoost,159,12,3,17.804385224530325,4.061557173454572,-0.0032081915436137733,5.579687751700469,4.4122319996886015,1.2918842347518755,1.3447893973762313,0.9391690515125082,,,,
G,CatBoost,160,12,3,26.54822502854904,5.11376850898505,-1.6785359209103168,5.104050405266622,3.4020124094032647,1.5826005801384202,-1.0910387400879336,0.6138408637242153,,,,
G,CatBoost,161,15,3,30.012903950972213,5.226390535103457,-1.2284479067678054,4.8433722953016,3.514483284680018,1.355813102226974,0.8963463795640271,0.4077447213962831,,,,
G,CatBoost,162,5,3,12.54686581690531,3.52508335599471,-3.4773134345370376,4.2789607177193965,1.7437099383151071,2.5160389577921727,-0.932199325498963,1.683443858169075,,,,
G,CatBoost,162,9,3,9.488223788493242,3.0047694652712753,-2.910670790222872,3.179193291396127,1.5633800209943625,2.040831796801205,-0.05450134493249659,0.8273524137671767,,,,
G,CatBoost,162,10,3,5.695800992246045,2.328043904769185,0.3064601929531213,3.090620605099558,2.8037680437089016,1.0978130791919376,0.3284872948637189,0.7729335911333646,,,,
G,CatBoost,162,13,3,9.67226832217863,3.0297278151678664,0.03064054229185531,4.329519238237745,3.1052731407479364,1.3861157522649388,0.20746692162785615,1.001792393941444,,,,
G,CatBoost,162,16,3,110655.60918392571,229.09915988574247,-4042.321246355272,223.6908004553044,5.136211616227452,43.03093552051194,50.54740356958873,9.453889368378023,,,,
G,CatBoost,163,8,3,8.372741454011905,2.8746290901985816,0.6524434252477653,4.957643235027572,5.062961859528517,0.9851492620446631,-0.6195099399598586,0.8231807269305468,,,,
G,CatBoost,163,9,3,21.72022032449743,4.281877501799623,-3.249464346559121,4.300529699419874,2.193503423282072,1.9590069308272964,0.3556712207718187,0.6041999130841973,,,,
G,CatBoost,163,12,3,1439.731584832852,25.071906869752,-181.20039868813777,24.467578931911692,2.9348474544897893,8.641673397481494,3.457774031152859,0.7758263823983936,,,,
G,CatBoost,165,6,3,11.253234630085066,3.311048646026212,-0.5482120853333435,4.224396622129614,2.688239009861075,1.570002269884392,-0.5435049860312821,1.0006480612134545,,,,
G,CatBoost,165,12,3,58.30828180728708,7.548244014710298,-18.343829831748437,7.723618853190826,1.7449012130976584,4.453168833453417,-1.4873353956181166,1.3724164684951887,,,,
G,CatBoost,166,9,3,59.77066645941008,7.333520842166046,-8.894468447440365,7.0769443919759825,2.702315575272761,2.7972244230535295,1.7470655339285563,0.7597483785202458,,,,
G,CatBoost,167,10,3,26.739955858530617,4.92224857805883,-0.3816277224052813,5.203587612639084,4.443279979424273,1.1753848235455318,-1.1187272405402513,0.5701611076942003,,,,
G,CatBoost,168,10,3,3.064173459274063,1.7469817000585923,0.4136807642959983,2.0507396203080055,2.3179921787875535,0.8981209848824471,-0.09988682477429962,0.6556462620556678,,,,
G,CatBoost,169,8,3,47.889999823757215,6.838629133969384,-3.501060017948552,7.175714597014733,3.346398053771656,2.195658924475075,-1.4577576500189664,0.8692726861572551,,,,
G,CatBoost,170,6,3,28.406564903836337,5.274640162753207,-10.368578330737543,5.781200283253283,1.5996726703213389,3.6467014228997385,0.3812023994949138,1.6672696076587386,,,,
G,CatBoost,170,9,3,4.928843014080356,2.2113968429239406,0.48415139974024,3.5158649475334247,3.1781439959445703,1.1121826629226381,-0.3201034092069076,0.8763674266819153,,,,
G,CatBoost,174,10,3,5.348835757389902,2.29799918053003,0.46387136476387775,3.039798825301371,3.1792454232593617,0.9588214385933833,-0.5808579840288192,0.7152466117437101,,,,
G,CatBoost,175,9,3,145.15581318033128,11.250164273074352,-42.389871629462135,10.607801711942352,1.8392315565396975,5.788415780204179,1.1088022103735717,-1.4415852215591443,,,,
G,CatBoost,179,7,3,13.257849422819511,2.8536431414396684,-2.611627287227751,3.4751985718824066,1.952019538770721,1.799264308736288,0.30085702016075394,1.0122511674330934,,,,
G,CatBoost,182,5,3,378.5297816441266,17.13480199865697,-200.03990977731303,17.050710414390675,1.504027192318613,11.965520597190256,1.022616136312241,2.963714714468979,,,,
G,CatBoost,185,5,3,6.136172373267658,2.4314619305794807,-0.6540915750623033,3.119708324040292,1.9651872439819023,1.5925729588408615,-0.15422012316210407,0.9648386431131467,,,,
G,CatBoost,189,3,3,429.0558381376165,13.635911396673846,-163.1127500276281,13.654520045764512,1.4691250180988282,8.652380799404476,-1.4880864083941248,0.43614894790543235,,,,
G,FixedRidgeLambda1,131,9,3,35.60799954987901,5.962256051574322,-7.920578312723357,5.467241786384794,2.0182603497068663,2.723066481175426,3.202683006791712,1.1415237049803573,,,,
G,FixedRidgeLambda1,131,11,3,4.899873801237632,2.1773234955536256,0.6646418273026041,4.39546346457424,3.7859373042696505,1.1593523208602674,0.6552940340092418,1.0346374463208872,,,,
G,FixedRidgeLambda1,140,9,3,48.99566345762429,6.036859047537841,-6.060150565819838,6.358646675959192,2.6829652455349318,2.399026332528335,-1.252548162830051,0.7811732902907669,,,,
G,FixedRidgeLambda1,142,12,3,5.005202869910306,2.232773250410015,0.7353538567623952,3.7323907305226154,4.432945775526991,0.8419416156119954,-0.42702948811009905,0.7290762253060493,,,,
G,FixedRidgeLambda1,143,11,3,665.2880127504276,25.655903827215937,-189.57227636432762,21.919274311980455,1.8715323519213467,11.830638256085445,11.077873242178141,-4.765105226984498,,,,
G,FixedRidgeLambda1,144,8,3,18.953161079886254,4.225593816592218,-0.7511011424169186,5.343655861855751,3.254513453257204,1.6392012606304835,-1.641732869750234,1.1287882602054085,,,,
G,FixedRidgeLambda1,145,8,3,17.082304871069237,4.0749461304238945,-0.02230461601870637,6.194685065326579,4.212658939588259,1.484421929554921,-2.1458835671681804,1.2560020188171974,,,,
G,FixedRidgeLambda1,147,13,3,37.0595431810746,6.035321617148877,-5.140689923100283,5.519486760578931,2.473017340793184,2.239441353445314,2.1102637469741183,0.41229264803195015,,,,
G,FixedRidgeLambda1,148,13,3,8.929828964542232,2.9728083085227044,-0.03664364220694933,5.376839600780991,2.916754558870162,1.8393059838694583,-0.671027910234811,1.7055089264702783,,,,
G,FixedRidgeLambda1,149,9,3,1.1307302622043878,1.0623270944608794,0.7202657044715545,2.2644703725633293,2.026858521879755,1.1223639286430662,0.668418147438321,1.054206489022116,,,,
G,FixedRidgeLambda1,152,8,3,16.78456888695335,4.076695992633555,-5.21346373191102,4.329035518109827,1.7004800825157096,2.57951568988467,1.984974884130142,1.5185104212844494,,,,
G,FixedRidgeLambda1,153,11,3,9.842205544893735,3.015174718231019,-1.380635165194929,4.162586368983729,2.0277539449532975,2.044387896128307,-0.2836240404028142,1.5089848816671187,,,,
G,FixedRidgeLambda1,153,14,3,17.19516172381165,3.909550480877082,0.06144696307912458,5.3840941897425365,4.405077499099619,1.2286067701199628,-1.4975164974039712,0.875803078293146,,,,
G,FixedRidgeLambda1,154,8,6,416.7446587474237,15.198836091431708,-37.529763316286804,15.82408627500522,2.6500779412233126,5.049507874664119,3.0980771165912984,2.2353481894588607,,,,
G,FixedRidgeLambda1,155,5,3,14.859164638441252,3.7793873701054292,-7.419301584617796,3.4952994052990327,1.3378849514002626,2.6200595909290403,1.9688015577313234,1.060845235230307,,,,
G,FixedRidgeLambda1,155,6,3,3.0193888043212613,1.6407754432297008,0.2265869507188665,3.2541796553259417,2.0557779663911178,1.609634730380517,0.4196780944985961,1.5435054465793427,,,,
G,FixedRidgeLambda1,155,9,3,9.484108371197573,3.0332278507200097,-0.5791317754780604,3.736788237682111,2.495380916657975,1.5172724185130388,-0.37448815838588795,0.988731456664861,,,,
G,FixedRidgeLambda1,155,11,3,37.53322266684325,6.107811458088011,-3.047815939668517,7.4398123235593046,3.079596204271285,2.431003818954276,1.867838065659413,1.6367148853532767,,,,
G,FixedRidgeLambda1,157,9,3,292.9783783997393,16.74804163487836,-33.46924841826618,13.525535750669457,2.914738495435858,4.678157863403057,7.846453000282817,-1.6196988582925307,,,,
G,FixedRidgeLambda1,157,10,3,2.65727530942886,1.6238687080511418,0.818725596555673,3.4236496503179175,3.854217306528174,0.8907866011325721,-0.14865841332022775,0.8111859964738041,,,,
G,FixedRidgeLambda1,158,6,3,1696.1131003846715,34.44793515971692,-647.2394185194147,27.848307406211916,1.6135960229976598,17.25743693289977,19.983464236423647,-1.0901614138182556,,,,
G,FixedRidgeLambda1,158,9,3,99.45546577129494,8.416827269222358,-10.65891795892558,9.09867975414465,2.9716200588501622,3.090409243908896,-2.022634106039479,1.1044627034906407,,,,
G,FixedRidgeLambda1,158,14,3,571.9022676342389,23.821258988806022,-36.74528768715643,24.1323070215626,3.934883542057794,6.161271927130635,-8.342670395134517,3.66253610422802,,,,
G,FixedRidgeLambda1,159,6,3,53.03146717707364,6.093839185214644,-11.227560953495813,5.371982144746127,2.0081762870257918,2.5992401072559344,2.9541326713394565,0.3049809641157078,,,,
G,FixedRidgeLambda1,159,12,3,11.66324528172047,3.162187487158805,0.26218884770359896,6.7493134964722294,4.4122319996886015,1.5723138150973928,0.9891842232769358,1.446815517230357,,,,
G,FixedRidgeLambda1,160,12,3,99.39031948738902,9.961062454596428,-8.163737690925494,10.168809355166616,3.4020124094032647,3.081788825290532,-2.7377740668301414,1.1793457193115051,,,,
G,FixedRidgeLambda1,161,15,3,192.9703734009041,13.856341452587783,-16.3299049071974,15.23882466388143,3.514483284680018,4.443007779836682,-2.6337788878264345,2.4958581423437187,,,,
G,FixedRidgeLambda1,162,5,3,3.176678865971754,1.758598820833403,-0.048745201421409264,3.032281358206653,1.7437099383151071,1.73501571895017,-0.4421554797194762,1.5505460769804549,,,,
G,FixedRidgeLambda1,162,9,3,4.979251882595527,2.17528017136403,-1.062900830664481,2.6993617856249834,1.5633800209943625,1.7221173637483715,0.31015796319103545,1.1002599286337473,,,,
G,FixedRidgeLambda1,162,10,3,4.155039493682848,1.9743376855408663,0.4359701431976619,3.766931457976863,2.8037680437089016,1.3591031752356963,-0.07161312413646666,1.1879604905049284,,,,
G,FixedRidgeLambda1,162,13,3,7.964703501436392,2.80741972131598,0.15922354809745068,5.203777445603072,3.1052731407479364,1.6785795652035675,0.24795583918040143,1.5063688448561159,,,,
G,FixedRidgeLambda1,162,16,3,939881.3481698529,784.5950288011101,-35417.389574950896,759.8876454170016,5.136211616227452,148.0177201703573,92.0286482313266,62.409884343353326,,,,
G,FixedRidgeLambda1,163,8,3,4.152842983888856,1.99915013889692,0.8408339643697628,5.4516423840163455,5.062961859528517,1.0789695983185006,-0.5442751355081695,1.0159678563327936,,,,
G,FixedRidgeLambda1,163,9,3,7.485279596784413,2.7326763648636905,-0.6737812202268371,3.030447594050051,2.193503423282072,1.375539097753235,-0.7645206519598139,0.7069051917369092,,,,
G,FixedRidgeLambda1,163,12,3,2980.3718072502957,45.75117344666587,-397.763810543558,45.65036310467388,2.9348474544897893,16.651529937727002,3.554901262858434,3.752534282285733,,,,
G,FixedRidgeLambda1,165,6,3,5.781902178112264,2.3738034387841638,0.20988841462727958,4.165921316564387,2.688239009861075,1.5483397896603772,-0.9958167152335266,1.3915390007698847,,,,
G,FixedRidgeLambda1,165,12,3,72.24495352741265,8.499687907788378,-23.19940823135443,7.6629779652198025,1.7449012130976584,4.436240237943778,-2.779107311532402,-0.20507060592206638,,,,
G,FixedRidgeLambda1,166,9,3,14.441898570483735,3.685453541934168,-1.394072315328993,3.8821255189801835,2.702315575272761,1.52643988717782,1.3713199636123088,0.8818143416027096,,,,
G,FixedRidgeLambda1,167,10,3,71.72086467724527,8.34960105538068,-2.6701294181199935,7.961990615359459,4.443279979424273,1.7946703663047359,-3.059233913084167,0.563301882295708,,,,
G,FixedRidgeLambda1,168,10,3,1.0056644436375024,0.9817307375497637,0.8076283511535131,2.251816441979898,2.3179921787875535,0.9820295588684796,0.03188850179080723,0.890356437404113,,,,
G,FixedRidgeLambda1,169,8,3,10.310649046923155,3.041074618006346,-0.03474448082779624,4.285395744062294,3.346398053771656,1.3090360337710722,-1.1637573776528185,0.9696073899532885,,,,
G,FixedRidgeLambda1,170,6,3,4.632229190673354,2.151221800101276,-0.8867414407391748,3.3147204344074623,1.5996726703213389,2.086233265585196,0.49086735731466397,1.788919888224779,,,,
G,FixedRidgeLambda1,170,9,3,2.135454553980454,1.397495248748536,0.788482054170339,3.5237658413279114,3.1781439959445703,1.109268253212532,-0.3637830273270835,1.0273491857651376,,,,
G,FixedRidgeLambda1,174,10,3,2.9619382772522322,1.7190027889317712,0.6998889426972802,2.883157778224403,3.1792454232593617,0.9106977732610346,-0.5035794974166545,0.7846418532659761,,,,
G,FixedRidgeLambda1,175,9,3,249.66463630171054,14.574362684351213,-73.6468446608949,13.333482817267955,1.8392315565396975,7.278128902200437,4.34626753906028,-1.8696731126086352,,,,
G,FixedRidgeLambda1,179,7,3,5.788392488608224,2.257063153461733,-0.5003909102353922,3.1590323544128402,1.952019538770721,1.6173531435284858,0.5712519619061723,1.151160108540567,,,,
G,FixedRidgeLambda1,182,5,3,1807.121583672033,36.79509264937658,-890.0111239443446,35.927951485630025,1.504027192318613,25.00671819070229,-6.717443028339719,16.50241864457957,,,,
G,FixedRidgeLambda1,185,5,3,2.1764435524665964,1.4588315374310286,0.4304404308982792,2.654210042986722,1.9651872439819023,1.3547974890354018,0.16107376197114778,1.1487190023208633,,,,
G,FixedRidgeLambda1,189,3,3,30.352311123342233,3.6733154351377166,-10.618542217319698,3.3275293092733746,1.4691250180988282,2.1836537809033385,-2.043649005186466,1.0138377102703198,,,,
G,KNN,131,9,3,61.35549961658296,7.417322436200603,-14.698051337653368,6.9426670465685225,2.0182603497068663,3.4760511344468896,2.2958073028323382,0.4163801629367208,,,,
G,KNN,131,11,3,15.744027608559128,3.870734349807178,-0.10529387826006709,4.013216027071307,3.7859373042696505,1.062995726487121,0.554166392408788,0.558833730634928,,,,
G,KNN,140,9,3,191.55941763143497,11.878763735354118,-26.617726784937435,11.502222100904254,2.6829652455349318,4.356619298404202,-3.006906307415506,0.7649962827285881,,,,
G,KNN,142,12,3,33.494554292588056,5.767639324899263,-0.7440567766533001,5.2547623513538815,4.432945775526991,1.199741299792245,-2.1582458550296915,0.4944359097989763,,,,
G,KNN,143,11,3,2208.4921934466843,46.41394725352885,-622.4581536389514,45.19020012356928,1.8715323519213467,24.15802837290825,6.295993127203389,-7.798538054171956,,,,
G,KNN,144,8,3,27.019664618210836,4.467456224742926,-1.3182915878098593,4.938425682050217,3.254513453257204,1.4820578058860283,-0.36931928191081864,0.6632554338017943,,,,
G,KNN,145,8,3,82.83641938320704,9.089792518022064,-3.7243541826407767,9.264816850340322,4.212658939588259,2.2253453347831607,-2.473709955183081,0.8504786658053627,,,,
G,KNN,147,13,3,376.24835511145284,19.011489508445766,-61.626926724262056,17.91050406061952,2.473017340793184,7.27565492773117,5.925252128544304,0.04077542463073539,,,,
G,KNN,148,13,3,8.311889100517414,2.8288075466582616,0.03132830505430454,3.3809725176204997,2.916754558870162,1.1575936846147503,-0.884409845646398,0.763239482160729,,,,
G,KNN,149,9,3,3.506866823301563,1.8520411903939762,0.09483501580479133,2.124574768133771,2.026858521879755,1.0683330122792514,0.19860822568147007,0.6660041025428014,,,,
G,KNN,152,8,3,225.7328600894085,14.700677880001898,-85.01102175405732,14.23015884929094,1.7004800825157096,8.622580219583243,5.019678430951722,3.1908707397002503,,,,
G,KNN,153,11,3,21.36839218387721,4.374717825856423,-4.602883288370617,4.6530540258449475,2.0277539449532975,2.3416491069677616,-0.19444347763562053,0.884238512580812,,,,
G,KNN,153,14,3,25.931211434284137,4.929858079098242,-0.451201956466542,4.390480123099787,4.405077499099619,1.017988866623294,-1.065335575990913,0.37998439189495087,,,,
G,KNN,154,8,6,15.706834254448987,3.8142807630705335,-1.1102141618430703,3.6757912560546337,2.6500779412233126,1.396285867635096,0.9072927660650346,0.515904532692587,,,,
G,KNN,155,5,3,80.42887872514024,8.714981457481807,-44.416286251693,8.234185330139994,1.3378849514002626,6.1689877514208336,2.4280250710246345,0.012814406365238359,,,,
G,KNN,155,6,3,7.523761134261438,2.5830739888221887,-0.9241842074301517,2.87987099401179,2.0557779663911178,1.4232191420704952,-0.08102118545758898,0.7135438731773055,,,,
G,KNN,155,9,3,18.259742382981102,4.171844560899518,-1.8216062939505893,4.3543396285571605,2.495380916657975,1.7360728752428995,-0.9677753492389701,0.7324359061582792,,,,
G,KNN,155,11,3,17.35767715925194,4.165989412220148,-0.951422869893891,3.889204695578121,3.079596204271285,1.2976941738325947,0.6650365842415692,0.44246677329648115,,,,
G,KNN,157,9,3,693.5508629121626,22.461645799793605,-82.81719589311587,21.406027968054346,2.914738495435858,7.484590236192571,6.139496610216941,-1.0354110162010033,,,,
G,KNN,157,10,3,8.92846802474998,2.985459991765248,0.3999925850312857,2.386083186183899,3.854217306528174,0.620998037836467,0.5558151871304219,0.40823018576169084,,,,
G,KNN,158,6,3,18559.764361579666,114.01118530673436,-7072.8140203870935,110.19152061288513,1.6135960229976598,68.26745411248339,27.0655269930254,-13.451567041664198,,,,
G,KNN,158,9,3,85.46575978374214,7.086095758766383,-7.960282282338589,6.883096712281044,2.9716200588501622,2.256074095222489,0.20798801600688743,0.5696919816678842,,,,
G,KNN,158,14,3,2864.674571413568,51.55879208490961,-189.59018302517015,49.65839011073533,3.934883542057794,12.700696663770136,-15.781555265068805,2.7991142181442883,,,,
G,KNN,159,6,3,1031.125204309193,26.14175358752918,-238.03548170510405,24.59902826183914,2.0081762870257918,11.831834346509126,8.690007546416773,0.2806873619919609,,,,
G,KNN,159,12,3,48.11972080865852,6.758118313828057,-1.8955896746937124,7.731301283568135,4.4122319996886015,1.8184788279363726,1.1641131478702382,0.8789749332190976,,,,
G,KNN,160,12,3,229.64849275609822,13.905846720476582,-21.384985239692515,13.362545998742831,3.4020124094032647,4.115804501530462,-1.8398042154616114,0.4314840222106735,,,,
G,KNN,161,15,3,273.196269521682,16.227394608482147,-20.24875841300673,17.080505265552905,3.514483284680018,4.84389717815181,-3.377050487084516,2.134575908185927,,,,
G,KNN,162,5,3,14.712965615734456,3.8004913914790523,-4.2968311594363024,4.5044175994129665,1.7437099383151071,2.666328057051329,0.07028278981242017,1.6584053602670903,,,,
G,KNN,162,9,3,28.55564972667511,4.892923148417909,-11.867416705922809,5.023154636929957,1.5633800209943625,3.285041996625136,-0.8019119808856772,1.0310790167004322,,,,
G,KNN,162,10,3,7.701829797431323,2.6798611099101906,0.061988375429075836,2.4476050335006647,2.8037680437089016,0.8578942656942387,0.4500598444102814,0.44401016220551054,,,,
G,KNN,162,13,3,27.717624980713893,5.201828709016355,-1.8092506030862932,5.957624979510574,3.1052731407479364,1.910965790578457,0.3319302814866208,0.9394210458826548,,,,
G,KNN,162,16,3,34.05424994496226,5.829008491391252,-0.29205573878736574,3.623168340852254,5.136211616227452,0.705688765928049,-2.063008926833733,0.18463314333443584,,,,
G,KNN,163,8,3,22.120506811169236,4.692287768871868,0.11495658281200927,5.380576960087332,5.062961859528517,1.0727251892815153,-1.0732267729048812,0.6812860919910583,,,,
G,KNN,163,9,3,21.076637552564375,4.515558587652732,-3.9370645148788,4.388920881825842,2.193503423282072,2.0713859325145667,1.2020739529658924,0.5269689906270237,,,,
G,KNN,163,12,3,6.708044553097735,2.5832765622252847,0.18081899817418676,2.196297897267694,2.9348474544897893,0.7554624914015492,0.2922294980821785,0.3868202483969869,,,,
G,KNN,165,6,3,35.38479682904207,5.596134390802882,-4.158513818143472,5.783089806321094,2.688239009861075,2.1792188150765193,-1.7932759222851082,0.9261415863407182,,,,
G,KNN,165,12,3,101.92763510664243,9.96906784192277,-31.731435454373074,10.536471322736539,1.7449012130976584,6.011879357765593,-2.2855519718212522,3.266289798436953,,,,
G,KNN,166,9,3,99.39861458354828,9.426584793987624,-15.971925272310019,9.051697059451556,2.702315575272761,3.6448179583350555,2.469058620283183,1.1914578453882763,,,,
G,KNN,167,10,3,279.19059814204417,14.593347125635097,-13.472539196603634,14.119876959957454,4.443279979424273,3.206246501663117,-3.5368390545061352,0.5539278021065811,,,,
G,KNN,168,10,3,5.1029837354604926,2.234917464994545,-0.04953291601163401,2.1921417545627357,2.3179921787875535,0.9707717254999045,-0.135465909643845,0.4952755977411239,,,,
G,KNN,169,8,3,42.1883700789025,6.320534018554521,-3.3789095992715965,6.561133197881991,3.346398053771656,2.0645101245540594,-1.1318970452413974,0.823006089962134,,,,
G,KNN,170,6,3,27.261607874770743,5.159726011801497,-10.568651736051768,5.401713997147271,1.5996726703213389,3.4527510153189453,0.5570058979759355,1.0397604614890923,,,,
G,KNN,170,9,3,7.62282889040619,2.7421225488575645,0.23360346544189156,2.9601963271955696,3.1781439959445703,0.938817092621485,-0.04481325024900015,0.5843389619043471,,,,
G,KNN,174,10,3,23.042962342361886,4.797182107772614,-1.291875094956563,4.194707857644673,3.1792454232593617,1.3346257283292176,-1.9999118822619995,0.47344975024562314,,,,
G,KNN,175,9,3,419.3469180191053,16.04300496667264,-122.26792210480322,15.579949688210112,1.8392315565396975,8.43823323927242,2.2119174438466884,-2.094204544720784,,,,
G,KNN,179,7,3,24.802765539365215,4.242344318167995,-5.193795590105856,4.517845653798517,1.952019538770721,2.2887373347162576,0.7704359005304826,0.7352700391738192,,,,
G,KNN,182,5,3,2019.8210834386857,37.43929720478281,-1094.3471322957762,37.34079076469566,1.504027192318613,26.44403252486246,0.7973576288534286,4.844731324324272,,,,
G,KNN,185,5,3,12.592348333330584,3.511384629325944,-2.3143380257388757,3.9314750530200686,1.9651872439819023,2.0071716635927683,-0.05925627586788821,0.925093698044615,,,,
G,KNN,189,3,3,1796.9119296431652,25.658463545348507,-683.1036860025742,25.318888550239304,1.4691250180988282,15.78996984642106,-5.518162676513487,1.5621181835549427,,,,
G,LightGBM,131,9,3,192.9642880404,13.672492627654478,-48.665230225055325,12.884874540795257,2.0182603497068663,6.477799867252281,4.563261121362429,0.7374919358096319,,,,
G,LightGBM,131,11,3,18.31288095049322,4.275909840116513,-0.2828509729851321,5.349958832753583,3.7859373042696505,1.4134678199667488,1.0387006659732156,0.9197797770171557,,,,
G,LightGBM,140,9,3,85.35094401123222,8.224510731669726,-11.275897871091672,8.07671743110217,2.6829652455349318,3.0448719168843326,-1.2616982782822137,0.4622332706060463,,,,
G,LightGBM,142,12,3,21.775845314628082,4.64300429818703,-0.13165995373057504,5.144093182047444,4.432945775526991,1.17289525132247,-0.24396742005782146,0.6404699162364803,,,,
G,LightGBM,143,11,3,2542.345657465392,49.480328860380105,-692.8941878007419,46.364633689608894,1.8715323519213467,24.61809543417284,13.068939401187583,-4.088164193666155,,,,
G,LightGBM,144,8,3,95.75250761021614,8.83337724112012,-7.521007539127002,8.831444377836887,3.254513453257204,2.6779741790119993,-2.030761780156134,0.6136581390725432,,,,
G,LightGBM,145,8,3,50.147390239811244,7.067297664721317,-1.8225475852469994,7.972397144255976,4.212658939588259,1.9013468850615685,-2.205784461099743,1.0418789063408478,,,,
G,LightGBM,147,13,3,103.64835339156419,9.778723934242853,-16.29245864686406,9.258578328938214,2.473017340793184,3.7571876011430945,3.0259752839038634,0.5085623438386321,,,,
G,LightGBM,148,13,3,17.968634249645444,4.180624777998379,-1.0954467961497694,5.309667424133429,2.916754558870162,1.824296069054646,-1.3920496482570701,1.2509129799820193,,,,
G,LightGBM,149,9,3,5.199243205486785,2.2526285724364006,-0.36264588136594794,2.7322258152125993,2.026858521879755,1.357885901900753,0.6006343229728568,0.8034512695492882,,,,
G,LightGBM,152,8,3,40.149684128016844,6.291666757346564,-13.531203403601753,6.013101330175963,1.7004800825157096,3.597180159907893,1.9345458707528778,0.6443598950922488,,,,
G,LightGBM,153,11,3,30.270180670602116,5.376897782888363,-6.222438025961228,5.388922973014836,2.0277539449532975,2.64722028340776,-0.30513232114129923,0.680721106492108,,,,
G,LightGBM,153,14,3,44.002525769218494,6.15165507479304,-1.3175168195671179,6.34188868697273,4.405077499099619,1.4478085513524235,-0.9791157847348697,0.4773571040869737,,,,
G,LightGBM,154,8,6,426.3745199739721,16.062500015307005,-41.5013012299959,16.033750003696465,2.6500779412233126,5.397896679658562,3.585647487474436,1.6109926103305863,,,,
G,LightGBM,155,5,3,159.5505268692129,11.663996772014487,-89.90567963442543,10.886067385439233,1.3378849514002626,8.183533102981428,4.1091197577058045,0.5818133581096955,,,,
G,LightGBM,155,6,3,16.805431203335726,3.842188649485568,-3.3797250460467123,4.406177526845922,2.0557779663911178,2.198621658660229,0.6874919507575088,1.4459005444723443,,,,
G,LightGBM,155,9,3,30.945619628554137,5.534012345922552,-4.003215678126368,5.728947799604512,2.495380916657975,2.299332061119023,-0.8637626721259551,0.8375448228667898,,,,
G,LightGBM,155,11,3,98.00783261539443,9.442230418189112,-8.871544564551344,9.444321102085048,3.079596204271285,3.0216704871390245,2.4068314254770438,0.9878047907895385,,,,
G,LightGBM,157,9,3,654.5604578555534,24.821288275176997,-78.40662380956869,22.815287953533034,2.914738495435858,7.946342681753786,6.896580936231747,-2.070642566187717,,,,
G,LightGBM,157,10,3,9.891403210779773,3.125483109862088,0.33493063833732073,3.682554822427709,3.854217306528174,0.956765532930261,0.04008529934772273,0.6310683202055188,,,,
G,LightGBM,158,6,3,8470.165642144351,78.20787887385647,-3291.7268361868914,75.2895601624008,1.6135960229976598,46.89498450128824,19.819609355665435,4.779014977590268,,,,
G,LightGBM,158,9,3,130.99132666560703,10.107802002049697,-14.194353777879433,10.136394687315995,2.9716200588501622,3.4482024235688264,-1.465893478698189,0.8755871908984799,,,,
G,LightGBM,158,14,3,2906.2457297756505,53.35269071148837,-187.51837205304847,50.763403587494544,3.934883542057794,12.915781866613488,-16.98666187736299,1.0746709720461711,,,,
G,LightGBM,159,6,3,149.41302012229127,10.423680386838626,-33.06061817730441,10.457578346228152,2.0081762870257918,5.039350883825143,2.1208412198160356,0.8176493367416281,,,,
G,LightGBM,159,12,3,45.81202842321719,6.649194566172362,-1.6390693147471271,7.92558054716361,4.4122319996886015,1.8532226307056636,1.917944578326676,1.183623645927261,,,,
G,LightGBM,160,12,3,281.659254662829,16.113981130160795,-27.395246969593302,15.952428758313324,3.4020124094032647,4.929371278787921,-3.018785312611667,0.9060245016641787,,,,
G,LightGBM,161,15,3,383.291245567482,19.48847400402092,-32.810793824119905,19.93582615762702,3.514483284680018,5.8247553945799355,-4.64424420947203,2.1634911441620033,,,,
G,LightGBM,162,5,3,21.637976024727113,4.6275132809386115,-6.32404036144635,4.9672261817451835,1.7437099383151071,2.9239922421155455,-1.5878766224561225,1.6940648000107394,,,,
G,LightGBM,162,9,3,20.841419688095062,4.548603874309815,-7.633144024425536,4.677863697047663,1.5633800209943625,3.0038715308325443,0.5017094424489614,0.8923775767737198,,,,
G,LightGBM,162,10,3,11.497200838080099,3.294518743642642,-0.42520333674726746,4.35048931370481,2.8037680437089016,1.5569351713157271,0.14352971028932066,1.057739140225647,,,,
G,LightGBM,162,13,3,35.04828069868483,5.747428149089299,-2.6377011691670815,6.618667252055832,3.1052731407479364,2.132245945004035,0.696179352161091,1.1853184612230978,,,,
G,LightGBM,162,16,3,1657979.3248003505,983.4518917160609,-61312.80423833866,924.9457511229225,5.136211616227452,179.11132372082133,331.236922434639,-6.781592975278826,,,,
G,LightGBM,163,8,3,20.747651284360064,4.522410515136303,0.16887933959421678,6.936478323896803,5.062961859528517,1.3726436225341647,-0.7255011084508421,1.0524736796328724,,,,
G,LightGBM,163,9,3,45.32944565822151,6.709813381910075,-8.520186413286117,6.646494733361735,2.193503423282072,3.05167693691904,-0.4295801224271559,0.4460496505743395,,,,
G,LightGBM,163,12,3,3490.879025977509,49.98109794494102,-476.1102295833097,48.35926958799925,2.9348474544897893,17.655686685104698,2.4617238100771544,1.0945258464396568,,,,
G,LightGBM,165,6,3,36.541954499544204,5.9818405169987985,-4.1693844386422345,6.668431156806302,2.688239009861075,2.494951189297201,-0.1359005867852443,1.1219760804427843,,,,
G,LightGBM,165,12,3,225.4338711492511,14.109336418831893,-71.48562315707743,13.45679694275668,1.7449012130976584,7.6790823000323725,-4.113985967738741,0.23567009989282872,,,,
G,LightGBM,166,9,3,85.78024393523515,9.053849705972253,-13.036284633666595,8.665236673829488,2.702315575272761,3.44402170727369,1.973185663406453,0.8787923318564316,,,,
G,LightGBM,167,10,3,134.95387624698614,11.612650646464596,-5.854290490698816,12.03450581693312,4.443279979424273,2.7071174446388855,-2.1311588392542675,0.875577035849024,,,,
G,LightGBM,168,10,3,7.68324405491725,2.7073443907182315,-0.6524697401776528,3.116932569376381,2.3179921787875535,1.3876204529428646,-0.2902382548983651,0.7438659669852207,,,,
G,LightGBM,169,8,3,66.18950581848694,7.9818811613952,-5.572484313302707,8.215672807655293,3.346398053771656,2.5445658395126576,-1.7199904811916422,0.9036715741932301,,,,
G,LightGBM,170,6,3,48.24417149135423,6.595713950992838,-21.605070855378674,6.989445016813266,1.5996726703213389,4.584198569170191,-0.49485532076600053,1.7737936569153614,,,,
G,LightGBM,170,9,3,10.35454003513054,3.189004142401933,-0.06592100951827755,4.408677700136852,3.1781439959445703,1.3965594134728496,-0.4362083526894462,0.9747898479899763,,,,
G,LightGBM,174,10,3,12.27111850663033,3.497546651593708,-0.2345018974777621,3.978099051222639,3.1792454232593617,1.25294136466897,-0.6166141863023271,0.6920528360378434,,,,
G,LightGBM,175,9,3,726.5432031465128,25.17416122588017,-216.4719729466601,24.44391705655622,1.8392315565396975,13.345278198655038,4.987681511354846,-0.345598263421389,,,,
G,LightGBM,179,7,3,22.292571893117213,4.694199570568265,-4.800216641647303,5.087085587926285,1.952019538770721,2.604014863357168,0.7165721376486934,1.094183336191078,,,,
G,LightGBM,182,5,3,2810.2412396670607,47.463815248382076,-1389.0350647570976,45.888404285321506,1.504027192318613,31.74352491377206,0.3697029052749006,7.907152558644049,,,,
G,LightGBM,185,5,3,17.1134284927536,4.1030683559007555,-3.550017495350499,4.520825511293849,1.9651872439819023,2.3110218714755253,-0.3513176086931981,0.9779934595749674,,,,
G,LightGBM,189,3,3,251.31059665886585,10.703504939571433,-95.31059111122903,11.10941586598915,1.4691250180988282,7.073210425461692,-0.5740113039625347,2.337303325957468,,,,
G,LinearRegression,131,9,3,35.94478569846216,5.990106678157436,-8.005877965701025,5.507988481624235,2.0182603497068663,2.743386461539236,3.1951966632989257,1.150052169655934,,,,
G,LinearRegression,131,11,3,5.003338155884465,2.1995323125864865,0.6576284956643289,4.432649639582608,3.7859373042696505,1.169137038414387,0.6579091643074576,1.0430859278015598,,,,
G,LinearRegression,140,9,3,49.63603865304055,6.072028230208537,-6.152583239468796,6.405094188683331,2.6829652455349318,2.416550333683108,-1.2500911698737136,0.7870564104172088,,,,
G,LinearRegression,142,12,3,5.012046675163959,2.2341027330833794,0.7348657526836707,3.759699958509288,4.432945775526991,0.84808528036278,-0.4299793111418067,0.734127177681895,,,,
G,LinearRegression,143,11,3,674.9753661963122,25.841099780337743,-192.34083945009556,22.108901942288867,1.8715323519213467,11.932452683842884,11.10830570358785,-4.793084782033744,,,,
G,LinearRegression,144,8,3,19.232351341609164,4.256654356878681,-0.7770297692812411,5.38134050903517,3.254513453257204,1.6507605239823462,-1.6444967701872455,1.1358980285655447,,,,
G,LinearRegression,145,8,3,17.36353034853541,4.107494516132892,-0.039331913848665155,6.238487721017047,4.212658939588259,1.4949714563394723,-2.1492644102925142,1.2641941663183804,,,,
G,LinearRegression,147,13,3,37.50119824874442,6.0710895510243335,-5.213996884060623,5.565779504472435,2.473017340793184,2.258230418406391,2.1006930219416793,0.4163271084247811,,,,
G,LinearRegression,148,13,3,9.159163365508524,3.0103973212121016,-0.06301742407352397,5.420759586083502,2.916754558870162,1.8542720901309686,-0.667368329677771,1.7197105803671882,,,,
G,LinearRegression,149,9,3,1.1452960990076118,1.0690154681301507,0.7166292751376152,2.2811121817026914,2.026858521879755,1.1305823406062598,0.6684287798954531,1.061717042039186,,,,
G,LinearRegression,152,8,3,17.058754932630745,4.109829146575483,-5.31551019800633,4.3648474676033056,1.7004800825157096,2.6009723492070833,1.9910119110561355,1.5291978891166231,,,,
G,LinearRegression,153,11,3,10.048260684912442,3.046346826966174,-1.42979354009518,4.195344394233747,2.0277539449532975,2.060433877214399,-0.28586801516313115,1.5191051667622215,,,,
G,LinearRegression,153,14,3,17.393356455574125,3.9364833186341293,0.05082363620547773,5.422626992102718,4.405077499099619,1.2373675561950923,-1.5023281575156158,0.8817926627652047,,,,
G,LinearRegression,154,8,6,423.17044786770674,15.314313181402872,-38.121259026177405,15.95201600192241,2.6500779412233126,5.0902853952380545,3.0857848529103666,2.2583228724520663,,,,
G,LinearRegression,155,5,3,15.02566399604696,3.8008915665923007,-7.513413532306928,3.5209804664860567,1.3378849514002626,2.639321183005888,1.9701186671504243,1.066690667621702,,,,
G,LinearRegression,155,6,3,3.083592096533325,1.6576725692303018,0.21004603124044105,3.275656931613622,2.0557779663911178,1.6202487522501368,0.4205197986259123,1.5534442439621774,,,,
G,LinearRegression,155,9,3,9.606561249010586,3.05140079676398,-0.6000601335188848,3.7608952629085786,2.495380916657975,1.5270846625735084,-0.37875199539701176,0.9954696711608584,,,,
G,LinearRegression,155,11,3,38.040473577575206,6.14893521614765,-3.101992786008068,7.486509585037299,3.079596204271285,2.446286039228241,1.8643450547400036,1.646190643191937,,,,
G,LinearRegression,157,9,3,295.9228707373082,16.831383844955003,-33.816250328121235,13.613570123876025,2.914738495435858,4.708611166795378,7.860526645866713,-1.6304276367525417,,,,
G,LinearRegression,157,10,3,2.6577357740846175,1.623284328187147,0.8185860652525215,3.4473590911859393,3.854217306528174,0.896963903800123,-0.14936941748230634,0.8167124750380247,,,,
G,LinearRegression,158,6,3,1714.242991181732,34.63494737553434,-654.19428070211,28.046683310461543,1.6135960229976598,17.380570175801093,20.02826076570233,-1.0931666067285262,,,,
G,LinearRegression,158,9,3,100.85294143892447,8.47652179900947,-10.821887242387847,9.164083801284455,2.9716200588501622,3.11259693508805,-2.0241240713987083,1.1101313041379754,,,,
G,LinearRegression,158,14,3,580.2510234252608,23.994963016200604,-37.29391757564229,24.32172433225152,3.934883542057794,6.2095737989995605,-8.33483636489322,3.6938060981322565,,,,
G,LinearRegression,159,6,3,53.5370469823579,6.120562787588479,-11.343694223184995,5.40971480298592,2.0081762870257918,2.6174577069604177,2.9497974402323,0.30558727704954,,,,
G,LinearRegression,159,12,3,11.914282160728042,3.199823573130915,0.24680493986023846,6.7957025668169,4.4122319996886015,1.5831174010671651,0.9903356384375135,1.4568723219914272,,,,
G,LinearRegression,160,12,3,100.55216528149349,10.01919248946364,-8.272346342718167,10.233662157677477,3.4020124094032647,3.1013758373556826,-2.7320887989246363,1.1860922021333644,,,,
G,LinearRegression,161,15,3,195.99133658436463,13.96439740453117,-16.599443408665174,15.349458509915594,3.514483284680018,4.475285415355075,-2.639041800122467,2.5132632703041353,,,,
G,LinearRegression,162,5,3,3.2315351499935416,1.7734691850499882,-0.06558280769210234,3.050291695851351,1.7437099383151071,1.7452483790922833,-0.43882379793257514,1.559448448852069,,,,
G,LinearRegression,162,9,3,5.047192224590259,2.1892443234819545,-1.0904763335708594,2.7170121212039753,1.5633800209943625,1.7333522440670537,0.3121287942257511,1.1077435924575398,,,,
G,LinearRegression,162,10,3,4.227900738485865,1.991808443488136,0.42586569857421147,3.7946342632119965,2.8037680437089016,1.3690847653497442,-0.07800283957419026,1.1971473531489638,,,,
G,LinearRegression,162,13,3,8.147120177453571,2.8395387961810834,0.1401379941872774,5.240207120074551,3.1052731407479364,1.6903343394161243,0.24355168164341312,1.5166958629147402,,,,
G,LinearRegression,162,16,3,954482.5150800293,790.7070520620091,-35968.97785758877,765.8709590179452,5.136211616227452,149.18358312811918,91.60726821183812,63.050088409229886,,,,
G,LinearRegression,163,8,3,4.217858185749839,2.013707604673245,0.8383506589969247,5.485469087879811,5.062961859528517,1.085622272978466,-0.546954973825761,1.0220864384478434,,,,
G,LinearRegression,163,9,3,7.578234833307843,2.7497431235030767,-0.6934855765286252,3.052742503800381,2.193503423282072,1.385669994732355,-0.7674249729923521,0.7114226077098548,,,,
G,LinearRegression,163,12,3,3023.16718000748,46.07507338003319,-403.48689282426204,45.9813687238641,2.9348474544897893,16.772131213168976,3.5037830067027365,3.7810710683106166,,,,
G,LinearRegression,165,6,3,5.867447403116015,2.391109015482157,0.1981496478686834,4.1904203454661415,2.688239009861075,1.5574473130728979,-0.9952387209383525,1.3999756949799522,,,,
G,LinearRegression,165,12,3,73.01739557245934,8.545001702076362,-23.46366127465492,7.7141227182717556,1.7449012130976584,4.465929438593084,-2.775282524299838,-0.20323190636815536,,,,
G,LinearRegression,166,9,3,14.581474202886016,3.701867767726893,-1.4185343478938754,3.910454274678061,2.702315575272761,1.5374688752262944,1.370657238650492,0.8882140514590265,,,,
G,LinearRegression,167,10,3,72.44697083344813,8.391668084855677,-2.7072104301172644,8.012998936742097,4.443279979424273,1.80615993934458,-3.0586152188240505,0.5658877236900751,,,,
G,LinearRegression,168,10,3,1.0107695279660718,0.9842615292601646,0.8063884397039284,2.267383776183698,2.3179921787875535,0.9887318504316239,0.03173475265363716,0.896337719366732,,,,
G,LinearRegression,169,8,3,10.428696264292137,3.0571736591542265,-0.04683736929809623,4.312245561050853,3.346398053771656,1.3172216639614216,-1.167048826128746,0.9753537094732776,,,,
G,LinearRegression,170,6,3,4.706470508832946,2.1684058555672068,-0.9166471912005227,3.333482553901945,1.5996726703213389,2.098023483006749,0.4896776826192036,1.7985466498406801,,,,
G,LinearRegression,170,9,3,2.165617418615834,1.4058980680994893,0.7855524203499162,3.5436154446085375,3.1781439959445703,1.115522487953537,-0.36642301012455486,1.0330844241320027,,,,
G,LinearRegression,174,10,3,2.970673026325374,1.7213303841289898,0.6988486277536844,2.900273887296395,3.1792454232593617,0.9161171667368057,-0.503782843470423,0.7892630187074553,,,,
G,LinearRegression,175,9,3,252.4707381119948,14.655974654880689,-74.48652241256922,13.42053156528472,1.8392315565396975,7.325651511625527,4.34522897380583,-1.878967152434978,,,,
G,LinearRegression,179,7,3,5.864977975225247,2.271954789711681,-0.520280719449067,3.1793556216786256,1.952019538770721,1.6277438165433906,0.5691906814628421,1.1584463130234648,,,,
G,LinearRegression,182,5,3,1825.8399133772807,36.98276864135436,-899.3397689029393,36.121760091333506,1.504027192318613,25.14180780469363,-6.7159668309576475,16.59445735830083,,,,
G,LinearRegression,185,5,3,2.208043039469369,1.4694691335443657,0.4220578862281168,2.670674213018488,1.9651872439819023,1.3631975022939882,0.16612942402798855,1.156077360759508,,,,
G,LinearRegression,189,3,3,30.479041802163707,3.6843229115990055,-10.667810656313328,3.34420128214952,1.4691250180988282,2.194609238578738,-2.043347554209992,1.0184035856829048,,,,
G,MLP,131,9,3,403.5979981533817,19.882095755808347,-101.09379611942889,18.370610002450462,2.0182603497068663,9.199014717356238,8.221185064162924,1.9269785249907854,,,,
G,MLP,131,11,3,58.4294393903578,7.619221769202468,-3.111967739457248,9.17740619659615,3.7859373042696505,2.4282327105847634,0.4557800430632744,1.4322931539150012,,,,
G,MLP,140,9,3,1024.5237232280358,26.347906566836034,-146.7201437492341,26.68869504980204,2.6829652455349318,10.11178050488357,-3.3493414784508446,2.7294836308946366,,,,
G,MLP,142,12,3,82.95042418470679,9.095918921959365,-3.3591506836545606,9.419033891778291,4.432945775526991,2.1390586327225454,-0.45955897449948785,0.6793280723004617,,,,
G,MLP,143,11,3,11021.572195728995,103.26381096871289,-3142.612958909763,101.40925237638506,1.8715323519213467,54.381652000536725,9.529884101104527,-10.355513786407874,,,,
G,MLP,144,8,3,395.83116751703886,16.978962503857026,-32.96987914955847,17.334461932182204,3.254513453257204,5.195426828585236,-1.435668962534583,1.1544420924597643,,,,
G,MLP,145,8,3,275.1771899991076,15.554259618813184,-15.091420322714987,15.803860550999827,4.212658939588259,3.8167006254448235,-2.875576323476844,1.0502139070978433,,,,
G,MLP,147,13,3,1446.0918855303423,36.935584855062615,-232.52000136243248,36.62308079160228,2.473017340793184,14.757988632123265,1.789333276894893,2.365422469399611,,,,
G,MLP,148,13,3,35.43883374974218,5.846188361152696,-3.0595389169637532,7.032311515406632,2.916754558870162,2.3957399063713223,-1.014161922046865,1.469924895636862,,,,
G,MLP,149,9,3,12.062043394564379,3.418282362321501,-2.1175318187895296,4.170532975620419,2.026858521879755,2.0969542485028123,0.6479610255353979,1.3463559974903427,,,,
G,MLP,152,8,3,914.646551168265,30.034887287090996,-333.8703010882652,29.378369473402156,1.7004800825157096,17.578312172810914,6.627755197555903,4.127761002731212,,,,
G,MLP,153,11,3,144.32570221649092,11.269413901624608,-33.74090325795545,11.311801928888537,2.0277539449532975,5.577350707418533,-0.11850582684269846,0.9329108159338944,,,,
G,MLP,153,14,3,82.51196712780164,8.624079592196875,-3.447994718930909,9.545160953617843,4.405077499099619,2.1769338319836753,-0.7704351475105354,0.7416091979827241,,,,
G,MLP,154,8,6,1432.7262043621413,29.05193127015603,-133.59512020867734,29.028181569875343,2.6500779412233126,9.407044815457645,3.8769145958492732,1.9118708636297164,,,,
G,MLP,155,5,3,367.7654889663606,18.1768735192214,-201.4886481012311,17.40824275497986,1.3378849514002626,12.959252449319294,0.2467636897506793,-0.030485730576557717,,,,
G,MLP,155,6,3,33.230093235397554,5.641555368155937,-7.3907169562966075,6.4374481387072615,2.0557779663911178,3.1750111655709152,0.4891705485566505,1.5991394123121359,,,,
G,MLP,155,9,3,61.20499034002029,7.813670204158595,-9.003559457507258,8.210164970087474,2.495380916657975,3.3106545907637135,-1.4686341236648246,1.2476706373542543,,,,
G,MLP,155,11,3,200.62864340805717,12.268639755048794,-18.50682513049715,12.52006562131624,3.079596204271285,3.975517994274376,0.015782754572204793,1.2463100403516574,,,,
G,MLP,157,9,3,3014.105564087191,51.36747301144828,-358.0121262742261,47.37161992265476,2.914738495435858,16.45097068543546,17.36297485593613,-4.35146461963252,,,,
G,MLP,157,10,3,21.934540165595365,4.677182077520107,-0.47296757780143023,5.535095434516876,3.854217306528174,1.438577886635697,0.8172318918796592,0.8277630301158955,,,,
G,MLP,158,6,3,6273.86529572267,66.21680009905104,-2354.6234416466573,65.23976680970283,1.6135960229976598,40.270918154864944,11.073464333416164,0.6432348303790452,,,,
G,MLP,158,9,3,333.0274190622927,16.107412366315383,-38.99652848347981,15.958868563135438,2.9716200588501622,5.468795307027652,-4.15076060685085,1.0775881931930582,,,,
G,MLP,158,14,3,17041.310168564632,122.84419917564203,-1160.3464657275501,120.61922032483149,3.934883542057794,31.081551296271126,-25.53985706714579,8.500497277151547,,,,
G,MLP,159,6,3,1521.492767943187,31.168664275781538,-353.49326545201285,30.783197076019245,2.0081762870257918,14.85065608410296,5.852222721170887,2.548570744353024,,,,
G,MLP,159,12,3,246.4089621719888,15.197401860952828,-14.016858060545715,17.35237581678801,4.4122319996886015,4.1225349679993055,1.1626832225727457,2.3971518528236473,,,,
G,MLP,160,12,3,1757.3447993780574,39.56770547369984,-152.21598698002518,39.62894565814953,3.4020124094032647,11.791078864379068,-2.545845762007856,1.0271405691007571,,,,
G,MLP,161,15,3,1367.106724185173,36.02074695160929,-106.35713625308956,36.74403283367543,3.514483284680018,10.440442348427755,-5.4651094304923005,4.457032198100577,,,,
G,MLP,162,5,3,73.88853267899678,8.323875876561617,-21.292205953937835,8.498195092121131,1.7437099383151071,4.820884170748839,-0.9737557584970755,1.750746193622706,,,,
G,MLP,162,9,3,155.82424061210955,11.48961320683103,-65.4575639148314,11.789920984266843,1.5633800209943625,7.621025888829557,0.954195928082406,2.323624584884453,,,,
G,MLP,162,10,3,31.132870895963407,5.2487591032183,-2.706134900304976,6.037816251660061,2.8037680437089016,2.1343295263607853,1.0612391783454282,1.1072918604745572,,,,
G,MLP,162,13,3,123.19844901229811,11.086807000636114,-12.061891065645135,12.22141903077379,3.1052731407479364,3.9577809950561025,-0.1171488604432231,1.872436705582735,,,,
G,MLP,162,16,3,346721.9853157092,465.3545018291591,-12910.863323259679,437.62940765223124,5.136211616227452,84.86571259223952,14.541914218951936,11.525259678411935,,,,
G,MLP,163,8,3,90.95115381477058,9.507461578077358,-2.721456242658677,11.117858936302085,5.062961859528517,2.226672952233144,-2.138531124690004,1.28442777857238,,,,
G,MLP,163,9,3,124.62326321657359,11.046328146986994,-28.6548937855556,10.729473076190933,2.193503423282072,5.067525946540535,-0.9669323018791095,0.43390020897983667,,,,
G,MLP,163,12,3,12223.763289368473,92.08417819310529,-1674.5545936889775,90.42961977587042,2.9348474544897893,33.1705500723044,7.391950237010725,-0.010553692319562083,,,,
G,MLP,165,6,3,97.92819371896559,9.588526994188161,-12.811415825190418,9.953079830545375,2.688239009861075,3.7247962972901383,-1.0072773230324479,1.158828928017143,,,,
G,MLP,165,12,3,1020.3130158439295,31.53131065913379,-323.61581215086153,31.070738115017477,1.7449012130976584,17.68618923554123,-4.306542703176646,0.2524155636697116,,,,
G,MLP,166,9,3,339.22079387181617,17.894287822387692,-54.7326399527736,18.01183983085244,2.702315575272761,7.090493549118758,1.5485254234989483,1.9788573638816713,,,,
G,MLP,167,10,3,3351.9938856342364,57.11981492310776,-170.3804086188295,56.87416186539508,4.443279979424273,12.830658986901303,-7.303829361970325,2.1549622476577546,,,,
G,MLP,168,10,3,12.848387141497788,3.570253272710277,-1.6560287895640353,4.192122277318472,2.3179921787875535,1.8368279872796691,-0.6868938260496676,1.054541183164962,,,,
G,MLP,169,8,3,185.0220356429367,13.526685624361837,-16.47323817420077,14.062229590160799,3.346398053771656,4.306473579951402,-1.1566159423972662,1.4772129479851859,,,,
G,MLP,170,6,3,147.6919619816649,11.735923274784867,-60.87585667014901,11.99522952753608,1.5996726703213389,7.653744993765822,-1.492979739511292,2.0398151731487797,,,,
G,MLP,170,9,3,22.288254327394366,4.563193965361737,-1.199484848952823,6.125319075869,3.1781439959445703,1.9310096556142886,-0.554179051786558,1.359176746230597,,,,
G,MLP,174,10,3,80.0774294285953,8.833145750153756,-7.116884784462987,9.424545045846939,3.1792454232593617,2.9861706392712186,-0.6975371906736448,1.2361389986993734,,,,
G,MLP,175,9,3,3102.975544645263,50.41063729835378,-919.1488044102288,49.999197680396804,1.8392315565396975,27.229857464623382,3.356860160199109,-5.5035239959226105,,,,
G,MLP,179,7,3,119.57512879082533,10.294548006835214,-29.489117809979636,10.402043352705805,1.952019538770721,5.295692749673951,2.1922422626906615,1.607669548360355,,,,
G,MLP,182,5,3,8241.87189662587,83.87624399913899,-4007.5570119603885,82.77413433187645,1.504027192318613,56.76900994614479,-12.152296689468224,17.031519096605567,,,,
G,MLP,185,5,3,33.783696095248885,5.773173272885241,-7.964836496646343,6.41600437241044,1.9651872439819023,3.2887666684192927,0.38415913728641,1.7448646401945898,,,,
G,MLP,189,3,3,398.1580701536513,13.529028047291272,-151.95553047908462,13.347474331240425,1.4691250180988282,8.52520903683961,-2.8544533587618655,2.1856809622274618,,,,
G,MODEL3-ICL-MC,131,9,3,43.2354860369609,6.565408643318868,-9.619228406832525,6.194063663412327,2.0182603497068663,3.0842653659496704,3.7086006979132864,1.6927995783111642,,,,
G,MODEL3-ICL-MC,131,11,3,10.999706689435152,3.276442579380354,0.2438129182094023,4.58261390960207,3.7859373042696505,1.2114767328861908,0.9213854373525362,0.9549912694039104,,,,
G,MODEL3-ICL-MC,140,9,3,77.20542640034624,7.460545540441923,-10.13775177210468,7.784773129696877,2.6829652455349318,2.9402678080609186,-2.0866199176235622,0.9991648705844708,,,,
G,MODEL3-ICL-MC,142,12,3,11.469703075648136,3.3373092010207213,0.39401502870909716,3.8130615163959067,4.432945775526991,0.8560215459823164,-0.3661784097932492,0.5698704558039082,,,,
G,MODEL3-ICL-MC,143,11,3,1037.8421972430972,32.20515713914917,-301.0427466952262,30.21754972016417,1.8715323519213467,16.30577054805707,7.729481291375351,-4.77061992886325,,,,
G,MODEL3-ICL-MC,144,8,3,34.05283008287538,5.799205578443767,-2.2713686059402014,6.764748019146705,3.254513453257204,2.085774893805485,-1.3888587345360677,1.2624967244594083,,,,
G,MODEL3-ICL-MC,145,8,3,38.371716791825044,5.99158157382908,-1.3810428565248014,7.8600896816180965,4.212658939588259,1.8966537502201983,-2.4608093496864156,1.4329334846833308,,,,
G,MODEL3-ICL-MC,147,13,3,75.6998280191686,8.530697915601358,-11.552656632416102,7.908532076236483,2.473017340793184,3.2034753439116836,2.154947975642424,0.8089937852950785,,,,
G,MODEL3-ICL-MC,148,13,3,15.09424566754204,3.8168648349118115,-0.7824697872212311,6.097056898176074,2.916754558870162,2.0914653594657118,-0.7502566505899355,1.8666302388829576,,,,
G,MODEL3-ICL-MC,149,9,3,1.428810452354444,1.1433442840236148,0.6240807367388451,2.263297852289469,2.026858521879755,1.1186717893440636,0.5313472623098475,0.9860409783856876,,,,
G,MODEL3-ICL-MC,152,8,3,37.76363042748266,5.954051812943394,-13.491432538021684,6.063819730955914,1.7004800825157096,3.6563095023804433,2.3694094280339546,1.6440143800876976,,,,
G,MODEL3-ICL-MC,153,11,3,19.766186360968238,4.416832545598293,-4.047349670681584,4.999007628670231,2.0277539449532975,2.4744049556237564,-0.8534091873607466,1.2130103333370186,,,,
G,MODEL3-ICL-MC,153,14,3,29.349842900631028,5.043214990622212,-0.589020315208875,6.578271586510096,4.405077499099619,1.4976551351049956,-0.7602987369414088,0.8688758203835247,,,,
G,MODEL3-ICL-MC,154,8,6,587.7547480798493,17.24089062596402,-52.56946024881763,17.771600735400288,2.6500779412233126,5.643652268084794,3.3858008918075875,2.718127062961548,,,,
G,MODEL3-ICL-MC,155,5,3,22.942719192966837,4.64466415603185,-11.998308079477304,4.487760514471773,1.3378849514002626,3.3643139358254657,2.2710231209958476,1.55162689141405,,,,
G,MODEL3-ICL-MC,155,6,3,4.62928834477706,1.9415032010714672,-0.17344351127766366,3.5942459774153512,2.0557779663911178,1.7748088228068062,0.5037266896145761,1.7152588018324044,,,,
G,MODEL3-ICL-MC,155,9,3,11.483596949944575,3.3181079631147092,-0.8917235371549745,3.902253050833874,2.495380916657975,1.5763199873529405,0.08938445945874267,0.9214371301211263,,,,
G,MODEL3-ICL-MC,155,11,3,65.61908058896195,8.053946575590908,-6.292474464521587,9.315941635761712,3.079596204271285,3.027440661020851,2.375920631068895,2.0190139712200974,,,,
G,MODEL3-ICL-MC,157,9,3,386.29747666894195,19.268105853308224,-48.61530976839435,16.390709239702236,2.914738495435858,5.759591619574363,7.183987180144245,-1.8860697193222078,,,,
G,MODEL3-ICL-MC,157,10,3,3.2432050892821493,1.782094584787438,0.7779631651260027,3.7229281451736718,3.854217306528174,0.9703332922916411,-0.03039249832689203,0.8707207539641799,,,,
G,MODEL3-ICL-MC,158,6,3,3445.5507631207583,44.47362571436084,-1247.9320258329642,41.874563053369066,1.6135960229976598,25.522497930308848,15.205071898439362,0.1201893050286343,,,,
G,MODEL3-ICL-MC,158,9,3,94.30888631428725,8.15646887844784,-10.544690141789081,8.7911177304835,2.9716200588501622,3.019134642962771,-1.3823562587923195,0.9728233710870976,,,,
G,MODEL3-ICL-MC,158,14,3,2404.335978155612,46.97166346856989,-162.54082167119964,40.841522499500904,3.934883542057794,10.527990907984567,-19.159263287457666,2.333880677489056,,,,
G,MODEL3-ICL-MC,159,6,3,70.0683347614539,6.924823816648381,-14.791943436546736,6.252011836480978,2.0081762870257918,3.0016030240162004,2.996726803771157,0.6614687633609967,,,,
G,MODEL3-ICL-MC,159,12,3,23.545939026251357,4.551573603822023,-0.4352139051011558,7.125337888128033,4.4122319996886015,1.674719582887511,1.972940682573799,1.4372641370300092,,,,
G,MODEL3-ICL-MC,160,12,3,222.3819882844344,14.547158102972253,-18.086486338471776,13.08553545557272,3.4020124094032647,3.9066079724274942,-6.389254156945364,0.8804907445448426,,,,
G,MODEL3-ICL-MC,161,15,3,199.528580474947,14.065642586204431,-15.748789089444204,14.759151814499113,3.514483284680018,4.2334836734545656,-1.1763584459401901,1.7575546101809658,,,,
G,MODEL3-ICL-MC,162,5,3,2.9844546262109604,1.7239495969419523,-0.14720734475085528,3.1434790838431685,1.7437099383151071,1.841943470245086,-0.19733675688565677,1.6683661683480857,,,,
G,MODEL3-ICL-MC,162,9,3,8.658569882381359,2.6958517104815414,-2.508727115819728,3.3884286912221806,1.5633800209943625,2.160685838759426,0.2040620975851901,1.4940436751680206,,,,
G,MODEL3-ICL-MC,162,10,3,5.095942766306106,2.1525806238473604,0.34485647313929185,4.111816494819622,2.8037680437089016,1.4754773022552137,-0.12842525592727197,1.304206059867922,,,,
G,MODEL3-ICL-MC,162,13,3,21.33120686291611,4.577095922501848,-1.1992969619492593,6.4605499831566435,3.1052731407479364,2.071902646246729,-0.22336417298271186,1.5872056823400091,,,,
G,MODEL3-ICL-MC,162,16,3,1071112.343575118,826.7405448630857,-40095.540498203525,811.2091009300053,5.136211616227452,157.5568778198415,91.95723462206176,40.54414020430881,,,,
G,MODEL3-ICL-MC,163,8,3,6.192380150169847,2.4587109286792717,0.7586771292329985,5.587284044737074,5.062961859528517,1.105800913868087,-0.5272631026938865,1.016086934563182,,,,
G,MODEL3-ICL-MC,163,9,3,8.069498313891911,2.7778694421573973,-0.5883215671231835,3.678543735095905,2.193503423282072,1.6792203191962456,0.19671430914551977,1.1779284540868893,,,,
G,MODEL3-ICL-MC,163,12,3,3658.137210085572,51.01136450303958,-491.34879478860177,50.27423431945334,2.9348474544897893,18.365795264066428,4.989017774868018,4.171003908689388,,,,
G,MODEL3-ICL-MC,165,6,3,8.274076987553356,2.8631684535841084,-0.1345235386846424,4.371807739344921,2.688239009861075,1.6245827680901126,-1.5282439315477212,1.4162521356188353,,,,
G,MODEL3-ICL-MC,165,12,3,121.90323031370436,10.79914163924766,-38.03699721118195,10.235034381752408,1.7449012130976584,5.836205963478293,-2.595926576244007,-0.04233540611727016,,,,
G,MODEL3-ICL-MC,166,9,3,24.240168421136406,4.847435023396072,-2.906507589167757,4.216661836719883,2.702315575272761,1.6766120143099474,1.8808414276279388,0.6851375544738935,,,,
G,MODEL3-ICL-MC,167,10,3,105.24146323769456,10.054735590190083,-4.3734270972467675,9.041555933889237,4.443279979424273,2.0343179771547626,-4.320124174932687,0.5489863518484815,,,,
G,MODEL3-ICL-MC,168,10,3,1.666204397061384,1.2441502495732861,0.7168663172575901,2.2887039952059305,2.3179921787875535,0.9941175393333723,0.209349584444574,0.8659329350772684,,,,
G,MODEL3-ICL-MC,169,8,3,12.748568636681687,3.4750035093113922,-0.3152956458326685,4.528858229982624,3.346398053771656,1.3902200998827103,-1.2801897531576518,0.9463785843101182,,,,
G,MODEL3-ICL-MC,170,6,3,5.524625858262293,2.30831781085908,-1.2345978881360598,3.441654530913483,1.5996726703213389,2.1552371832835244,0.6367862803891164,1.881196810659939,,,,
G,MODEL3-ICL-MC,170,9,3,2.393084140949507,1.534819929042305,0.7455490056338093,3.4527437704104353,3.1781439959445703,1.090300720507797,-0.3564415226580599,0.9968853277634174,,,,
G,MODEL3-ICL-MC,174,10,3,3.003529932454542,1.6821474606311673,0.7159124995167829,2.860789925058634,3.1792454232593617,0.9023808867601769,-0.603317860472119,0.7872907041823979,,,,
G,MODEL3-ICL-MC,175,9,3,438.62686209282566,19.501749208723556,-129.77783525018074,18.45048584411109,1.8392315565396975,10.062357416607059,5.246380176102882,-1.336566606607654,,,,
G,MODEL3-ICL-MC,179,7,3,4.949911168034348,2.09883776475428,-0.2874116851372907,2.8163757769496196,1.952019538770721,1.4415980579482301,0.5604894552195682,0.9792058320943854,,,,
G,MODEL3-ICL-MC,182,5,3,1315.8391133039322,31.778365563620724,-666.1944439861848,32.032354165177416,1.504027192318613,22.35589747498525,-2.249947699490812,16.97646268363906,,,,
G,MODEL3-ICL-MC,185,5,3,1.906350916664758,1.3385548640707785,0.5098761140788471,2.752617784234969,1.9651872439819023,1.398583529818137,0.26572752377507947,1.2463851844209748,,,,
G,MODEL3-ICL-MC,189,3,3,38.97537146092922,4.1627253353325155,-13.919799028142402,3.5772096844738352,1.4691250180988282,2.3309006064180484,-2.2218061070716746,0.6260407226671499,,,,
G,RandomForest,131,9,3,131.14846143117552,10.932827452782483,-31.80999955544512,8.922260284443015,2.0182603497068663,4.438707918864961,5.376401249617103,-0.9298507354520057,,,,
G,RandomForest,131,11,3,11.2988420414976,3.1945447435600265,0.1829067991057586,3.771916482453039,3.7859373042696505,1.0034042311718632,0.18928205101532022,0.6318102942526388,,,,
G,RandomForest,140,9,3,115.8265525030249,7.650682040709981,-15.673076233507432,7.530026973843395,2.6829652455349318,2.845730287755613,-1.8119597180684945,0.5637912167598526,,,,
G,RandomForest,142,12,3,14.624769767055163,3.6668994496850034,0.2678567959732173,3.653353116059245,4.432945775526991,0.8247871933546586,-1.2007317450070836,0.5216851511410313,,,,
G,RandomForest,143,11,3,2175.054429087623,45.18734376374038,-627.9721942132468,42.99078469363613,1.8715323519213467,23.188431496067057,9.770138905369155,-0.9087003263700103,,,,
G,RandomForest,144,8,3,8.550369169846805,2.8035726577847186,0.2368169400318301,4.030982370390019,3.254513453257204,1.2264810566327036,-0.3388506190345701,0.9012452785475128,,,,
G,RandomForest,145,8,3,17.270646026875383,4.022166738736735,0.08020853428752583,5.405166357417997,4.212658939588259,1.274997280987412,-1.3097761141371405,0.9192202414116865,,,,
G,RandomForest,147,13,3,260.1661892572511,14.807181661244785,-41.70135007387274,14.048477757349294,2.473017340793184,5.682121612493636,3.9265328401608355,0.2039154752280977,,,,
G,RandomForest,148,13,3,4.674482247524403,2.1531300950654644,0.4365552734992473,2.8123833770735907,2.916754558870162,0.9687399221549137,-0.47702297742260824,0.7081627240832774,,,,
G,RandomForest,149,9,3,6.371011289400935,2.5040282938202165,-0.5352862337882378,2.858817509717655,2.026858521879755,1.430961776970338,1.0417465443793603,0.9222096563885741,,,,
G,RandomForest,152,8,3,49.83658589511419,5.762781802386857,-19.656236980762763,5.896920264061674,1.7004800825157096,3.667492649974017,1.3008377764962324,1.165511499641174,,,,
G,RandomForest,153,11,3,15.646511152120013,3.7346185887117147,-2.780364651504611,3.9382360396645777,2.0277539449532975,1.9493163555574677,0.014099269812260987,0.7197563652145007,,,,
G,RandomForest,153,14,3,17.018925744968723,3.96029065603221,0.1523410598965417,3.8290449131123983,4.405077499099619,0.8674306084592347,-1.1369072832558118,0.490351001862444,,,,
G,RandomForest,154,8,6,2053.808717656998,21.705887792828687,-167.89996368972365,21.69153776008157,2.6500779412233126,6.666083820359049,3.6598906683768373,0.5530311877948418,,,,
G,RandomForest,155,5,3,74.43694713909983,7.6662778093288395,-39.17322553355667,7.439832340637043,1.3378849514002626,5.505540185963148,1.8619996380561403,1.0237281599018857,,,,
G,RandomForest,155,6,3,11.176998901650009,3.0359604994498732,-1.777743438881106,3.8351298863512304,2.0557779663911178,1.8999685881533657,0.3441411756015906,1.2985118851644684,,,,
G,RandomForest,155,9,3,14.787321072367797,3.6226436707914,-1.4839784638427556,4.174959880055307,2.495380916657975,1.6920614476003049,-1.1521879856395427,1.115061209570218,,,,
G,RandomForest,155,11,3,182.562561822981,11.100194290076137,-15.11335200887965,11.684708637769967,3.079596204271285,3.6421508940020293,2.404212352115041,1.4622393843902293,,,,
G,RandomForest,157,9,3,3020.382676872338,52.84101009404453,-385.6759789276325,51.09379439761474,2.914738495435858,17.981003535900047,12.22338138736697,-2.155362911667346,,,,
G,RandomForest,157,10,3,5.874424705064587,2.4057604610347147,0.6040550063696688,3.014813403714103,3.854217306528174,0.7862658786242046,-0.19622299668858081,0.6242529471185675,,,,
G,RandomForest,158,6,3,41547.55897562257,154.3485133816213,-17124.16812751989,151.1601340491691,1.6135960229976598,95.79487549595541,33.351677543558075,24.456480921079876,,,,
G,RandomForest,158,9,3,59.72320945939624,5.7533042113187,-5.242955410556511,6.255012859560303,2.9716200588501622,2.0509857162836083,-0.3911765967956819,1.06855339836755,,,,
G,RandomForest,158,14,3,2180.8231489895265,43.21390534132979,-133.25455078344208,42.2699194648039,3.934883542057794,10.62385184140985,-8.799799786570565,0.3217919079078743,,,,
G,RandomForest,159,6,3,14.092639073734967,3.2255773978803197,-2.182161233646688,3.5245797053300545,2.0081762870257918,1.7063683721201361,0.7896672425978642,0.9214595982854193,,,,
G,RandomForest,159,12,3,40.98888382059748,6.158834493565313,-1.5206288142252264,7.532259287698103,4.4122319996886015,1.7614994611567587,1.8929889786149303,1.031116505510982,,,,
G,RandomForest,160,12,3,378.1441897584513,18.8406824463931,-39.82377599802263,18.38390479540023,3.4020124094032647,5.796453234120034,-3.791366693450938,0.6838860960735832,,,,
G,RandomForest,161,15,3,85.6058796704397,8.299776394847882,-5.64794130704544,8.06598272001179,3.514483284680018,2.2430754967538884,1.2079699397814958,0.4074025528620324,,,,
G,RandomForest,162,5,3,19.18355494980135,4.314399091483596,-7.054964083646747,5.16204171845358,1.7437099383151071,3.1302770756921117,-1.0951473561982261,2.0710693296745446,,,,
G,RandomForest,162,9,3,13.795629102424206,3.5461131875534755,-5.186621338830007,3.530101660605489,1.5633800209943625,2.314874400581848,0.4728608788761643,0.6103308142129409,,,,
G,RandomForest,162,10,3,5.909969890717874,2.404775183085928,0.267639525749286,2.897817239182224,2.8037680437089016,1.0255274357759037,0.1597851510517595,0.6793311388269606,,,,
G,RandomForest,162,13,3,17.943252853414773,4.201280810271032,-0.9133610213272391,5.11031896285987,3.1052731407479364,1.6479998669951959,-0.3398842510887687,0.9407270142881649,,,,
G,RandomForest,162,16,3,1141291.9595313834,674.1465870526142,-41560.81021021528,657.7689490678316,5.136211616227452,125.99322401966798,149.08636412803568,20.869854202585525,,,,
G,RandomForest,163,8,3,10.228317834065903,3.13823946404318,0.5657551760092244,4.634418640736325,5.062961859528517,0.922922701883401,-0.23409436706281853,0.7158076230596747,,,,
G,RandomForest,163,9,3,57.57402136083908,6.298479816260222,-9.486264564881765,6.248512581982354,2.193503423282072,2.7448903822363313,0.14363222312971458,0.5280805582206186,,,,
G,RandomForest,163,12,3,23234.06264082309,92.61764042277667,-2942.5392036058875,91.15684481788912,2.9348474544897893,32.2990523522899,13.006313155159463,1.7923234796895227,,,,
G,RandomForest,165,6,3,7.317410166887711,2.647400718663329,0.01048197713460027,3.3654163465799467,2.688239009861075,1.2462250530950063,-0.02126549650702053,0.7982235915699739,,,,
G,RandomForest,165,12,3,221.72292202275875,12.462570338544596,-62.322214051089624,11.194729895201865,1.7449012130976584,6.151507999900125,-4.822035192510224,-0.8885407928340056,,,,
G,RandomForest,166,9,3,172.69196173862247,10.971080666667811,-29.87687107626178,10.491575356845907,2.702315575272761,4.286198905830115,2.192910134690502,0.7644464948455368,,,,
G,RandomForest,167,10,3,31.56974480474908,5.300069490400179,-0.6248270192798796,5.153341612094543,4.443279979424273,1.1652841733240307,-0.9357289740403615,0.5385873650427689,,,,
G,RandomForest,168,10,3,3.09845199087902,1.7543711086891436,0.41476510004105593,2.047203657821811,2.3179921787875535,0.8998247960767531,-0.0007420947133735095,0.6276455911836957,,,,
G,RandomForest,169,8,3,78.4882132897115,8.700051057122684,-5.870153870894996,8.295273329591284,3.346398053771656,2.4947979011893735,-2.119291959195721,0.4221073997463117,,,,
G,RandomForest,170,6,3,32.30031571312049,5.509667694003132,-11.199248368914544,5.874568414788739,1.5996726703213389,3.657485784979771,0.4246540575357372,1.3395284626202795,,,,
G,RandomForest,170,9,3,3.7455926821609205,1.9167948744256655,0.5960394961523163,2.950185709472008,3.1781439959445703,0.9328577134186483,-0.13773194485892354,0.7414839653896675,,,,
G,RandomForest,174,10,3,4.538943568772702,2.1282341588211247,0.5435531318093426,2.755251173951761,3.1792454232593617,0.8701361462605911,-0.23389424547218662,0.6586848492176826,,,,
G,RandomForest,175,9,3,483.62412712708414,21.523552172256817,-143.0529670124308,20.477804812553938,1.8392315565396975,11.157381915581611,3.7746806657579963,-3.885224211790734,,,,
G,RandomForest,179,7,3,41.200503845941896,4.7298516972620765,-10.236230483089258,4.846032449884306,1.952019538770721,2.5173723674194357,0.511744632779987,0.8776402310637916,,,,
G,RandomForest,182,5,3,4943.908454110173,60.75169095240839,-2271.6549464846235,60.20028825527805,1.504027192318613,41.0295064930125,-6.770007219143839,4.569318099160786,,,,
G,RandomForest,185,5,3,8.72553983330369,2.7936523177106367,-1.4049141694025888,3.524465005139339,1.9651872439819023,1.8096498938543686,0.12125283923511536,1.0616532248250203,,,,
G,RandomForest,189,3,3,4284.455369339258,38.996586017251175,-1629.7693568344168,38.857815046315416,1.4691250180988282,24.135269433802392,-4.616493201599192,-2.957554580304475,,,,
G,Ridge,131,9,3,35.60799954987901,5.962256051574322,-7.920578312723357,5.467241786384794,2.0182603497068663,2.723066481175426,3.202683006791712,1.1415237049803573,,,,
G,Ridge,131,11,3,4.899873801237632,2.1773234955536256,0.6646418273026041,4.39546346457424,3.7859373042696505,1.1593523208602674,0.6552940340092418,1.0346374463208872,,,,
G,Ridge,140,9,3,48.99566345762429,6.036859047537841,-6.060150565819838,6.358646675959192,2.6829652455349318,2.399026332528335,-1.252548162830051,0.7811732902907669,,,,
G,Ridge,142,12,3,5.005202869910306,2.232773250410015,0.7353538567623952,3.7323907305226154,4.432945775526991,0.8419416156119954,-0.42702948811009905,0.7290762253060493,,,,
G,Ridge,143,11,3,665.2880127504276,25.655903827215937,-189.57227636432762,21.919274311980455,1.8715323519213467,11.830638256085445,11.077873242178141,-4.765105226984498,,,,
G,Ridge,144,8,3,18.953161079886254,4.225593816592218,-0.7511011424169186,5.343655861855751,3.254513453257204,1.6392012606304835,-1.641732869750234,1.1287882602054085,,,,
G,Ridge,145,8,3,17.082304871069237,4.0749461304238945,-0.02230461601870637,6.194685065326579,4.212658939588259,1.484421929554921,-2.1458835671681804,1.2560020188171974,,,,
G,Ridge,147,13,3,37.0595431810746,6.035321617148877,-5.140689923100283,5.519486760578931,2.473017340793184,2.239441353445314,2.1102637469741183,0.41229264803195015,,,,
G,Ridge,148,13,3,8.929828964542232,2.9728083085227044,-0.03664364220694933,5.376839600780991,2.916754558870162,1.8393059838694583,-0.671027910234811,1.7055089264702783,,,,
G,Ridge,149,9,3,1.1307302622043878,1.0623270944608794,0.7202657044715545,2.2644703725633293,2.026858521879755,1.1223639286430662,0.668418147438321,1.054206489022116,,,,
G,Ridge,152,8,3,16.78456888695335,4.076695992633555,-5.21346373191102,4.329035518109827,1.7004800825157096,2.57951568988467,1.984974884130142,1.5185104212844494,,,,
G,Ridge,153,11,3,9.842205544893735,3.015174718231019,-1.380635165194929,4.162586368983729,2.0277539449532975,2.044387896128307,-0.2836240404028142,1.5089848816671187,,,,
G,Ridge,153,14,3,17.19516172381165,3.909550480877082,0.06144696307912458,5.3840941897425365,4.405077499099619,1.2286067701199628,-1.4975164974039712,0.875803078293146,,,,
G,Ridge,154,8,6,416.7446587474237,15.198836091431708,-37.529763316286804,15.82408627500522,2.6500779412233126,5.049507874664119,3.0980771165912984,2.2353481894588607,,,,
G,Ridge,155,5,3,14.859164638441252,3.7793873701054292,-7.419301584617796,3.4952994052990327,1.3378849514002626,2.6200595909290403,1.9688015577313234,1.060845235230307,,,,
G,Ridge,155,6,3,3.0193888043212613,1.6407754432297008,0.2265869507188665,3.2541796553259417,2.0557779663911178,1.609634730380517,0.4196780944985961,1.5435054465793427,,,,
G,Ridge,155,9,3,9.484108371197573,3.0332278507200097,-0.5791317754780604,3.736788237682111,2.495380916657975,1.5172724185130388,-0.37448815838588795,0.988731456664861,,,,
G,Ridge,155,11,3,37.53322266684325,6.107811458088011,-3.047815939668517,7.4398123235593046,3.079596204271285,2.431003818954276,1.867838065659413,1.6367148853532767,,,,
G,Ridge,157,9,3,292.9783783997393,16.74804163487836,-33.46924841826618,13.525535750669457,2.914738495435858,4.678157863403057,7.846453000282817,-1.6196988582925307,,,,
G,Ridge,157,10,3,2.65727530942886,1.6238687080511418,0.818725596555673,3.4236496503179175,3.854217306528174,0.8907866011325721,-0.14865841332022775,0.8111859964738041,,,,
G,Ridge,158,6,3,1696.1131003846715,34.44793515971692,-647.2394185194147,27.848307406211916,1.6135960229976598,17.25743693289977,19.983464236423647,-1.0901614138182556,,,,
G,Ridge,158,9,3,99.45546577129494,8.416827269222358,-10.65891795892558,9.09867975414465,2.9716200588501622,3.090409243908896,-2.022634106039479,1.1044627034906407,,,,
G,Ridge,158,14,3,571.9022676342389,23.821258988806022,-36.74528768715643,24.1323070215626,3.934883542057794,6.161271927130635,-8.342670395134517,3.66253610422802,,,,
G,Ridge,159,6,3,53.03146717707364,6.093839185214644,-11.227560953495813,5.371982144746127,2.0081762870257918,2.5992401072559344,2.9541326713394565,0.3049809641157078,,,,
G,Ridge,159,12,3,11.66324528172047,3.162187487158805,0.26218884770359896,6.7493134964722294,4.4122319996886015,1.5723138150973928,0.9891842232769358,1.446815517230357,,,,
G,Ridge,160,12,3,99.39031948738902,9.961062454596428,-8.163737690925494,10.168809355166616,3.4020124094032647,3.081788825290532,-2.7377740668301414,1.1793457193115051,,,,
G,Ridge,161,15,3,192.9703734009041,13.856341452587783,-16.3299049071974,15.23882466388143,3.514483284680018,4.443007779836682,-2.6337788878264345,2.4958581423437187,,,,
G,Ridge,162,5,3,3.176678865971754,1.758598820833403,-0.048745201421409264,3.032281358206653,1.7437099383151071,1.73501571895017,-0.4421554797194762,1.5505460769804549,,,,
G,Ridge,162,9,3,4.979251882595527,2.17528017136403,-1.062900830664481,2.6993617856249834,1.5633800209943625,1.7221173637483715,0.31015796319103545,1.1002599286337473,,,,
G,Ridge,162,10,3,4.155039493682848,1.9743376855408663,0.4359701431976619,3.766931457976863,2.8037680437089016,1.3591031752356963,-0.07161312413646666,1.1879604905049284,,,,
G,Ridge,162,13,3,7.964703501436392,2.80741972131598,0.15922354809745068,5.203777445603072,3.1052731407479364,1.6785795652035675,0.24795583918040143,1.5063688448561159,,,,
G,Ridge,162,16,3,939881.3481698529,784.5950288011101,-35417.389574950896,759.8876454170016,5.136211616227452,148.0177201703573,92.0286482313266,62.409884343353326,,,,
G,Ridge,163,8,3,4.152842983888856,1.99915013889692,0.8408339643697628,5.4516423840163455,5.062961859528517,1.0789695983185006,-0.5442751355081695,1.0159678563327936,,,,
G,Ridge,163,9,3,7.485279596784413,2.7326763648636905,-0.6737812202268371,3.030447594050051,2.193503423282072,1.375539097753235,-0.7645206519598139,0.7069051917369092,,,,
G,Ridge,163,12,3,2980.3718072502957,45.75117344666587,-397.763810543558,45.65036310467388,2.9348474544897893,16.651529937727002,3.554901262858434,3.752534282285733,,,,
G,Ridge,165,6,3,5.781902178112264,2.3738034387841638,0.20988841462727958,4.165921316564387,2.688239009861075,1.5483397896603772,-0.9958167152335266,1.3915390007698847,,,,
G,Ridge,165,12,3,72.24495352741265,8.499687907788378,-23.19940823135443,7.6629779652198025,1.7449012130976584,4.436240237943778,-2.779107311532402,-0.20507060592206638,,,,
G,Ridge,166,9,3,14.441898570483735,3.685453541934168,-1.394072315328993,3.8821255189801835,2.702315575272761,1.52643988717782,1.3713199636123088,0.8818143416027096,,,,
G,Ridge,167,10,3,71.72086467724527,8.34960105538068,-2.6701294181199935,7.961990615359459,4.443279979424273,1.7946703663047359,-3.059233913084167,0.563301882295708,,,,
G,Ridge,168,10,3,1.0056644436375024,0.9817307375497637,0.8076283511535131,2.251816441979898,2.3179921787875535,0.9820295588684796,0.03188850179080723,0.890356437404113,,,,
G,Ridge,169,8,3,10.310649046923155,3.041074618006346,-0.03474448082779624,4.285395744062294,3.346398053771656,1.3090360337710722,-1.1637573776528185,0.9696073899532885,,,,
G,Ridge,170,6,3,4.632229190673354,2.151221800101276,-0.8867414407391748,3.3147204344074623,1.5996726703213389,2.086233265585196,0.49086735731466397,1.788919888224779,,,,
G,Ridge,170,9,3,2.135454553980454,1.397495248748536,0.788482054170339,3.5237658413279114,3.1781439959445703,1.109268253212532,-0.3637830273270835,1.0273491857651376,,,,
G,Ridge,174,10,3,2.9619382772522322,1.7190027889317712,0.6998889426972802,2.883157778224403,3.1792454232593617,0.9106977732610346,-0.5035794974166545,0.7846418532659761,,,,
G,Ridge,175,9,3,249.66463630171054,14.574362684351213,-73.6468446608949,13.333482817267955,1.8392315565396975,7.278128902200437,4.34626753906028,-1.8696731126086352,,,,
G,Ridge,179,7,3,5.788392488608224,2.257063153461733,-0.5003909102353922,3.1590323544128402,1.952019538770721,1.6173531435284858,0.5712519619061723,1.151160108540567,,,,
G,Ridge,182,5,3,1807.121583672033,36.79509264937658,-890.0111239443446,35.927951485630025,1.504027192318613,25.00671819070229,-6.717443028339719,16.50241864457957,,,,
G,Ridge,185,5,3,2.1764435524665964,1.4588315374310286,0.4304404308982792,2.654210042986722,1.9651872439819023,1.3547974890354018,0.16107376197114778,1.1487190023208633,,,,
G,Ridge,189,3,3,30.352311123342233,3.6733154351377166,-10.618542217319698,3.3275293092733746,1.4691250180988282,2.1836537809033385,-2.043649005186466,1.0138377102703198,,,,
G,SVR,131,9,3,1.0934120674123775,1.0376130124458491,0.735765292131218,1.33795822645241,2.0182603497068663,0.6678336719276197,0.2225456713274593,0.6079716472006801,,,,
G,SVR,131,11,3,5.0964303772881285,2.254554410223601,0.6456665118916838,2.0518696167457886,3.7859373042696505,0.5424293300892141,-0.34380535007236385,0.4792143898890084,,,,
G,SVR,140,9,3,2.3236991860458636,1.5225194668752782,0.6781781906094076,1.5197572608929037,2.6829652455349318,0.5670968564567149,0.229721571314328,0.5110960724685439,,,,
G,SVR,142,12,3,6.649049480423535,2.570024390397643,0.6593804449840812,2.079474230364554,4.432945775526991,0.4676303380616305,0.1089695903733467,0.44073509480388723,,,,
G,SVR,143,11,3,1.1220085442508012,1.0531609056301297,0.6842470775942892,1.0979014087059076,1.8715323519213467,0.5886411655331392,0.25199339830966155,0.524764560091056,,,,
G,SVR,144,8,3,2.3664470684322754,1.4885951141023182,0.7842104560627973,2.218071641986077,3.254513453257204,0.6853589992325547,0.0019197823638948397,0.63373545763384,,,,
G,SVR,145,8,3,6.119064266295482,2.4604613645555076,0.6588539482629776,2.1670288552625387,4.212658939588259,0.5159597587130372,0.21337547270960264,0.46582199158837384,,,,
G,SVR,147,13,3,2.218257896315231,1.4888955607226857,0.6374732230188455,1.3880868117893836,2.473017340793184,0.5619195255275463,0.3106748506388568,0.48897957171285866,,,,
G,SVR,148,13,3,2.701607287975337,1.6344753916148596,0.6860691487794194,1.6012553808713852,2.916754558870162,0.5501465708273926,-0.282563382319988,0.5117560432709068,,,,
G,SVR,149,9,3,1.2012044436529214,1.0726355211607823,0.716312719900909,1.3837329240765488,2.026858521879755,0.6856562655976023,0.20564723812746769,0.6062746142547505,,,,
G,SVR,152,8,3,0.5717975327103993,0.7350628616977363,0.8149188308271119,1.2575642692546296,1.7004800825157096,0.7490459818326124,-0.16511065189944873,0.6974996583021243,,,,
G,SVR,153,11,3,1.186138373978304,1.0884643453767762,0.7089948144798882,1.3615762722245532,2.0277539449532975,0.6709399440609111,-0.06706557344320256,0.5852981541233852,,,,
G,SVR,153,14,3,8.864766859781797,2.952678287142976,0.5527796371533026,1.8311797746793832,4.405077499099619,0.4176737472428478,-0.013233904868299859,0.36857180197913914,,,,
G,SVR,154,8,6,2.139950261320642,1.4336437775144573,0.6966697356915991,1.6523483719332066,2.6500779412233126,0.6265700190041805,0.07408094249876218,0.5511957855321201,,,,
G,SVR,155,5,3,0.6241119254953064,0.7893948014934601,0.6519834827566041,0.9228589136942644,1.3378849514002626,0.6899637740555548,0.1261283005012629,0.573266536129656,,,,
G,SVR,155,6,3,0.9096942865630524,0.9452710400531773,0.7877198476168238,1.4404344298157021,2.0557779663911178,0.7037673170335618,-0.05790554090883931,0.6445860966645368,,,,
G,SVR,155,9,3,2.0328220388310765,1.4057733663655387,0.6801168344846892,1.4570574549990336,2.495380916657975,0.5848588087635858,0.00804638402301953,0.5126734615099389,,,,
G,SVR,155,11,3,3.4282879411138496,1.8256472717187515,0.6488170193982746,1.5614075846202937,3.079596204271285,0.5113668232001972,0.40454594414125783,0.4649607517888319,,,,
G,SVR,157,9,3,2.2911209705879076,1.5061559755885572,0.7326810605410635,1.8262692409722314,2.914738495435858,0.6284002199060373,0.05482920943110226,0.5647318692257258,,,,
G,SVR,157,10,3,5.2156191790798205,2.278185616281817,0.6476621300635161,1.9291149974105561,3.854217306528174,0.49991025098814595,0.06976828055141764,0.45156589610246006,,,,
G,SVR,158,6,3,0.6959975324513591,0.8325148376789473,0.733443536630351,1.2402889610871555,1.6135960229976598,0.7689156725950749,0.17185491086440496,0.6722978283715126,,,,
G,SVR,158,9,3,2.0698516397488245,1.4277106208213848,0.7681937822167391,1.8558816782166068,2.9716200588501622,0.6259225110769652,0.20530133207983728,0.5845517397969986,,,,
G,SVR,158,14,3,6.473023807541625,2.541822660466822,0.5822516823594385,1.6993934914037505,3.934883542057794,0.431992143386533,-0.5205291998768004,0.3937862044611335,,,,
G,SVR,159,6,3,1.1893298825005114,1.07613626663114,0.7133261002067878,1.462844501275483,2.0081762870257918,0.7310706781640318,0.22266042020728682,0.6322210571958607,,,,
G,SVR,159,12,3,7.998332258993301,2.769997057328466,0.6084806214531385,2.066411755209093,4.4122319996886015,0.4749379295914527,0.32003930911991746,0.42187425167846265,,,,
G,SVR,160,12,3,4.492319405724282,2.0544195874189803,0.6415046738771619,1.6956815691736609,3.4020124094032647,0.5111645002605946,0.08749429169799196,0.45602154709383563,,,,
G,SVR,161,15,3,4.331613347368102,2.0500968921214913,0.6616860361539953,1.8292580782939218,3.514483284680018,0.52658600635629,-0.2213763953724109,0.48171829763399554,,,,
G,SVR,162,5,3,0.7872413740891918,0.8420658539285766,0.7680278634226761,1.3671870019864238,1.7437099383151071,0.8019154594471996,-0.2719338893627867,0.7246200605041128,,,,
G,SVR,162,9,3,0.7986616265366778,0.8839357601134711,0.6805076875335804,1.0408569864043151,1.5633800209943625,0.6713340221726938,0.039215635295586894,0.5741532364764899,,,,
G,SVR,162,10,3,2.654272055230713,1.6165883716118037,0.6687160694969894,1.4937614458384483,2.8037680437089016,0.534737526832308,0.06641497597113216,0.48312335831916836,,,,
G,SVR,162,13,3,2.988084958083375,1.723431927148736,0.6908874508734821,1.6380698896959072,3.1052731407479364,0.5277080483012546,-0.004907228924875402,0.48758116922931044,,,,
G,SVR,162,16,3,15.109729625664812,3.8837475511629127,0.42833211124356246,1.4611154719708541,5.136211616227452,0.2845958970600646,-0.32832922991929636,0.25956485074729396,,,,
G,SVR,163,8,3,6.844210395497021,2.5903126856136005,0.7398151901611175,2.914667324759835,5.062961859528517,0.5770912305856045,0.05664454038331474,0.5373753635367522,,,,
G,SVR,163,9,3,1.4945108121498005,1.2161164709368502,0.681390274130762,1.3433611837256745,2.193503423282072,0.6210567908318755,0.0043187349584420665,0.5388360415399193,,,,
G,SVR,163,12,3,2.7430219222233636,1.6363812422151938,0.687951091522275,1.6512551213268631,2.9348474544897893,0.5657475153986545,-0.11760664699210614,0.5088813198231907,,,,
G,SVR,165,6,3,1.219511176829786,1.102894345352599,0.8308757747446656,2.07508582379837,2.688239009861075,0.7728027029097984,-0.11717007777259049,0.718053200730992,,,,
G,SVR,165,12,3,0.9731421237745864,0.9692420415994899,0.6926820283885512,1.111886404104223,1.7449012130976584,0.6425740714396961,-0.04668402401816154,0.5570978967502324,,,,
G,SVR,166,9,3,2.546482134201304,1.521738067948177,0.6913549040466652,1.5508645607022793,2.702315575272761,0.5885049332729232,-0.04668934870421195,0.5259056768387449,,,,
G,SVR,167,10,3,5.075711443134475,2.251565724922306,0.7422527256311898,2.52275170878726,4.443279979424273,0.5675292614902995,-0.2002843222886963,0.536783115241047,,,,
G,SVR,168,10,3,1.2611324754093651,1.103801421260512,0.7756211037879566,1.5109194714370753,2.3179921787875535,0.6578487315994769,0.03497405982739767,0.6121588412668489,,,,
G,SVR,169,8,3,3.2451303749160787,1.7128728056166558,0.7394910468329753,2.1053967365089528,3.346398053771656,0.6439956597790112,0.26345458176044456,0.5916488479034205,,,,
G,SVR,170,6,3,0.7102421020394297,0.8415111281918595,0.716977833327597,1.225053003745283,1.5996726703213389,0.773001639446851,0.005995298278864293,0.6638833366289664,,,,
G,SVR,170,9,3,2.3200996658871,1.5127565208348586,0.7675410727743195,2.0705985701063208,3.1781439959445703,0.6535695122978024,0.007941394052552933,0.6003624988533774,,,,
G,SVR,174,10,3,3.0546605494047316,1.7166806585983727,0.6991644381067159,1.9920217156576066,3.1792454232593617,0.6281990374653585,-0.3147632377933794,0.5567569741544822,,,,
G,SVR,175,9,3,1.1083591167395606,1.049407458071437,0.6725875899124336,1.2297955499011672,1.8392315565396975,0.6689550217207497,0.1772471745518184,0.5714745248153176,,,,
G,SVR,179,7,3,1.0684334861344862,1.017511540839142,0.7231606166621996,1.5146444231758285,1.952019538770721,0.7772790649988721,0.17076524592735473,0.671533122428528,,,,
G,SVR,182,5,3,0.5902975081205387,0.7606339263582482,0.7457909217992841,1.202177380244497,1.504027192318613,0.8025856449035635,-0.1253407240615937,0.7026481130838804,,,,
G,SVR,185,5,3,0.5369165287221843,0.7294972649049667,0.8608671785044205,1.7035308617557365,1.9651872439819023,0.8671437511648451,-0.2441338105125543,0.8144253286270002,,,,
G,SVR,189,3,3,0.34862881337531765,0.5803523640082268,0.8416724635871929,1.4120062325454716,1.4691250180988282,0.9665661058069109,0.21338454346068048,0.9010888962739309,,,,
G,XGBoost,131,9,3,953.5585041790213,25.795120438434083,-240.68775654601845,23.940364678700764,2.0182603497068663,11.88314197574679,8.962981024263554,-2.695916953462999,,,,
G,XGBoost,131,11,3,19.90003739297293,4.175801277264891,-0.4452159395002484,5.082376639048259,3.7859373042696505,1.3496776523392,-0.6979446822750575,0.7733222813567989,,,,
G,XGBoost,140,9,3,342.3164628778176,13.499656117592588,-48.30233110410301,13.523701985677084,2.6829652455349318,5.117991516331354,-2.5251750846216416,1.5412172155006412,,,,
G,XGBoost,142,12,3,98.83461964620675,8.408592911211437,-4.227945201847875,8.333643277486166,4.432945775526991,1.918868724277554,-2.084481478385684,0.5210925177867345,,,,
G,XGBoost,143,11,3,13013.839193779053,69.28750886210885,-3130.8536698738258,68.25844303766887,1.8715323519213467,33.71923292044996,8.994264262427667,2.118305485740916,,,,
G,XGBoost,144,8,3,6.357230284689663,2.498749657509396,0.41276751077754154,3.7261552015940347,3.254513453257204,1.140911780652283,-0.062048646730074236,0.8627503199786822,,,,
G,XGBoost,145,8,3,18.04099293475907,4.225433913512231,-0.024008114648945894,5.550371328989665,4.212658939588259,1.3229254013758354,-0.8471430370553342,0.9009730661641492,,,,
G,XGBoost,147,13,3,982.7717496068318,27.421793024775877,-160.94437806626118,26.605342547098797,2.473017340793184,10.772115385056397,5.475343675876572,-0.3402764283096665,,,,
G,XGBoost,148,13,3,7.132198118994537,2.6425201850135855,0.16232460038705102,3.3872553507486978,2.916754558870162,1.1712678839135704,-0.45174086349013715,0.8042493047967567,,,,
G,XGBoost,149,9,3,6.164826496519491,2.479060325561537,-0.5593152383728152,2.8991130193074546,2.026858521879755,1.4510946232989905,0.6256779676228429,0.8677157851820673,,,,
G,XGBoost,152,8,3,394.4126105058596,12.708393653480295,-167.35012618873725,12.873952388763428,1.7004800825157096,8.287690386413106,2.080649404865258,1.960162460916863,,,,
G,XGBoost,153,11,3,19.293712521251877,3.815538532198012,-3.4198728589252334,3.941966414451599,2.0277539449532975,1.9094190355128964,-0.348142347287777,0.671193857510532,,,,
G,XGBoost,153,14,3,295.09393507715646,15.478416125692553,-16.30941683140769,15.323272864023844,4.405077499099619,3.601173135009512,-3.3418662434694926,0.673747071841189,,,,
G,XGBoost,154,8,6,6092.064926893519,37.86942597308405,-502.2147808907389,37.62778719266256,2.6500779412233126,11.703224120096502,5.678259574881618,0.3698054882209989,,,,
G,XGBoost,155,5,3,683.9094619056759,24.221667750798968,-375.7458291087121,24.04426097869873,1.3378849514002626,17.891456160887696,3.3674656854724394,1.8861307380330956,,,,
G,XGBoost,155,6,3,104.71848572709827,7.855914529692579,-24.757354833436306,8.371046543121338,2.0557779663911178,4.136806608208144,0.6416455408717109,1.7379279991874694,,,,
G,XGBoost,155,9,3,45.35714578663775,6.156733811019616,-6.798855472620157,6.386977195739746,2.495380916657975,2.6192539434343356,-1.610574220149812,1.044842039339138,,,,
G,XGBoost,155,11,3,765.0457738484757,17.79975842668927,-62.2701964736805,18.216429471969608,3.079596204271285,5.358374916307395,3.212706647636035,1.9743033719875083,,,,
G,XGBoost,157,9,3,6429.6989933552295,69.4641552047757,-826.1168369913563,68.09271049499512,2.914738495435858,24.143586163632154,12.661800018943795,-4.010471348659461,,,,
G,XGBoost,157,10,3,9.751644473193814,3.089433610120859,0.3530577669600287,3.50882895787557,3.854217306528174,0.9111144406367205,0.3875270492551372,0.6017177957762305,,,,
G,XGBoost,158,6,3,135.5574382483119,11.339130392255209,-49.72811741111815,11.615546226501465,1.6135960229976598,7.159570332339193,0.9235822729189787,2.244464726231594,,,,
G,XGBoost,158,9,3,1901.356044752001,26.6908554097204,-196.33964887467422,27.081353505452473,2.9716200588501622,8.7669899389637,-3.7411807191776862,3.4068907099423043,,,,
G,XGBoost,158,14,3,10102.389295306688,60.452120411837875,-716.5273682532553,59.844592014948525,3.934883542057794,15.906220036062562,-10.876496656434929,3.754154427817794,,,,
G,XGBoost,159,6,3,22.866667208129883,3.8206038012128567,-4.447855335822844,4.295568307240804,2.0081762870257918,2.1153766552719393,0.5208782314579923,1.0192763703668222,,,,
G,XGBoost,159,12,3,93.53199796131105,8.02939398591314,-2.6752182075898037,9.267625172932943,4.4122319996886015,1.9639522222349053,-0.5672681954745864,1.1564823544052805,,,,
G,XGBoost,160,12,3,2487.791496224209,31.094674702009915,-199.20632028633338,30.844883680343628,3.4020124094032647,8.800366899925745,-4.922470942530561,-0.1354663045642748,,,,
G,XGBoost,161,15,3,507.1467691283071,19.23474829207579,-35.430567063208755,19.2229110399882,3.514483284680018,5.202855683179895,2.217567542001334,0.6548827344851053,,,,
G,XGBoost,162,5,3,16.051948726659173,3.9932097718592576,-4.593201551909499,4.825111548105876,1.7437099383151071,2.812605522920077,-0.5248627035652955,1.7747339116504746,,,,
G,XGBoost,162,9,3,15.1925241826002,3.395399339083337,-4.424881155213357,3.8092095057169595,1.5633800209943625,2.3625953701908897,0.3153438742679743,1.1092869713769675,,,,
G,XGBoost,162,10,3,14.079302494796456,3.374673699788074,-0.6555882277053305,4.1914753913879395,2.8037680437089016,1.4760780899205699,-0.06430348935675569,0.9129114162641189,,,,
G,XGBoost,162,13,3,49.40820876852303,6.562277888416912,-4.169482338659027,7.499835968017578,3.1052731407479364,2.431029483274402,-0.8739756121997454,1.29167398886262,,,,
G,XGBoost,162,16,3,11363679.440175213,1949.965847189401,-413462.533958704,1925.8579154014587,5.136211616227452,367.3701550039087,302.831690191619,60.31100398636713,,,,
G,XGBoost,163,8,3,50.568394371025164,6.257028048789944,-1.3657605840453055,7.710599263509114,5.062961859528517,1.57956521520674,-0.8341470122078029,0.8411270769644846,,,,
G,XGBoost,163,9,3,134.6117552200905,9.300152193067506,-23.151340115664706,9.276505947113037,2.193503423282072,4.052578604189621,-0.41723588692657615,0.5190239229965653,,,,
G,XGBoost,163,12,3,66816.73994895887,158.06616554400117,-8462.119858589942,156.21122328440347,2.9348474544897893,55.25385808614937,21.64592673588703,3.2696265918661567,,,,
G,XGBoost,165,6,3,7.231864354174519,2.683447038450121,-0.008033464984087227,3.1209981441497803,2.688239009861075,1.1608123681604754,-0.3169037612152709,0.7141745188979048,,,,
G,XGBoost,165,12,3,5.107187169751223,2.242823099552321,-0.644723454472909,2.2972427209218345,1.7449012130976584,1.3130914643972484,0.36807419261253976,0.5763905609496338,,,,
G,XGBoost,166,9,3,313.3643132773414,15.477743001675996,-48.99477502875944,15.537958463033041,2.702315575272761,6.035970925461723,2.671409601128012,1.2197106384503231,,,,
G,XGBoost,167,10,3,14.738210230331703,3.831159170289322,0.25421891142137376,4.185181617736816,4.443279979424273,0.9410944807263428,-0.05370927155046324,0.5729080269192158,,,,
G,XGBoost,168,10,3,15.683266875272844,3.6527645662739463,-2.0367999179598937,3.758305311203003,2.3179921787875535,1.6394190839108784,-0.610349093216826,0.680852872377319,,,,
G,XGBoost,169,8,3,478.6989754772312,18.705051682498837,-36.483103583840666,17.49777825673421,3.346398053771656,5.0242083030014,-5.632163566660804,-0.6709550978656185,,,,
G,XGBoost,170,6,3,91.48990447869829,7.469376648667946,-32.394736447933305,7.642350912094116,1.5996726703213389,4.711724610392031,1.164194661922604,0.7474592479909866,,,,
G,XGBoost,170,9,3,7.288088443521173,2.6525968005765233,0.197888066429646,3.8008792400360107,3.1781439959445703,1.2036234030082245,-0.0654828844113905,0.8325777395766094,,,,
G,XGBoost,174,10,3,7.1748144994365575,2.672843919608372,0.2932702623778857,3.2894506454467773,3.1792454232593617,1.031034528032164,-0.19579026680987854,0.6925280890855269,,,,
G,XGBoost,175,9,3,1526.0065342145645,34.4099807729475,-455.7889481040602,33.46736033757528,1.8392315565396975,18.288050814239764,3.1648410874155872,-5.826384785220653,,,,
G,XGBoost,179,7,3,27.168625196997752,4.303232504053597,-6.373271708196793,4.685348749160767,1.952019538770721,2.4239204208027254,-0.30623017924402857,1.0263635667957829,,,,
G,XGBoost,182,5,3,5521.187792734182,61.35434368195043,-2727.1258228094866,60.42297252019247,1.504027192318613,42.17558978647517,11.355921704670942,0.33905128298379533,,,,
G,XGBoost,185,5,3,9.488013164416826,2.9327946982314295,-1.4500183219228815,3.7121264139811196,1.9651872439819023,1.88593911241049,-0.11698123923418169,1.160347031958193,,,,
G,XGBoost,189,3,3,14906.39956425954,72.28294182979083,-5672.185160450109,71.70334362983704,1.4691250180988282,44.45977704289823,-9.370634459319664,-6.48833655057905,,,,
H,CatBoost,137,8,3,1.3337724797837422,1.1451729493776355,0.8666954367762981,2.643048628687598,3.1454741114707176,0.8409589726130434,-0.05651432025749128,0.7893729691184489,,,,
H,CatBoost,139,12,3,5.045697049593225,2.226475688088814,0.8231524361464545,4.051656627986289,5.281067992400223,0.7698687832147688,0.14368453399112838,0.7104085035937353,,,,
H,CatBoost,142,7,3,1.32155490702813,1.1461793369908337,0.8607411132623736,2.6208780392492534,3.1236541991689353,0.8389264412700662,0.12521748151722736,0.785758127774575,,,,
H,CatBoost,142,12,3,1.5067124691173472,1.224001873102056,0.7941019138240627,2.1785865484857143,2.715589526363558,0.8011951708686708,0.21149924024437097,0.7287352399589931,,,,
H,CatBoost,145,11,3,2.5680014918028395,1.584854086857283,0.8336574737228041,2.990219497731166,3.8868900971196805,0.7705496143347287,0.06244480468516294,0.7148525358047593,,,,
H,CatBoost,146,10,3,1.9141738731494782,1.3788882066481296,0.6428061969576274,1.721909448946387,2.3789003384578336,0.7387568392422178,-0.10811221781665874,0.5997551141091731,,,,
H,CatBoost,148,10,3,2.267888356504818,1.4992368730115526,0.8504885318944049,3.1399574085136646,3.8847498519845147,0.8080423035072138,0.10343988184005386,0.7533871134282828,,,,
H,CatBoost,148,16,3,2.3314100761384675,1.5267433407456021,0.732608538551415,2.194785816107367,3.0054382733951077,0.7333863640124837,0.1764106232494256,0.6500968482250685,,,,
H,CatBoost,151,10,3,0.8862036137684735,0.9385294406372587,0.8592362963020049,2.0999809460034284,2.517709572353685,0.8336732425922858,0.3610996069495591,0.7883058608374034,,,,
H,CatBoost,151,14,3,3.985610590504521,1.9831181759637013,0.8449365388250452,4.131891424886702,5.057353390192971,0.8176119793873156,0.06905903295154188,0.7593491499973336,,,,
H,CatBoost,152,10,3,1.8185244889957743,1.3359713400476636,0.8956290736841411,3.6319659940342564,4.123024905345218,0.8833925899258528,-0.08444217048382506,0.8403348911426521,,,,
H,CatBoost,152,12,3,2.9518157656480573,1.6985451404277903,0.788016503144922,2.8565108840492677,3.7015560179196587,0.7729411276808454,0.1696944723529219,0.6989760651167692,,,,
H,CatBoost,153,9,3,0.8563270039537784,0.9194911511972754,0.8430507759299145,1.9698936255557455,2.371625932472462,0.8306602313712341,0.14733304031660474,0.7688037630803185,,,,
H,CatBoost,153,12,3,2.574984094068161,1.5524372326601557,0.8846192785963529,3.7717403211765936,4.597979980265968,0.8247680684063877,0.27471417090471184,0.7895757868841101,,,,
H,CatBoost,154,13,3,2.3360951661880045,1.527469478702207,0.7639261876541316,2.26907988029912,3.14607771331711,0.7221062624440737,-0.1059977812402188,0.6468944511100667,,,,
H,CatBoost,154,16,3,3.759716545013932,1.9387961925726316,0.7892463623760068,3.0127191542919243,4.261019809937255,0.7078549023561006,-0.3260604100260313,0.6490121131940415,,,,
H,CatBoost,155,8,3,0.6976473303090834,0.8310208577148547,0.8875879724701861,2.107531288756238,2.4787180189050626,0.8530343705600796,0.10729022575831604,0.8106976630382716,,,,
H,CatBoost,155,10,3,1.8135604880476466,1.3223138316435994,0.8214790264625536,2.556609610182953,3.2719156893706116,0.7809572425563776,0.2755934969265863,0.7224999220322594,,,,
H,CatBoost,156,15,3,1.9761903276217108,1.3982163058439336,0.8560032589164387,2.9571443062932232,3.6801980979477684,0.8076703978919747,-0.03675767833901717,0.7563225151941172,,,,
H,CatBoost,157,11,3,1.2808272472405218,1.1243602111437216,0.7971092190300973,1.903634590353399,2.4924280979150897,0.7694741791821783,0.1579161511844027,0.7021171155326594,,,,
H,CatBoost,157,13,3,1.969038506682845,1.4017036364540767,0.7344757975158004,1.9148394415796366,2.719951649260198,0.7049364941303282,0.01572287711318184,0.6175974846954909,,,,
H,CatBoost,158,6,3,1.0623153853116736,1.0253282682904301,0.8168230423636729,1.9542836084868396,2.4132623040985144,0.8073137213911944,0.1736260092721047,0.7379614846603465,,,,
H,CatBoost,158,11,3,0.8609471050961245,0.9277810961840195,0.6028532329063255,1.0140058742441531,1.492275802448006,0.6847730290855556,-0.029203967423829403,0.5390887489218764,,,,
H,CatBoost,161,8,3,1.05460642560269,1.01984203212784,0.8929217496597556,2.829025223303178,3.1400060205297398,0.9014115654503785,0.08215734829846406,0.8538844932644839,,,,
H,CatBoost,161,9,3,0.8136622479825535,0.9012894012072118,0.7562669727852475,1.5123410224713936,1.8278678425150945,0.8302677658872116,-0.08566931789666547,0.7261580478108689,,,,
H,CatBoost,161,12,3,2.615112947809672,1.5874801126283684,0.8195103101677753,2.7835795777375107,3.7160560295456015,0.7555125321817369,-0.062409751208487206,0.6975567207202938,,,,
H,CatBoost,161,18,3,3.323543244517166,1.8043935210615238,0.8402481565033656,3.8466050879601856,4.555967778552177,0.8446667382311134,-0.06600257810478039,0.7833996826174553,,,,
H,CatBoost,162,8,3,0.8021933432477096,0.8949126785918055,0.9087530846174537,2.5847013428118877,2.9657727010839126,0.8702746601663671,0.054347334725938466,0.8341147766123452,,,,
H,CatBoost,162,10,6,1.6577237102874276,1.2732034039157794,0.8683016016594464,3.047852715178586,3.5527061842788803,0.8645480909637238,0.13357689907431788,0.8155515801742225,,,,
H,CatBoost,163,10,3,1.494254097571717,1.2174981800601041,0.9282578471522482,3.8576212176964524,4.560944912927526,0.8453397042055332,0.12377869587664508,0.8233926965105365,,,,
H,CatBoost,163,12,3,1.8283227037687293,1.3494681559511819,0.7196137409752533,1.9686370423791049,2.5586725207887198,0.7706256385954037,-0.29410487873085606,0.6711180263185442,,,,
H,CatBoost,164,9,3,0.8841905629217216,0.9219112559724986,0.9093159322230226,2.7887832782002566,3.097247428812633,0.9032701036638473,-0.29319776822872085,0.8694179820207636,,,,
H,CatBoost,164,12,3,1.840001306904778,1.3461264593398834,0.762432407024523,1.962442149405241,2.761483360956486,0.7170233522223975,0.04062680161624257,0.6403190912805593,,,,
H,CatBoost,165,6,3,0.4992283010224556,0.7056483683251175,0.8739620476583742,1.8644345639140054,1.9942314798504939,0.9385797128119417,-0.13956137602298427,0.8810923337006237,,,,
H,CatBoost,166,11,3,0.8861502952411383,0.9332633610939857,0.7747183138513334,1.5055401016281416,1.9713383099465105,0.7647630902165555,-0.21683864181054532,0.6906417067543501,,,,
H,CatBoost,166,12,3,1.3452247041531809,1.1556821310434746,0.8317949037171607,2.355264389242223,2.8715769720582407,0.8210895629116698,-0.0001650008336079005,0.7531325013138094,,,,
H,CatBoost,166,14,3,1.897751358128107,1.3610425150547425,0.8112870387030826,2.3457820633864803,3.1227772272126018,0.7536360038493316,-0.06401079940741013,0.6922240383208536,,,,
H,CatBoost,167,11,3,1.7285659215723648,1.31301219591848,0.8864667857208096,3.3186609796153674,3.8999629671206946,0.8520010430843085,-0.01497171130964803,0.8066050891452182,,,,
H,CatBoost,169,8,3,0.4099256049617393,0.6395260306282197,0.6164432089810913,0.9204101694349419,1.0336377178075702,0.8897975271623194,-0.07179850226178695,0.7112975465139805,,,,
H,CatBoost,169,12,3,1.477553085028167,1.2094763337964582,0.9467178685173687,4.83514838100927,5.297256793892527,0.9131636932490297,0.13478378167308902,0.8907992712471705,,,,
H,CatBoost,169,14,3,2.8889318734149487,1.695422986387883,0.791058866251177,2.759139083717296,3.7382901273809,0.7400534490660049,-0.0747783427435179,0.6736362790750531,,,,
H,CatBoost,170,12,3,1.9529670163011712,1.397039761398796,0.8233637299011921,2.5712953222619017,3.3292702857336507,0.7722163028795098,-0.0415078924671577,0.7106796322531551,,,,
H,CatBoost,172,8,3,0.48137129874635715,0.6903102914209239,0.9002530595971413,2.00322369150703,2.215310459013251,0.9043207999279184,0.018756913960035235,0.861230887753095,,,,
H,CatBoost,172,9,3,0.6509827110004615,0.7966962295508805,0.6773372378807433,1.2130561818459524,1.401573840045475,0.8699264676087664,0.16768300092706787,0.7292690617384016,,,,
H,CatBoost,174,4,3,0.3486424362247875,0.586033968168412,0.9094120690984878,2.000608624380528,1.952760878394719,1.025312196081751,0.03894871580042259,0.9832952836998968,,,,
H,CatBoost,176,3,3,0.2496585086131756,0.49821052944269023,-0.395445261658912,0.61601390483755,0.42324926967352416,1.4570994771445651,-0.0367194742292307,0.8803306863342174,,,,
H,CatBoost,179,7,3,0.5141821652794992,0.7153256571676897,0.8833650703322867,2.0152195854966553,2.114903691663011,0.9525309111731565,-0.11892202425727233,0.89879521744901,,,,
H,CatBoost,179,14,3,2.6799369210782604,1.6369336195165867,0.7906833708950929,2.679158466588935,3.6034448469330607,0.7442524722737723,-0.10454895065637422,0.6816287283771459,,,,
H,CatBoost,182,7,3,0.7685530647360475,0.8693733734868146,0.8886186246353756,2.2199376854573276,2.6079561369235873,0.8536674871343872,-0.00979871489450257,0.809525067295595,,,,
H,FixedRidgeLambda1,137,8,3,0.09575878204839429,0.30043299731822226,0.990374825357026,3.1521676590938044,3.1454741114707176,1.0023973238808301,0.05249906996687237,0.9979855149089746,,,,
H,FixedRidgeLambda1,139,12,3,0.17120481024415513,0.41343002155547404,0.9937464727586031,5.254899504854676,5.281067992400223,0.9954760907162252,-0.05509510384798837,0.9924870753805668,,,,
H,FixedRidgeLambda1,142,7,3,0.03816712640692363,0.1876855411930843,0.9961667980098706,3.165709822465731,3.1236541991689353,1.0129297214086594,-0.05458937786006016,1.0114244632810865,,,,
H,FixedRidgeLambda1,142,12,3,0.07358476604647046,0.26599667826573653,0.9901095194336412,2.678834920685979,2.715589526363558,0.9863211850628383,0.07189811339857494,0.9822130258580529,,,,
H,FixedRidgeLambda1,145,11,3,0.11534596794455393,0.3395001584032646,0.9920996363506465,3.9480296240625044,3.8868900971196805,1.0167119219055658,-0.05551268635606416,1.0133633434365727,,,,
H,FixedRidgeLambda1,146,10,3,0.039341615681206234,0.19761796295160328,0.9919192918992893,2.3234718381044916,2.3789003384578336,0.9778330309747325,-0.04439027511510551,0.9747128783266147,,,,
H,FixedRidgeLambda1,148,10,3,0.11207634991176348,0.3270851796370981,0.9925090596169355,3.7731773989624653,3.8847498519845147,0.9711496618281944,0.0171493051247473,0.9679531448252151,,,,
H,FixedRidgeLambda1,148,16,3,0.09112598003847294,0.2994988035906972,0.9889189883014845,2.995729174639074,3.0054382733951077,0.9970056478592194,0.05356583378115529,0.99195691810076,,,,
H,FixedRidgeLambda1,151,10,3,0.040741718251131535,0.19421258188541513,0.9934077859055089,2.54424140303813,2.517709572353685,1.010848009153525,0.0527803618687503,1.008185546489478,,,,
H,FixedRidgeLambda1,151,14,3,0.17059192278968308,0.4091536424091231,0.993473597473808,5.220918504514451,5.057353390192971,1.0322551299595353,-0.04824164626912947,1.0296530358362475,,,,
H,FixedRidgeLambda1,152,10,3,0.0992531797673244,0.31323045008483064,0.9940962165774097,4.28120371556269,4.123024905345218,1.0381914868004625,0.06576590029520067,1.0361088736518251,,,,
H,FixedRidgeLambda1,152,12,3,0.09120323546674493,0.29671121208934137,0.9928620649733421,3.755325978932857,3.7015560179196587,1.0150889721640215,0.036382725351560535,1.0121330876135235,,,,
H,FixedRidgeLambda1,153,9,3,0.04146655382847984,0.19772298602512953,0.9927676815691865,2.242342871449711,2.371625932472462,0.9454642607692492,-0.000990344661890366,0.943385578216185,,,,
H,FixedRidgeLambda1,153,12,3,0.15061811108459075,0.38674922693871244,0.9928825411492911,4.469209927577783,4.597979980265968,0.9720739212426305,0.01683994137009483,0.9692156598677207,,,,
H,FixedRidgeLambda1,154,13,3,0.09330499942018887,0.3048219338656997,0.9905607981732351,3.046181793779061,3.14607771331711,0.96866087646676,-0.0426754021437872,0.9647634926256794,,,,
H,FixedRidgeLambda1,154,16,3,0.11748868808856798,0.3409919441120512,0.9932238316836148,4.169726715333394,4.261019809937255,0.9775794114954054,0.011984544640221662,0.9746513875857877,,,,
H,FixedRidgeLambda1,155,8,3,0.0548727796020101,0.22480490183798962,0.9909921360019757,2.386631048743281,2.4787180189050626,0.9622332422294058,0.0028078322834308007,0.9587765231398184,,,,
H,FixedRidgeLambda1,155,10,3,0.0744638684990589,0.2701306077956512,0.993103371034195,3.30434610668863,3.2719156893706116,1.00988435309402,0.07771923899668252,1.0070946306744921,,,,
H,FixedRidgeLambda1,156,15,3,0.21393097194199842,0.4604584181234202,0.9837133887921204,3.518634955155052,3.6801980979477684,0.9546283016289753,-0.0633273918944425,0.9479654673000262,,,,
H,FixedRidgeLambda1,157,11,3,0.031243615136793634,0.17486059794534628,0.9950951890310401,2.486495299273517,2.4924280979150897,0.9985609514479896,0.0061317733767451,0.9963783566349061,,,,
H,FixedRidgeLambda1,157,13,3,0.08946242738768267,0.2988293977610754,0.9879354981883043,2.7719917176194593,2.719951649260198,1.0189476714892187,-0.036567603282127666,1.0133480932039627,,,,
H,FixedRidgeLambda1,158,6,3,0.04803589223682786,0.2137984127335055,0.9921781926414224,2.385193300594163,2.4132623040985144,0.9896025981811362,0.06958358297514596,0.9863200009804055,,,,
H,FixedRidgeLambda1,158,11,3,0.0881022737726098,0.2914596411822416,0.9621483273122683,1.4511948337979483,1.492275802448006,0.9713501588859709,-0.07543803900478334,0.9544146806634389,,,,
H,FixedRidgeLambda1,161,8,3,0.05200451610165737,0.22722976977391748,0.9947105019464333,3.205656166449667,3.1400060205297398,1.0205223935286483,0.12226980542964487,1.0189718376827754,,,,
H,FixedRidgeLambda1,161,9,3,0.03402135465274927,0.18312483644635388,0.9895516483065346,1.8620248960182255,1.8278678425150945,1.019181018358236,0.10816677627385662,1.0166275126352706,,,,
H,FixedRidgeLambda1,161,12,3,0.06472337268018004,0.2494187738209063,0.9947811958267924,3.772690194841418,3.7160560295456015,1.01700511683263,-0.094859684003498,1.0151975160773723,,,,
H,FixedRidgeLambda1,161,18,3,0.1044205791976192,0.3230164996076606,0.9949391088804559,4.661254155123052,4.555967778552177,1.0230758817576804,-0.04794033293102203,1.020873841002221,,,,
H,FixedRidgeLambda1,162,8,3,0.0387133569373193,0.1953267965859645,0.9955465141108113,2.904203391222149,2.9657727010839126,0.9783311795088437,-0.005477818286634434,0.9766032524545872,,,,
H,FixedRidgeLambda1,162,10,6,0.08445983547784995,0.2858960948873755,0.9927400073935727,3.6125839957733947,3.5527061842788803,1.0153989134613512,0.00511365312357726,1.0127968395445592,,,,
H,FixedRidgeLambda1,163,10,3,0.0570616687669164,0.23884187104537083,0.9972473041390044,4.471867781493731,4.560944912927526,0.9808663425598522,0.07064967368371387,0.9798421017986684,,,,
H,FixedRidgeLambda1,163,12,3,0.08455151094329134,0.28821785480930723,0.9867578010895185,2.582208757582188,2.5586725207887198,1.0092338802771492,-0.04980144989704086,1.0030481124549577,,,,
H,FixedRidgeLambda1,164,9,3,0.05671714136322711,0.23340033538079494,0.994102590545352,3.0647268662088822,3.097247428812633,0.9909900126944645,-0.12874367507132348,0.9893366225863485,,,,
H,FixedRidgeLambda1,164,12,3,0.0666062585141237,0.25185067179568343,0.9916541621243894,2.6625802895515833,2.761483360956486,0.9655815351749742,0.06986658043487214,0.9625602352360945,,,,
H,FixedRidgeLambda1,165,6,3,0.021269050067992734,0.14340617555044863,0.9948484345461348,1.9662122869404535,1.9942314798504939,0.9872657524599919,-0.05569884543685887,0.9853347940787792,,,,
H,FixedRidgeLambda1,166,11,3,0.115727920620437,0.33716636187975,0.9704823421843726,1.982488676235221,1.9713383099465105,1.005863663438558,-0.1112278167548183,0.9929848769203274,,,,
H,FixedRidgeLambda1,166,12,3,0.08384110951038566,0.2888297402369762,0.9895400339466532,2.9178300393905015,2.8715769720582407,1.015157061335318,0.09688402029204746,1.0109095284501517,,,,
H,FixedRidgeLambda1,166,14,3,0.07784721919909,0.2788247484156234,0.9917060835099344,3.0014325990264847,3.1227772272126018,0.9616957358538564,0.0580218650370975,0.9586070442210858,,,,
H,FixedRidgeLambda1,167,11,3,0.05736836003172103,0.23933311163753557,0.9961732641106625,3.817170126335629,3.8999629671206946,0.9791059852271417,0.08542078557162909,0.9777419793488517,,,,
H,FixedRidgeLambda1,169,8,3,0.03532381134408336,0.1814041811105465,0.9678105329508854,1.0034359125531942,1.0336377178075702,0.9693325734388708,-0.05436106688692207,0.9565133077126443,,,,
H,FixedRidgeLambda1,169,12,3,0.039299816844472306,0.19724775161206998,0.9986024227979056,5.316207392538029,5.297256793892527,1.0037119123514306,-0.017183949909882566,1.0030359052887758,,,,
H,FixedRidgeLambda1,169,14,3,0.09926526361758752,0.30838545843084464,0.9928844799793833,3.595081225523986,3.7382901273809,0.9617608033325437,-0.12829230049967263,0.9596227291549204,,,,
H,FixedRidgeLambda1,170,12,3,0.10560118995736036,0.3218445591152151,0.9905534399695025,3.2506010173789615,3.3292702857336507,0.9761578035195102,-0.11615680255554056,0.9725067680010326,,,,
H,FixedRidgeLambda1,172,8,3,0.03864537648392833,0.19651007985873978,0.9920762755503508,2.1435714875897394,2.215310459013251,0.9676039448621022,-0.03188377119898614,0.9646096878739167,,,,
H,FixedRidgeLambda1,172,9,3,0.0803045268587722,0.2826530169837254,0.9572822289192245,1.4563238934875278,1.401573840045475,1.0393493498758033,0.15543061262636718,1.024938937746458,,,,
H,FixedRidgeLambda1,174,4,3,0.0061193770602080665,0.07106355671426477,0.9983496887490192,1.9792008872934292,1.952760878394719,1.0137260974557292,0.025624096228251802,1.0131231517322687,,,,
H,FixedRidgeLambda1,176,3,3,0.008601185343432132,0.09084889926149432,0.95196676911229,0.37242103465170734,0.42324926967352416,0.8798499689448881,-0.05539655474598637,0.8747241237399169,,,,
H,FixedRidgeLambda1,179,7,3,0.0448107901720638,0.2057551886728578,0.9902547929953099,2.143172668486097,2.114903691663011,1.0132311713526423,0.014701332195535433,1.009454222091841,,,,
H,FixedRidgeLambda1,179,14,3,0.08736970305232761,0.29272477142400516,0.99304809364007,3.5445237530446363,3.6034448469330607,0.984781864149963,-0.09300080469894763,0.9820680668426321,,,,
H,FixedRidgeLambda1,182,7,3,0.08345603439969895,0.27991015738885106,0.98748439384628,2.5206054858452975,2.6079561369235873,0.9657982747582311,-0.07493897813429377,0.9609314038330544,,,,
H,KNN,137,8,3,2.114549317478483,1.4514418363544574,0.7846127921431992,2.3830118353767844,3.1454741114707176,0.7585179954867224,-0.004771256501026934,0.681445955413381,,,,
H,KNN,139,12,3,6.683118511135849,2.5477635765667173,0.7681964472016055,3.588303716078331,5.281067992400223,0.6821914496974806,0.12284263721721016,0.6180186958121833,,,,
H,KNN,142,7,3,2.027685193799693,1.4171752370079258,0.7947544355211519,2.466271805043728,3.1236541991689353,0.7893971933009128,0.2784349836917735,0.7161473737059464,,,,
H,KNN,142,12,3,2.596032339441559,1.6009508899919735,0.6483761183526319,2.079588082056629,2.715589526363558,0.7646692162974347,0.17345075213726582,0.6373779985469751,,,,
H,KNN,145,11,3,5.061281099317552,2.2415187902188083,0.6588450492527609,2.398413144169218,3.8868900971196805,0.6210540627425374,-0.07367609734782202,0.5257893127217454,,,,
H,KNN,146,10,3,2.6456959797758124,1.6159186214067074,0.5121067890825227,1.4767919343056792,2.3789003384578336,0.6408203145733048,-0.06522607290959546,0.4702250165383199,,,,
H,KNN,148,10,3,4.781005823483286,2.177519345728675,0.6830373588971353,2.467039261044338,3.8847498519845147,0.634528453887436,-0.35220806778737274,0.5488350396772893,,,,
H,KNN,148,16,3,3.739190315382981,1.9274682684649722,0.5850894477034457,1.7840720622043307,3.0054382733951077,0.5978296141353912,0.31916733595123076,0.4825978857469637,,,,
H,KNN,151,10,3,1.9113414340773274,1.379920840283962,0.6960348623326541,1.7038708089315822,2.517709572353685,0.6763169422393122,0.27050705406562753,0.5834698030212042,,,,
H,KNN,151,14,3,6.290892905617832,2.5014553464613485,0.7553745822879033,3.5196676020054043,5.057353390192971,0.6980312670021861,0.01959644426892073,0.6259657789003238,,,,
H,KNN,152,10,3,3.515167574483662,1.863354224423894,0.7908390018167317,3.1062233824916023,4.123024905345218,0.7511307911749802,-0.2535393963533255,0.6818607463364875,,,,
H,KNN,152,12,3,5.23309771937782,2.2794653312358606,0.6133842490214708,2.4808945020569237,3.7015560179196587,0.6718384196559534,0.07029410928939912,0.5357515622071708,,,,
H,KNN,153,9,3,1.2110595165661688,1.0980684689832423,0.7832474019179658,1.911999741499698,2.371625932472462,0.8103793175279189,-0.06809829136166567,0.7232133876254389,,,,
H,KNN,153,12,3,6.769230059349591,2.5639404485845185,0.6909730041588217,3.0099473203472478,4.597979980265968,0.6610433460695343,0.19029076231699374,0.5759310950257147,,,,
H,KNN,154,13,3,3.6627016118218374,1.9114125823171098,0.6311455574039836,1.8632588619208075,3.14607771331711,0.5929716654616198,-0.15120064283021592,0.4957467493264039,,,,
H,KNN,154,16,3,5.997747010309152,2.440730096138664,0.6670076871788303,2.7761849947991286,4.261019809937255,0.6528020008553096,-0.3301000782731149,0.5504030050482355,,,,
H,KNN,155,8,3,1.7109855556391838,1.3042760956949626,0.7217307973046397,1.8515962692980368,2.4787180189050626,0.7532178255208555,0.0401947856330389,0.6503143790460341,,,,
H,KNN,155,10,3,4.426658859802127,2.091966094186254,0.574212547964299,2.1972502829994376,3.2719156893706116,0.6776487035849179,0.6025160774899341,0.5486760813004564,,,,
H,KNN,156,15,3,3.3261035627543643,1.8219446560760513,0.7521641229537872,2.7539877726177155,3.6801980979477684,0.7561598797922201,-0.08756707986948593,0.6675393165526392,,,,
H,KNN,157,11,3,1.9254129725781326,1.3825937647331983,0.6925140304068601,1.7151060251282322,2.4924280979150897,0.6926363978527049,0.23566642414633032,0.5989585626361816,,,,
H,KNN,157,13,3,3.6231110810420812,1.900177477588998,0.5079407319521079,1.4536223203923377,2.719951649260198,0.535138209643922,0.007922660063996565,0.3982118018427021,,,,
H,KNN,158,6,3,2.0790561186257412,1.4343844950377287,0.646312379174686,1.6011720961179352,2.4132623040985144,0.6645922110760103,0.2509154367516087,0.5524903193096237,,,,
H,KNN,158,11,3,1.272615653426884,1.1247718320056572,0.4288227139906496,0.8219781237463696,1.492275802448006,0.552310022238539,-0.05804344400538184,0.37047936931056363,,,,
H,KNN,161,8,3,1.8414956179824682,1.3544718274288081,0.811343477467386,2.3987959911932317,3.1400060205297398,0.7647488532876036,0.0642203396343093,0.7012641504834106,,,,
H,KNN,161,9,3,1.3928539861339975,1.1797895909494633,0.5809214691788821,1.243475472413947,1.8278678425150945,0.6831828084422588,-0.2180247703068702,0.5331706031784564,,,,
H,KNN,161,12,3,5.623999519353483,2.317992563820838,0.6070827210482402,2.3712350332208025,3.7160560295456015,0.6507013085834509,-0.05475247996797213,0.5227344382819584,,,,
H,KNN,161,18,3,6.762245601691725,2.597253904668069,0.6744746913082119,3.2893814619584614,4.555967778552177,0.7223328393491496,0.003966185291691941,0.6016612046090427,,,,
H,KNN,162,8,3,1.3726940584845888,1.1713169816435938,0.8433818127307474,2.3075000915992105,2.9657727010839126,0.776933708020342,0.040914441697932166,0.7241768549872063,,,,
H,KNN,162,10,6,3.086244525610466,1.7191515642647683,0.7605897011413866,2.5848438490307886,3.5527061842788803,0.740806037491176,0.10205743321535365,0.666977161350563,,,,
H,KNN,163,10,3,2.9800970859964697,1.7258360467929865,0.855385820348962,3.5670412438810644,4.560944912927526,0.7816903946612984,0.2382870710204308,0.734902674326735,,,,
H,KNN,163,12,3,3.144372420549671,1.7694290493759557,0.5191387757856459,1.4433553560224022,2.5586725207887198,0.5643089491132355,-0.19251317822825734,0.4328918884993329,,,,
H,KNN,164,9,3,2.2030123214346937,1.4647034629146605,0.7741888467339999,2.3421950386075134,3.097247428812633,0.7594373670722067,-0.4082855579100768,0.6889704897879415,,,,
H,KNN,164,12,3,3.2016770495138007,1.7856753319478813,0.5731649201734975,1.662690715459729,2.761483360956486,0.6126648681916504,0.19271928716895012,0.4868485946615517,,,,
H,KNN,165,6,3,0.6648241804778641,0.8151683587117479,0.8295118660480111,1.809720553685705,1.9942314798504939,0.9095964710596158,-0.13754392607996405,0.832952777014991,,,,
H,KNN,166,11,3,1.7136433411420926,1.3043061661587634,0.5622765800027744,1.2258622488359203,1.9713383099465105,0.6219109372693717,-0.20454972592941326,0.48573636383641317,,,,
H,KNN,166,12,3,3.135059920026125,1.7637651398991538,0.6136194841674089,2.1506717909796262,2.8715769720582407,0.7550638053443697,0.10560606784135358,0.5963126745484499,,,,
H,KNN,166,14,3,2.6777998023366845,1.6036069207125196,0.7386089394536821,2.154920608730556,3.1227772272126018,0.6962890068510127,-0.03867957874952226,0.6147909284205563,,,,
H,KNN,167,11,3,2.9525197400225096,1.7174184954865896,0.805368350286876,2.8835100402396976,3.8999629671206946,0.7406622943384211,0.042519380065770274,0.6784566098240296,,,,
H,KNN,169,8,3,0.4334178894016448,0.6557123212645599,0.5982794553918587,0.8122184635993793,1.0336377178075702,0.787656160532097,0.06091995458647417,0.6182701840311714,,,,
H,KNN,169,12,3,3.680651110357134,1.9114047044274918,0.8692516987785307,4.432032076392386,5.297256793892527,0.8367624737472238,0.3550161189807652,0.788559482753588,,,,
H,KNN,169,14,3,4.744814936167465,2.1771779939350733,0.6604021519253166,2.341833144501891,3.7382901273809,0.6279273190110554,-0.3153145125266046,0.5364475994261192,,,,
H,KNN,170,12,3,3.3733155126361276,1.8334952636525468,0.6966384098870336,2.3641652357445913,3.3292702857336507,0.7107203185256198,-0.17372162994331164,0.6043171880781486,,,,
H,KNN,172,8,3,0.8462871701379227,0.9158345143510842,0.824993311066982,1.7705513299612807,2.215310459013251,0.7986892887718974,-0.06367205623537936,0.737055966642354,,,,
H,KNN,172,9,3,0.9125994732136978,0.9517718791880752,0.5324242316854825,1.118088849048801,1.401573840045475,0.8006383433165333,0.28371498922607086,0.6083608542307214,,,,
H,KNN,174,4,3,0.6690550788622449,0.8148813108963919,0.8251161391505996,1.6486056667425621,1.952760878394719,0.8446871271149758,0.04401815334535806,0.7705628592422219,,,,
H,KNN,176,3,3,0.21570437881113835,0.46285812444773383,-0.20525586220783484,0.556000524500688,0.42324926967352416,1.313031215739374,-0.06071886808950866,0.7870276543739347,,,,
H,KNN,179,7,3,0.9130694095703841,0.9503959799871979,0.7933829592695338,1.836865701635397,2.114903691663011,0.8667570001920594,-0.06823639410082627,0.7758615080495863,,,,
H,KNN,179,14,3,4.952840151355795,2.218667932268248,0.6178940958710544,2.264975345315119,3.6034448469330607,0.6337809004973854,-0.014502775040565833,0.5285090715000188,,,,
H,KNN,182,7,3,0.9584196657988308,0.9658906894199882,0.8637165972625521,2.1117243447865577,2.6079561369235873,0.8113126358405266,0.014558397598717224,0.7632104186498917,,,,
H,LightGBM,137,8,3,1.75734044083803,1.3183944245171648,0.8230080620733591,3.174894931058581,3.1454741114707176,1.0101629090572362,-0.06704530007023272,0.9242518204209401,,,,
H,LightGBM,139,12,3,5.940279923463859,2.4176969473378347,0.7914728573319233,4.37340474476889,5.281067992400223,0.8354074613573083,0.31816090716256096,0.7522539271715748,,,,
H,LightGBM,142,7,3,1.234611415779737,1.1007627442980894,0.8718215855675934,3.029693953940217,3.1236541991689353,0.9712358463497722,0.12332759807413551,0.9093076615467052,,,,
H,LightGBM,142,12,3,1.4124608982109221,1.181723187234104,0.8074162409067703,2.6784398552577837,2.715589526363558,0.9839738654278881,0.16121161913736787,0.8990326607925786,,,,
H,LightGBM,145,11,3,3.2527144015315543,1.7801291199157763,0.7882122298554818,3.443855739064437,3.8868900971196805,0.8887092665735951,0.008611805907165168,0.7900612888479932,,,,
H,LightGBM,146,10,3,1.795025567674129,1.332046736064168,0.674525411031459,2.013978598610143,2.3789003384578336,0.8509828313493409,-0.18542125001378595,0.7069614319024643,,,,
H,LightGBM,148,10,3,2.4443320866831972,1.546383610464811,0.8387306185247217,3.5511841764568217,3.8847498519845147,0.9142496665655072,0.32357521988760657,0.8449806587390598,,,,
H,LightGBM,148,16,3,2.782245049678973,1.664298344187807,0.6740847816116835,2.7613607823076864,3.0054382733951077,0.9278283441095021,0.14084154699913445,0.7825110040990862,,,,
H,LightGBM,151,10,3,1.0550381577248522,1.0250980429311252,0.8339370011526134,2.2993100771312585,2.517709572353685,0.9125909229706908,0.3149265207512901,0.8424985982821255,,,,
H,LightGBM,151,14,3,4.159238923264584,2.0188827931707025,0.8404889782738617,4.701674040300392,5.057353390192971,0.9342839910409958,0.311409558705303,0.8617537891687362,,,,
H,LightGBM,152,10,3,2.3930446267768324,1.5449076744981516,0.8583359035508452,3.8901217585398395,4.123024905345218,0.9463341436273837,-0.18256051316478725,0.8807684571256357,,,,
H,LightGBM,152,12,3,2.6692860072758875,1.6312435703686134,0.8038280143080456,3.469754999809283,3.7015560179196587,0.9413289693445018,-0.008168056638923319,0.8497671666972102,,,,
H,LightGBM,153,9,3,0.7862167377549731,0.8807753250802733,0.8549426226204507,2.0753258526034273,2.371625932472462,0.8749474675460239,0.07954012738866843,0.8117340809424345,,,,
H,LightGBM,153,12,3,2.3912792901252673,1.46597906647178,0.8947487420336252,4.319919267742338,4.597979980265968,0.9420541351830396,0.23626447036819606,0.8982518398398899,,,,
H,LightGBM,154,13,3,2.0395137011787066,1.42790015041784,0.7930754684403452,2.7392457676446695,3.14607771331711,0.8729893756991646,-0.03867725783488533,0.7830341520974223,,,,
H,LightGBM,154,16,3,3.214897483430961,1.7817186002401215,0.8238487998270143,3.6187726526486017,4.261019809937255,0.8508421327857766,-0.3878001065418888,0.7799137547673095,,,,
H,LightGBM,155,8,3,0.9812107740625503,0.9854639638779822,0.8402251280898629,2.3948718754298794,2.4787180189050626,0.967541733789404,-0.05127550641876819,0.8901266965746827,,,,
H,LightGBM,155,10,3,1.599014575319196,1.251643393423142,0.8487417897930102,3.060558097291331,3.2719156893706116,0.9373091269320925,0.06478806551613617,0.8692565749799246,,,,
H,LightGBM,156,15,3,2.263213649708984,1.5040377369513618,0.829932875575521,3.2658641588665325,3.6801980979477684,0.8880220110635934,-0.19505986903184225,0.8109774741830705,,,,
H,LightGBM,157,11,3,1.3910168109489156,1.1763952026778066,0.7695265238802281,2.4117336208182114,2.4924280979150897,0.9760958383405306,0.08001537965820134,0.8736338831370954,,,,
H,LightGBM,157,13,3,1.8170853901075248,1.3447231034903637,0.7542095881698159,2.3883445362604934,2.719951649260198,0.8789578927772371,-0.04524925667425506,0.7652269189007397,,,,
H,LightGBM,158,6,3,1.480003810535094,1.204802567742321,0.7460285271511383,2.193338157611953,2.4132623040985144,0.9092688933461729,0.2900606859000063,0.7958913391242765,,,,
H,LightGBM,158,11,3,1.065879324257822,1.0321094815862684,0.5064765031658967,1.1879369485468272,1.492275802448006,0.8065367653208634,-0.17389023890344837,0.5929073167168134,,,,
H,LightGBM,161,8,3,1.0987995491416815,1.0398937420350787,0.8884657374187803,3.106984090827465,3.1400060205297398,0.9898977052817628,-0.04095331454203663,0.9346744882711172,,,,
H,LightGBM,161,9,3,0.8778156069740035,0.933222606407398,0.7321913070119827,1.7782007645932218,1.8278678425150945,0.976785350102107,-0.046555629804545806,0.8469036370642605,,,,
H,LightGBM,161,12,3,1.8588401519585733,1.3577852590007662,0.861435284216094,3.223142130324686,3.7160560295456015,0.8713695402938555,-0.005849871437839933,0.8115980554458759,,,,
H,LightGBM,161,18,3,3.8990152596046292,1.9494502746212412,0.8094105491775436,4.3117316443554605,4.555967778552177,0.9459176358405239,-0.1661927558365796,0.8552493138476427,,,,
H,LightGBM,162,8,3,1.0870831403481491,1.031991027777199,0.8788271782006243,2.7320922866438195,2.9657727010839126,0.9217732179345423,0.013980191377401566,0.8646030193648885,,,,
H,LightGBM,162,10,6,2.1053477732939077,1.4201169014151223,0.8369853065841935,3.470897643750813,3.5527061842788803,0.9821544778165202,0.17018818720928355,0.9091317820712796,,,,
H,LightGBM,163,10,3,2.1072786780060886,1.4485212900484254,0.8974499754281978,4.261969260809995,4.560944912927526,0.9355258732265751,-0.011310524414252935,0.8871252105179614,,,,
H,LightGBM,163,12,3,1.7596673417484385,1.3242769652569681,0.7321384311379738,2.398239377656685,2.5586725207887198,0.9384036544932567,-0.2704435319586052,0.8163048337165745,,,,
H,LightGBM,164,9,3,1.452395212925163,1.1896430906447835,0.8520567869232266,3.16512578978284,3.097247428812633,1.0259328005927564,-0.37138807353730624,0.9674809839523534,,,,
H,LightGBM,164,12,3,1.6684314460994447,1.2778690501775725,0.7843729023711256,2.3176156920529,2.761483360956486,0.846912252837175,-0.128992322858116,0.7566534704132897,,,,
H,LightGBM,165,6,3,0.657208203960062,0.8083377114046811,0.8295756153475614,2.035150351759128,1.9942314798504939,1.0233466435728804,-0.15327979739789852,0.9423827420899619,,,,
H,LightGBM,166,11,3,1.2176504481920092,1.090238610115296,0.6907223745409731,1.6571772473676216,1.9713383099465105,0.8406925404799656,-0.21814196582987563,0.7110257702652554,,,,
H,LightGBM,166,12,3,1.7198043597113266,1.3059005914097463,0.7906121326122834,2.6692517350280727,2.8715769720582407,0.9262187992050762,-0.0023069992773569934,0.826239520802131,,,,
H,LightGBM,166,14,3,1.794202241936319,1.3310726895113565,0.8187987311583612,2.74293278974206,3.1227772272126018,0.881128681223838,-0.023330688875346933,0.8001454362205265,,,,
H,LightGBM,167,11,3,1.6694543624029212,1.2864949005962254,0.887555552449934,3.76867508275282,3.8999629671206946,0.9681358083000209,0.24256213138989033,0.915574346035097,,,,
H,LightGBM,169,8,3,0.5624177440475747,0.7492608423916476,0.4639459817317335,1.1721224306930262,1.0336377178075702,1.1350247925542472,-0.10124875599881046,0.8845183504845032,,,,
H,LightGBM,169,12,3,1.7778092910602847,1.3316000482692687,0.9363807226193409,5.105577196977264,5.297256793892527,0.9640613028854226,0.16106736049811074,0.9344868824069037,,,,
H,LightGBM,169,14,3,2.668092277157808,1.6284412539305155,0.8064070465006358,3.092248036870585,3.7382901273809,0.8282824972743228,0.06744057355469296,0.7484828857783795,,,,
H,LightGBM,170,12,3,1.9509707789726367,1.3927368047346826,0.8232743254770024,2.8533498743531,3.3292702857336507,0.8566941967834955,0.02368517572981574,0.7803563866889349,,,,
H,LightGBM,172,8,3,0.5992693479083129,0.764841916457967,0.877411027785617,2.2125294134110227,2.215310459013251,1.0010306281688592,-0.012652882115460834,0.9429446961009159,,,,
H,LightGBM,172,9,3,0.7753903876820498,0.877541190086018,0.5955325152547429,1.468928396795947,1.401573840045475,1.0536146758526777,0.07397594418939461,0.8620565736946283,,,,
H,LightGBM,174,4,3,0.5827917608251921,0.7615861969113178,0.8467274968011882,2.085533845789824,1.952760878394719,1.0682117308215922,-0.028187120183561138,0.9994376394194352,,,,
H,LightGBM,176,3,3,0.3440597989916377,0.5851793528124124,-0.9280310262046066,0.6984874693443972,0.42324926967352416,1.651293497653792,-0.009915387296383533,0.9083829352434266,,,,
H,LightGBM,179,7,3,0.6920075677687264,0.8288422068501896,0.8429663208968375,2.184213770193851,2.114903691663011,1.0315950728061318,-0.12475606513228572,0.9582166937370262,,,,
H,LightGBM,179,14,3,2.4069441345973233,1.5510041173717504,0.8123080647700766,3.269439357787317,3.6034448469330607,0.9113545679636528,-0.030173846862204003,0.8281260591632332,,,,
H,LightGBM,182,7,3,0.9793365893478225,0.9860042667381936,0.85576837577584,2.4213465452275855,2.6079561369235873,0.9309207177943616,0.021327436186444438,0.8630267558825525,,,,
H,LinearRegression,137,8,3,0.09835466790491747,0.3046387806250214,0.9900775729333091,3.1767687530156645,3.1454741114707176,1.0102875682391421,0.049219649661024205,1.0058047197444093,,,,
H,LinearRegression,139,12,3,0.16596251215126936,0.407183123139007,0.9939255133409185,5.2754195967077955,5.281067992400223,0.9993746847970252,-0.054392738866732404,0.9964671501567063,,,,
H,LinearRegression,142,7,3,0.04575687516865967,0.20612876169605224,0.9954121566187598,3.1967488594095603,3.1236541991689353,1.022795432756644,-0.061579374497934235,1.0211338987040666,,,,
H,LinearRegression,142,12,3,0.07461679554562213,0.26883631973750716,0.9899801475381262,2.7076087481498825,2.715589526363558,0.9969045325702517,0.07330523578017237,0.9927003525033508,,,,
H,LinearRegression,145,11,3,0.12114039184471559,0.3476083899888262,0.9915906335057487,3.9764751058032624,3.8868900971196805,1.0241421218332458,-0.058603592187700636,1.0206923571839726,,,,
H,LinearRegression,146,10,3,0.04238038187628143,0.20476727926595772,0.9911765183706424,2.3552615836402215,2.3789003384578336,0.9914567415132575,-0.04786021500716444,0.9879444535756639,,,,
H,LinearRegression,148,10,3,0.1055086588685739,0.31686367586848946,0.9929455919016071,3.8000762799419885,3.8847498519845147,0.9780880076479818,0.019841503782225167,0.9749411790797221,,,,
H,LinearRegression,148,16,3,0.08835556931527587,0.295100148533047,0.9892671936971856,3.013138861668063,3.0054382733951077,1.002680691078468,0.05092873372016373,0.9977763340671045,,,,
H,LinearRegression,151,10,3,0.04880520092602227,0.21059791596069757,0.9920826396774829,2.5677800653805654,2.517709572353685,1.0202365422538429,0.048684753763066635,1.0171031653894378,,,,
H,LinearRegression,151,14,3,0.16896773646819238,0.40760735826697664,0.9935105619965213,5.238310792598181,5.057353390192971,1.0357148381509131,-0.04001758313470987,1.0332355756943874,,,,
H,LinearRegression,152,10,3,0.11127729001154413,0.33208360736666026,0.9933084861184965,4.303413614681175,4.123024905345218,1.0436392858540895,0.0738752109721705,1.0414156678619808,,,,
H,LinearRegression,152,12,3,0.08211174994722883,0.2814810928894825,0.9935639847728868,3.7804159735490868,3.7015560179196587,1.021861474128053,0.030594220051293735,1.0192831878546478,,,,
H,LinearRegression,153,9,3,0.0398716622028538,0.19346420398302544,0.9930314352517499,2.2587982758243945,2.371625932472462,0.9523652496077717,-0.0002346879543103017,0.9500716462639841,,,,
H,LinearRegression,153,12,3,0.14812093879845065,0.383841585104381,0.9929898918493812,4.48721988917906,4.597979980265968,0.9759034991621302,0.012559182523391763,0.9729744052713395,,,,
H,LinearRegression,154,13,3,0.08620618110743807,0.2928998214780156,0.9912679960006784,3.0688178954889245,3.14607771331711,0.9758131523630046,-0.043803725197165695,0.9720429634327948,,,,
H,LinearRegression,154,16,3,0.10948995805841831,0.32959598539035406,0.9937260273656818,4.204058610530603,4.261019809937255,0.9856005946722112,0.016243541393723335,0.9827853470062214,,,,
H,LinearRegression,155,8,3,0.0528332278815311,0.22013990564563915,0.9913442479330095,2.406353579473738,2.4787180189050626,0.9701022820904696,0.0013355277622070668,0.9665438660247249,,,,
H,LinearRegression,155,10,3,0.07705504938433397,0.27562159487215626,0.9928768234681296,3.3443276060481097,3.2719156893706116,1.022120647081918,0.0692622542435658,1.0193268141683902,,,,
H,LinearRegression,156,15,3,0.211601013209321,0.4576788720603691,0.9838715620656284,3.5345644285751487,3.6801980979477684,0.9588500086360203,-0.06288754750706856,0.9521159553963482,,,,
H,LinearRegression,157,11,3,0.029784231032863068,0.1714628908527567,0.9952837675483304,2.5012349018275337,2.4924280979150897,1.0044233663606625,0.0026745815131878994,1.0023440790217852,,,,
H,LinearRegression,157,13,3,0.10267636092096451,0.3196297223725228,0.986179807143408,2.81305623362111,2.719951649260198,1.0340205770504056,-0.03796264520725163,1.0280039270127677,,,,
H,LinearRegression,158,6,3,0.05504208588682467,0.22989715517159473,0.990976569933061,2.4208213611031586,2.4132623040985144,1.0042745368877501,0.0643922719491465,1.0003030236318151,,,,
H,LinearRegression,158,11,3,0.08625995857671916,0.2878922692240579,0.9630604844320122,1.4766670769664447,1.492275802448006,0.9884667621860795,-0.07903579557195263,0.9717188263490835,,,,
H,LinearRegression,161,8,3,0.06186498703610536,0.2476566953955587,0.9937499014777261,3.2315258514528957,3.1400060205297398,1.0287154886849845,0.12363727820652758,1.02691327119381,,,,
H,LinearRegression,161,9,3,0.041118492458785134,0.20171890124305425,0.9873382520852342,1.8884516870797148,1.8278678425150945,1.0336033345515185,0.11641389049734795,1.0307002016858737,,,,
H,LinearRegression,161,12,3,0.07534468146200186,0.26941180701737083,0.9939510067595375,3.80427603505205,3.7160560295456015,1.0254963679683242,-0.09377070003540187,1.0234540820013656,,,,
H,LinearRegression,161,18,3,0.10156338983603759,0.3186890329325528,0.9950939826393862,4.684242273321373,4.555967778552177,1.0280928329697623,-0.051619260284967466,1.0261127577448257,,,,
H,LinearRegression,162,8,3,0.0374941984087086,0.1920316588897122,0.9957154795942197,2.9181196129724714,2.9657727010839126,0.9830756402805273,-0.0060914615424333685,0.9813210162060995,,,,
H,LinearRegression,162,10,6,0.08972059530659902,0.2939332778136043,0.9924193374846695,3.634026373563682,3.5527061842788803,1.0214780196615632,0.004908646285682929,1.0187788437135472,,,,
H,LinearRegression,163,10,3,0.0550613539829525,0.2346177319618392,0.9973306476819026,4.486881401888831,4.560944912927526,0.9841452170550596,0.06876964530838957,0.9830963434268948,,,,
H,LinearRegression,163,12,3,0.08255943774756257,0.28474101700716586,0.9870666081094406,2.6075017086919474,2.5586725207887198,1.01913168134147,-0.046018136859903226,1.0132234248997232,,,,
H,LinearRegression,164,9,3,0.05685450314681886,0.23443753940391984,0.9940604124509215,3.082267639979616,3.097247428812633,0.9966448688485968,-0.12562630635514843,0.9948872053660175,,,,
H,LinearRegression,164,12,3,0.06776198575687763,0.2546438855817168,0.9914260494065933,2.691448213471867,2.761483360956486,0.9760070970781166,0.07276660808088437,0.9726151088946965,,,,
H,LinearRegression,165,6,3,0.019127651599903567,0.13627628075424467,0.9953554192597203,1.9749060622848953,1.9942314798504939,0.9916547647448207,-0.05375364641333563,0.9899051231433665,,,,
H,LinearRegression,166,11,3,0.11148588621011853,0.33155853403298674,0.9715235682296907,2.0035438013882936,1.9713383099465105,1.016535591758176,-0.10883150544101196,1.0042267814186558,,,,
H,LinearRegression,166,12,3,0.08971983493303183,0.29829989858130807,0.9889036064709978,2.94448778134034,2.8715769720582407,1.0243926010256155,0.09766752388507453,1.0200621167176003,,,,
H,LinearRegression,166,14,3,0.0725962633290708,0.26895648580186055,0.9922050516029498,3.015497252663181,3.1227772272126018,0.9661230841709464,0.05811571702802006,0.9631135025217284,,,,
H,LinearRegression,167,11,3,0.061154772787158335,0.24704375321918082,0.9959206295684512,3.8372654517755342,3.8999629671206946,0.9842789612026411,0.08842589661131182,0.9827048166246467,,,,
H,LinearRegression,169,8,3,0.036670252667179035,0.18467511853508467,0.9666123007305002,1.0120816901754104,1.0336377178075702,0.9777026553881466,-0.053659987111684466,0.9639815828366197,,,,
H,LinearRegression,169,12,3,0.043012299832224266,0.20516140554754184,0.9984789013884608,5.329755547886254,5.297256793892527,1.0062522101206381,-0.020261135730617903,1.0055278081643126,,,,
H,LinearRegression,169,14,3,0.09630931617886018,0.3033403353403132,0.9930714675988747,3.6264327260578333,3.7382901273809,0.9700909900538264,-0.12648713293004285,0.9677286854284385,,,,
H,LinearRegression,170,12,3,0.1086868555675547,0.32573599724788543,0.990291671201613,3.2750825843319213,3.3292702857336507,0.9835108419753747,-0.11558293016562181,0.9795857623895666,,,,
H,LinearRegression,172,8,3,0.0380781808133418,0.19490955859487855,0.9921974666067465,2.1529183416402002,2.215310459013251,0.9718254204431839,-0.031407270979652034,0.9687324205296383,,,,
H,LinearRegression,172,9,3,0.08037110664834544,0.2827296104552146,0.9572150232506381,1.4685470666134155,1.401573840045475,1.04809505618093,0.1547525077349954,1.0339924251255208,,,,
H,LinearRegression,174,4,3,0.006331167215894266,0.073722903080757,0.9982912630927152,1.9929759874009274,1.952760878394719,1.0208048099996316,0.0235407556804951,1.020279793406688,,,,
H,LinearRegression,176,3,3,0.008350192653666167,0.08933884544662479,0.9533723191357986,0.37437545496630364,0.42324926967352416,0.8844587681291398,-0.05545246908297896,0.8795853963207341,,,,
H,LinearRegression,179,7,3,0.04450924108932643,0.2047676319801859,0.9903305807203018,2.155124519885677,2.114903691663011,1.0188864079392161,0.021165297595051268,1.0151978973992315,,,,
H,LinearRegression,179,14,3,0.08230354855160267,0.28388866293178944,0.993406627391864,3.568258469949846,3.6034448469330607,0.991259642964624,-0.09236396014587882,0.9885805133183477,,,,
H,LinearRegression,182,7,3,0.08376248504741474,0.2805561912424579,0.9874363222248332,2.5276799339639013,2.6079561369235873,0.9684245232883376,-0.0742607971855365,0.9634581837648261,,,,
H,MLP,137,8,3,0.7786700899049981,0.8764919636206091,0.9217491475110449,3.2064347681697547,3.1454741114707176,1.019034486962083,0.017950177883578066,0.9825051900490457,,,,
H,MLP,139,12,3,0.8988699212881083,0.9365843770323586,0.9678141076264195,5.413415046403627,5.281067992400223,1.026161555406313,0.0526616070728985,1.0113377363118967,,,,
H,MLP,142,7,3,0.6431604297102047,0.7901169571235562,0.9351759635222795,3.264354057834913,3.1236541991689353,1.0443058272835515,-0.05774705252512324,1.0133298589544848,,,,
H,MLP,142,12,3,0.5065864746198004,0.7047850589247427,0.9316344876826221,2.768285086417977,2.715589526363558,1.0194009854528254,0.09063404964942302,0.9863367455854589,,,,
H,MLP,145,11,3,0.686511973897547,0.8257306066609321,0.9544571757236987,3.884411961636569,3.8868900971196805,0.9962695509486249,0.02801727845744803,0.9740375449655869,,,,
H,MLP,146,10,3,0.6447121025302028,0.8021411350129973,0.8778105073377686,2.378563032202458,2.3789003384578336,0.9915817339413419,-0.037213046426895796,0.935153788587173,,,,
H,MLP,148,10,3,0.7760908907442072,0.8727289879647238,0.9488830588806012,3.9448295500131163,3.8847498519845147,1.0151400761606173,-0.0657506430410041,0.9927319257875236,,,,
H,MLP,148,16,3,0.5463370922729657,0.7363508321686761,0.9345284185896912,2.995469654317604,3.0054382733951077,0.9953699551880794,0.031134263991751437,0.9629964342923651,,,,
H,MLP,151,10,3,0.5346369977488862,0.7276070452673814,0.9160024975245191,2.742042993245367,2.517709572353685,1.0890897754775437,0.12256781880208385,1.055220694031219,,,,
H,MLP,151,14,3,1.1358925551847936,1.0514265040587911,0.9566844840552812,5.208928952134798,5.057353390192971,1.0297943753617502,-0.09289377778582748,1.0091476368192869,,,,
H,MLP,152,10,3,0.4971651924847314,0.6977172025669622,0.9711154755322357,4.259285297500195,4.123024905345218,1.0310264522410433,0.1510657702128926,1.0183333420521372,,,,
H,MLP,152,12,3,0.8759014302643631,0.9242964639787684,0.9334538834801461,3.810844406222701,3.7015560179196587,1.0320195256832518,0.0015913732884673358,1.0032363763292527,,,,
H,MLP,153,9,3,0.9600102008594025,0.9787192401798702,0.8292051802358781,2.580465254440027,2.371625932472462,1.087520988082523,-0.008044990541320676,1.0088755638936406,,,,
H,MLP,153,12,3,1.326148036835168,1.133083648801115,0.9379597652892949,4.565786166726891,4.597979980265968,0.9952490208193959,-0.08044609581153582,0.9665173908667996,,,,
H,MLP,154,13,3,0.7899171696531834,0.8780836663366186,0.9186137100920825,3.190124788301462,3.14607771331711,1.0144721350469612,-0.12358139315658273,0.9764674208784468,,,,
H,MLP,154,16,3,0.7818746232737054,0.8827563153321566,0.9555880659303252,4.110362811813386,4.261019809937255,0.9654355847096099,-0.1360652978617062,0.9457889188288409,,,,
H,MLP,155,8,3,0.7710845878383864,0.8674358273484736,0.8782811714358189,2.5647782544054176,2.4787180189050626,1.0341333616362238,0.0258866169005167,0.9758552221831303,,,,
H,MLP,155,10,3,0.5478684348705259,0.7329251811099343,0.9464499308669007,3.3415715106719746,3.2719156893706116,1.0186193560271635,0.0859221402257722,0.9940146392843202,,,,
H,MLP,156,15,3,0.5580784901610994,0.7441949190424116,0.9587240163838008,3.6088177941691555,3.6801980979477684,0.9770028745729623,-0.15330115427275084,0.9583330940328301,,,,
H,MLP,157,11,3,0.6959841593910424,0.8256732802463391,0.8905068775977553,2.539056693491831,2.4924280979150897,1.022608977719311,0.003357242379771833,0.9704263320080416,,,,
H,MLP,157,13,3,0.7054759859821323,0.8340969522623594,0.9055312905807066,2.7330956763870193,2.719951649260198,1.0048930250956074,0.02564069934602464,0.9586058740946662,,,,
H,MLP,158,6,3,0.7058179247342465,0.8349327539563536,0.8790604408615111,2.5223645084558632,2.4132623040985144,1.0537025962045996,0.06303820054442703,1.0002586841443406,,,,
H,MLP,158,11,3,0.40167412658233376,0.6318976087055663,0.818826703126532,1.573169179953003,1.492275802448006,1.0503290709629296,-0.17033414546439832,0.9690706067545357,,,,
H,MLP,161,8,3,0.5628778340410386,0.7473172365547555,0.9422187823862699,3.259550060681889,3.1400060205297398,1.0385989146916221,-0.004360200525022401,1.0113573045709818,,,,
H,MLP,161,9,3,0.7068129632078968,0.8381578550481098,0.7830256937289418,2.0608410967943653,1.8278678425150945,1.1273596998360886,0.2467207526233525,1.0381482791786671,,,,
H,MLP,161,12,3,0.7383519739948383,0.8573651786870479,0.9448664388879768,3.6908439840682354,3.7160560295456015,1.0013930385473626,-0.1554065827990217,0.9780919149519178,,,,
H,MLP,161,18,3,0.6158976683526042,0.7769040764497862,0.9699509517980403,4.693735788574054,4.555967778552177,1.0300202797316655,0.015473582278245036,1.0156004024939138,,,,
H,MLP,162,8,3,0.5562976171937019,0.7404860782214269,0.9348598722340355,3.0070470680753085,2.9657727010839126,1.0144572805069785,0.02623603689877117,0.9829313327582585,,,,
H,MLP,162,10,6,0.8031666509150948,0.8780880353314361,0.9269211400048812,3.7184157752552025,3.5527061842788803,1.0537934645938434,-0.009309132728873078,1.0223065962315885,,,,
H,MLP,163,10,3,0.6196176039719679,0.7858526816012564,0.9697328539487199,4.515164193311133,4.560944912927526,0.9911533853581362,0.026214474217163764,0.9765292816723363,,,,
H,MLP,163,12,3,0.7539951914901323,0.8580504106270008,0.8871792899906348,2.765101547433171,2.5586725207887198,1.0797653944033296,-0.090492475826303,1.0281901305760075,,,,
H,MLP,164,9,3,0.7831354051622572,0.8830507319982556,0.9185084389524011,3.1070364275631452,3.097247428812633,1.005364099476323,-0.05330960448351504,0.967073406128676,,,,
H,MLP,164,12,3,0.7060852173111173,0.833770876061188,0.906045798215871,2.7464733659356706,2.761483360956486,0.9979222380095448,0.10089256400990038,0.953157691767446,,,,
H,MLP,165,6,3,0.6504771977208107,0.8063442548237023,0.8333531293232888,2.198408140692871,1.9942314798504939,1.105599015475742,-0.10873689916916544,1.0317317637326493,,,,
H,MLP,166,11,3,0.6842583410632157,0.8253748234657641,0.8221744882835785,2.144775456493722,1.9713383099465105,1.0886902901881321,-0.16906143688895472,1.0162320288930724,,,,
H,MLP,166,12,3,0.6520021973650415,0.806287238790571,0.9201726227311826,2.8737264085688676,2.8715769720582407,1.00321205619489,0.12465743573644407,0.9673012945724756,,,,
H,MLP,166,14,3,0.6987714567278758,0.8267148790516964,0.9296364490094153,3.0514960013952064,3.1227772272126018,0.9823003570900006,-0.0006048127659863665,0.9497066840510157,,,,
H,MLP,167,11,3,0.5711597238501785,0.7432988635571393,0.9626292799255453,3.9035420879729634,3.8999629671206946,1.0006603474389173,0.16998362709566836,0.9831156805306523,,,,
H,MLP,169,8,3,0.9047136947773587,0.9505359556211538,0.1389913422350977,1.3787196941397706,1.0336377178075702,1.3306922128457757,0.1464299919718756,0.979041191038208,,,,
H,MLP,169,12,3,0.4959958092978925,0.6967170578776364,0.9819988301755326,5.389695351565031,5.297256793892527,1.0178122801284155,0.010247940601009533,1.0090624105646933,,,,
H,MLP,169,14,3,0.5700651306762142,0.7464400455715342,0.9586843323892204,3.609571684581731,3.7382901273809,0.9675804451012978,-0.14994211975981406,0.9500710118233394,,,,
H,MLP,170,12,3,0.7438947237347208,0.8548145965721249,0.9333452583501679,3.4915779815045287,3.3292702857336507,1.0479039819933538,-0.022011559969071934,1.0175501050451625,,,,
H,MLP,172,8,3,0.9841354759692028,0.986642728000569,0.7958371952273172,2.36714714259403,2.215310459013251,1.0691694986820481,-0.05943930410960239,0.9714760515375037,,,,
H,MLP,172,9,3,1.1964769968674673,1.0884157999539135,0.3619298483550697,1.873772811183268,1.401573840045475,1.3506639711859771,0.15913700242861442,1.116946593234923,,,,
H,MLP,174,4,3,0.49711619581598593,0.7048555069283741,0.8696603034233131,2.2086180917574834,1.952760878394719,1.1300733856863359,-0.04259182110033061,1.077021588045815,,,,
H,MLP,176,3,3,0.6281304932061244,0.7813237807551344,-2.4926860879465953,0.8387515159973113,0.42324926967352416,1.9798900765713567,-0.07493632171833223,0.8060997598228705,,,,
H,MLP,179,7,3,0.5843823360989022,0.7636659013073834,0.8696198248743056,2.2700342697441345,2.114903691663011,1.0720061445624605,0.009833157644159768,1.0123633648635468,,,,
H,MLP,179,14,3,0.7523296350041481,0.8672245349196362,0.940970842304017,3.584870747941189,3.6034448469330607,0.996720521796011,-0.12054710423247844,0.9684729057306147,,,,
H,MLP,182,7,3,0.6429454539792722,0.8004012982633243,0.9041808604040638,2.539575571729723,2.6079561369235873,0.9742101037736437,-0.0809253601359534,0.9289290612953915,,,,
H,MODEL3-ICL-MC,137,8,3,0.14608698058409872,0.381628984800963,0.9851123718465176,3.1633645963105086,3.1454741114707176,1.0066096258074217,0.11350639135778794,1.000821295008156,,,,
H,MODEL3-ICL-MC,139,12,3,0.30932283191006255,0.5513147778907427,0.9890756190514228,5.198798482032543,5.281067992400223,0.9849474731642651,-0.11407409530622147,0.9799594690315953,,,,
H,MODEL3-ICL-MC,142,7,3,0.06911014813829404,0.26129221862514,0.9928268914418609,3.177733116240199,3.1236541991689353,1.016985564148738,-0.0191630770507271,1.0137214337194325,,,,
H,MODEL3-ICL-MC,142,12,3,0.11961898202293782,0.3293962753623903,0.983871363843491,2.680304875908655,2.715589526363558,0.9869832201470979,0.1206861375331802,0.9801020625729654,,,,
H,MODEL3-ICL-MC,145,11,3,0.1386590001115762,0.37042942915257954,0.9908838883631855,3.878798547131255,3.8868900971196805,0.9981906577894145,-0.04947656654235807,0.9939237788187082,,,,
H,MODEL3-ICL-MC,146,10,3,0.05475519048108004,0.23373927915911555,0.9897640369158723,2.3109165901695268,2.3789003384578336,0.9732277228282405,-0.0375118716584249,0.9687058319661827,,,,
H,MODEL3-ICL-MC,148,10,3,0.15684620351674525,0.39038036277002713,0.9895088566167156,3.7725662001701092,3.8847498519845147,0.9711461000697593,0.038819647732008,0.966451159958931,,,,
H,MODEL3-ICL-MC,148,16,3,0.14828890520832602,0.3847089743066934,0.982609639818488,2.96653720315021,3.0054382733951077,0.9892206369170121,0.06468273029632904,0.9812810435647124,,,,
H,MODEL3-ICL-MC,151,10,3,0.04505970671482367,0.21200123870143164,0.9928656807460081,2.5253280893867305,2.517709572353685,1.003151715982697,-0.019860546491502835,0.9999504394191708,,,,
H,MODEL3-ICL-MC,151,14,3,0.2942572853461895,0.5401338648940234,0.9886181878107356,5.2268432470678015,5.057353390192971,1.0346151349544757,-0.0197940811217145,1.0298115765800182,,,,
H,MODEL3-ICL-MC,152,10,3,0.17622325324449598,0.41800263561287965,0.9897386644729115,4.334139052740626,4.123024905345218,1.0506858238784158,0.04767320577524126,1.0470347951695318,,,,
H,MODEL3-ICL-MC,152,12,3,0.17400679060269456,0.413297392112723,0.9874144942116123,3.6763653868492434,3.7015560179196587,0.9929893439268006,0.1023006298540059,0.9880299151014037,,,,
H,MODEL3-ICL-MC,153,9,3,0.0619773865927748,0.2471414496637736,0.9889801024199114,2.2640113850327523,2.371625932472462,0.9547910704975803,0.016309968015346895,0.9509354193913676,,,,
H,MODEL3-ICL-MC,153,12,3,0.2708265534991304,0.5180249563758125,0.98732772264079,4.410816862203995,4.597979980265968,0.9586811270826638,0.03598873705857586,0.9539812200958239,,,,
H,MODEL3-ICL-MC,154,13,3,0.16620989652241447,0.4068717379703155,0.9830983439155618,3.0909163008455596,3.14607771331711,0.9836161220116293,-0.03959947203514733,0.9767691054508987,,,,
H,MODEL3-ICL-MC,154,16,3,0.26096132233161046,0.5097400637336666,0.9855203996752463,4.144469344985101,4.261019809937255,0.9703417831828118,2.003406066930502e-06,0.964019953351003,,,,
H,MODEL3-ICL-MC,155,8,3,0.07202769687658099,0.24738421605103586,0.9868155465981312,2.3809252738202384,2.4787180189050626,0.9595950950431877,0.07051778557880169,0.9549414074781178,,,,
H,MODEL3-ICL-MC,155,10,3,0.11340858390900915,0.31814611203546445,0.9903318983682589,3.2861727059137884,3.2719156893706116,1.0036444783423775,0.08468661113337096,0.9994417915991923,,,,
H,MODEL3-ICL-MC,156,15,3,0.34214536327576983,0.5843168661511614,0.9740398359979952,3.4165047888928064,3.6801980979477684,0.9282067680724602,-0.040363045314909,0.9186566826588147,,,,
H,MODEL3-ICL-MC,157,11,3,0.1170842021076501,0.33777402985648997,0.9814065159958053,2.4929679444950374,2.4924280979150897,1.001576227314555,0.033331396704984535,0.9931699837977321,,,,
H,MODEL3-ICL-MC,157,13,3,0.09110593648262622,0.3010962733094457,0.9877430774404098,2.7417627234569495,2.719951649260198,1.0082009228640374,-0.03305448927543073,1.002320967402462,,,,
H,MODEL3-ICL-MC,158,6,3,0.043220320903381966,0.2056338075645254,0.992783647477951,2.3693411415053056,2.4132623040985144,0.9824915151960312,0.050594803314996904,0.9793186993438187,,,,
H,MODEL3-ICL-MC,158,11,3,0.11265167773020661,0.33027618086959537,0.9513808416766879,1.3872837919592866,1.492275802448006,0.928749636469712,-0.021486555042427236,0.9101452748105876,,,,
H,MODEL3-ICL-MC,161,8,3,0.06535258980800751,0.25475678739893687,0.9934050913313218,3.2136401855698273,3.1400060205297398,1.023158453891879,0.12295095807865435,1.0211018730798063,,,,
H,MODEL3-ICL-MC,161,9,3,0.07639622933315826,0.266117581665228,0.9755558684190788,1.8882619813640718,1.8278678425150945,1.0340695037489898,0.13305208446083583,1.0265196658644655,,,,
H,MODEL3-ICL-MC,161,12,3,0.1101329439622048,0.324803390024527,0.9915075430293195,3.7722794927414682,3.7160560295456015,1.016809561199959,-0.09891732676131364,1.0138930367753212,,,,
H,MODEL3-ICL-MC,161,18,3,0.26244049410792686,0.5084165060883737,0.9871591394524177,4.739817938127829,4.555967778552177,1.0406381089850631,-0.07240762293165891,1.0352617615490043,,,,
H,MODEL3-ICL-MC,162,8,3,0.0511998491697525,0.2234698023334362,0.9941991572659067,2.9508875773829,2.9657727010839126,0.9941641146952342,-0.07367653731943284,0.991754350940215,,,,
H,MODEL3-ICL-MC,162,10,6,0.11069311274246951,0.331022679800218,0.9906494249836394,3.5954052484471206,3.5527061842788794,1.0104411497454795,-0.0017632393334904965,1.0073633401153852,,,,
H,MODEL3-ICL-MC,163,10,3,0.0733280335842669,0.26505597542487874,0.9965776096601787,4.419128111509434,4.560944912927526,0.969318827513348,0.06611378604051256,0.9682532597852886,,,,
H,MODEL3-ICL-MC,163,12,3,0.1091141162703713,0.3275428186700869,0.9829216897265112,2.622967095058339,2.5586725207887198,1.0246667279311974,-0.0004433787216611973,1.017317181380607,,,,
H,MODEL3-ICL-MC,164,9,3,0.10306163489726428,0.31095024869409327,0.9890947439349009,3.1228037770338197,3.097247428812633,1.0100491831205474,-0.13875940841941747,1.0063919788907167,,,,
H,MODEL3-ICL-MC,164,12,3,0.1554115116778149,0.37569664226365806,0.9814143996765727,2.630175501208795,2.761483360956486,0.9535370637608384,0.1500153415482778,0.947059387775075,,,,
H,MODEL3-ICL-MC,165,6,3,0.043277066930284734,0.20229576027905147,0.9890197913586435,1.9885709849102755,1.9942314798504939,0.9989802635623279,-0.06515945949385131,0.994507486782357,,,,
H,MODEL3-ICL-MC,166,11,3,0.13706381599284123,0.36844833342629185,0.9641209102777468,1.9506398694863065,1.9713383099465105,0.9898731802916135,-0.16151312902382695,0.9761509593961599,,,,
H,MODEL3-ICL-MC,166,12,3,0.14614232978836295,0.37471484492070567,0.9810420611296172,2.908942303733946,2.8715769720582407,1.0115492459194118,0.12697676669011457,1.0035694808911808,,,,
H,MODEL3-ICL-MC,166,14,3,0.15199864714663905,0.3855968293389325,0.9832635036202859,3.041676517167416,3.1227772272126018,0.9743636493326969,0.05811345542771887,0.9678689327870047,,,,
H,MODEL3-ICL-MC,167,11,3,0.11942519699519864,0.3434161661124709,0.9922022963987703,3.70770113546218,3.8999629671206946,0.9511891890885833,0.09926895075868773,0.948965876460436,,,,
H,MODEL3-ICL-MC,169,8,3,0.05789623384236716,0.2341183563023689,0.9479207427282926,1.0765905967862979,1.0336377178075702,1.0387601822989052,-0.0553935602598086,1.017012889709344,,,,
H,MODEL3-ICL-MC,169,12,3,0.09301981071775937,0.3042243553162815,0.9966640058781079,5.254265417410506,5.297256793892527,0.9921607671959388,0.009024953516568963,0.9906368506692904,,,,
H,MODEL3-ICL-MC,169,14,3,0.12353220938826857,0.34281495031488124,0.9912736152119,3.600104838537604,3.7382901273809,0.9635617976148868,-0.13560301649448822,0.960860262336313,,,,
H,MODEL3-ICL-MC,170,12,3,0.1287236280132622,0.3467354580620043,0.9885277448271155,3.2731449780131676,3.3292702857336507,0.9827222988195673,-0.1228547379882028,0.9784948068796974,,,,
H,MODEL3-ICL-MC,172,8,3,0.04462159990905113,0.21051923967936845,0.9909654495754356,2.1462061232687497,2.215310459013251,0.9689764568866899,-0.04980487466711627,0.965362459174096,,,,
H,MODEL3-ICL-MC,172,9,3,0.08050451654268347,0.2812768780900346,0.9582707753779308,1.4747677437339457,1.401573840045475,1.0517150204776307,0.12594166233603366,1.0375389443856078,,,,
H,MODEL3-ICL-MC,174,4,3,0.011303407388585067,0.09856373826101254,0.9969372196731584,1.9704156364144516,1.952760878394719,1.008998710231583,0.0417821112561427,1.0078642776733018,,,,
H,MODEL3-ICL-MC,176,3,3,0.00816707179519,0.0833509012607993,0.9548842570431885,0.3628025548497955,0.42324926967352416,0.8572679159369402,-0.022853101281692666,0.8536492766595195,,,,
H,MODEL3-ICL-MC,179,7,3,0.03481743242605123,0.17621174799070619,0.9925052891790672,2.1783567625519478,2.114903691663011,1.0295713240220208,0.030265805392249632,1.0269758776242126,,,,
H,MODEL3-ICL-MC,179,14,3,0.1571411683066336,0.39125902133574125,0.9875677433198993,3.561758790919624,3.6034448469330607,0.9886215878579488,-0.0874393159876578,0.983467545496711,,,,
H,MODEL3-ICL-MC,182,7,3,0.0829055325342629,0.2860231229404626,0.9874061863404656,2.5397087270730148,2.6079561369235873,0.974486677082275,-0.058892185386597705,0.9690777548914516,,,,
H,RandomForest,137,8,3,1.2404308215511675,1.112726163558679,0.8739146948656612,2.838859744118066,3.1454741114707176,0.9031992841452134,0.02638304347177756,0.8465922624321872,,,,
H,RandomForest,139,12,3,8.374882502992078,2.86472228779159,0.7070560039405621,3.3139070702812723,5.281067992400223,0.6301424716932545,0.12848299552835132,0.55432128694107,,,,
H,RandomForest,142,7,3,2.196657033755079,1.4771054822938456,0.769099310486664,2.4481899134629947,3.1236541991689353,0.7855140026914849,0.2753353081671715,0.7014377790946554,,,,
H,RandomForest,142,12,3,2.659560027508283,1.6292092545194874,0.6373864271390598,2.049790204582876,2.715589526363558,0.7538927522917899,-0.03455513206662464,0.6235273291367256,,,,
H,RandomForest,145,11,3,3.106835137449318,1.7624358969740916,0.784183281644849,3.0003018800561563,3.8868900971196805,0.7718941207783526,0.09040291613450158,0.692227834510862,,,,
H,RandomForest,146,10,3,2.124956999391039,1.4557305006217216,0.5813819561323377,1.7521350178930257,2.3789003384578336,0.7529055564319557,-0.3137368617323866,0.5980950265323137,,,,
H,RandomForest,148,10,3,2.684608441118273,1.6375563731390088,0.8220128410893403,2.9686607970518657,3.8847498519845147,0.7638135433256871,0.017401872964261544,0.7063639409850325,,,,
H,RandomForest,148,16,3,2.9140433585354018,1.7066156451635839,0.6668467845468902,1.9791075850956579,3.0054382733951077,0.6586527248586446,0.1659844923282232,0.5659205947664134,,,,
H,RandomForest,151,10,3,1.2899309717424448,1.1324114678250699,0.795447923291751,2.0077435535516734,2.517709572353685,0.7968981702532741,0.3694315876007956,0.728051378909401,,,,
H,RandomForest,151,14,3,7.2232349434180305,2.682161699396991,0.7179332112506595,3.975856963392582,5.057353390192971,0.7883611831020026,-0.15044400015352113,0.67909739764916,,,,
H,RandomForest,152,10,3,2.9038349937337973,1.7016364223581777,0.8286479158978715,3.604300444412022,4.123024905345218,0.876568469860787,-0.2602654976694242,0.8013872742888206,,,,
H,RandomForest,152,12,3,3.803604390248399,1.940873749557834,0.7236587742616921,2.6485352383005387,3.7015560179196587,0.7196426931070192,0.07443769260352419,0.6274452103129337,,,,
H,RandomForest,153,9,3,1.0655250242027616,1.031185149118328,0.8062081516711811,1.88912660083824,2.371625932472462,0.7985446616638389,0.04187918756079967,0.7228515156829745,,,,
H,RandomForest,153,12,3,3.156494252582355,1.7516344752609576,0.8550547427553518,3.764520217727295,4.597979980265968,0.82300827681491,0.21631427065335293,0.771066493721584,,,,
H,RandomForest,154,13,3,3.166687910920843,1.775637087435164,0.6816159512289456,2.118286254299144,3.14607771331711,0.6754042416227324,-0.018746521683687734,0.5751958717470408,,,,
H,RandomForest,154,16,3,5.093247506349625,2.254662150562581,0.7175109677334385,2.944547664688713,4.261019809937255,0.6956340050985951,-0.34312350792069907,0.6060437436640814,,,,
H,RandomForest,155,8,3,1.0719124168143046,1.0215995827166735,0.8263337998680095,2.0523313244530086,2.4787180189050626,0.8312494005299539,0.01643785436057053,0.7602012129437087,,,,
H,RandomForest,155,10,3,2.049370631560643,1.3959649858568397,0.7959533977147314,2.50469362220846,3.2719156893706116,0.7676541500663815,0.2069944894145964,0.6982972617430255,,,,
H,RandomForest,156,15,3,2.806400919419223,1.662163522821598,0.7970269047749152,2.710335212006704,3.6801980979477684,0.7397670463359742,0.011397103843651002,0.6741210597341599,,,,
H,RandomForest,157,11,3,1.764633466902027,1.3262262291488172,0.714195150853354,1.8518714014727677,2.4924280979150897,0.7468714622896971,0.240873303414207,0.6440193004302225,,,,
H,RandomForest,157,13,3,2.5907884604850704,1.605451265160113,0.6515412422725544,1.7975558014527928,2.719951649260198,0.662623862308643,-0.041610724675501996,0.5493302824795326,,,,
H,RandomForest,158,6,3,1.63069471002844,1.2738305259615406,0.7149401365452475,1.9453662235424165,2.4132623040985144,0.8066848135571812,0.2779054841729399,0.6916998054602196,,,,
H,RandomForest,158,11,3,1.1166098260133703,1.0558023454409338,0.49064295377835415,0.8221471903169029,1.492275802448006,0.5575845897236777,-0.012196889746103667,0.4069542635899734,,,,
H,RandomForest,161,8,3,1.5360732692949035,1.2309537045973349,0.8450597647088628,2.625368884530768,3.1400060205297398,0.8371871098026795,0.05138250940268039,0.7770246513205369,,,,
H,RandomForest,161,9,3,1.0709484841342902,1.032511302414372,0.6797734503701109,1.672124159245973,1.8278678425150945,0.9174631790402832,-0.07958653621781527,0.7632394759138927,,,,
H,RandomForest,161,12,3,3.8736919256998643,1.9573889443740697,0.715470407610222,2.539893535095066,3.7160560295456015,0.6871192236256106,-0.0650667157827942,0.5945865454265643,,,,
H,RandomForest,161,18,3,6.83054889317322,2.562297273859837,0.6740061143647552,3.6271053107673334,4.555967778552177,0.7969786790536245,-0.08654925510012397,0.6679059069170931,,,,
H,RandomForest,162,8,3,1.3455569925143556,1.1533701430156593,0.8488309437471036,2.338694611575897,2.9657727010839126,0.787727233380433,-0.01802363840521133,0.7369060312719508,,,,
H,RandomForest,162,10,6,2.539666876665595,1.5754024036148364,0.7945260762536338,3.0355112253770478,3.5527061842788803,0.8512700766197178,0.1639747762855447,0.7682099866477912,,,,
H,RandomForest,163,10,3,2.5526147363572833,1.5973764388135416,0.8769066192903813,3.752973477871952,4.560944912927526,0.8231138018225125,0.20062407300948357,0.778604950835231,,,,
H,RandomForest,163,12,3,2.779130132237612,1.6656481668820096,0.5738851632282094,1.7484862375600931,2.5586725207887198,0.6851566996320102,-0.3358620088450765,0.5379203968302283,,,,
H,RandomForest,164,9,3,1.4642780956436041,1.201475907728568,0.8495844973082208,2.5774062612879156,3.097247428812633,0.837562556002954,-0.23331838002339947,0.7843578695041717,,,,
H,RandomForest,164,12,3,1.928742619132483,1.3827934257731027,0.7452067711785274,1.9887466632837765,2.761483360956486,0.7272521440002544,-0.0414930110709542,0.6405581705085597,,,,
H,RandomForest,165,6,3,0.43700335754133524,0.657676977830964,0.8861318349798077,1.9213631132962867,1.9942314798504939,0.9637740034892249,-0.06774164964445863,0.9086319407475202,,,,
H,RandomForest,166,11,3,1.1885895326664448,1.0796739529179,0.6987329405978332,1.4089086350243474,1.9713383099465105,0.7160225790791811,-0.1501773449015993,0.6112945007807012,,,,
H,RandomForest,166,12,3,1.5889138597761183,1.2500537997277748,0.8105129783292132,2.3264282750814353,2.8715769720582407,0.8078216148616549,0.0013757922892340332,0.7321284645943881,,,,
H,RandomForest,166,14,3,2.600419558188854,1.5898197250943464,0.7421497467831678,2.189733567768741,3.1227772272126018,0.7053903233543367,-0.15925680613927518,0.6228756240552756,,,,
H,RandomForest,167,11,3,1.8359606826540766,1.353920481753151,0.8784032739508888,3.2739977307230195,3.8999629671206946,0.8415302361463503,-0.018938334072061098,0.7947027653337987,,,,
H,RandomForest,169,8,3,0.4332378866002696,0.6578078072024672,0.5930683913949145,0.9620296731854121,1.0336377178075702,0.9317806901741212,-0.10741107968535857,0.7405995129897304,,,,
H,RandomForest,169,12,3,2.2129539644317604,1.4808912732833273,0.9202229276580959,4.90111066534979,5.297256793892527,0.9255584775204468,0.1021007751199501,0.8889659708253487,,,,
H,RandomForest,169,14,3,4.4993748051109685,2.1184530347621213,0.6776016236983694,2.5667165790008775,3.7382901273809,0.6892125013434347,-0.13140273323973725,0.5841019030114997,,,,
H,RandomForest,170,12,3,3.349186117678716,1.8279235255551418,0.6975068183713339,2.216362003301397,3.3292702857336507,0.6655582720143239,0.11278041647647007,0.5720954212311916,,,,
H,RandomForest,172,8,3,0.5726055405502976,0.7495100201836005,0.8820625044969646,2.015099931797807,2.215310459013251,0.9102810662727469,-0.07673741610040484,0.857900529189882,,,,
H,RandomForest,172,9,3,0.6857395054413323,0.8233056020480373,0.6513341981135581,1.1637342345414854,1.401573840045475,0.834248602461127,0.2164615060178836,0.6890879053856027,,,,
H,RandomForest,174,4,3,0.27011308127763495,0.5185442892847563,0.9295447306946135,1.8730572191155088,1.952760878394719,0.9592568246749339,-0.0139944150888857,0.9261232626165864,,,,
H,RandomForest,176,3,3,0.18786500807323114,0.4330109152410708,-0.04935964519825644,0.5206063048420786,0.42324926967352416,1.2314925447962068,-0.005191378251232896,0.7477299838772958,,,,
H,RandomForest,179,7,3,0.6765781029284899,0.8134329989908058,0.8446995883927414,1.9587420001262525,2.114903691663011,0.9269841377406398,-0.12754223972465895,0.8561095588656619,,,,
H,RandomForest,179,14,3,3.5986789149748932,1.895424330177325,0.719228396863182,2.5383081717501876,3.6034448469330607,0.7090699423817407,-0.18103682678406843,0.6229293562949355,,,,
H,RandomForest,182,7,3,0.9829176102478264,0.9839480826363213,0.8568035251478608,2.1103718351091554,2.6079561369235873,0.8130941042821225,-0.04377341592659529,0.7619385960002535,,,,
H,Ridge,137,8,3,0.09575878204839429,0.30043299731822226,0.990374825357026,3.1521676590938044,3.1454741114707176,1.0023973238808301,0.05249906996687237,0.9979855149089746,,,,
H,Ridge,139,12,3,0.17120481024415513,0.41343002155547404,0.9937464727586031,5.254899504854676,5.281067992400223,0.9954760907162252,-0.05509510384798837,0.9924870753805668,,,,
H,Ridge,142,7,3,0.03816712640692363,0.1876855411930843,0.9961667980098706,3.165709822465731,3.1236541991689353,1.0129297214086594,-0.05458937786006016,1.0114244632810865,,,,
H,Ridge,142,12,3,0.07358476604647046,0.26599667826573653,0.9901095194336412,2.678834920685979,2.715589526363558,0.9863211850628383,0.07189811339857494,0.9822130258580529,,,,
H,Ridge,145,11,3,0.11534596794455393,0.3395001584032646,0.9920996363506465,3.9480296240625044,3.8868900971196805,1.0167119219055658,-0.05551268635606416,1.0133633434365727,,,,
H,Ridge,146,10,3,0.039341615681206234,0.19761796295160328,0.9919192918992893,2.3234718381044916,2.3789003384578336,0.9778330309747325,-0.04439027511510551,0.9747128783266147,,,,
H,Ridge,148,10,3,0.11207634991176348,0.3270851796370981,0.9925090596169355,3.7731773989624653,3.8847498519845147,0.9711496618281944,0.0171493051247473,0.9679531448252151,,,,
H,Ridge,148,16,3,0.09112598003847294,0.2994988035906972,0.9889189883014845,2.995729174639074,3.0054382733951077,0.9970056478592194,0.05356583378115529,0.99195691810076,,,,
H,Ridge,151,10,3,0.040741718251131535,0.19421258188541513,0.9934077859055089,2.54424140303813,2.517709572353685,1.010848009153525,0.0527803618687503,1.008185546489478,,,,
H,Ridge,151,14,3,0.17059192278968308,0.4091536424091231,0.993473597473808,5.220918504514451,5.057353390192971,1.0322551299595353,-0.04824164626912947,1.0296530358362475,,,,
H,Ridge,152,10,3,0.0992531797673244,0.31323045008483064,0.9940962165774097,4.28120371556269,4.123024905345218,1.0381914868004625,0.06576590029520067,1.0361088736518251,,,,
H,Ridge,152,12,3,0.09120323546674493,0.29671121208934137,0.9928620649733421,3.755325978932857,3.7015560179196587,1.0150889721640215,0.036382725351560535,1.0121330876135235,,,,
H,Ridge,153,9,3,0.04146655382847984,0.19772298602512953,0.9927676815691865,2.242342871449711,2.371625932472462,0.9454642607692492,-0.000990344661890366,0.943385578216185,,,,
H,Ridge,153,12,3,0.15061811108459075,0.38674922693871244,0.9928825411492911,4.469209927577783,4.597979980265968,0.9720739212426305,0.01683994137009483,0.9692156598677207,,,,
H,Ridge,154,13,3,0.09330499942018887,0.3048219338656997,0.9905607981732351,3.046181793779061,3.14607771331711,0.96866087646676,-0.0426754021437872,0.9647634926256794,,,,
H,Ridge,154,16,3,0.11748868808856798,0.3409919441120512,0.9932238316836148,4.169726715333394,4.261019809937255,0.9775794114954054,0.011984544640221662,0.9746513875857877,,,,
H,Ridge,155,8,3,0.0548727796020101,0.22480490183798962,0.9909921360019757,2.386631048743281,2.4787180189050626,0.9622332422294058,0.0028078322834308007,0.9587765231398184,,,,
H,Ridge,155,10,3,0.0744638684990589,0.2701306077956512,0.993103371034195,3.30434610668863,3.2719156893706116,1.00988435309402,0.07771923899668252,1.0070946306744921,,,,
H,Ridge,156,15,3,0.21393097194199842,0.4604584181234202,0.9837133887921204,3.518634955155052,3.6801980979477684,0.9546283016289753,-0.0633273918944425,0.9479654673000262,,,,
H,Ridge,157,11,3,0.031243615136793634,0.17486059794534628,0.9950951890310401,2.486495299273517,2.4924280979150897,0.9985609514479896,0.0061317733767451,0.9963783566349061,,,,
H,Ridge,157,13,3,0.08946242738768267,0.2988293977610754,0.9879354981883043,2.7719917176194593,2.719951649260198,1.0189476714892187,-0.036567603282127666,1.0133480932039627,,,,
H,Ridge,158,6,3,0.04803589223682786,0.2137984127335055,0.9921781926414224,2.385193300594163,2.4132623040985144,0.9896025981811362,0.06958358297514596,0.9863200009804055,,,,
H,Ridge,158,11,3,0.0881022737726098,0.2914596411822416,0.9621483273122683,1.4511948337979483,1.492275802448006,0.9713501588859709,-0.07543803900478334,0.9544146806634389,,,,
H,Ridge,161,8,3,0.05200451610165737,0.22722976977391748,0.9947105019464333,3.205656166449667,3.1400060205297398,1.0205223935286483,0.12226980542964487,1.0189718376827754,,,,
H,Ridge,161,9,3,0.03402135465274927,0.18312483644635388,0.9895516483065346,1.8620248960182255,1.8278678425150945,1.019181018358236,0.10816677627385662,1.0166275126352706,,,,
H,Ridge,161,12,3,0.06472337268018004,0.2494187738209063,0.9947811958267924,3.772690194841418,3.7160560295456015,1.01700511683263,-0.094859684003498,1.0151975160773723,,,,
H,Ridge,161,18,3,0.1044205791976192,0.3230164996076606,0.9949391088804559,4.661254155123052,4.555967778552177,1.0230758817576804,-0.04794033293102203,1.020873841002221,,,,
H,Ridge,162,8,3,0.0387133569373193,0.1953267965859645,0.9955465141108113,2.904203391222149,2.9657727010839126,0.9783311795088437,-0.005477818286634434,0.9766032524545872,,,,
H,Ridge,162,10,6,0.08445983547784995,0.2858960948873755,0.9927400073935727,3.6125839957733947,3.5527061842788803,1.0153989134613512,0.00511365312357726,1.0127968395445592,,,,
H,Ridge,163,10,3,0.0570616687669164,0.23884187104537083,0.9972473041390044,4.471867781493731,4.560944912927526,0.9808663425598522,0.07064967368371387,0.9798421017986684,,,,
H,Ridge,163,12,3,0.08455151094329134,0.28821785480930723,0.9867578010895185,2.582208757582188,2.5586725207887198,1.0092338802771492,-0.04980144989704086,1.0030481124549577,,,,
H,Ridge,164,9,3,0.05671714136322711,0.23340033538079494,0.994102590545352,3.0647268662088822,3.097247428812633,0.9909900126944645,-0.12874367507132348,0.9893366225863485,,,,
H,Ridge,164,12,3,0.0666062585141237,0.25185067179568343,0.9916541621243894,2.6625802895515833,2.761483360956486,0.9655815351749742,0.06986658043487214,0.9625602352360945,,,,
H,Ridge,165,6,3,0.021269050067992734,0.14340617555044863,0.9948484345461348,1.9662122869404535,1.9942314798504939,0.9872657524599919,-0.05569884543685887,0.9853347940787792,,,,
H,Ridge,166,11,3,0.115727920620437,0.33716636187975,0.9704823421843726,1.982488676235221,1.9713383099465105,1.005863663438558,-0.1112278167548183,0.9929848769203274,,,,
H,Ridge,166,12,3,0.08384110951038566,0.2888297402369762,0.9895400339466532,2.9178300393905015,2.8715769720582407,1.015157061335318,0.09688402029204746,1.0109095284501517,,,,
H,Ridge,166,14,3,0.07784721919909,0.2788247484156234,0.9917060835099344,3.0014325990264847,3.1227772272126018,0.9616957358538564,0.0580218650370975,0.9586070442210858,,,,
H,Ridge,167,11,3,0.05736836003172103,0.23933311163753557,0.9961732641106625,3.817170126335629,3.8999629671206946,0.9791059852271417,0.08542078557162909,0.9777419793488517,,,,
H,Ridge,169,8,3,0.03532381134408336,0.1814041811105465,0.9678105329508854,1.0034359125531942,1.0336377178075702,0.9693325734388708,-0.05436106688692207,0.9565133077126443,,,,
H,Ridge,169,12,3,0.039299816844472306,0.19724775161206998,0.9986024227979056,5.316207392538029,5.297256793892527,1.0037119123514306,-0.017183949909882566,1.0030359052887758,,,,
H,Ridge,169,14,3,0.09926526361758752,0.30838545843084464,0.9928844799793833,3.595081225523986,3.7382901273809,0.9617608033325437,-0.12829230049967263,0.9596227291549204,,,,
H,Ridge,170,12,3,0.10560118995736036,0.3218445591152151,0.9905534399695025,3.2506010173789615,3.3292702857336507,0.9761578035195102,-0.11615680255554056,0.9725067680010326,,,,
H,Ridge,172,8,3,0.03864537648392833,0.19651007985873978,0.9920762755503508,2.1435714875897394,2.215310459013251,0.9676039448621022,-0.03188377119898614,0.9646096878739167,,,,
H,Ridge,172,9,3,0.0803045268587722,0.2826530169837254,0.9572822289192245,1.4563238934875278,1.401573840045475,1.0393493498758033,0.15543061262636718,1.024938937746458,,,,
H,Ridge,174,4,3,0.0061193770602080665,0.07106355671426477,0.9983496887490192,1.9792008872934292,1.952760878394719,1.0137260974557292,0.025624096228251802,1.0131231517322687,,,,
H,Ridge,176,3,3,0.008601185343432132,0.09084889926149432,0.95196676911229,0.37242103465170734,0.42324926967352416,0.8798499689448881,-0.05539655474598637,0.8747241237399169,,,,
H,Ridge,179,7,3,0.0448107901720638,0.2057551886728578,0.9902547929953099,2.143172668486097,2.114903691663011,1.0132311713526423,0.014701332195535433,1.009454222091841,,,,
H,Ridge,179,14,3,0.08736970305232761,0.29272477142400516,0.99304809364007,3.5445237530446363,3.6034448469330607,0.984781864149963,-0.09300080469894763,0.9820680668426321,,,,
H,Ridge,182,7,3,0.08345603439969895,0.27991015738885106,0.98748439384628,2.5206054858452975,2.6079561369235873,0.9657982747582311,-0.07493897813429377,0.9609314038330544,,,,
H,SVR,137,8,3,2.3381307899058466,1.5109239414563558,0.7659771903201439,2.1685068189058643,3.1454741114707176,0.6897243469191331,-0.1616485207156955,0.6253387714084916,,,,
H,SVR,139,12,3,9.826163707447215,3.0482629527168243,0.663379728861295,3.103455396530221,5.281067992400223,0.592005351751275,0.1442536980308736,0.5109401824302535,,,,
H,SVR,142,7,3,1.399610079255405,1.1799956211822349,0.852811468657454,2.440347705145702,3.1236541991689353,0.7805474922679488,0.07931786464699225,0.7377625247376397,,,,
H,SVR,142,12,3,1.6870120346125448,1.2972240301362252,0.7712394668306931,1.8853961419452672,2.715589526363558,0.6933646852100762,0.15243391111063256,0.6378791883106932,,,,
H,SVR,145,11,3,5.390411062038285,2.2997539202941026,0.6485005355940342,2.0898563548555367,3.8868900971196805,0.5376088424458833,0.0069578534308364914,0.470974158547524,,,,
H,SVR,146,10,3,1.5909895967832692,1.251550029312984,0.7182825741521306,1.465348698945373,2.3789003384578336,0.6277310505213739,0.15231066892713538,0.5615423740849911,,,,
H,SVR,148,10,3,3.24178865014199,1.795258189379189,0.7860406999628249,2.5484739044043274,3.8847498519845147,0.6563691756128498,-0.2541675006598197,0.6110677687895597,,,,
H,SVR,148,16,3,3.145801913150938,1.7676695208667983,0.6514397488011168,1.7189934231127795,3.0054382733951077,0.576013564296554,0.24248027658039226,0.5099093667176546,,,,
H,SVR,151,10,3,1.192505681029549,1.0916261691478992,0.8110126652921831,1.8041116508588433,2.517709572353685,0.7160809176527971,0.25110675947801037,0.6680790530028684,,,,
H,SVR,151,14,3,10.088226378531933,3.1268957560149264,0.6172239951317484,2.752497487546041,5.057353390192971,0.5463432569486947,0.13857237564178812,0.46614412270220384,,,,
H,SVR,152,10,3,3.8684736694942603,1.9367287145436212,0.7797544675120504,2.7867549321933485,4.123024905345218,0.677749083349342,-0.20300791132051754,0.6244027106232385,,,,
H,SVR,152,12,3,4.476341689264248,2.0918552748313464,0.6796783438595885,2.2940398602324277,3.7015560179196587,0.6234210844814772,-0.05206180245561101,0.542779176370848,,,,
H,SVR,153,9,3,0.8911286771680048,0.940917047716217,0.8423451870701756,1.7662214400339682,2.371625932472462,0.7479816011525356,0.13650105794265452,0.7041821478316562,,,,
H,SVR,153,12,3,7.211743311637778,2.6242728482646007,0.6740108280321276,2.7142261309112876,4.597979980265968,0.5963242213667582,0.3126436515151929,0.526724090215359,,,,
H,SVR,154,13,3,2.597969564440295,1.6020271797342795,0.7386757727014711,1.9985130272895972,3.14607771331711,0.6363745886848254,-0.056710165326267804,0.5760423059937675,,,,
H,SVR,154,16,3,5.633238447590866,2.366910061351387,0.6905883815996275,2.3721765772945624,4.261019809937255,0.5565773906945339,-0.43101527466777717,0.5065038577096407,,,,
H,SVR,155,8,3,0.9549706259270371,0.9639419384979223,0.8492921897146335,1.8886854071128079,2.4787180189050626,0.767969150995893,0.02287750218102123,0.7225369153484431,,,,
H,SVR,155,10,3,3.419855485196329,1.835837002870531,0.6804290900276913,1.9945920611207872,3.2719156893706116,0.6139303303152928,0.4302092966683601,0.5469631239644784,,,,
H,SVR,156,15,3,2.4169372762301364,1.519936241197448,0.8271073050370469,2.736374883352735,3.6801980979477684,0.747908632442012,-0.061506327757011904,0.6968464350491206,,,,
H,SVR,157,11,3,1.605315500381857,1.2500146973514568,0.7489271239709786,1.6273457218178358,2.4924280979150897,0.6550749875006514,0.3034297067847221,0.6025051663386866,,,,
H,SVR,157,13,3,2.515460814720886,1.5841096178685319,0.6609201948754091,1.462399779650216,2.719951649260198,0.538162427785194,0.17052910202195204,0.48006295388445325,,,,
H,SVR,158,6,3,1.0876040933036037,1.0300742253851463,0.8190714757359032,1.7316528756583223,2.4132623040985144,0.7190326269146269,0.3028531334994599,0.6766307701256293,,,,
H,SVR,158,11,3,0.7585643792323515,0.8707829761183518,0.6518595967185442,0.9201323274974177,1.492275802448006,0.6193681748705863,-0.04396039261398593,0.5198389043904593,,,,
H,SVR,161,8,3,1.373288687020839,1.1702223642046106,0.8604352388985269,2.392666185880037,3.1400060205297398,0.7628898406906149,0.0957556802887764,0.7232441424026673,,,,
H,SVR,161,9,3,0.7565216178413167,0.8659983854236505,0.7740408537145086,1.2367344082012515,1.8278678425150945,0.6781060186655541,0.024494591150292604,0.618814004632997,,,,
H,SVR,161,12,3,3.9560621810730487,1.9152031794225826,0.7384841218598561,2.33895616327688,3.7160560295456015,0.6388645756481919,-0.13334446298480637,0.5767811726777324,,,,
H,SVR,161,18,3,5.482272021276746,2.3353572786776944,0.7351628463535217,2.991180508071265,4.555967778552177,0.656954968578487,0.07449014371273055,0.586445613458944,,,,
H,SVR,162,8,3,1.6889911483179176,1.2952296544135622,0.8094406305243432,2.132483671038317,2.9657727010839126,0.7203224086372758,0.010072839668729164,0.6658099865084258,,,,
H,SVR,162,10,6,3.2924720464914947,1.7051158145256602,0.7727680614320361,2.404509171565478,3.5527061842788803,0.690581400439605,0.1652533507415284,0.6326126985213234,,,,
H,SVR,163,10,3,3.7796930912982045,1.9290666152747395,0.8193195075718536,3.1657195141924817,4.560944912927526,0.6942070920262918,0.18024898308960527,0.6529697805140565,,,,
H,SVR,163,12,3,2.0664101635189787,1.4366397556130988,0.6844607733340778,1.6046194501839846,2.5586725207887198,0.6277173990022158,-0.1059635218334466,0.5463010537562248,,,,
H,SVR,164,9,3,1.85428119407635,1.3018854892709566,0.812624333242777,2.351268843701135,3.097247428812633,0.7621162211113784,-0.4160974864871784,0.7133156804539377,,,,
H,SVR,164,12,3,2.328378055760284,1.4956995535999138,0.7098500462181109,1.6080985336205469,2.761483360956486,0.5906926790992689,0.24102411847979968,0.5362298079912355,,,,
H,SVR,165,6,3,0.5144124442633423,0.7133405195240092,0.8722121325942612,1.6578389861785532,1.9942314798504939,0.8350774411699243,-0.258239266719015,0.7954454808984962,,,,
H,SVR,166,11,3,0.8083021190060223,0.8967849420341314,0.7921921436943752,1.3838433469431202,1.9713383099465105,0.7019918605330014,-0.17214209356191468,0.6523335841615218,,,,
H,SVR,166,12,3,1.804020811533335,1.3425777897926123,0.7765227678869357,1.9005974888732762,2.8715769720582407,0.6609019126440817,0.230292496089986,0.6146971542121703,,,,
H,SVR,166,14,3,2.687177010960632,1.6015026059784254,0.7391727514955968,2.0664423691291063,3.1227772272126018,0.6644212120705898,-0.12986277804508756,0.5932053673781968,,,,
H,SVR,167,11,3,2.683956311361148,1.6361414689123068,0.823989119568906,2.81882959710895,3.8999629671206946,0.7223338191111419,0.13654792753062134,0.6738084791024349,,,,
H,SVR,169,8,3,0.24686049857196168,0.4737067982690479,0.7800264830975445,0.8543053187907472,1.0336377178075702,0.8284576924576966,0.07600320610366766,0.7393975153983278,,,,
H,SVR,169,12,3,3.9680180986296656,1.9864400348798952,0.8583922147817701,4.07106431101894,5.297256793892527,0.7677709304260394,0.24595989764680617,0.7257939078549157,,,,
H,SVR,169,14,3,3.2375848051247402,1.7980863657493928,0.7676468966330514,2.3937229856943705,3.7382901273809,0.6409410118760163,-0.06288402231352096,0.5916184445816587,,,,
H,SVR,170,12,3,2.5398800687608314,1.5922835113702265,0.7713123189605647,2.2179394662345433,3.3292702857336507,0.6664480760952376,-0.10917242058553556,0.6087936295310671,,,,
H,SVR,172,8,3,0.6828797277909503,0.822427506031481,0.8621677643459372,1.809265091256637,2.215310459013251,0.8166622371829667,-0.1208558513922971,0.7679101255994546,,,,
H,SVR,172,9,3,0.5578155417348415,0.7334461551853986,0.7278461547830993,1.0556695224455908,1.401573840045475,0.7569395902502878,0.14652870645819774,0.6593944019450564,,,,
H,SVR,174,4,3,0.9096422273241623,0.9400016231868603,0.7643169991094787,1.6008789364470921,1.952760878394719,0.8195546537198769,0.15463346294461697,0.7223159130801547,,,,
H,SVR,176,3,3,0.053675618077866395,0.23143819067110646,0.7002967250352636,0.4579184561970255,0.42324926967352416,1.0819167009134878,-0.03375911645042076,0.9437095306199902,,,,
H,SVR,179,7,3,0.45119609549527734,0.6715376584897444,0.8987716189529517,1.8591668248337865,2.114903691663011,0.8795679301605347,-0.1411588471794407,0.8427513090795383,,,,
H,SVR,179,14,3,3.528519188972273,1.8783990114606413,0.7241350983777163,2.1999234489177693,3.6034448469330607,0.611082024248128,-0.16372935531909516,0.559462684410379,,,,
H,SVR,182,7,3,1.2784068254403353,1.0925128747377806,0.8197546385795019,1.9745611956321827,2.6079561369235873,0.7573315549911666,-0.09226295615006502,0.6993368204742816,,,,
H,XGBoost,137,8,3,2.092743149996276,1.4379194812457043,0.7902631843763585,3.2039264837900796,3.1454741114707176,1.0187287361555715,0.019138347581622434,0.9162182382970577,,,,
H,XGBoost,139,12,3,9.655868414047744,3.0772165815576273,0.6609343302079099,3.5514026482899985,5.281067992400223,0.6746827907508545,0.37929124151532606,0.562979500402524,,,,
H,XGBoost,142,7,3,1.9943691544037365,1.4049942790538559,0.7899839005663605,2.8557944297790527,3.1236541991689353,0.9163315712642026,0.1947122628193725,0.8248319830649509,,,,
H,XGBoost,142,12,3,3.3979492020848787,1.8333451551844,0.536730057731846,2.3301655451456704,2.715589526363558,0.8557411671025887,-0.027001940130374158,0.65625803813077,,,,
H,XGBoost,145,11,3,3.428547306955586,1.8490860763438859,0.7577927714083551,3.203210194905599,3.8868900971196805,0.8293146922611396,0.026453876203197824,0.7252038658014327,,,,
H,XGBoost,146,10,3,2.8631149414913257,1.6899942491938191,0.42764244050756917,2.0649547974268594,2.3789003384578336,0.8833282688512728,-0.2350536189023619,0.637810802406967,,,,
H,XGBoost,148,10,3,3.9212661631162735,1.9786415115647744,0.7403544526707965,3.4050891399383545,3.8847498519845147,0.876103236101562,-0.020237798662678275,0.7624118741332705,,,,
H,XGBoost,148,16,3,3.6327983907966126,1.8955627403985102,0.5648032877328429,2.4307169914245605,3.0054382733951077,0.8085705287105881,0.09852432053732946,0.627588515939235,,,,
H,XGBoost,151,10,3,1.7046991762130617,1.3049133407579838,0.7296533221239513,2.2586682637532554,2.517709572353685,0.8968153979469083,0.2902512635091432,0.7781923663864273,,,,
H,XGBoost,151,14,3,8.336680739478236,2.8839677154144403,0.6725895022377942,4.682852745056152,5.057353390192971,0.9313182457303236,-0.4341627456971284,0.7858269147286675,,,,
H,XGBoost,152,10,3,3.5823724887831627,1.8904619152568773,0.7846990741967654,3.889071305592855,4.123024905345218,0.942755458863567,-0.38749481713551265,0.8444470685644072,,,,
H,XGBoost,152,12,3,4.845653278051359,2.190063425560733,0.6437989456673616,3.2423512935638428,3.7015560179196587,0.884486621383942,0.17421233257246094,0.7320829810536793,,,,
H,XGBoost,153,9,3,1.218666333296496,1.1005847573918808,0.7811171638296442,2.0351845820744834,2.371625932472462,0.8583246970836163,0.020503292535877293,0.760091758142298,,,,
H,XGBoost,153,12,3,3.7500045853996107,1.9041622776046117,0.8271594198184538,4.111273765563965,4.597979980265968,0.8994702437802483,0.15010655173747073,0.8255164533176719,,,,
H,XGBoost,154,13,3,3.5995422741190164,1.8824747958952848,0.6401337297815344,2.4616195360819497,3.14607771331711,0.7856269421991264,0.06206352919835748,0.6373986796764618,,,,
H,XGBoost,154,16,3,6.176064904689286,2.482852758046971,0.6562148710476522,3.270920753479004,4.261019809937255,0.7730529353187595,-0.35055665858819457,0.6344697069822519,,,,
H,XGBoost,155,8,3,1.1688302459470652,1.0732741198529616,0.8082923763761792,2.2757742404937744,2.4787180189050626,0.9190451013645834,0.05161204965867403,0.8275710235559747,,,,
H,XGBoost,155,10,3,2.344156656750153,1.4826002468103612,0.7650226339667182,2.777985095977783,3.2719156893706116,0.852140239355175,0.21472090657105328,0.7524887316517849,,,,
H,XGBoost,156,15,3,3.0230585388114726,1.7237520772247807,0.7814991413641783,3.184751590092977,3.6801980979477684,0.8719616901612609,0.15517847179682645,0.7751560004552788,,,,
H,XGBoost,157,11,3,2.1668763787756644,1.4696805342446984,0.6517870445221722,2.130153020222982,2.4924280979150897,0.8612366641077442,0.13049679433922076,0.7037792890276782,,,,
H,XGBoost,157,13,3,3.263509750554076,1.7958999765452963,0.5604311696488281,2.13567320505778,2.719951649260198,0.7865717820239643,-0.1822086955643614,0.5937552909314513,,,,
H,XGBoost,158,6,3,2.020140050612342,1.4193879853595863,0.6451157966199209,2.0070538918177285,2.4132623040985144,0.826803626046022,0.32960217511340933,0.6771368317656044,,,,
H,XGBoost,158,11,3,1.4078644786262313,1.185561123207129,0.3493592997575814,1.0680534839630127,1.492275802448006,0.7211059217251775,-0.060113056804425004,0.44650551829773616,,,,
H,XGBoost,161,8,3,1.828305806796512,1.3512505806994157,0.8137640707809438,2.90953262646993,3.1400060205297398,0.9281051391904493,0.19797194201181512,0.8419233089070038,,,,
H,XGBoost,161,9,3,1.3963529049483416,1.181117892178295,0.576181701277427,1.791218598683675,1.8278678425150945,0.9835609257886779,-0.12461554379111155,0.7780424930531521,,,,
H,XGBoost,161,12,3,4.497929503969667,2.0993446248588827,0.6506044113248236,2.7702433268229165,3.7160560295456015,0.7447588842282921,-0.10494856093565953,0.6065453541370595,,,,
H,XGBoost,161,18,3,7.993657485669289,2.7925581584506376,0.6124936361689929,4.1499924659729,4.555967778552177,0.9131362315685368,-0.09577613359144295,0.7451002037289953,,,,
H,XGBoost,162,8,3,1.6060620253389322,1.265339757159363,0.8159922014913051,2.599855343500773,2.9657727010839126,0.8744954165551168,-0.08795790114816147,0.7935360995424033,,,,
H,XGBoost,162,10,6,3.087948916736677,1.7437323059322452,0.7474636546478123,3.4117718935012817,3.5527061842788803,0.9592500346909442,0.08476058493190282,0.8412292885285241,,,,
H,XGBoost,163,10,3,3.5815963329066602,1.8782082572670502,0.829292861959933,4.1298651695251465,4.560944912927526,0.9046279041313773,0.17132594865123152,0.82766225474262,,,,
H,XGBoost,163,12,3,3.051966684487151,1.7442944687474053,0.5313729955080182,2.216171662012736,2.5586725207887198,0.866576968850053,-0.3919466065016512,0.6615429666208944,,,,
H,XGBoost,164,9,3,1.4051942135098976,1.1740042299828115,0.8473819135708268,3.005108118057251,3.097247428812633,0.9739499116034184,-0.15326190314105312,0.9014597136515574,,,,
H,XGBoost,164,12,3,2.6808190515476595,1.6265751682847966,0.6476700353919486,2.267322301864624,2.761483360956486,0.8324770737586117,-0.008385576237888095,0.6782769374048891,,,,
H,XGBoost,165,6,3,0.7750937793889682,0.8792144292058334,0.8007276402049169,2.0345449447631836,1.9942314798504939,1.0234752182823579,-0.18379412318267285,0.9311516384286563,,,,
H,XGBoost,166,11,3,1.5298520485266727,1.2319494012287715,0.6061275552847264,1.6858887275060017,1.9713383099465105,0.8549228143383699,-0.25318567257213004,0.6859573943980789,,,,
H,XGBoost,166,12,3,2.3724099656613533,1.5373933548789662,0.7118201535333967,2.68687375386556,2.8715769720582407,0.9325496939626189,0.0048963573096403035,0.7944632587738972,,,,
H,XGBoost,166,14,3,3.4281712250287755,1.8318547922266804,0.6560784370986421,2.516763607660929,3.1227772272126018,0.8090642552084701,-0.29558412540433016,0.66328857697644,,,,
H,XGBoost,167,11,3,2.1209923110953826,1.4542966434310163,0.8584408650287599,3.527968247731527,3.8999629671206946,0.9060215305049582,0.0413702907545488,0.8412649146560128,,,,
H,XGBoost,169,8,3,0.7641629346597488,0.8678940093334607,0.2957016048343796,1.0470913251241047,1.0336377178075702,1.0159093177005791,-0.05112370473195097,0.6805086915760935,,,,
H,XGBoost,169,12,3,2.4097710901273124,1.5414773819217853,0.9126463373164442,5.047774791717529,5.297256793892527,0.9521253507743673,0.14883693519883542,0.9106778170426363,,,,
H,XGBoost,169,14,3,5.271649150149982,2.2940018171975063,0.6200463947590028,2.9476794401804605,3.7382901273809,0.7924292574552073,-0.1780549394329524,0.6367044819694999,,,,
H,XGBoost,170,12,3,3.3785869727851563,1.8364160552908155,0.6941566186468142,2.46258544921875,3.3292702857336507,0.7398027334469196,0.06369402270700268,0.622294818471892,,,,
H,XGBoost,172,8,3,0.7789894135217649,0.879195828704988,0.8393094977841556,2.104947845141093,2.215310459013251,0.9498563450770671,-0.07921187340247067,0.8736937799768576,,,,
H,XGBoost,172,9,3,0.8402237087120179,0.9112908454306332,0.5673011461092318,1.4287659327189128,1.401573840045475,1.030609909962462,0.1391383547269823,0.8393343893915568,,,,
H,XGBoost,174,4,3,0.500919592838458,0.7016976525182074,0.8700595342474795,2.0231566031773887,1.952760878394719,1.0369765428974398,-0.02648427205966067,0.9752315598308178,,,,
H,XGBoost,176,3,3,0.557986662280762,0.7448857294048739,-2.109203351886995,0.8361929059028625,0.42324926967352416,1.9749754014770495,0.0596107869196478,0.9212550618532137,,,,
H,XGBoost,179,7,3,1.0777505417068902,1.0330342052728718,0.754426870423457,2.2059386571248374,2.114903691663011,1.0440886924337593,-0.07298325857972006,0.9307110269530471,,,,
H,XGBoost,179,14,3,3.553458948515059,1.8829483016334623,0.7190336250655674,2.9222188790639243,3.6034448469330607,0.8112756159609164,-0.039149532031933665,0.6969945758246086,,,,
H,XGBoost,182,7,3,1.2805206843847798,1.128222713456435,0.8101388692137306,2.2631370226542153,2.6079561369235873,0.8719926582788576,0.03133137459626101,0.7885420330671007,,,,
