n_train,prior_regime,method,valid_count,n_holdout,mean_mse_betaX,median_mse_betaX,std_mse_betaX,mean_rmse_betaX,mean_r2_betaX,mean_rank_mse_betaX,mean_context_window_size,mean_context_windows,base25_mse,base25_rmse,base25_r2,mse_improvement_vs_25,rmse_improvement_vs_25,r2_improvement_vs_25,relative_mse_improvement_pct,is_tabpfn_anchor
128,B,CatBoost,3,32,3.0105963013905885,2.919527294429999,1.666636479172487,1.6869951795462124,0.9128120980144449,7.0,,,,,,,,,,False
128,B,FixedRidgeLambda1,3,32,0.06649571880015746,0.0685744559568962,0.020772466504752028,0.2556506631953175,0.9977864271103897,1.6666666666666667,,,,,,,,,,False
128,B,KNN,3,32,10.432160087146322,11.232058920047818,1.5028992996253534,3.2240287408689983,0.6772917473481429,9.0,,,,,,,,,,False
128,B,LightGBM,3,32,3.5332728045406143,3.958556937373768,1.8299760052647533,1.8290019911524684,0.8979252998722798,8.0,,,,,,,,,,False
128,B,LinearRegression,3,32,0.07941376413054223,0.0785977393198668,0.017965807119293183,0.28059242301976034,0.9973845488233725,2.6666666666666665,,,,,,,,,,False
128,B,MLP,3,32,0.867274451490621,0.8877128821973044,0.04096565349818607,0.9311001381300246,0.9726937180288209,4.0,,,,,,,,,,False
128,B,MODEL3-ICL-MC,3,32,0.06948797484393908,0.0758897718068257,0.03517604348095269,0.2569826668316367,0.99774367025445,1.6666666666666667,200.0,5.0,,,,,,,,False
128,B,RandomForest,3,32,1.8324792863782589,1.7054155219802165,0.7456587111439859,1.3350225602056927,0.9453638402425658,5.666666666666667,,,,,,,,,,False
128,B,Ridge,3,32,0.06649571880015746,0.0685744559568962,0.020772466504752028,0.2556506631953175,0.9977864271103897,1.6666666666666667,,,,,,,,,,False
128,B,SVR,3,32,12.109074130835802,11.77253312295776,2.300414881053452,3.469442757682326,0.6266294902245285,10.0,,,,,,,,,,False
128,B,XGBoost,3,32,1.611749238913166,1.4723068479401935,0.34980340515602154,1.264769658089774,0.9502377646772423,5.333333333333333,,,,,,,,,,False
131,G,CatBoost,6,33,44.01431469685044,21.782217440971056,54.97621714598032,5.517076342874532,-9.716455731689924,4.166666666666667,,,,,,,,,,False
131,G,FixedRidgeLambda1,6,33,20.25393667555832,20.353457354335426,17.03426897032807,4.069789773563973,-3.627968242710377,2.8333333333333335,,,,,,,,,,False
131,G,KNN,6,33,38.54976361257104,22.359379910785464,40.01581015657843,5.64402839300389,-7.401672607956718,5.5,,,,,,,,,,False
131,G,LightGBM,6,33,105.6385844954466,73.69597284999995,110.13161498025045,8.974201233885495,-24.474040599020228,7.833333333333333,,,,,,,,,,False
131,G,LinearRegression,6,33,20.474061927173313,20.579446253709886,17.17580131721883,4.094819495371961,-3.674124735018348,3.8333333333333335,,,,,,,,,,False
131,G,MLP,6,33,231.01371877186975,184.3338394425122,210.66505524741214,13.75065876250541,-52.10288192944307,9.666666666666666,,,,,,,,,,False
131,G,MODEL3-ICL-MC,6,33,27.11759636319803,26.52715398815846,18.224326171949613,4.9209256113496105,-4.6877077443115605,5.5,200.0,5.0,,,,,,,,False
131,G,RandomForest,6,33,71.22365173633655,32.05785056648363,86.66082984373321,7.063686098171256,-15.813546378169681,6.333333333333333,,,,,,,,,,False
131,G,Ridge,6,33,20.25393667555832,20.353457354335426,17.03426897032807,4.069789773563973,-3.627968242710377,2.8333333333333335,,,,,,,,,,False
131,G,SVR,6,33,3.0949212223502527,3.009229202140952,2.2404064076264927,1.646083711334725,0.6907159020114508,2.1666666666666665,,,,,,,,,,False
131,G,XGBoost,6,33,486.72927078599713,27.16879389744896,817.9430141354323,14.985460857849487,-120.56648624275935,7.166666666666667,,,,,,,,,,False
133,A,CatBoost,3,33,0.602110420330377,0.4635634888177775,0.2606182032656483,0.7647757625184858,0.8905005310612056,4.0,,,,,,,,,,False
133,A,FixedRidgeLambda1,3,33,0.028295694317409133,0.0162856690249265,0.02139131306831419,0.16091691658088528,0.9950349681214115,2.0,,,,,,,,,,False
133,A,KNN,3,33,1.283139188499293,1.127032164951225,0.35538237160201125,1.125898953976525,0.7626393217604549,9.333333333333334,,,,,,,,,,False
133,A,LightGBM,3,33,0.9701323864082759,0.9177116641158144,0.3705565395523386,0.9729172804028036,0.8216497514886386,7.333333333333333,,,,,,,,,,False
133,A,LinearRegression,3,33,0.024232177396941168,0.0140099200170944,0.018428649247324787,0.1488303305665176,0.9957504684559829,1.0,,,,,,,,,,False
133,A,MLP,3,33,0.8086955977896446,0.7769656898435165,0.2452379393890041,0.8923888895902478,0.8502406946501438,6.333333333333333,,,,,,,,,,False
133,A,MODEL3-ICL-MC,3,33,0.06152798448528867,0.0468923135051955,0.04280548324692211,0.23833876951302813,0.989078589702152,3.0,200.0,5.0,,,,,,,,False
133,A,RandomForest,3,33,0.7801499488282501,0.7348140021535758,0.15489654588916674,0.8804418665763357,0.8543865445242752,6.333333333333333,,,,,,,,,,False
133,A,Ridge,3,33,0.028295694317409133,0.0162856690249265,0.02139131306831419,0.16091691658088528,0.9950349681214115,2.0,,,,,,,,,,False
133,A,SVR,3,33,0.9683857894932034,0.6187201436222831,0.7630469923432406,0.9366127361668731,0.8302653281679099,6.666666666666667,,,,,,,,,,False
133,A,XGBoost,3,33,1.1609022015537018,1.1518483147436989,0.24532753846546462,1.073408862629534,0.7837657298618591,9.0,,,,,,,,,,False
133,D,CatBoost,3,33,1.7255275625222464,1.6489678804794927,0.5158720309323637,1.3038627621116259,0.7831515361632969,5.666666666666667,,,,,,,,,,False
133,D,FixedRidgeLambda1,3,33,0.057166469473936866,0.0565006345598775,0.011313632362403089,0.23831195675007363,0.9924076888985431,1.6666666666666667,,,,,,,,,,False
133,D,KNN,3,33,3.0172656901679904,2.809422261850057,1.3864388594046433,1.7060101854905148,0.6371715032558963,9.0,,,,,,,,,,False
133,D,LightGBM,3,33,2.009643015184636,1.976478482413052,0.20907110105135063,1.4163514016310244,0.7342075555052127,6.666666666666667,,,,,,,,,,False
133,D,LinearRegression,3,33,0.0555930504411134,0.054030476651106,0.01500581652095609,0.23434784721019844,0.992658322907403,1.3333333333333333,,,,,,,,,,False
133,D,MLP,3,33,0.971053597064639,0.8379921529036327,0.27565795425310835,0.9791817223295607,0.8688639286600216,4.0,,,,,,,,,,False
133,D,MODEL3-ICL-MC,3,33,0.18783044043717997,0.206448186127163,0.03523539397892894,0.4320389403332643,0.9754941687300863,3.0,200.0,5.0,,,,,,,,False
133,D,RandomForest,3,33,2.652477167846686,2.5007341060018016,0.5193541953546794,1.6235858796684433,0.6524978959309684,8.666666666666666,,,,,,,,,,False
133,D,Ridge,3,33,0.057166469473936866,0.0565006345598775,0.011313632362403089,0.23831195675007363,0.9924076888985431,1.6666666666666667,,,,,,,,,,False
133,D,SVR,3,33,1.7039088432524843,1.7071970527432985,0.6046214711896163,1.2910423094272085,0.7892072804964015,6.0,,,,,,,,,,False
133,D,XGBoost,3,33,2.7733034378299712,2.7820352259356693,0.4367559700229431,1.6618466025129084,0.608627567831156,9.0,,,,,,,,,,False
134,A,CatBoost,3,34,1.5240248499241027,1.3423968984135852,0.6426008860762273,1.2168205208439198,0.8612551183281311,5.333333333333333,,,,,,,,,,False
134,A,FixedRidgeLambda1,3,34,0.0822809339397962,0.0662228048383224,0.04316787912905577,0.28062661708555253,0.9924167343530458,1.6666666666666667,,,,,,,,,,False
134,A,KNN,3,34,3.4210316922682904,3.237650458389421,0.9584069194357586,1.837692894777075,0.685426365739844,10.0,,,,,,,,,,False
134,A,LightGBM,3,34,1.7771002875466726,1.6206401828366104,0.5238160246371832,1.3237712820199625,0.8364141083526045,6.333333333333333,,,,,,,,,,False
134,A,LinearRegression,3,34,0.0820287314468464,0.0694768230341226,0.04584007906685832,0.27909029504420124,0.9924081917486443,2.0,,,,,,,,,,False
134,A,MLP,3,34,1.005299305258648,1.1872787637516553,0.4090883408763799,0.9862903460277366,0.9097825788898475,4.0,,,,,,,,,,False
134,A,MODEL3-ICL-MC,3,34,0.11258322156939717,0.1390105207872944,0.07466515587710147,0.3179691562096991,0.9891611410768015,2.3333333333333335,200.0,5.0,,,,,,,,False
134,A,RandomForest,3,34,2.2219456036025065,2.1450589509399074,0.746215372013168,1.4764754009360104,0.797131340921319,7.333333333333333,,,,,,,,,,False
134,A,Ridge,3,34,0.0822809339397962,0.0662228048383224,0.04316787912905577,0.28062661708555253,0.9924167343530458,1.6666666666666667,,,,,,,,,,False
134,A,SVR,3,34,2.9975931691500204,2.782507570587001,1.1677406405770476,1.7096077129447265,0.7271552592739886,8.666666666666666,,,,,,,,,,False
134,A,XGBoost,3,34,2.345769535466559,2.234971724960631,0.7587518723681237,1.5182756177656467,0.7858002019929818,7.333333333333333,,,,,,,,,,False
134,E,CatBoost,3,33,0.48992518602784846,0.5005900096244379,0.04911164926195647,0.6993493941430121,0.6468278912525686,5.333333333333333,,,,,,,,,,False
134,E,FixedRidgeLambda1,3,33,0.0388078280562261,0.0317226211659674,0.015574572696108895,0.19453045990591245,0.9703815449176557,1.6666666666666667,,,,,,,,,,False
134,E,KNN,3,33,0.5316902631971949,0.6288091908104256,0.169718605725177,0.7221515256805754,0.6085308940226951,6.0,,,,,,,,,,False
134,E,LightGBM,3,33,0.9103321285571221,0.8960017026339493,0.10115079340911973,0.953139263858774,0.33925563149921123,9.333333333333334,,,,,,,,,,False
134,E,LinearRegression,3,33,0.0385897707821629,0.0324062263347934,0.016028946111888483,0.19377895035847348,0.9704925341356566,2.0,,,,,,,,,,False
134,E,MLP,3,33,1.0836378043427874,0.9073728176238384,0.34944846715368016,1.0325324043148656,0.1814960620603845,9.666666666666666,,,,,,,,,,False
134,E,MODEL3-ICL-MC,3,33,0.050149500476372205,0.0314463208686923,0.03472256223853686,0.21578600325603073,0.9605387006824886,2.3333333333333335,200.0,5.0,,,,,,,,False
134,E,RandomForest,3,33,0.42522019996418114,0.4254413474295808,0.05785432777468529,0.6510768958087061,0.6863806810941129,5.0,,,,,,,,,,False
134,E,Ridge,3,33,0.0388078280562261,0.0317226211659674,0.015574572696108895,0.19453045990591245,0.9703815449176557,1.6666666666666667,,,,,,,,,,False
134,E,SVR,3,33,0.564778924000999,0.5378439057628668,0.3165374462059896,0.7304230167461755,0.5969477455427757,6.0,,,,,,,,,,False
134,E,XGBoost,3,33,0.6728182794858735,0.6558915865459266,0.052310333215410225,0.8198480489310835,0.5053518046758754,7.666666666666667,,,,,,,,,,False
134,F,CatBoost,3,33,0.09923704921566423,0.0881426564144282,0.03547722884908827,0.3117991351424236,0.0,3.6666666666666665,,,,,,,,,,False
134,F,FixedRidgeLambda1,3,33,0.07245932672787721,0.0565582978284069,0.040893907816270315,0.26245544750189725,0.0,1.6666666666666667,,,,,,,,,,False
134,F,KNN,3,33,0.14275276280989188,0.1407835503132121,0.01597008508598766,0.3774348116107138,0.0,6.0,,,,,,,,,,False
134,F,LightGBM,3,33,0.2929874435648569,0.3425562722962028,0.09863366165059079,0.5354465435308913,0.0,8.333333333333334,,,,,,,,,,False
134,F,LinearRegression,3,33,0.07384095678341034,0.0579531923170482,0.041417941653964944,0.2650188024247815,0.0,2.6666666666666665,,,,,,,,,,False
134,F,MLP,3,33,0.6304699637566764,0.6829592204562157,0.12078522939766478,0.791437912091808,0.0,10.0,,,,,,,,,,False
134,F,MODEL3-ICL-MC,3,33,0.19584049356841451,0.1673675403666284,0.07350405514006637,0.43763033047933636,0.0,7.333333333333333,200.0,5.0,,,,,,,,False
134,F,RandomForest,3,33,0.053433021229392606,0.0519310556926378,0.01146676820535667,0.2302746392343784,0.0,2.3333333333333335,,,,,,,,,,False
134,F,Ridge,3,33,0.07245932672787721,0.0565582978284069,0.040893907816270315,0.26245544750189725,0.0,1.6666666666666667,,,,,,,,,,False
134,F,SVR,3,33,0.11732858880317455,0.1034099494726387,0.03345424373322235,0.3403313874728398,0.0,4.666666666666667,,,,,,,,,,False
134,F,XGBoost,3,33,0.2798880354287396,0.2902942082866463,0.03637568914859167,0.5282765101661347,0.0,8.333333333333334,,,,,,,,,,False
135,A,CatBoost,3,34,1.7184763757008525,1.999187430351664,0.6463388577378052,1.2929862931398632,0.8223960562658682,5.333333333333333,,,,,,,,,,False
135,A,FixedRidgeLambda1,3,34,0.07949431260173984,0.0801495229969805,0.023449211620374926,0.27983115693136223,0.9917270199695544,1.0,,,,,,,,,,False
135,A,KNN,3,34,4.016008861258023,3.45422002924638,1.4560094347405095,1.9832359005711784,0.58557269320851,10.0,,,,,,,,,,False
135,A,LightGBM,3,34,2.003794461317828,1.6156715540557416,0.7121862637387799,1.401690106404865,0.7816968312305616,6.333333333333333,,,,,,,,,,False
135,A,LinearRegression,3,34,0.08809579807749886,0.0893025302939463,0.02576275258889522,0.29461170392623104,0.9908276562687531,2.0,,,,,,,,,,False
135,A,MLP,3,34,0.9346124990194243,0.7101970216066461,0.45867590833775923,0.9488534066781495,0.8972537997192086,4.0,,,,,,,,,,False
135,A,MODEL3-ICL-MC,3,34,0.21568614063509797,0.1733995099592047,0.12172693285397299,0.4526533972775542,0.9780552003385318,3.0,200.0,5.0,,,,,,,,False
135,A,RandomForest,3,34,2.5548819637216753,2.7533822285085057,0.6838762603895026,1.5880954613986782,0.7324982679398856,7.666666666666667,,,,,,,,,,False
135,A,Ridge,3,34,0.07949431260173984,0.0801495229969805,0.023449211620374926,0.27983115693136223,0.9917270199695544,1.0,,,,,,,,,,False
135,A,SVR,3,34,2.535784822624631,2.4269863743177087,0.5152718992058996,1.5870368349658188,0.7323638127213496,7.333333333333333,,,,,,,,,,False
135,A,XGBoost,3,34,2.9075045171017657,3.083376252756606,0.4599559010619716,1.7014159929477366,0.6890192087490243,8.333333333333334,,,,,,,,,,False
137,F,CatBoost,3,34,0.39815264355010943,0.3889144115159602,0.08037381632020675,0.6288606472735022,0.966218204332582,4.666666666666667,,,,,,,,,,False
137,F,FixedRidgeLambda1,3,34,0.06094264917815103,0.0462939658724751,0.025632045333847404,0.243507134296,0.9947173469208991,2.0,,,,,,,,,,False
137,F,KNN,3,34,3.2083765058045812,3.393030318679868,0.809473141441457,1.781088645680228,0.738243822244387,10.0,,,,,,,,,,False
137,F,LightGBM,3,34,0.545890390189195,0.5707825228267236,0.08242531732568992,0.7373857269647704,0.9539935353844847,6.666666666666667,,,,,,,,,,False
137,F,LinearRegression,3,34,0.0593988320419911,0.0455953110123581,0.02517048418399562,0.2403523378165252,0.9948498865023256,1.0,,,,,,,,,,False
137,F,MLP,3,34,0.657477355622738,0.6736928209567377,0.29065405039509634,0.7964576781969891,0.9450758741961115,7.333333333333333,,,,,,,,,,False
137,F,MODEL3-ICL-MC,3,34,0.1053410571648717,0.1016426084465269,0.009961928841647903,0.3243258335897691,0.9912335063452472,3.0,200.0,5.0,,,,,,,,False
137,F,RandomForest,3,34,0.31637098724663454,0.3577698691140374,0.07727628584102034,0.5594132695141648,0.9741974207309324,4.333333333333333,,,,,,,,,,False
137,F,Ridge,3,34,0.06094264917815103,0.0462939658724751,0.025632045333847404,0.243507134296,0.9947173469208991,2.0,,,,,,,,,,False
137,F,SVR,3,34,1.9577689066542927,1.8371515372429748,0.2589432167208989,1.3972266447974124,0.8378534559911993,9.0,,,,,,,,,,False
137,F,XGBoost,3,34,0.6433417370565815,0.6369151493805404,0.11831587771929065,0.7998181558120744,0.9470963896055454,7.0,,,,,,,,,,False
137,H,CatBoost,3,34,1.3337724797837422,1.341379325895221,0.41625248743538856,1.1451729493776355,0.8666954367762981,5.666666666666667,,,,,,,,,,False
137,H,FixedRidgeLambda1,3,34,0.09575878204839429,0.0790959350260702,0.05721210966220866,0.30043299731822226,0.990374825357026,2.0,,,,,,,,,,False
137,H,KNN,3,34,2.114549317478483,2.2089154198447543,0.31026369902170975,1.4514418363544574,0.7846127921431992,8.333333333333334,,,,,,,,,,False
137,H,LightGBM,3,34,1.75734044083803,1.5157976223578589,0.46353576438383726,1.3183944245171648,0.8230080620733591,7.333333333333333,,,,,,,,,,False
137,H,LinearRegression,3,34,0.09835466790491747,0.0894808210010814,0.05654113877097019,0.3046387806250214,0.9900775729333091,1.6666666666666667,,,,,,,,,,False
137,H,MLP,3,34,0.7786700899049981,0.6621693739531799,0.22810376932911552,0.8764919636206091,0.9217491475110449,4.0,,,,,,,,,,False
137,H,MODEL3-ICL-MC,3,34,0.14608698058409872,0.147435431138332,0.019661657991301238,0.381628984800963,0.9851123718465176,2.3333333333333335,200.0,5.0,,,,,,,,False
137,H,RandomForest,3,34,1.2404308215511675,1.300388100580182,0.12802241180259064,1.112726163558679,0.8739146948656612,5.333333333333333,,,,,,,,,,False
137,H,Ridge,3,34,0.09575878204839429,0.0790959350260702,0.05721210966220866,0.30043299731822226,0.990374825357026,2.0,,,,,,,,,,False
137,H,SVR,3,34,2.3381307899058466,1.945285025476534,0.9121308164614199,1.5109239414563558,0.7659771903201439,9.333333333333334,,,,,,,,,,False
137,H,XGBoost,3,34,2.092743149996276,2.0279155466299583,0.5627833754566218,1.4379194812457043,0.7902631843763585,9.0,,,,,,,,,,False
138,B,CatBoost,3,34,1.6287721650347595,1.5057814930185884,0.37841348592146345,1.2706956221694803,0.9293452023216098,5.666666666666667,,,,,,,,,,False
138,B,FixedRidgeLambda1,3,34,0.024481526671175032,0.0173372965869523,0.021585537129337556,0.14609955227347107,0.9989000116912181,1.3333333333333333,,,,,,,,,,False
138,B,KNN,3,34,4.127798314720869,4.00928094943517,1.2776100677427153,2.0153394560574727,0.8214523686986911,8.333333333333334,,,,,,,,,,False
138,B,LightGBM,3,34,3.0144736068138456,3.0155648637957078,0.0728258618089897,1.7361394675361368,0.8695626471173922,8.333333333333334,,,,,,,,,,False
138,B,LinearRegression,3,34,0.0312663747649764,0.0233811602145664,0.025543156849082507,0.16680997575624149,0.9985981656596848,3.0,,,,,,,,,,False
138,B,MLP,3,34,0.9107863516373245,1.09735486182427,0.36687263701901573,0.9390436015227778,0.9597073906560101,4.0,,,,,,,,,,False
138,B,MODEL3-ICL-MC,3,34,0.023195394901754565,0.017873510693627,0.017856954409768783,0.14469236873979383,0.9989618333637919,1.6666666666666667,200.0,5.0,,,,,,,,False
138,B,RandomForest,3,34,1.7508462672950726,1.9524123544289969,0.5640232945630627,1.3104229141426356,0.9229511958016241,5.666666666666667,,,,,,,,,,False
138,B,Ridge,3,34,0.024481526671175032,0.0173372965869523,0.021585537129337556,0.14609955227347107,0.9989000116912181,1.3333333333333333,,,,,,,,,,False
138,B,SVR,3,34,5.370530561094744,5.157943480482079,1.189396954867268,2.3081015583922277,0.7655538147707542,10.0,,,,,,,,,,False
138,B,XGBoost,3,34,2.329851741709572,2.511401995834771,0.7860110315872543,1.51048283726335,0.8972946742968504,7.0,,,,,,,,,,False
138,E,AutoGluon,1,34,1.342922072864128,1.342922072864128,,1.1588451461969058,0.8492751895349969,5.0,,,,,,,,,,False
138,E,CatBoost,6,34,2.0099844056185883,1.729489118994141,0.8793336635018315,1.394575209040352,0.7669021013758899,5.333333333333333,,,,,,,,,,False
138,E,FixedRidgeLambda1,6,34,0.1034354028893691,0.1116471948753308,0.018840359577856645,0.32040415167627395,0.987150211992483,1.3333333333333333,,,,,,,,,,False
138,E,KNN,6,34,3.2660772204518693,3.2147319867474833,0.7162043297952688,1.7984958263096071,0.602197374307992,8.333333333333334,,,,,,,,,,False
138,E,LightGBM,6,34,3.134403178423805,3.198044085217589,0.5388228682196078,1.7648960218101575,0.6188279144527337,8.5,,,,,,,,,,False
138,E,LinearRegression,6,34,0.11102959197169925,0.1167911348378321,0.017828893675524482,0.33225697867522447,0.9862307736444224,2.3333333333333335,,,,,,,,,,False
138,E,MLP,6,34,0.9847495599406434,1.0317923538860967,0.20169393325487642,0.9878550500359923,0.8768312981566208,4.0,,,,,,,,,,False
138,E,MODEL3-ICL-MC,6,34,0.1706048011646398,0.146635678269667,0.10750424041987233,0.3955073935365267,0.9805293010621061,2.3333333333333335,200.0,5.0,,,,,,,,False
138,E,RandomForest,6,34,2.511635028805016,2.397255323790551,0.8875532621170362,1.5656989631426972,0.7076967028666051,7.0,,,,,,,,,,False
138,E,Ridge,6,34,0.1034354028893691,0.1116471948753308,0.018840359577856645,0.32040415167627395,0.987150211992483,1.3333333333333333,,,,,,,,,,False
138,E,SVR,6,34,2.961906398545852,2.7509165021107345,1.3406436783573559,1.6869043880229402,0.6603308183658161,8.0,,,,,,,,,,False
138,E,XGBoost,6,34,3.1955358387839037,3.182201393591261,1.1063391394337894,1.7640001564392886,0.6202299547032769,8.833333333333334,,,,,,,,,,False
139,B,CatBoost,3,35,11.367110258981612,11.473355393160396,0.9593371238378227,3.3694949549260236,0.7381035276474828,6.0,,,,,,,,,,False
139,B,FixedRidgeLambda1,3,35,0.145312742416302,0.1165769801222811,0.05671381798536135,0.3767056266070438,0.9966338990269209,2.0,,,,,,,,,,False
139,B,KNN,3,35,17.0746939866621,16.00274913898166,3.2172445361759685,4.120315225002888,0.6058347187950778,8.333333333333334,,,,,,,,,,False
139,B,LightGBM,3,35,8.427411153345227,8.014396795258328,2.183598392805853,2.8870104714624834,0.8051921043317011,5.0,,,,,,,,,,False
139,B,LinearRegression,3,35,0.12730431189533672,0.1109356727825233,0.04068407245522253,0.3539224584517231,0.9970543046171224,1.0,,,,,,,,,,False
139,B,MLP,3,35,0.9690687948405389,1.0232097970156462,0.4188932134432223,0.9673532104804257,0.9776223994733875,4.0,,,,,,,,,,False
139,B,MODEL3-ICL-MC,3,35,0.2834894571731951,0.2513364537869587,0.05759078809823196,0.5306924382513888,0.993455240950078,3.0,200.0,5.0,,,,,,,,False
139,B,RandomForest,3,35,15.534396176364126,15.782319856916834,1.6371535358720688,3.937666073359669,0.6419603012946186,7.333333333333333,,,,,,,,,,False
139,B,Ridge,3,35,0.145312742416302,0.1165769801222811,0.05671381798536135,0.3767056266070438,0.9966338990269209,2.0,,,,,,,,,,False
139,B,SVR,3,35,20.529178398491812,19.862169272353324,2.8564892269278865,4.523729604089464,0.5267918840383151,10.0,,,,,,,,,,False
139,B,XGBoost,3,35,16.53934902226059,16.51719464790098,1.220073061427436,4.0650143418774345,0.6193330951998183,8.333333333333334,,,,,,,,,,False
139,H,CatBoost,3,35,5.045697049593225,4.929481864491389,1.627662306658259,2.226475688088814,0.8231524361464545,5.0,,,,,,,,,,False
139,H,FixedRidgeLambda1,3,35,0.17120481024415513,0.1672424754824281,0.017090914365430105,0.41343002155547404,0.9937464727586031,2.0,,,,,,,,,,False
139,H,KNN,3,35,6.683118511135849,7.256251549342648,2.62887046762609,2.5477635765667173,0.7681964472016055,6.666666666666667,,,,,,,,,,False
139,H,LightGBM,3,35,5.940279923463859,5.966853174819083,1.8132349061294748,2.4176969473378347,0.7914728573319233,6.666666666666667,,,,,,,,,,False
139,H,LinearRegression,3,35,0.16596251215126936,0.1669145278031008,0.012757799307167328,0.407183123139007,0.9939255133409185,1.0,,,,,,,,,,False
139,H,MLP,3,35,0.8988699212881083,0.7676728859298529,0.35250063481387356,0.9365843770323586,0.9678141076264195,4.0,,,,,,,,,,False
139,H,MODEL3-ICL-MC,3,35,0.30932283191006255,0.3372484717010713,0.0955165298852478,0.5513147778907427,0.9890756190514228,3.0,200.0,5.0,,,,,,,,False
139,H,RandomForest,3,35,8.374882502992078,7.792157005203043,2.9354513794521258,2.86472228779159,0.7070560039405621,8.333333333333334,,,,,,,,,,False
139,H,Ridge,3,35,0.17120481024415513,0.1672424754824281,0.017090914365430105,0.41343002155547404,0.9937464727586031,2.0,,,,,,,,,,False
139,H,SVR,3,35,9.826163707447215,12.450425227220023,4.998646692299696,3.0482629527168243,0.663379728861295,8.666666666666666,,,,,,,,,,False
139,H,XGBoost,3,35,9.655868414047744,8.220502819076774,3.3974666732351304,3.0772165815576273,0.6609343302079099,9.666666666666666,,,,,,,,,,False
140,D,CatBoost,3,35,1.8028705542084582,1.7030179409326478,0.20741136213961464,1.3412707573541665,0.8818325327744273,5.333333333333333,,,,,,,,,,False
140,D,FixedRidgeLambda1,3,35,0.11065040157164424,0.1061792703783868,0.020128452349681834,0.3317416715673153,0.9926802765537076,1.6666666666666667,,,,,,,,,,False
140,D,KNN,3,35,4.189594838581862,4.448306209881606,0.6004132726914607,2.043189900313809,0.7256231920885364,9.333333333333334,,,,,,,,,,False
140,D,LightGBM,3,35,1.886083173873298,1.9279659893387284,0.16065116777759464,1.372502266457648,0.876959707205399,5.666666666666667,,,,,,,,,,False
140,D,LinearRegression,3,35,0.10909255846422676,0.102322699362566,0.01913457592388351,0.32947183564215704,0.9927786768003223,1.3333333333333333,,,,,,,,,,False
140,D,MLP,3,35,0.7279920458593345,0.7533962210656567,0.13957816062089015,0.8505121331048882,0.9516449004056787,4.0,,,,,,,,,,False
140,D,MODEL3-ICL-MC,3,35,0.20360900689929295,0.2119177963643141,0.046784193882554184,0.44915031632211483,0.9867209659075513,3.0,200.0,5.0,,,,,,,,False
140,D,RandomForest,3,35,2.8398248118643052,3.0249622131676825,0.9457258872331736,1.6682303411799901,0.8170286895243835,8.333333333333334,,,,,,,,,,False
140,D,Ridge,3,35,0.11065040157164424,0.1061792703783868,0.020128452349681834,0.3317416715673153,0.9926802765537076,1.6666666666666667,,,,,,,,,,False
140,D,SVR,3,35,2.764482966590753,2.811616715455379,0.1702842033797673,1.6621408798054496,0.8196307982126777,7.333333333333333,,,,,,,,,,False
140,D,XGBoost,3,35,3.3336591621996283,3.5527161775277034,0.6672411999902961,1.819381384191271,0.7846365283886229,9.0,,,,,,,,,,False
140,G,CatBoost,3,35,73.92464807962563,6.390495874743327,120.01937439268215,6.268116974769787,-9.636545621545292,4.333333333333333,,,,,,,,,,False
140,G,FixedRidgeLambda1,3,35,48.99566345762429,49.60137663569321,47.049361487605516,6.036859047537841,-6.060150565819838,3.0,,,,,,,,,,False
140,G,KNN,3,35,191.55941763143497,216.6445438568353,175.89398848701984,11.878763735354118,-26.617726784937435,8.0,,,,,,,,,,False
140,G,LightGBM,3,35,85.35094401123222,82.5307534135118,79.53729125210221,8.224510731669726,-11.275897871091672,7.0,,,,,,,,,,False
140,G,LinearRegression,3,35,49.63603865304055,50.18992018750249,47.726953550803394,6.072028230208537,-6.152583239468796,3.3333333333333335,,,,,,,,,,False
140,G,MLP,3,35,1024.5237232280358,832.4687704361733,1124.2644275769935,26.347906566836034,-146.7201437492341,10.0,,,,,,,,,,False
140,G,MODEL3-ICL-MC,3,35,77.20542640034624,98.87553546039526,68.09274487288845,7.460545540441923,-10.13775177210468,4.333333333333333,200.0,5.0,,,,,,,,False
140,G,RandomForest,3,35,115.8265525030249,8.386568302223585,190.8047398649692,7.650682040709981,-15.673076233507432,5.333333333333333,,,,,,,,,,False
140,G,Ridge,3,35,48.99566345762429,49.60137663569321,47.049361487605516,6.036859047537841,-6.060150565819838,3.0,,,,,,,,,,False
140,G,SVR,3,35,2.3236991860458636,2.208161456751577,0.28417188302967006,1.5225194668752782,0.6781781906094076,2.0,,,,,,,,,,False
140,G,XGBoost,3,35,342.3164628778176,51.76178239954378,544.5874847084939,13.499656117592588,-48.30233110410301,7.666666666666667,,,,,,,,,,False
142,B,CatBoost,6,35,3.908516721179804,3.6680053752648223,3.2098277891937173,1.8153673289805567,0.8454707937917787,6.0,,,,,,,,,,False
142,B,FixedRidgeLambda1,6,35,0.14989492559802173,0.1430942155602412,0.03403547579547007,0.3851204311945892,0.9836644678495491,1.3333333333333333,,,,,,,,,,False
142,B,KNN,6,35,19.221453524139953,15.633477347548151,19.36274801308327,3.785827467204045,0.5056960874561357,9.333333333333334,,,,,,,,,,False
142,B,LightGBM,6,35,3.8588647620935532,3.04852111799104,3.186833635022132,1.8063341199980496,0.8373107982591704,5.833333333333333,,,,,,,,,,False
142,B,LinearRegression,6,35,0.15799891283270598,0.15579530410190862,0.033699575351109866,0.3955811185615857,0.9833017292272329,1.6666666666666667,,,,,,,,,,False
142,B,MLP,6,35,1.23609402749481,1.2519780656163675,0.5205183921786739,1.089973421263636,0.909728777090959,4.166666666666667,,,,,,,,,,False
142,B,MODEL3-ICL-MC,6,35,0.39846391191480945,0.3563070429887726,0.15093233301460668,0.6219768780999713,0.9573268893904117,3.0,200.0,5.0,,,,,,,,False
142,B,RandomForest,6,35,5.377662313566183,5.371549626596402,4.097135687261346,2.1492908093897345,0.7692033827660528,7.5,,,,,,,,,,False
142,B,Ridge,6,35,0.14989492559802173,0.1430942155602412,0.03403547579547007,0.3851204311945892,0.9836644678495491,1.3333333333333333,,,,,,,,,,False
142,B,SVR,6,35,26.40265669937361,22.449311411127628,28.185731573094973,4.174830457764341,0.5261435223383361,8.333333333333334,,,,,,,,,,False
142,B,XGBoost,6,35,5.462542608774015,4.884096534101368,4.0678840449821205,2.179366342272621,0.7494594617974455,7.833333333333333,,,,,,,,,,False
142,C,CatBoost,3,36,0.7272385865971468,0.7940697041689964,0.20016887930108737,0.8469162526075151,0.19693091111254968,7.0,,,,,,,,,,False
142,C,FixedRidgeLambda1,3,36,0.1541197024456794,0.1600293902668378,0.026120962542867613,0.39160631106452043,0.8306743175264013,2.0,,,,,,,,,,False
142,C,KNN,3,36,0.5260772861415719,0.4226729274086281,0.25326375058381867,0.7121922671879489,0.4369681025552408,5.666666666666667,,,,,,,,,,False
142,C,LightGBM,3,36,0.9876865813679232,0.950378590806956,0.15920359826372116,0.9917134464290722,-0.0674505073822036,8.333333333333334,,,,,,,,,,False
142,C,LinearRegression,3,36,0.15467350559113277,0.1609480356229666,0.027030314104350854,0.3922454218953512,0.8300278802343981,2.3333333333333335,,,,,,,,,,False
142,C,MLP,3,36,2.656459880350558,2.463587592366601,1.2081923193885893,1.601477744498359,-1.8265080355454792,10.0,,,,,,,,,,False
142,C,MODEL3-ICL-MC,3,36,0.13729351708314821,0.1394588105307026,0.007417352889936042,0.37044021439893426,0.8498169364945749,1.6666666666666667,200.0,5.0,,,,,,,,False
142,C,RandomForest,3,36,0.4130449562175435,0.3784203729191608,0.1306825920508512,0.637484845106103,0.5373570582137914,5.333333333333333,,,,,,,,,,False
142,C,Ridge,3,36,0.1541197024456794,0.1600293902668378,0.026120962542867613,0.39160631106452043,0.8306743175264013,2.0,,,,,,,,,,False
142,C,SVR,3,36,0.23027453545885723,0.2409393915121299,0.04630722015847716,0.4781764211402513,0.7524895359236351,4.0,,,,,,,,,,False
142,C,XGBoost,3,36,0.9976309560675123,1.023540840813065,0.2985165986258142,0.9909890172442021,-0.09686866191564669,8.666666666666666,,,,,,,,,,False
142,D,CatBoost,3,35,4.471668427316555,4.546274843151502,0.7554165520185152,2.1094937282325756,0.7326697682539024,6.0,,,,,,,,,,False
142,D,FixedRidgeLambda1,3,35,0.12321515613750038,0.0993277823990354,0.05581308575438969,0.34541603392365844,0.9927801632871232,1.0,,,,,,,,,,False
142,D,KNN,3,35,7.799412006655769,8.0480922909946,1.0133090707080965,2.7887040860068644,0.5332886037281542,8.666666666666666,,,,,,,,,,False
142,D,LightGBM,3,35,3.499115468469833,3.5653833817652387,0.5116357796009381,1.867189715231449,0.7913201770548083,5.0,,,,,,,,,,False
142,D,LinearRegression,3,35,0.1283789573079781,0.1043200628483806,0.05716148952486671,0.352763441582266,0.9924747159572912,2.0,,,,,,,,,,False
142,D,MLP,3,35,0.9741747639279178,0.9753021993182104,0.16803101052412997,0.9845305885912253,0.9410355540883025,4.0,,,,,,,,,,False
142,D,MODEL3-ICL-MC,3,35,0.40338254238931875,0.3377308269544681,0.3192644593333939,0.5989125150135434,0.9747549997478481,3.0,200.0,5.0,,,,,,,,False
142,D,RandomForest,3,35,7.02671895542169,6.794646169516622,1.349387748700227,2.6427549801069645,0.5820814692141737,8.333333333333334,,,,,,,,,,False
142,D,Ridge,3,35,0.12321515613750038,0.0993277823990354,0.05581308575438969,0.34541603392365844,0.9927801632871232,1.0,,,,,,,,,,False
142,D,SVR,3,35,7.094734312759976,7.06706168421226,0.41011116772754874,2.662853954253747,0.5742917955001555,8.333333333333334,,,,,,,,,,False
142,D,XGBoost,3,35,7.199242008080414,6.954583068528192,1.1258782228110382,2.6777646259464283,0.5689703114957356,8.666666666666666,,,,,,,,,,False
142,F,CatBoost,3,36,0.1824258859531804,0.1850702773980609,0.023453547875754995,0.4265156668612488,0.0,5.666666666666667,,,,,,,,,,False
142,F,FixedRidgeLambda1,3,36,0.1066621579459861,0.0837678626117341,0.04300724721228157,0.32249561341436234,0.0,1.3333333333333333,,,,,,,,,,False
142,F,KNN,3,36,0.21500063137649375,0.2030146041928397,0.04194127531670544,0.46225137643238234,0.0,7.0,,,,,,,,,,False
142,F,LightGBM,3,36,0.3572831747654219,0.3515848148972484,0.07754773053741722,0.5953785777882082,0.0,8.333333333333334,,,,,,,,,,False
142,F,LinearRegression,3,36,0.10821967375955287,0.084798679429978,0.04372877123176608,0.32482506493983704,0.0,2.3333333333333335,,,,,,,,,,False
142,F,MLP,3,36,0.6214856678669975,0.6106336353579789,0.10584202569336071,0.786445897156327,0.0,10.0,,,,,,,,,,False
142,F,MODEL3-ICL-MC,3,36,0.1420551743468613,0.1293435262284811,0.04888726718597323,0.37328942420153083,0.0,4.0,200.0,5.0,,,,,,,,False
142,F,RandomForest,3,36,0.12423452809481794,0.1210901379698766,0.019700045280391355,0.35173865501059787,0.0,3.3333333333333335,,,,,,,,,,False
142,F,Ridge,3,36,0.1066621579459861,0.0837678626117341,0.04300724721228157,0.32249561341436234,0.0,1.3333333333333333,,,,,,,,,,False
142,F,SVR,3,36,0.1557310395075206,0.1333066887435836,0.07033424631175644,0.38819868658030504,0.0,4.333333333333333,,,,,,,,,,False
142,F,XGBoost,3,36,0.3153130304709044,0.307485008159806,0.050004589637946656,0.5603629444067786,0.0,8.666666666666666,,,,,,,,,,False
142,G,CatBoost,3,35,11.271631619246984,12.533595114363774,3.5686794591878583,3.3261195853861296,0.43799617384395556,5.333333333333333,,,,,,,,,,False
142,G,FixedRidgeLambda1,3,35,5.005202869910306,5.235759923472791,0.7592265841314941,2.232773250410015,0.7353538567623952,2.0,,,,,,,,,,False
142,G,KNN,3,35,33.494554292588056,30.392046992230732,6.9411214026298085,5.767639324899263,-0.7440567766533001,8.333333333333334,,,,,,,,,,False
142,G,LightGBM,3,35,21.775845314628082,18.83721062194566,5.5016856930866105,4.64300429818703,-0.13165995373057504,7.333333333333333,,,,,,,,,,False
142,G,LinearRegression,3,35,5.012046675163959,5.236247057305956,0.776926307918324,2.2341027330833794,0.7348657526836707,2.3333333333333335,,,,,,,,,,False
142,G,MLP,3,35,82.95042418470679,78.50089426264054,10.489773393233895,9.095918921959365,-3.3591506836545606,9.666666666666666,,,,,,,,,,False
142,G,MODEL3-ICL-MC,3,35,11.469703075648136,10.423325208024094,4.830411450459204,3.3373092010207213,0.39401502870909716,5.0,200.0,5.0,,,,,,,,False
142,G,RandomForest,3,35,14.624769767055163,13.4732860726616,9.797208124776885,3.6668994496850034,0.2678567959732173,4.666666666666667,,,,,,,,,,False
142,G,Ridge,3,35,5.005202869910306,5.235759923472791,0.7592265841314941,2.232773250410015,0.7353538567623952,2.0,,,,,,,,,,False
142,G,SVR,3,35,6.649049480423535,6.644924620269103,1.3184273197842076,2.570024390397643,0.6593804449840812,2.3333333333333335,,,,,,,,,,False
142,G,XGBoost,3,35,98.83461964620675,38.96007311874347,128.94383227486122,8.408592911211437,-4.227945201847875,8.0,,,,,,,,,,False
142,H,CatBoost,6,36,1.4141336880727386,1.3560221323495774,0.25882255290229,1.185090605046445,0.827421513543218,6.0,,,,,,,,,,False
142,H,FixedRidgeLambda1,6,36,0.05587594622669705,0.05492190666943895,0.0340008300960583,0.22684110972941043,0.9931381587217558,1.1666666666666667,,,,,,,,,,False
142,H,KNN,6,36,2.311858766620626,2.2963569603672593,0.6164921591112719,1.5090630634999498,0.721565276936892,8.166666666666666,,,,,,,,,,False
142,H,LightGBM,6,36,1.3235361569953297,1.3669699146536851,0.35594393936040436,1.1412429657660967,0.8396189132371817,5.666666666666667,,,,,,,,,,False
142,H,LinearRegression,6,36,0.0601868353571409,0.06060577632131795,0.032087948518647894,0.23748254071677968,0.9926961520784431,2.0,,,,,,,,,,False
142,H,MLP,6,36,0.5748734521650026,0.5184772598845465,0.2196831496120421,0.7474510080241495,0.9334052256024509,4.0,,,,,,,,,,False
142,H,MODEL3-ICL-MC,6,36,0.09436456508061593,0.07193125671527885,0.06653779821550333,0.2953442469937652,0.9883491276426759,2.8333333333333335,200.0,5.0,,,,,,,,False
142,H,RandomForest,6,36,2.4281085306316808,2.4902673858933855,0.41548128835758164,1.5531573684066666,0.7032428688128619,9.333333333333334,,,,,,,,,,False
142,H,Ridge,6,36,0.05587594622669705,0.05492190666943895,0.0340008300960583,0.22684110972941043,0.9931381587217558,1.1666666666666667,,,,,,,,,,False
142,H,SVR,6,36,1.543311056933975,1.5687304742661852,0.2569252274985599,1.23860982565923,0.8120254677440736,6.833333333333333,,,,,,,,,,False
142,H,XGBoost,6,36,2.6961591782443075,2.398605754211168,0.9809397895752535,1.619169717119128,0.6633569791491033,9.0,,,,,,,,,,False
143,A,CatBoost,3,36,0.7858655275764899,0.7879815961492297,0.09303266876635884,0.8854485864120057,0.849212482751872,4.666666666666667,,,,,,,,,,False
143,A,FixedRidgeLambda1,3,36,0.08917679191858846,0.1071958840886827,0.041497903036324134,0.2920207760448104,0.9834580488729571,1.0,,,,,,,,,,False
143,A,KNN,3,36,2.0942078620064124,2.03536321370497,0.1531652528852462,1.4465032944945964,0.5929075326594767,10.0,,,,,,,,,,False
143,A,LightGBM,3,36,1.1106417068063388,1.109341475778404,0.018158994477815056,1.0538464134724068,0.7846563961251829,6.0,,,,,,,,,,False
143,A,LinearRegression,3,36,0.09165131857282582,0.1084360229108766,0.04186161105306342,0.29636188959715365,0.9829920526157148,2.0,,,,,,,,,,False
143,A,MLP,3,36,0.6882935185065469,0.5956386200568791,0.2784891247845758,0.8188296572802667,0.862094715598721,4.333333333333333,,,,,,,,,,False
143,A,MODEL3-ICL-MC,3,36,0.1432992895976577,0.164771224432312,0.0858450126277244,0.36396166826343573,0.9738450088215324,3.0,200.0,5.0,,,,,,,,False
143,A,RandomForest,3,36,1.7276810099189774,1.727353490160494,0.030101326711977464,1.314379551764734,0.6647875328203866,8.0,,,,,,,,,,False
143,A,Ridge,3,36,0.08917679191858846,0.1071958840886827,0.041497903036324134,0.2920207760448104,0.9834580488729571,1.0,,,,,,,,,,False
143,A,SVR,3,36,1.3278846155731865,1.404049928187445,0.15974142807442124,1.1508960563917432,0.7393189869591387,7.0,,,,,,,,,,False
143,A,XGBoost,3,36,1.8180900140633047,1.8306565361685112,0.05145406516113558,1.348275222648499,0.6462695090123426,9.0,,,,,,,,,,False
143,B,CatBoost,3,36,6.683769707065951,3.877929992126132,4.930074764819183,2.478615936133023,0.8529520868283881,5.666666666666667,,,,,,,,,,False
143,B,FixedRidgeLambda1,3,36,0.11699366628068701,0.120761145141252,0.019348110846098054,0.3412385549150661,0.9968089316776827,1.0,,,,,,,,,,False
143,B,KNN,3,36,18.270247051190633,20.117240225998746,4.202295428102389,4.254005318214324,0.5513775870652604,9.666666666666666,,,,,,,,,,False
143,B,LightGBM,3,36,6.963397028909227,6.347107034774268,2.4800771529918295,2.6116538998551238,0.8280252087152484,5.666666666666667,,,,,,,,,,False
143,B,LinearRegression,3,36,0.12035295457469415,0.128190439705515,0.019513739147228086,0.3461211440215321,0.9967299929168449,2.0,,,,,,,,,,False
143,B,MLP,3,36,0.701783892074967,0.6964804768125052,0.11711856209593653,0.8357751702311904,0.9819980384996359,4.0,,,,,,,,,,False
143,B,MODEL3-ICL-MC,3,36,0.18464839391169044,0.1603771598164626,0.09876043173290587,0.4195687409543989,0.9944677097407796,3.0,200.0,5.0,,,,,,,,False
143,B,RandomForest,3,36,8.514661268432059,7.3779161163826705,3.7675666104557157,2.8721484888091524,0.7937401724504483,7.666666666666667,,,,,,,,,,False
143,B,Ridge,3,36,0.11699366628068701,0.120761145141252,0.019348110846098054,0.3412385549150661,0.9968089316776827,1.0,,,,,,,,,,False
143,B,SVR,3,36,17.350508226516663,16.364099171436745,10.843085055768233,4.016782068949137,0.6221392336537791,8.666666666666666,,,,,,,,,,False
143,B,XGBoost,3,36,9.241542478217644,9.203958210915651,2.386715061398347,3.022782896341864,0.7650443822593477,7.666666666666667,,,,,,,,,,False
143,E,CatBoost,3,36,0.8484281719867427,0.8171848954508675,0.07148692471233871,0.9205676917471403,0.8220691458720997,5.0,,,,,,,,,,False
143,E,FixedRidgeLambda1,3,36,0.11223312957243203,0.0881435537230556,0.06217024792390276,0.3269453771309699,0.9775983683884526,1.3333333333333333,,,,,,,,,,False
143,E,KNN,3,36,1.6872997402600218,1.8393189524037976,0.4474851863137224,1.290692825046387,0.6328566656556548,8.0,,,,,,,,,,False
143,E,LightGBM,3,36,1.3269461775539173,1.1506032625827023,0.4868757724066423,1.1396579319483324,0.7294656351599914,7.333333333333333,,,,,,,,,,False
143,E,LinearRegression,3,36,0.11643605685783527,0.09029764150615,0.06501793209735632,0.33291265521693925,0.9767839137631878,2.3333333333333335,,,,,,,,,,False
143,E,MLP,3,36,0.4910688093645304,0.4611470577790546,0.07606747019322203,0.6994062375263201,0.8979280600437045,4.0,,,,,,,,,,False
143,E,MODEL3-ICL-MC,3,36,0.17319854898411435,0.2213853000736221,0.12678845956845636,0.3868042385974199,0.9643020271970087,2.3333333333333335,200.0,5.0,,,,,,,,False
143,E,RandomForest,3,36,1.603641336353606,1.4799518563602907,0.2567845137763784,1.2637442753075099,0.6543178241648869,8.0,,,,,,,,,,False
143,E,Ridge,3,36,0.11223312957243203,0.0881435537230556,0.06217024792390276,0.3269453771309699,0.9775983683884526,1.3333333333333333,,,,,,,,,,False
143,E,SVR,3,36,1.2850210957783417,1.3714658809717029,0.3311070656343644,1.1268706552787322,0.7360780135044395,7.0,,,,,,,,,,False
143,E,XGBoost,3,36,2.2451572305224716,2.0548730387292022,0.3703941731631062,1.4951192733517449,0.5330957891871778,9.666666666666666,,,,,,,,,,False
143,G,CatBoost,3,36,298.02149328733486,273.7607938654652,42.403952475999105,17.235201806727748,-85.67087206513106,2.6666666666666665,,,,,,,,,,False
143,G,FixedRidgeLambda1,3,36,665.2880127504276,591.55060929813,172.45362637470197,25.655903827215937,-189.57227636432762,3.6666666666666665,,,,,,,,,,False
143,G,KNN,3,36,2208.4921934466843,1791.0756039001983,881.4155841285173,46.41394725352885,-622.4581536389514,7.666666666666667,,,,,,,,,,False
143,G,LightGBM,3,36,2542.345657465392,2676.3528741495948,1138.9199672208713,49.480328860380105,-692.8941878007419,7.666666666666667,,,,,,,,,,False
143,G,LinearRegression,3,36,674.9753661963122,600.1431100295658,175.54406208964642,25.841099780337743,-192.34083945009556,4.666666666666667,,,,,,,,,,False
143,G,MLP,3,36,11021.572195728995,9956.809176830751,4913.608732444544,103.26381096871289,-3142.612958909763,9.666666666666666,,,,,,,,,,False
143,G,MODEL3-ICL-MC,3,36,1037.8421972430972,1000.331228970772,65.15386520667707,32.20515713914917,-301.0427466952262,5.666666666666667,200.0,5.0,,,,,,,,False
143,G,RandomForest,3,36,2175.054429087623,1664.983615274796,1363.5262412144732,45.18734376374038,-627.9721942132468,7.666666666666667,,,,,,,,,,False
143,G,Ridge,3,36,665.2880127504276,591.55060929813,172.45362637470197,25.655903827215937,-189.57227636432762,3.6666666666666665,,,,,,,,,,False
143,G,SVR,3,36,1.1220085442508012,1.1681664485735357,0.2871804199348889,1.0531609056301297,0.6842470775942892,1.0,,,,,,,,,,False
143,G,XGBoost,3,36,13013.839193779053,35.032409272904914,22492.800690821805,69.28750886210885,-3130.8536698738258,4.666666666666667,,,,,,,,,,False
144,A,CatBoost,3,36,0.6917680236135864,0.6913101812004241,0.24827110039048028,0.8224174723679192,0.9208514281888435,4.666666666666667,,,,,,,,,,False
144,A,FixedRidgeLambda1,3,36,0.009231007442699333,0.0121483380098233,0.00561129509164365,0.09194492370974706,0.9989795973238912,1.6666666666666667,,,,,,,,,,False
144,A,KNN,3,36,1.6237449529744108,1.7519841964066674,0.25913565356248847,1.2714128117296746,0.8117786903385124,9.0,,,,,,,,,,False
144,A,LightGBM,3,36,1.2108141674801496,1.19630638117778,0.12944184006018944,1.0993276482273533,0.8606003841823274,6.333333333333333,,,,,,,,,,False
144,A,LinearRegression,3,36,0.009694057597621967,0.0101270537639459,0.006476283087473527,0.09392724952195312,0.9989563605973771,2.0,,,,,,,,,,False
144,A,MLP,3,36,0.5735079755822002,0.5594708378788583,0.07343091731377953,0.7562816763823609,0.9345502870226414,4.333333333333333,,,,,,,,,,False
144,A,MODEL3-ICL-MC,3,36,0.013732986956548834,0.0169232422901471,0.009161558154794622,0.11096587864395192,0.9984775794542163,2.3333333333333335,200.0,5.0,,,,,,,,False
144,A,RandomForest,3,36,1.2636101057714246,1.3518445504230303,0.4572754554547456,1.1106098512826341,0.856361130950244,7.333333333333333,,,,,,,,,,False
144,A,Ridge,3,36,0.009231007442699333,0.0121483380098233,0.00561129509164365,0.09194492370974706,0.9989795973238912,1.6666666666666667,,,,,,,,,,False
144,A,SVR,3,36,1.9491147002097773,1.684134045863467,0.750848806714673,1.379692043398631,0.7864968015983429,9.333333333333334,,,,,,,,,,False
144,A,XGBoost,3,36,1.3802445932176752,1.3754237845779889,0.16470521898114185,1.1734414326465756,0.8424085406315363,8.0,,,,,,,,,,False
144,B,CatBoost,3,36,1.9533787553677187,1.4422215208154028,1.202884062758266,1.3564378734596712,0.834647591342441,5.666666666666667,,,,,,,,,,False
144,B,FixedRidgeLambda1,3,36,0.08105387354587756,0.0841191318589607,0.009846294573233383,0.2843388162658555,0.9923281959051423,1.6666666666666667,,,,,,,,,,False
144,B,KNN,3,36,4.909976096568486,4.015095821556591,2.0373549279360894,2.1861507560427804,0.5699309713239209,10.0,,,,,,,,,,False
144,B,LightGBM,3,36,1.6939049459367552,1.5602353622373977,0.3628675167118995,1.2967138998766468,0.8456957909688091,5.666666666666667,,,,,,,,,,False
144,B,LinearRegression,3,36,0.08007904396896111,0.0854368068569651,0.012470274041506217,0.28238232444579253,0.992448124968833,1.3333333333333333,,,,,,,,,,False
144,B,MLP,3,36,0.7884508510582217,0.8514210690487498,0.12231071724013748,0.8860734756836776,0.9231465897403769,4.0,,,,,,,,,,False
144,B,MODEL3-ICL-MC,3,36,0.25820205666725143,0.2506173055431091,0.02004726919485118,0.5078849577921597,0.9753384744322099,3.0,200.0,5.0,,,,,,,,False
144,B,RandomForest,3,36,2.330097745575819,1.999050503610324,1.116186356254608,1.4982681316382565,0.796618404671649,6.666666666666667,,,,,,,,,,False
144,B,Ridge,3,36,0.08105387354587756,0.0841191318589607,0.009846294573233383,0.2843388162658555,0.9923281959051423,1.6666666666666667,,,,,,,,,,False
144,B,SVR,3,36,3.5527439606226285,2.613922022369628,1.7712171381799198,1.8490283811960804,0.6932246109247234,8.666666666666666,,,,,,,,,,False
144,B,XGBoost,3,36,2.8790458251680042,2.476228887632065,0.7641240301430122,1.6873809571079226,0.7401968799459006,8.333333333333334,,,,,,,,,,False
144,G,CatBoost,3,36,14.003740683510395,3.4239628992789197,18.404673207228818,3.2044429548711544,-0.20907181539255046,3.3333333333333335,,,,,,,,,,False
144,G,FixedRidgeLambda1,3,36,18.953161079886254,14.915647160564957,11.508241899834752,4.225593816592218,-0.7511011424169186,5.333333333333333,,,,,,,,,,False
144,G,KNN,3,36,27.019664618210836,9.957299348293953,34.568298508841686,4.467456224742926,-1.3182915878098593,6.0,,,,,,,,,,False
144,G,LightGBM,3,36,95.75250761021614,48.863986732798494,103.91657377372492,8.83337724112012,-7.521007539127002,8.666666666666666,,,,,,,,,,False
144,G,LinearRegression,3,36,19.232351341609164,15.150464466177546,11.672930757150636,4.256654356878681,-0.7770297692812411,6.333333333333333,,,,,,,,,,False
144,G,MLP,3,36,395.83116751703886,121.99000962506658,520.5115471237126,16.978962503857026,-32.96987914955847,10.0,,,,,,,,,,False
144,G,MODEL3-ICL-MC,3,36,34.05283008287538,38.0466534160399,8.883458717488809,5.799205578443767,-2.2713686059402014,8.0,200.0,5.0,,,,,,,,False
144,G,RandomForest,3,36,8.550369169846805,7.471371214583816,5.842196059076556,2.8035726577847186,0.2368169400318301,3.0,,,,,,,,,,False
144,G,Ridge,3,36,18.953161079886254,14.915647160564957,11.508241899834752,4.225593816592218,-0.7511011424169186,5.333333333333333,,,,,,,,,,False
144,G,SVR,3,36,2.3664470684322754,2.364198797086376,1.3858638050875554,1.4885951141023182,0.7842104560627973,1.3333333333333333,,,,,,,,,,False
144,G,XGBoost,3,36,6.357230284689663,6.930750090314864,1.9887749587880392,2.498749657509396,0.41276751077754154,3.0,,,,,,,,,,False
145,B,CatBoost,6,36,0.662414190786193,0.6573383559283084,0.33249562031482965,0.7907027418772876,0.8786975978112004,5.833333333333333,,,,,,,,,,False
145,B,FixedRidgeLambda1,6,36,0.06880480300081872,0.06718009004863154,0.024851737460625578,0.258577813503664,0.9822376127437121,1.3333333333333333,,,,,,,,,,False
145,B,KNN,6,36,2.7497862160600417,2.663145722372514,1.3962498100930827,1.6107108401025798,0.5604429133455456,9.833333333333334,,,,,,,,,,False
145,B,LightGBM,6,36,0.8655234745550038,0.7555495707938853,0.3444004843804143,0.9149712024699707,0.8425416902780744,6.833333333333333,,,,,,,,,,False
145,B,LinearRegression,6,36,0.07023926341366442,0.06807761101033855,0.02414226585975774,0.2616714066456572,0.9819471148082077,1.6666666666666667,,,,,,,,,,False
145,B,MLP,6,36,0.7954898810446233,0.772935885914139,0.2165299217114439,0.8850338063585187,0.8301534838647181,6.5,,,,,,,,,,False
145,B,MODEL3-ICL-MC,6,36,0.18805723217865275,0.19493979899208852,0.029249177818385947,0.4325238576054986,0.959533122358124,3.0,200.0,5.0,,,,,,,,False
145,B,RandomForest,6,36,0.4362857544492671,0.39547109533950353,0.22998690105169772,0.6399098022192442,0.916419204072359,4.5,,,,,,,,,,False
145,B,Ridge,6,36,0.06880480300081872,0.06718009004863154,0.024851737460625578,0.258577813503664,0.9822376127437121,1.3333333333333333,,,,,,,,,,False
145,B,SVR,6,36,2.021640470699355,1.719548881020835,1.4778781052936782,1.338837301256449,0.7201421753628651,8.5,,,,,,,,,,False
145,B,XGBoost,6,36,0.8594569147824939,0.8626711322585527,0.40516443164304045,0.9044572815836256,0.8043739291173951,7.0,,,,,,,,,,False
145,C,CatBoost,3,36,1.5504326798166463,1.8332022273319104,0.5193897875532218,1.2318563989308677,0.8505155258076059,4.666666666666667,,,,,,,,,,False
145,C,FixedRidgeLambda1,3,36,0.22759982609219018,0.2346403474536618,0.07747867424559086,0.4721732883848604,0.9776781596822485,1.3333333333333333,,,,,,,,,,False
145,C,KNN,3,36,2.8346783861723597,2.82992070765799,0.6225381056573024,1.676787506862156,0.7217825119580201,8.666666666666666,,,,,,,,,,False
145,C,LightGBM,3,36,2.1277679179042965,2.5822063790234187,1.0259026551594266,1.4236005963832519,0.7938901768424205,7.333333333333333,,,,,,,,,,False
145,C,LinearRegression,3,36,0.2361217261345738,0.2394136748474535,0.07797653074955349,0.4812975184985449,0.9768709827208234,2.3333333333333335,,,,,,,,,,False
145,C,MLP,3,36,1.4710144320108505,1.4481217596026414,0.1969180119631833,1.2110535366784223,0.8587271307896279,5.0,,,,,,,,,,False
145,C,MODEL3-ICL-MC,3,36,0.24471948297045576,0.2294129039000253,0.04467908477250234,0.49336089264355215,0.9760633370512991,2.3333333333333335,200.0,5.0,,,,,,,,False
145,C,RandomForest,3,36,1.8791793078214836,1.9949596650658636,0.5501688649885533,1.3603027774039873,0.8199073533412538,6.666666666666667,,,,,,,,,,False
145,C,Ridge,3,36,0.22759982609219018,0.2346403474536618,0.07747867424559086,0.4721732883848604,0.9776781596822485,1.3333333333333333,,,,,,,,,,False
145,C,SVR,3,36,2.4620698279843745,2.6109068816929817,0.8424142862283872,1.552455264490641,0.764532164566385,8.333333333333334,,,,,,,,,,False
145,C,XGBoost,3,36,2.4084538223542524,2.350510329164545,0.719099169343855,1.5402743666723637,0.7647322220883864,8.333333333333334,,,,,,,,,,False
145,F,CatBoost,3,36,0.36581768953629884,0.3129798092395111,0.13001605202840685,0.5988239088556014,0.8454919283715805,5.333333333333333,,,,,,,,,,False
145,F,FixedRidgeLambda1,3,36,0.07033559580472021,0.0517439025197163,0.04229645756564932,0.2577863121182155,0.9707639195801473,1.0,,,,,,,,,,False
145,F,KNN,3,36,0.6650156878914997,0.6258037915821547,0.12636674535345532,0.8131035906670908,0.7179927988070225,9.0,,,,,,,,,,False
145,F,LightGBM,3,36,0.6039290537217029,0.5876198304378246,0.06823641596142783,0.7763145922377558,0.7443547279024028,7.666666666666667,,,,,,,,,,False
145,F,LinearRegression,3,36,0.0745023115397666,0.0553003583978009,0.04390638292650253,0.2656111622663217,0.9690219299546644,2.3333333333333335,,,,,,,,,,False
145,F,MLP,3,36,0.6736920598168538,0.6154679795004944,0.12602462582889842,0.8184924103445358,0.7144454907108786,9.333333333333334,,,,,,,,,,False
145,F,MODEL3-ICL-MC,3,36,0.0863103161106326,0.0793627286063429,0.048202355529261734,0.28583658802131806,0.9640042379815345,2.6666666666666665,200.0,5.0,,,,,,,,False
145,F,RandomForest,3,36,0.27824340867519887,0.2942809213621199,0.06846889851791327,0.5246601010787599,0.8818961878986901,4.333333333333333,,,,,,,,,,False
145,F,Ridge,3,36,0.07033559580472021,0.0517439025197163,0.04229645756564932,0.2577863121182155,0.9707639195801473,1.0,,,,,,,,,,False
145,F,SVR,3,36,0.37947421997575553,0.3738560137289974,0.07651190897885066,0.6139245370369655,0.8389621953909865,5.333333333333333,,,,,,,,,,False
145,F,XGBoost,3,36,0.5773446780746596,0.6389468086186509,0.18839977417980425,0.7523267007330722,0.7543942930613822,8.0,,,,,,,,,,False
145,G,CatBoost,3,36,9.678880442883065,8.559362407780746,3.4709700814623434,3.0791593173472336,0.4682436635972071,3.0,,,,,,,,,,False
145,G,FixedRidgeLambda1,3,36,17.082304871069237,20.34565619140272,6.488841110892328,4.0749461304238945,-0.02230461601870637,4.0,,,,,,,,,,False
145,G,KNN,3,36,82.83641938320704,80.63668327962971,10.344716690479004,9.089792518022064,-3.7243541826407767,9.0,,,,,,,,,,False
145,G,LightGBM,3,36,50.147390239811244,51.46271023153519,7.672447611881981,7.067297664721317,-1.8225475852469994,7.666666666666667,,,,,,,,,,False
145,G,LinearRegression,3,36,17.36353034853541,20.72196325928312,6.6383162796507795,4.107494516132892,-0.039331913848665155,5.0,,,,,,,,,,False
145,G,MLP,3,36,275.1771899991076,205.8704698305864,233.52139874090938,15.554259618813184,-15.091420322714987,10.0,,,,,,,,,,False
145,G,MODEL3-ICL-MC,3,36,38.371716791825044,26.755676792401932,25.03272378571871,5.99158157382908,-1.3810428565248014,6.666666666666667,200.0,5.0,,,,,,,,False
145,G,RandomForest,3,36,17.270646026875383,19.26212295389142,9.677606498356827,4.022166738736735,0.08020853428752583,4.333333333333333,,,,,,,,,,False
145,G,Ridge,3,36,17.082304871069237,20.34565619140272,6.488841110892328,4.0749461304238945,-0.02230461601870637,4.0,,,,,,,,,,False
145,G,SVR,3,36,6.119064266295482,6.917061855446293,1.48270917435845,2.4604613645555076,0.6588539482629776,1.0,,,,,,,,,,False
145,G,XGBoost,3,36,18.04099293475907,18.32403122239364,4.431571347347828,4.225433913512231,-0.024008114648945894,4.333333333333333,,,,,,,,,,False
145,H,CatBoost,3,36,2.5680014918028395,3.018441045629176,0.8725352705131273,1.584854086857283,0.8336574737228041,5.333333333333333,,,,,,,,,,False
145,H,FixedRidgeLambda1,3,36,0.11534596794455393,0.1127572081852101,0.007750888842056031,0.3395001584032646,0.9920996363506465,1.6666666666666667,,,,,,,,,,False
145,H,KNN,3,36,5.061281099317552,4.926649195203511,1.0624583036367,2.2415187902188083,0.6588450492527609,9.333333333333334,,,,,,,,,,False
145,H,LightGBM,3,36,3.2527144015315543,3.4818473257455373,1.221085068515491,1.7801291199157763,0.7882122298554818,7.333333333333333,,,,,,,,,,False
145,H,LinearRegression,3,36,0.12114039184471559,0.1288833103890602,0.014697795120012076,0.3476083899888262,0.9915906335057487,2.0,,,,,,,,,,False
145,H,MLP,3,36,0.686511973897547,0.6993829918604644,0.13712970798156304,0.8257306066609321,0.9544571757236987,4.0,,,,,,,,,,False
145,H,MODEL3-ICL-MC,3,36,0.1386590001115762,0.1469140584165889,0.033628917930489666,0.37042942915257954,0.9908838883631855,2.3333333333333335,200.0,5.0,,,,,,,,False
145,H,RandomForest,3,36,3.106835137449318,3.1329050510158925,0.11013965912481657,1.7624358969740916,0.784183281644849,6.0,,,,,,,,,,False
145,H,Ridge,3,36,0.11534596794455393,0.1127572081852101,0.007750888842056031,0.3395001584032646,0.9920996363506465,1.6666666666666667,,,,,,,,,,False
145,H,SVR,3,36,5.390411062038285,6.1149530855441085,1.7139978843555148,2.2997539202941026,0.6485005355940342,9.333333333333334,,,,,,,,,,False
145,H,XGBoost,3,36,3.428547306955586,3.2055824291167365,0.44770966606974544,1.8490860763438859,0.7577927714083551,7.666666666666667,,,,,,,,,,False
146,B,CatBoost,3,37,0.2335593648612542,0.2302829923827709,0.013189375245742657,0.48315251092895234,-0.11160004478475705,6.333333333333333,,,,,,,,,,False
146,B,FixedRidgeLambda1,3,37,0.041776462336149095,0.0314794532722977,0.029702075593415967,0.1960369652011337,0.8144292889009662,1.0,,,,,,,,,,False
146,B,KNN,3,37,0.2656264480847823,0.2745454342106495,0.07263072826577004,0.5120160525419305,-0.2750924367019815,7.333333333333333,,,,,,,,,,False
146,B,LightGBM,3,37,0.34363785567933824,0.3123261134095026,0.07160277800605303,0.5841768826533763,-0.5744814116829527,8.666666666666666,,,,,,,,,,False
146,B,LinearRegression,3,37,0.04306812909551547,0.0325904566846532,0.030625494021154057,0.19902168624034344,0.8087869135660116,2.0,,,,,,,,,,False
146,B,MLP,3,37,0.7618747886597609,0.7307658373811902,0.15543432187618386,0.8698783546401597,-2.520586429892494,10.0,,,,,,,,,,False
146,B,MODEL3-ICL-MC,3,37,0.08390596804399347,0.0595955152130902,0.05067243338020099,0.28156405664287293,0.6112832719201456,3.3333333333333335,200.0,5.0,,,,,,,,False
146,B,RandomForest,3,37,0.106703876190549,0.0988377501508114,0.03537493748680496,0.3237252242441048,0.5228323817290559,3.6666666666666665,,,,,,,,,,False
146,B,Ridge,3,37,0.041776462336149095,0.0314794532722977,0.029702075593415967,0.1960369652011337,0.8144292889009662,1.0,,,,,,,,,,False
146,B,SVR,3,37,0.25930209296906165,0.2461236615444591,0.03431941209736244,0.5084941501019707,-0.20774396704574075,6.666666666666667,,,,,,,,,,False
146,B,XGBoost,3,37,0.24690497705587874,0.2243933729912993,0.04234424495234352,0.4957270817701948,-0.15745928158147884,6.0,,,,,,,,,,False
146,C,CatBoost,3,37,3.2865075858002264,3.328311847463932,0.8595034505964627,1.8022073766671285,0.6926332194383987,5.666666666666667,,,,,,,,,,False
146,C,FixedRidgeLambda1,3,37,0.5558797781773613,0.4501431046831374,0.34132866012040364,0.7227640117427878,0.949339081940448,1.6666666666666667,,,,,,,,,,False
146,C,KNN,3,37,3.8891228416469406,3.851130118891098,1.137238364861941,1.9577501010678064,0.6370218340486221,7.0,,,,,,,,,,False
146,C,LightGBM,3,37,3.0247560289772455,2.996145012107948,0.3785442893252547,1.7369176167669516,0.7126873329377815,5.666666666666667,,,,,,,,,,False
146,C,LinearRegression,3,37,0.5501973147961946,0.4374582437081311,0.33591812945105787,0.7195733314672204,0.949855784211599,1.3333333333333333,,,,,,,,,,False
146,C,MLP,3,37,2.7533683055818834,3.206349076751625,0.8378196351989943,1.6449302773168808,0.7415028537033108,4.666666666666667,,,,,,,,,,False
146,C,MODEL3-ICL-MC,3,37,0.6137185983374526,0.5680959239210643,0.34057251390205145,0.7623905182418563,0.9437406277545685,3.0,200.0,5.0,,,,,,,,False
146,C,RandomForest,3,37,4.342380450224318,4.238214858515306,0.7498728082792155,2.078703790401358,0.5921216728285911,8.666666666666666,,,,,,,,,,False
146,C,Ridge,3,37,0.5558797781773613,0.4501431046831374,0.34132866012040364,0.7227640117427878,0.949339081940448,1.6666666666666667,,,,,,,,,,False
146,C,SVR,3,37,3.916237502428116,3.75665458984902,0.7714036185351156,1.9726634305935935,0.6328134667647879,7.333333333333333,,,,,,,,,,False
146,C,XGBoost,3,37,5.024238136249733,4.357537799116149,1.2527453949204495,2.230501299795675,0.5309093517973561,10.0,,,,,,,,,,False
146,E,AutoGluon,1,36,1.0293191212602817,1.0293191212602817,,1.0145536561760948,0.7505505140004209,6.0,,,,,,,,,,False
146,E,CatBoost,6,36,0.9219750978055717,0.8821329382060675,0.18451850212598628,0.9564324099507086,0.8150502044389635,5.0,,,,,,,,,,False
146,E,FixedRidgeLambda1,6,36,0.09295831435844966,0.0940686861059579,0.0706260622590296,0.2801720386286589,0.9809961648200511,1.6666666666666667,,,,,,,,,,False
146,E,KNN,6,36,1.8355820340854097,1.7875383889203311,0.41533949640840695,1.3477284691264517,0.6351178123127214,9.5,,,,,,,,,,False
146,E,LightGBM,6,36,1.6869456690004805,1.537430779152362,0.3959558353460035,1.2922775225556888,0.6652268836598868,8.666666666666666,,,,,,,,,,False
146,E,LinearRegression,6,36,0.09160963436688017,0.0939586313653645,0.07113161001203229,0.27677495623479914,0.9812065009527776,1.3333333333333333,,,,,,,,,,False
146,E,MLP,6,36,0.6496068364582667,0.7308192218948202,0.2413428271703262,0.7900978375003161,0.8685825483372928,4.166666666666667,,,,,,,,,,False
146,E,MODEL3-ICL-MC,6,36,0.16184347017286718,0.16679178777250456,0.09304676342373872,0.3847738878185017,0.966487195223059,3.0,200.0,5.0,,,,,,,,False
146,E,RandomForest,6,36,1.4527552817649976,1.5112793223140095,0.2600587526131889,1.2009722202183168,0.7112849084913114,7.666666666666667,,,,,,,,,,False
146,E,Ridge,6,36,0.09295831435844966,0.0940686861059579,0.0706260622590296,0.2801720386286589,0.9809961648200511,1.6666666666666667,,,,,,,,,,False
146,E,SVR,6,36,1.2819817695391376,1.3499381539040352,0.3424314936817717,1.1234766123533066,0.7440363236755047,6.666666666666667,,,,,,,,,,False
146,E,XGBoost,6,36,1.6022678142665494,1.7023138109905909,0.2595310610753273,1.261954488058623,0.6768350355955425,8.166666666666666,,,,,,,,,,False
146,F,CatBoost,3,36,0.11187480797662153,0.0966468480731923,0.03647326392307439,0.33167981352155523,0.0,5.666666666666667,,,,,,,,,,False
146,F,FixedRidgeLambda1,3,36,0.05698106027692523,0.0487649447867957,0.016503571442301627,0.23713676389399288,0.0,1.6666666666666667,,,,,,,,,,False
146,F,KNN,3,36,0.15683772879834457,0.1692092302270822,0.03305140230291675,0.39446383673097146,0.0,7.333333333333333,,,,,,,,,,False
146,F,LightGBM,3,36,0.19832541728180186,0.1965939277440282,0.049456883620586464,0.442999022550229,0.0,8.333333333333334,,,,,,,,,,False
146,F,LinearRegression,3,36,0.05792876539044767,0.0494610981597727,0.016882080450151386,0.23908174581220829,0.0,2.6666666666666665,,,,,,,,,,False
146,F,MLP,3,36,0.4578248354691011,0.4013101576269725,0.12131216879919171,0.6728802492509215,0.0,10.0,,,,,,,,,,False
146,F,MODEL3-ICL-MC,3,36,0.10111355319973926,0.1139304192009175,0.02269208202099527,0.3165375396897205,0.0,5.0,200.0,5.0,,,,,,,,False
146,F,RandomForest,3,36,0.06243476128180386,0.0690107711786335,0.012724920852207706,0.24894135642095186,0.0,2.3333333333333335,,,,,,,,,,False
146,F,Ridge,3,36,0.05698106027692523,0.0487649447867957,0.016503571442301627,0.23713676389399288,0.0,1.6666666666666667,,,,,,,,,,False
146,F,SVR,3,36,0.08167519165222803,0.0761236941596042,0.011692071450595387,0.2853170633105271,0.0,3.6666666666666665,,,,,,,,,,False
146,F,XGBoost,3,36,0.19137800368875743,0.1576164868750968,0.07788077366916116,0.43182033687296734,0.0,8.333333333333334,,,,,,,,,,False
146,H,CatBoost,3,36,1.9141738731494782,1.7222833326188711,0.39342310515671125,1.3788882066481296,0.6428061969576274,7.333333333333333,,,,,,,,,,False
146,H,FixedRidgeLambda1,3,36,0.039341615681206234,0.0349882000556779,0.00847059193267778,0.19761796295160328,0.9919192918992893,1.3333333333333333,,,,,,,,,,False
146,H,KNN,3,36,2.6456959797758124,2.305405466676776,0.7625014444332213,1.6159186214067074,0.5121067890825227,9.0,,,,,,,,,,False
146,H,LightGBM,3,36,1.795025567674129,1.6151472112831669,0.48351127027775326,1.332046736064168,0.674525411031459,6.333333333333333,,,,,,,,,,False
146,H,LinearRegression,3,36,0.04238038187628143,0.036447401373202,0.011035887964486202,0.20476727926595772,0.9911765183706424,2.3333333333333335,,,,,,,,,,False
146,H,MLP,3,36,0.6447121025302028,0.6276718433250861,0.07096587204481636,0.8021411350129973,0.8778105073377686,4.0,,,,,,,,,,False
146,H,MODEL3-ICL-MC,3,36,0.05475519048108004,0.0560748982144847,0.006243484852784054,0.23373927915911555,0.9897640369158723,2.3333333333333335,200.0,5.0,,,,,,,,False
146,H,RandomForest,3,36,2.124956999391039,2.2298861675685213,0.2673024248499466,1.4557305006217216,0.5813819561323377,7.666666666666667,,,,,,,,,,False
146,H,Ridge,3,36,0.039341615681206234,0.0349882000556779,0.00847059193267778,0.19761796295160328,0.9919192918992893,1.3333333333333333,,,,,,,,,,False
146,H,SVR,3,36,1.5909895967832692,1.6048046662383948,0.4770346194080406,1.251550029312984,0.7182825741521306,5.0,,,,,,,,,,False
146,H,XGBoost,3,36,2.8631149414913257,2.867811194529548,0.3467147345616381,1.6899942491938191,0.42764244050756917,9.666666666666666,,,,,,,,,,False
147,C,CatBoost,6,37,1.5592550793110638,1.4445252938884487,0.8214266899233291,1.2104895905149322,0.7591840008797789,5.833333333333333,,,,,,,,,,False
147,C,FixedRidgeLambda1,6,37,0.16647665320899113,0.1628830993963143,0.02598400049681008,0.4069749289464771,0.9633468812004189,1.6666666666666667,,,,,,,,,,False
147,C,KNN,6,37,3.113702221310644,3.0794922070650395,1.6756087903682655,1.7050136659105235,0.5335960489195238,9.5,,,,,,,,,,False
147,C,LightGBM,6,37,1.835394454345285,1.9007427904268148,0.8779828165884648,1.3192964990889946,0.7073969031479507,6.166666666666667,,,,,,,,,,False
147,C,LinearRegression,6,37,0.16649804795897546,0.16480898914701225,0.024147651874018822,0.4071445072723769,0.9632579717262874,1.6666666666666667,,,,,,,,,,False
147,C,MLP,6,37,2.267204900766996,2.0415765131122128,0.5952504108457523,1.4959775337605097,0.46572961745075014,7.166666666666667,,,,,,,,,,False
147,C,MODEL3-ICL-MC,6,37,0.28151053563343503,0.2400335111540208,0.1335253796013194,0.518780889501442,0.9420957741275817,2.6666666666666665,200.0,5.0,,,,,,,,False
147,C,RandomForest,6,37,1.9535733415227503,1.7027438343247767,1.4137174056956778,1.3210692779382434,0.7344348731659897,6.166666666666667,,,,,,,,,,False
147,C,Ridge,6,37,0.16647665320899113,0.1628830993963143,0.02598400049681008,0.4069749289464771,0.9633468812004189,1.6666666666666667,,,,,,,,,,False
147,C,SVR,6,37,2.1752590508126834,2.2136325625577618,1.5808411043688755,1.3773584378463302,0.7265399993608352,6.166666666666667,,,,,,,,,,False
147,C,XGBoost,6,37,2.2750406545192123,2.3305744505660306,1.1535395940753979,1.4642228217778268,0.6505290550734841,8.0,,,,,,,,,,False
147,D,CatBoost,3,37,4.131951196696224,4.22748702879043,1.0154711762053084,2.0221055117001643,0.7183191336774001,5.666666666666667,,,,,,,,,,False
147,D,FixedRidgeLambda1,3,37,0.06235106402630617,0.0567339597040353,0.013101591522578589,0.2488225145548045,0.9956055948766814,1.3333333333333333,,,,,,,,,,False
147,D,KNN,3,37,5.6776859350392685,5.192034151509413,1.129625315107136,2.3752529934785382,0.6124840902552131,8.666666666666666,,,,,,,,,,False
147,D,LightGBM,3,37,3.555159141190744,3.580123774279456,0.3047188732447995,1.8843499063661284,0.7538854000193244,5.333333333333333,,,,,,,,,,False
147,D,LinearRegression,3,37,0.06816209731904857,0.0712440585421786,0.009106839649551158,0.2606763485102903,0.9952600076679562,1.6666666666666667,,,,,,,,,,False
147,D,MLP,3,37,0.555816298379343,0.41947796948768,0.27007967924612775,0.7320194588896319,0.9599428851678239,4.0,,,,,,,,,,False
147,D,MODEL3-ICL-MC,3,37,0.14885400831415788,0.1156511374291071,0.06631623428086908,0.37991773538483903,0.9901240821731507,3.0,200.0,5.0,,,,,,,,False
147,D,RandomForest,3,37,5.867630467670172,6.026704261057921,0.30388558226984097,2.421769337603775,0.5918322819285269,9.333333333333334,,,,,,,,,,False
147,D,Ridge,3,37,0.06235106402630617,0.0567339597040353,0.013101591522578589,0.2488225145548045,0.9956055948766814,1.3333333333333333,,,,,,,,,,False
147,D,SVR,3,37,4.812958699531941,4.664539228557817,1.4013587160414096,2.1782945236601248,0.674201807984827,7.666666666666667,,,,,,,,,,False
147,D,XGBoost,3,37,5.410341061244002,5.395221384065742,0.14865059937343222,2.3258679309068273,0.6234392365261882,8.333333333333334,,,,,,,,,,False
147,E,CatBoost,6,37,1.9545522587322097,1.660227796797275,1.3283052343414405,1.3313327419638528,0.783426692734471,4.833333333333333,,,,,,,,,,False
147,E,FixedRidgeLambda1,6,37,0.11204308118463611,0.11018552349705625,0.06802151490260792,0.3199749067726528,0.9862614782243023,1.8333333333333333,,,,,,,,,,False
147,E,KNN,6,37,4.046860662939662,3.8315006800697553,2.856750581404607,1.891025620934733,0.5916165733866762,8.166666666666666,,,,,,,,,,False
147,E,LightGBM,6,37,3.085899141973892,2.6123645007924177,1.6449747869288434,1.7079619038806924,0.6239464505975983,8.333333333333334,,,,,,,,,,False
147,E,LinearRegression,6,37,0.10706288423521042,0.1082065393218702,0.0640713487168999,0.3131465302724142,0.9866794439405973,1.1666666666666667,,,,,,,,,,False
147,E,MLP,6,37,0.9497792750663508,0.8787503053104265,0.30266811074690975,0.9655808235208414,0.8749915803253518,4.166666666666667,,,,,,,,,,False
147,E,MODEL3-ICL-MC,6,37,0.17058679087840747,0.20213628096434205,0.09029244842603755,0.3971023067809311,0.977859073373,3.0,200.0,5.0,,,,,,,,False
147,E,RandomForest,6,37,3.0531601268142285,2.816021617713038,1.9219358244296227,1.6738560697699387,0.6536871898941712,7.666666666666667,,,,,,,,,,False
147,E,Ridge,6,37,0.11204308118463611,0.11018552349705625,0.06802151490260792,0.3199749067726528,0.9862614782243023,1.8333333333333333,,,,,,,,,,False
147,E,SVR,6,37,3.403156590171639,3.2218117269831112,2.454453652685898,1.7344984402544288,0.6469031741853398,8.166666666666666,,,,,,,,,,False
147,E,XGBoost,6,37,3.3064974857373586,2.991565603027704,2.1071396861800107,1.733579275414167,0.6472172394264074,7.666666666666667,,,,,,,,,,False
147,F,CatBoost,3,37,0.13122060024061208,0.1377875405143385,0.02386166360609481,0.3611996386418606,0.8198643454348403,5.0,,,,,,,,,,False
147,F,FixedRidgeLambda1,3,37,0.08276197173924914,0.0877677008753164,0.010305346543257684,0.28729725117950905,0.8860564369056939,2.3333333333333335,,,,,,,,,,False
147,F,KNN,3,37,0.3548844957762756,0.3530882144528531,0.13018914261822034,0.5887663258254171,0.5151142350427986,8.333333333333334,,,,,,,,,,False
147,F,LightGBM,3,37,0.24381795781752413,0.2263772339338734,0.07127255009666174,0.49035362645765607,0.6568265252717023,7.333333333333333,,,,,,,,,,False
147,F,LinearRegression,3,37,0.08382494875907594,0.0889929837654047,0.011027235975885395,0.28909030914505784,0.8845172378868168,3.3333333333333335,,,,,,,,,,False
147,F,MLP,3,37,0.5803448283676437,0.5374809526654061,0.1590493797317086,0.7571777058449861,0.184120891719419,10.0,,,,,,,,,,False
147,F,MODEL3-ICL-MC,3,37,0.069501090569764,0.0738012248362151,0.012424104766229939,0.26289204649466263,0.9069697352946245,2.0,200.0,5.0,,,,,,,,False
147,F,RandomForest,3,37,0.09358131947479063,0.0792584667792733,0.0323802288702138,0.3030440348127684,0.8673041697086394,2.3333333333333335,,,,,,,,,,False
147,F,Ridge,3,37,0.08276197173924914,0.0877677008753164,0.010305346543257684,0.28729725117950905,0.8860564369056939,2.3333333333333335,,,,,,,,,,False
147,F,SVR,3,37,0.18264881096705463,0.1991574505209145,0.044921055152147164,0.42504562756321795,0.7482449254421333,6.666666666666667,,,,,,,,,,False
147,F,XGBoost,3,37,0.27054137232178677,0.3009456377224258,0.052969509140495,0.5183573127439572,0.6267920778552737,7.666666666666667,,,,,,,,,,False
147,G,CatBoost,3,37,75.32028257457979,86.0007062327541,21.37379033808968,8.61400128675051,-11.29249158631355,5.333333333333333,,,,,,,,,,False
147,G,FixedRidgeLambda1,3,37,37.0595431810746,34.39567013761191,12.027289933274426,6.035321617148877,-5.140689923100283,2.0,,,,,,,,,,False
147,G,KNN,3,37,376.24835511145284,296.23243938542686,190.21558478848863,19.011489508445766,-61.626926724262056,8.333333333333334,,,,,,,,,,False
147,G,LightGBM,3,37,103.64835339156419,66.75069582559438,74.4606855159809,9.778723934242853,-16.29245864686406,6.0,,,,,,,,,,False
147,G,LinearRegression,3,37,37.50119824874442,34.840776849239816,12.176618901926371,6.0710895510243335,-5.213996884060623,3.0,,,,,,,,,,False
147,G,MLP,3,37,1446.0918855303423,1859.5820844607888,747.77970860074,36.935584855062615,-232.52000136243248,9.333333333333334,,,,,,,,,,False
147,G,MODEL3-ICL-MC,3,37,75.6998280191686,73.1323878342439,35.773466335909596,8.530697915601358,-11.552656632416102,5.0,200.0,5.0,,,,,,,,False
147,G,RandomForest,3,37,260.1661892572511,168.5796911537783,253.9308081604088,14.807181661244785,-41.70135007387274,6.333333333333333,,,,,,,,,,False
147,G,Ridge,3,37,37.0595431810746,34.39567013761191,12.027289933274426,6.035321617148877,-5.140689923100283,2.0,,,,,,,,,,False
147,G,SVR,3,37,2.218257896315231,2.2365533488298337,0.13832640337188779,1.4888955607226857,0.6374732230188455,1.0,,,,,,,,,,False
147,G,XGBoost,3,37,982.7717496068318,463.14079216222063,1176.3014703362237,27.421793024775877,-160.94437806626118,8.666666666666666,,,,,,,,,,False
148,A,CatBoost,3,37,0.6031170131804487,0.6006521410270136,0.019415855999446223,0.7765391967448464,0.7459532764439164,5.333333333333333,,,,,,,,,,False
148,A,FixedRidgeLambda1,3,37,0.04480390386604951,0.0502760845777144,0.009904045058233637,0.21073692056195614,0.9817746464500902,2.6666666666666665,,,,,,,,,,False
148,A,KNN,3,37,0.9391427980811389,0.8598021391532423,0.13805774406535185,0.967411905396229,0.6093283115368044,8.666666666666666,,,,,,,,,,False
148,A,LightGBM,3,37,0.7400887659851253,0.73384094270721,0.05305107924520465,0.8599174671812206,0.686779131500205,7.0,,,,,,,,,,False
148,A,LinearRegression,3,37,0.04139772904876663,0.0463703672033118,0.009276007338251938,0.20254248721813725,0.9831763239378222,1.0,,,,,,,,,,False
148,A,MLP,3,37,0.517048914559431,0.5633549578565875,0.09154598720935989,0.7170678095121259,0.7879517156355565,4.0,,,,,,,,,,False
148,A,MODEL3-ICL-MC,3,37,0.062014079667446265,0.0502491808502069,0.02184263956705456,0.24662938166530354,0.9721669822946811,2.3333333333333335,200.0,5.0,,,,,,,,False
148,A,RandomForest,3,37,0.8160890790930179,0.8468253347680292,0.12407114192986092,0.901576806487955,0.6630844601807865,8.0,,,,,,,,,,False
148,A,Ridge,3,37,0.04480390386604951,0.0502760845777144,0.009904045058233637,0.21073692056195614,0.9817746464500902,2.6666666666666665,,,,,,,,,,False
148,A,SVR,3,37,0.6457183268709634,0.6529868173257328,0.1963054212222277,0.7971330541647074,0.7384758248895111,6.0,,,,,,,,,,False
148,A,XGBoost,3,37,1.1579149742894848,1.2358608294811122,0.20363547594835718,1.0731415964037538,0.5254348794997723,10.0,,,,,,,,,,False
148,B,CatBoost,3,37,3.3929811524936953,2.4275514712601542,2.258629482959774,1.7784821416817709,0.8287053229006821,6.0,,,,,,,,,,False
148,B,FixedRidgeLambda1,3,37,0.08665526265279457,0.1017240157345505,0.038969995379474015,0.2884036061736283,0.9955903760008303,2.0,,,,,,,,,,False
148,B,KNN,3,37,8.318654551596508,6.872480078292466,2.8627791713093527,2.857630120078504,0.5713705445303279,10.0,,,,,,,,,,False
148,B,LightGBM,3,37,4.369834498628878,3.9885615794105287,1.3687005693904908,2.0738810327118324,0.7735137691131357,7.333333333333333,,,,,,,,,,False
148,B,LinearRegression,3,37,0.0794902522683396,0.0943465645681298,0.038078811988095165,0.27532169609712276,0.9959646258268778,1.0,,,,,,,,,,False
148,B,MLP,3,37,0.7124325840943847,0.7205191782474457,0.08752506572665558,0.8429814907859728,0.9620095175389434,4.0,,,,,,,,,,False
148,B,MODEL3-ICL-MC,3,37,0.15605768088312943,0.1607474029434351,0.07076720895674639,0.3876028386850612,0.9920775039321906,3.0,200.0,5.0,,,,,,,,False
148,B,RandomForest,3,37,3.9883155045325887,3.263193234696803,1.3546020771416127,1.9791715283214455,0.7947869134874314,6.333333333333333,,,,,,,,,,False
148,B,Ridge,3,37,0.08665526265279457,0.1017240157345505,0.038969995379474015,0.2884036061736283,0.9955903760008303,2.0,,,,,,,,,,False
148,B,SVR,3,37,6.341627688376215,5.919733522930314,2.795319026429408,2.4770329338660075,0.6727016873388624,9.0,,,,,,,,,,False
148,B,XGBoost,3,37,4.082699190473885,3.5014209710328115,1.327100934200723,2.0038130060697665,0.7891245475689285,6.333333333333333,,,,,,,,,,False
148,C,CatBoost,3,37,2.3315028723746614,2.418970301014097,0.32123169471984997,1.5244321885834076,0.6323442279452189,5.666666666666667,,,,,,,,,,False
148,C,FixedRidgeLambda1,3,37,0.4412272758985081,0.4134082318999404,0.2912106287816249,0.6374710896352099,0.9298243908062002,2.3333333333333335,,,,,,,,,,False
148,C,KNN,3,37,3.6656260701074923,3.5566865602412423,0.6026454327396835,1.9103279460908544,0.4238008588686175,9.333333333333334,,,,,,,,,,False
148,C,LightGBM,3,37,2.4861312590268874,2.26610244905791,0.5258091788073882,1.5711177955835847,0.609736158539519,5.666666666666667,,,,,,,,,,False
148,C,LinearRegression,3,37,0.43162771370267855,0.4003363181793619,0.2875646424460388,0.6301450882025114,0.9313361367231775,1.3333333333333333,,,,,,,,,,False
148,C,MLP,3,37,2.0252838375154933,1.80619423861547,0.4961024306683519,1.416356179243136,0.6814562283839479,5.666666666666667,,,,,,,,,,False
148,C,MODEL3-ICL-MC,3,37,0.5221571885051929,0.6653307167772028,0.33066633836923276,0.688437684776026,0.9174616673324909,2.3333333333333335,200.0,5.0,,,,,,,,False
148,C,RandomForest,3,37,3.069556108841296,3.0681689424478846,1.2600240454521692,1.7259987552476341,0.5183002015508128,7.333333333333333,,,,,,,,,,False
148,C,Ridge,3,37,0.4412272758985081,0.4134082318999404,0.2912106287816249,0.6374710896352099,0.9298243908062002,2.3333333333333335,,,,,,,,,,False
148,C,SVR,3,37,2.6988596621272016,2.5053288211250915,0.5309142373762783,1.63771147916385,0.5761762272354763,6.666666666666667,,,,,,,,,,False
148,C,XGBoost,3,37,3.9362411641836386,4.194585418749862,1.5246800883387701,1.9565867937025925,0.3774840576345353,8.666666666666666,,,,,,,,,,False
148,D,CatBoost,3,37,0.41789379364421286,0.4458747022542662,0.059480717868449086,0.6453053651123898,0.8466261331159707,4.666666666666667,,,,,,,,,,False
148,D,FixedRidgeLambda1,3,37,0.032110275916314,0.0301009572554045,0.015632344962421888,0.17555087905741865,0.9888191949537358,1.3333333333333333,,,,,,,,,,False
148,D,KNN,3,37,0.5823889411448813,0.4696235331248383,0.19875172190917018,0.7562435320635333,0.7938450826290895,8.333333333333334,,,,,,,,,,False
148,D,LightGBM,3,37,0.6366693961293686,0.6486601619375548,0.11442688629086406,0.7957150126510631,0.7731385796787206,8.333333333333334,,,,,,,,,,False
148,D,LinearRegression,3,37,0.03215875256211943,0.0285696986337237,0.015503351431209619,0.17589655732067766,0.9887419481687316,1.6666666666666667,,,,,,,,,,False
148,D,MLP,3,37,0.6796532079907092,0.755262112509132,0.16744179631959497,0.8198688920937697,0.7469238240737773,8.333333333333334,,,,,,,,,,False
148,D,MODEL3-ICL-MC,3,37,0.03770996052525513,0.0404500213941072,0.013322524636145033,0.19196983897782838,0.9868168109133126,3.0,200.0,5.0,,,,,,,,False
148,D,RandomForest,3,37,0.4187340705662779,0.4241491569357504,0.1519319684132939,0.639607089878289,0.8545012199689687,5.666666666666667,,,,,,,,,,False
148,D,Ridge,3,37,0.032110275916314,0.0301009572554045,0.015632344962421888,0.17555087905741865,0.9888191949537358,1.3333333333333333,,,,,,,,,,False
148,D,SVR,3,37,0.45259406535836844,0.3645489505504634,0.31464705871462584,0.6455642943151156,0.8482144703133491,6.0,,,,,,,,,,False
148,D,XGBoost,3,37,0.5808483904517044,0.5047105944272358,0.18370952126590565,0.7561274745562425,0.7927841325976344,7.666666666666667,,,,,,,,,,False
148,E,CatBoost,3,37,1.6417007894518447,1.754869238422844,0.7325856791707467,1.2572786050768674,0.7336036056522349,5.333333333333333,,,,,,,,,,False
148,E,FixedRidgeLambda1,3,37,0.08231342648188167,0.0946123487823491,0.02391123906602589,0.2846520931666711,0.9851879164313967,1.0,,,,,,,,,,False
148,E,KNN,3,37,2.1155590897860956,2.1016708919277205,0.5461747312085939,1.446284780286289,0.6425532150707695,7.333333333333333,,,,,,,,,,False
148,E,LightGBM,3,37,2.785418316660921,2.978525579629865,0.3949275575453294,1.6660313207044222,0.501440010736941,9.333333333333334,,,,,,,,,,False
148,E,LinearRegression,3,37,0.08588632917939097,0.0970841970319117,0.0256454757970419,0.29063747750776553,0.9844757972780291,2.3333333333333335,,,,,,,,,,False
148,E,MLP,3,37,0.8960578308853834,0.8358944774155106,0.20635731977890553,0.9425486720024735,0.8334784675736918,4.666666666666667,,,,,,,,,,False
148,E,MODEL3-ICL-MC,3,37,0.1277682352313784,0.1145999290630914,0.03799593625049897,0.3549272665679944,0.9784704145560527,2.6666666666666665,200.0,5.0,,,,,,,,False
148,E,RandomForest,3,37,2.1809100319859467,2.395791191722397,0.7288894838176995,1.4615194829603173,0.6374232022881833,8.333333333333334,,,,,,,,,,False
148,E,Ridge,3,37,0.08231342648188167,0.0946123487823491,0.02391123906602589,0.2846520931666711,0.9851879164313967,1.0,,,,,,,,,,False
148,E,SVR,3,37,1.8508720576819915,2.209629937183309,0.9931628558914273,1.3189509789345786,0.7049947129423115,6.0,,,,,,,,,,False
148,E,XGBoost,3,37,2.411211011034433,2.44862882635566,0.23676455373810681,1.5515417542057566,0.5671128464774943,8.0,,,,,,,,,,False
148,G,CatBoost,3,37,3.8614257540045807,2.934023878770112,2.0126158225831126,1.9238888260709412,0.5572326317468761,2.3333333333333335,,,,,,,,,,False
148,G,FixedRidgeLambda1,3,37,8.929828964542232,10.019466038929975,2.1329756937625772,2.9728083085227044,-0.03664364220694933,5.333333333333333,,,,,,,,,,False
148,G,KNN,3,37,8.311889100517414,7.2867069176846915,3.990874643670713,2.8288075466582616,0.03132830505430454,6.666666666666667,,,,,,,,,,False
148,G,LightGBM,3,37,17.968634249645444,15.649245062325813,7.452372757729577,4.180624777998379,-1.0954467961497694,8.666666666666666,,,,,,,,,,False
148,G,LinearRegression,3,37,9.159163365508524,10.26621219127246,2.2107570134935535,3.0103973212121016,-0.06301742407352397,6.333333333333333,,,,,,,,,,False
148,G,MLP,3,37,35.43883374974218,30.7769084396148,16.692381811664298,5.846188361152696,-3.0595389169637532,10.0,,,,,,,,,,False
148,G,MODEL3-ICL-MC,3,37,15.09424566754204,13.019559952008198,7.0517194120722575,3.8168648349118115,-0.7824697872212311,7.0,200.0,5.0,,,,,,,,False
148,G,RandomForest,3,37,4.674482247524403,4.230738278071549,1.0642833473457456,2.1531300950654644,0.4365552734992473,2.6666666666666665,,,,,,,,,,False
148,G,Ridge,3,37,8.929828964542232,10.019466038929975,2.1329756937625772,2.9728083085227044,-0.03664364220694933,5.333333333333333,,,,,,,,,,False
148,G,SVR,3,37,2.701607287975337,2.5449305776738544,0.7070184676035711,1.6344753916148596,0.6860691487794194,1.0,,,,,,,,,,False
148,G,XGBoost,3,37,7.132198118994537,6.847265404007456,2.5224369342674287,2.6425201850135855,0.16232460038705102,5.0,,,,,,,,,,False
148,H,CatBoost,6,37,2.2996492163216424,2.367210672873817,0.3248093019230167,1.5129901068785774,0.79154853522291,5.5,,,,,,,,,,False
148,H,FixedRidgeLambda1,6,37,0.10160116497511822,0.10491538796295105,0.04017476998239344,0.31329199161389765,0.9907140239592099,2.0,,,,,,,,,,False
148,H,KNN,6,37,4.260098069433133,4.149093481426361,0.9762970243711776,2.0524938070968233,0.6340634033002907,9.5,,,,,,,,,,False
148,H,LightGBM,6,37,2.6132885681810847,2.633227096635336,0.6533125008888847,1.605340977326309,0.7564077000682027,6.666666666666667,,,,,,,,,,False
148,H,LinearRegression,6,37,0.09693211409192488,0.10087605136206271,0.038144551587195145,0.30598191220076826,0.9911063927993964,1.0,,,,,,,,,,False
148,H,MLP,6,37,0.6612139915085865,0.594751003783557,0.21555175941808286,0.8045399100666999,0.9417057387351461,4.0,,,,,,,,,,False
148,H,MODEL3-ICL-MC,6,37,0.15256755436253563,0.15506030031862084,0.039555430125241424,0.3875446685383603,0.9860592482176017,3.0,200.0,5.0,,,,,,,,False
148,H,RandomForest,6,37,2.7993258998268367,2.828851347683744,0.2150473481673405,1.6720860091512961,0.7444298128181152,6.833333333333333,,,,,,,,,,False
148,H,Ridge,6,37,0.10160116497511822,0.10491538796295105,0.04017476998239344,0.31329199161389765,0.9907140239592099,2.0,,,,,,,,,,False
148,H,SVR,6,37,3.193795281646464,3.1755044110948996,0.5536029904186233,1.7814638551229935,0.7187402243819708,8.0,,,,,,,,,,False
148,H,XGBoost,6,37,3.7770322769564433,3.7264349601156366,0.6575484534743694,1.9371021259816423,0.6525788702018197,8.5,,,,,,,,,,False
149,B,CatBoost,6,37,1.9964614691109854,1.1478330035805775,1.530487774616995,1.3332425223386561,0.909710395358475,5.666666666666667,,,,,,,,,,False
149,B,FixedRidgeLambda1,6,37,0.05782427749010155,0.0508685508006428,0.029927615565837395,0.23368500420391988,0.9958865457033891,1.6666666666666667,,,,,,,,,,False
149,B,KNN,6,37,7.179595309019644,6.511092429500514,3.635241682409375,2.6045263109118606,0.648050830884,9.833333333333334,,,,,,,,,,False
149,B,LightGBM,6,37,2.8349914160330507,1.9883221276936895,1.6778349922306364,1.6340674670402244,0.8569254997156337,7.5,,,,,,,,,,False
149,B,LinearRegression,6,37,0.06298004864646738,0.052848911123285006,0.035463997427841495,0.24260216722111297,0.9953790508293352,2.1666666666666665,,,,,,,,,,False
149,B,MLP,6,37,0.9379167761146908,1.005961169014948,0.29141269984001666,0.9564437009660477,0.9364270631873715,5.0,,,,,,,,,,False
149,B,MODEL3-ICL-MC,6,37,0.0734155904181469,0.08155488740058515,0.027985890556952275,0.26446563530110495,0.995248968906855,2.1666666666666665,200.0,5.0,,,,,,,,False
149,B,RandomForest,6,37,2.0574370290070463,1.7588186468529443,1.1964771219061503,1.382157213316838,0.9034915248685135,5.666666666666667,,,,,,,,,,False
149,B,Ridge,6,37,0.05782427749010155,0.0508685508006428,0.029927615565837395,0.23368500420391988,0.9958865457033891,1.6666666666666667,,,,,,,,,,False
149,B,SVR,6,37,5.687695733284275,4.141527298825027,3.9947595980917767,2.272763304114918,0.7457407640747048,9.166666666666666,,,,,,,,,,False
149,B,XGBoost,6,37,2.2811158155874898,1.9302133955505647,1.4853762538326414,1.4531578804946614,0.8928804153105349,6.166666666666667,,,,,,,,,,False
149,D,CatBoost,3,37,1.8693979086157526,1.954424615822316,0.38347532889776,1.3622397618843334,0.8085299214302252,6.0,,,,,,,,,,False
149,D,FixedRidgeLambda1,3,37,0.12688903164585094,0.1346934720545481,0.03979555088430307,0.35306046479479164,0.9870568675070629,1.0,,,,,,,,,,False
149,D,KNN,3,37,3.185658338417536,3.4345439808477227,0.8211012894646385,1.774193693249706,0.6738785586442347,9.0,,,,,,,,,,False
149,D,LightGBM,3,37,1.9569130650973106,2.0559882939923835,0.222600733289081,1.3973361787736696,0.7967284484297873,6.0,,,,,,,,,,False
149,D,LinearRegression,3,37,0.1382046906963729,0.149767308016897,0.044186270634753284,0.3682844781606653,0.9859339457508898,2.0,,,,,,,,,,False
149,D,MLP,3,37,0.7846858850696942,0.7934644991096425,0.1930577751504543,0.8812301181209993,0.9200570986329638,4.0,,,,,,,,,,False
149,D,MODEL3-ICL-MC,3,37,0.2017844590675676,0.2213434874021358,0.0978840104363247,0.43890017572221746,0.9797788455547614,3.0,200.0,5.0,,,,,,,,False
149,D,RandomForest,3,37,2.6163216041948814,2.4634715165688688,0.320527732034911,1.6155413300581303,0.7277796119585632,8.0,,,,,,,,,,False
149,D,Ridge,3,37,0.12688903164585094,0.1346934720545481,0.03979555088430307,0.35306046479479164,0.9870568675070629,1.0,,,,,,,,,,False
149,D,SVR,3,37,2.00421745789234,2.169211769138288,0.7888498039352893,1.3952379775582482,0.7973062941962213,6.333333333333333,,,,,,,,,,False
149,D,XGBoost,3,37,3.23788128451827,3.0803560530005414,0.4850084187848767,1.7961345659055468,0.6652598189343415,9.666666666666666,,,,,,,,,,False
149,E,CatBoost,3,37,2.7635889500890864,2.9635520782601663,0.9115213461353093,1.6459410104589611,0.7029888293856045,5.666666666666667,,,,,,,,,,False
149,E,FixedRidgeLambda1,3,37,0.07585017100636643,0.0780913435969909,0.017509210905608575,0.27413741289705734,0.9909244013570951,2.0,,,,,,,,,,False
149,E,KNN,3,37,4.14374327245078,4.383397702984203,0.8851534766302628,2.0274429203078044,0.5426566434991441,9.0,,,,,,,,,,False
149,E,LightGBM,3,37,3.0470591217589935,3.00777129051903,0.5809860435181479,1.740285323626928,0.6511487235778769,6.333333333333333,,,,,,,,,,False
149,E,LinearRegression,3,37,0.07270105405453124,0.0757453074676121,0.01951969058597927,0.26792116073918093,0.9912642045328576,1.0,,,,,,,,,,False
149,E,MLP,3,37,0.6327055960743947,0.6872355545225421,0.191356764925903,0.7887954522555735,0.9265589183103652,4.0,,,,,,,,,,False
149,E,MODEL3-ICL-MC,3,37,0.1286041887719116,0.1427324614733123,0.026203122051988312,0.3572823182692899,0.9846501345335259,3.0,200.0,5.0,,,,,,,,False
149,E,RandomForest,3,37,3.5356064571416415,3.3904635883654644,0.8331735884985074,1.8717343721526518,0.6095560874904221,7.666666666666667,,,,,,,,,,False
149,E,Ridge,3,37,0.07585017100636643,0.0780913435969909,0.017509210905608575,0.27413741289705734,0.9909244013570951,2.0,,,,,,,,,,False
149,E,SVR,3,37,3.648644354784052,4.372042039001632,1.6928845572916218,1.8682318260142734,0.6178510058628888,7.333333333333333,,,,,,,,,,False
149,E,XGBoost,3,37,4.398779790568808,3.688564478714696,1.8842556753544324,2.0670361383331106,0.515372850475829,9.0,,,,,,,,,,False
149,F,CatBoost,3,37,0.1828158713538278,0.1879074791113787,0.012792944053583671,0.42739190358837664,0.3782932740817446,5.666666666666667,,,,,,,,,,False
149,F,FixedRidgeLambda1,3,37,0.0355996700413928,0.0354618983055259,0.010105872483074131,0.1873822637265381,0.8790382330350429,1.6666666666666667,,,,,,,,,,False
149,F,KNN,3,37,0.22803346339101696,0.2041713799364199,0.04163503752719913,0.47625943762300454,0.22455359244793657,7.0,,,,,,,,,,False
149,F,LightGBM,3,37,0.34319158432485647,0.3645714386334207,0.07067733679773999,0.5836362147391196,-0.15896401631239718,8.333333333333334,,,,,,,,,,False
149,F,LinearRegression,3,37,0.0353371372700041,0.0350230008329515,0.010390768571614513,0.18659856050341497,0.879909945880109,1.3333333333333333,,,,,,,,,,False
149,F,MLP,3,37,0.5923806935704612,0.6230751628719122,0.12953186744325743,0.7664323486027323,-1.02325716558048,10.0,,,,,,,,,,False
149,F,MODEL3-ICL-MC,3,37,0.05484979004278167,0.0530444247648201,0.0041251292270467295,0.2340919463594996,0.8137552334732877,3.0,200.0,5.0,,,,,,,,False
149,F,RandomForest,3,37,0.12450124186673867,0.1236819391592062,0.014979911176125437,0.3524218379109603,0.5772141463721439,4.0,,,,,,,,,,False
149,F,Ridge,3,37,0.0355996700413928,0.0354618983055259,0.010105872483074131,0.1873822637265381,0.8790382330350429,1.6666666666666667,,,,,,,,,,False
149,F,SVR,3,37,0.16867412392584366,0.1596245051836373,0.0357905163360759,0.40919639255746804,0.4252647136739453,5.333333333333333,,,,,,,,,,False
149,F,XGBoost,3,37,0.34336965214708387,0.350145182823291,0.03470696298983395,0.5854698663285044,-0.1642094274893081,8.666666666666666,,,,,,,,,,False
149,G,CatBoost,3,37,2.9535443309225307,3.141043733506419,0.3681296119279717,1.7162727564010922,0.2550658911731778,5.333333333333333,,,,,,,,,,False
149,G,FixedRidgeLambda1,3,37,1.1307302622043878,1.142324433637553,0.12127786409127428,1.0623270944608794,0.7202657044715545,2.0,,,,,,,,,,False
149,G,KNN,3,37,3.506866823301563,3.8010689546961487,1.2126778402497744,1.8520411903939762,0.09483501580479133,5.666666666666667,,,,,,,,,,False
149,G,LightGBM,3,37,5.199243205486785,5.056348964203288,1.9556997661726143,2.2526285724364006,-0.36264588136594794,7.666666666666667,,,,,,,,,,False
149,G,LinearRegression,3,37,1.1452960990076118,1.1466418917514885,0.13083295323897767,1.0690154681301507,0.7166292751376152,3.0,,,,,,,,,,False
149,G,MLP,3,37,12.062043394564379,13.590757422331514,4.883237584025611,3.418282362321501,-2.1175318187895296,9.666666666666666,,,,,,,,,,False
149,G,MODEL3-ICL-MC,3,37,1.428810452354444,1.6375476459624072,0.9008225074573051,1.1433442840236148,0.6240807367388451,3.3333333333333335,200.0,5.0,,,,,,,,False
149,G,RandomForest,3,37,6.371011289400935,6.692799674510443,1.9030888782412032,2.5040282938202165,-0.5352862337882378,8.333333333333334,,,,,,,,,,False
149,G,Ridge,3,37,1.1307302622043878,1.142324433637553,0.12127786409127428,1.0623270944608794,0.7202657044715545,2.0,,,,,,,,,,False
149,G,SVR,3,37,1.2012044436529214,0.8930548686997939,0.632977757236055,1.0726355211607823,0.716312719900909,2.0,,,,,,,,,,False
149,G,XGBoost,3,37,6.164826496519491,6.481961954739778,0.8246428656695638,2.479060325561537,-0.5593152383728152,8.0,,,,,,,,,,False
150,A,CatBoost,3,38,1.287235625429785,1.3334559233601604,0.22758977085365217,1.1315010469132807,0.7662242458776941,6.666666666666667,,,,,,,,,,False
150,A,FixedRidgeLambda1,3,38,0.11399675949697859,0.1053200304049767,0.039790016566795955,0.3342707205148612,0.9788789925960072,2.3333333333333335,,,,,,,,,,False
150,A,KNN,3,38,1.828914903306086,2.044360015343033,0.465320916330018,1.3443931323050549,0.6686101078493633,9.666666666666666,,,,,,,,,,False
150,A,LightGBM,3,38,0.9828228484821535,0.9658673075199004,0.1680606400198134,0.988967740424044,0.8197383362424743,5.333333333333333,,,,,,,,,,False
150,A,LinearRegression,3,38,0.10984846484315597,0.1022938021789708,0.038459887380464575,0.32809357878831574,0.9796559924224454,1.3333333333333333,,,,,,,,,,False
150,A,MLP,3,38,0.5392258456054794,0.5776243972992094,0.08315846805647012,0.7327913916758692,0.8999441319101885,4.0,,,,,,,,,,False
150,A,MODEL3-ICL-MC,3,38,0.15384156035873275,0.1004030792970961,0.09538288507019667,0.3807798934205679,0.9709588049609511,2.3333333333333335,200.0,5.0,,,,,,,,False
150,A,RandomForest,3,38,1.6022371826928101,1.676128031179999,0.1926456465323261,1.2642177449352952,0.7077556684605201,9.0,,,,,,,,,,False
150,A,Ridge,3,38,0.11399675949697859,0.1053200304049767,0.039790016566795955,0.3342707205148612,0.9788789925960072,2.3333333333333335,,,,,,,,,,False
150,A,SVR,3,38,1.2356591217659576,1.190362026213168,0.15366734622764827,1.1101988119535582,0.7749229165092139,6.333333333333333,,,,,,,,,,False
150,A,XGBoost,3,38,1.5313651567515552,1.678182734567789,0.29750269236953847,1.233326553636283,0.7210811098842096,8.0,,,,,,,,,,False
150,B,CatBoost,9,38,2.3818671631694386,1.1802640243475606,2.214627965675266,1.4123511645836264,0.8324208033947422,5.444444444444445,,,,,,,,,,False
150,B,FixedRidgeLambda1,9,38,0.06431476184694027,0.0518339044865391,0.042092317023628124,0.24155261825716717,0.994810234360686,1.3333333333333333,,,,,,,,,,False
150,B,KNN,9,38,4.456388657108985,2.677600790115417,3.5563988333890952,1.9833380501866127,0.6589802659920918,9.777777777777779,,,,,,,,,,False
150,B,LightGBM,9,38,2.0740280278788266,1.4256626738125115,1.2184910249617253,1.3925527572444922,0.8249326780842632,6.333333333333333,,,,,,,,,,False
150,B,LinearRegression,9,38,0.06782104708001321,0.054476463284238,0.042938607719487355,0.24880991324577703,0.9944786602664296,2.3333333333333335,,,,,,,,,,False
150,B,MLP,9,38,0.7517303411752762,0.5862806506246631,0.35538220394352865,0.8472323957913527,0.9293672976030083,4.111111111111111,,,,,,,,,,False
150,B,MODEL3-ICL-MC,9,38,0.13695578051551435,0.0908401693670274,0.11627122204763979,0.3360682129098082,0.9897233576622944,2.3333333333333335,200.0,5.0,,,,,,,,False
150,B,RandomForest,9,38,3.0709786008064963,1.3771059635243,2.8761481345313613,1.60768382801655,0.7830479479707982,7.333333333333333,,,,,,,,,,False
150,B,Ridge,9,38,0.06431476184694027,0.0518339044865391,0.042092317023628124,0.24155261825716717,0.994810234360686,1.3333333333333333,,,,,,,,,,False
150,B,SVR,9,38,3.5603380161284215,1.818365755349598,3.2823545519157324,1.7193741150444624,0.751695511305827,8.0,,,,,,,,,,False
150,B,XGBoost,9,38,3.1944920040754425,1.623825458332483,2.6285536439507884,1.6616694862018806,0.7666025269644388,8.0,,,,,,,,,,False
150,C,CatBoost,6,38,2.084680983203941,2.077855831211298,0.6197696303112207,1.4313885788482434,0.8298394996368357,5.166666666666667,,,,,,,,,,False
150,C,FixedRidgeLambda1,6,38,0.09454145129984708,0.08887594236678345,0.03268311420749791,0.3036656174989451,0.9924198943735529,1.3333333333333333,,,,,,,,,,False
150,C,KNN,6,38,5.902126205249149,5.701474857918184,2.137350277175903,2.395770969944848,0.5332294499591391,10.0,,,,,,,,,,False
150,C,LightGBM,6,38,2.55124092422768,2.4286538382741734,0.8167694510849892,1.5811040930706464,0.7910645695037437,6.5,,,,,,,,,,False
150,C,LinearRegression,6,38,0.09615955154714768,0.08942714817782954,0.03469633912211142,0.30589624297487955,0.9923224657725114,1.6666666666666667,,,,,,,,,,False
150,C,MLP,6,38,1.374722545103024,1.2065489827498903,0.6420342079457658,1.1505938085209977,0.8809657146011833,4.5,,,,,,,,,,False
150,C,MODEL3-ICL-MC,6,38,0.20898064216715126,0.21422800247165824,0.06948992762889693,0.45148447186197016,0.9825214628686504,3.0,200.0,5.0,,,,,,,,False
150,C,RandomForest,6,38,2.9025987388557097,2.989180086779572,0.7456257354886795,1.6913393920254283,0.7645857595937807,6.833333333333333,,,,,,,,,,False
150,C,Ridge,6,38,0.09454145129984708,0.08887594236678345,0.03268311420749791,0.3036656174989451,0.9924198943735529,1.3333333333333333,,,,,,,,,,False
150,C,SVR,6,38,3.4446646595450843,3.249030741910704,1.6904199299954328,1.805358293530383,0.7386830119190023,8.0,,,,,,,,,,False
150,C,XGBoost,6,38,3.2801506127012705,2.9983262853432624,0.6808531772561582,1.8033879762780638,0.733024430574031,8.0,,,,,,,,,,False
150,D,CatBoost,3,38,2.964264700472814,2.8914710370424475,1.0985693409106074,1.7014869874723233,0.8444105107385408,6.333333333333333,,,,,,,,,,False
150,D,FixedRidgeLambda1,3,38,0.08486833760275818,0.0860498715983481,0.025415300891621216,0.2890561853826052,0.9950805935701427,1.3333333333333333,,,,,,,,,,False
150,D,KNN,3,38,6.45856544600824,6.133179088360343,1.273232713961393,2.5333371627893135,0.6545954158571443,10.0,,,,,,,,,,False
150,D,LightGBM,3,38,2.5955303251496096,2.8561874658462147,0.801167175982519,1.5969428443997185,0.8641553985833196,5.0,,,,,,,,,,False
150,D,LinearRegression,3,38,0.0875340048680754,0.0856837509979695,0.028155838409443714,0.2932668580205437,0.9948990951033688,1.6666666666666667,,,,,,,,,,False
150,D,MLP,3,38,0.8495459264362384,0.6998204961779452,0.341544686664292,0.9100998814565598,0.9546871370437362,4.0,,,,,,,,,,False
150,D,MODEL3-ICL-MC,3,38,0.19302570730686383,0.2048179975574152,0.02086153102136183,0.43890423906700776,0.98921309982107,3.0,200.0,5.0,,,,,,,,False
150,D,RandomForest,3,38,3.74979815824905,3.708067043727307,0.6660823193714442,1.9313401303442135,0.7993507904866175,7.333333333333333,,,,,,,,,,False
150,D,Ridge,3,38,0.08486833760275818,0.0860498715983481,0.025415300891621216,0.2890561853826052,0.9950805935701427,1.3333333333333333,,,,,,,,,,False
150,D,SVR,3,38,4.5608858798523535,5.385961020761795,1.7515645215725064,2.1049259541943512,0.7659578680648172,8.333333333333334,,,,,,,,,,False
150,D,XGBoost,3,38,4.108889474110904,4.565457395338378,1.0044441205637071,2.016051132582584,0.7829669097440282,8.0,,,,,,,,,,False
150,E,CatBoost,12,37,2.464020443163089,2.2744782604752642,1.9040898612655481,1.4236210905879803,0.6306152527863816,5.916666666666667,,,,,,,,,,False
150,E,FixedRidgeLambda1,12,37,0.04958797553144046,0.06087370731512651,0.030745693538540834,0.20726406711404022,0.9897798123726904,1.75,,,,,,,,,,False
150,E,KNN,12,37,3.6584511728192903,3.9087554293822704,2.5561676666156217,1.7427820674458419,0.49137092053683756,7.833333333333333,,,,,,,,,,False
150,E,LightGBM,12,37,3.269782035645148,3.6809837500548497,2.1091156247237817,1.6676809071956236,0.4740129152838671,7.5,,,,,,,,,,False
150,E,LinearRegression,12,37,0.05104930187988305,0.0611767031184373,0.032577322575792565,0.2094999931673975,0.9898147080732899,1.75,,,,,,,,,,False
150,E,MLP,12,37,0.8427309600160595,0.8685985111143947,0.19399218306155666,0.9122001632824831,0.20782178296889064,5.5,,,,,,,,,,False
150,E,MODEL3-ICL-MC,12,38,0.09950920834020273,0.0557574173256738,0.10434570648103124,0.2759935978175089,0.9821403609155702,2.5,200.0,5.0,,,,,,,,False
150,E,RandomForest,12,37,3.2715357716799893,2.844425744109513,2.7842446603596707,1.5893644163560918,0.6344076633045838,6.75,,,,,,,,,,False
150,E,Ridge,12,37,0.04958797553144046,0.06087370731512651,0.030745693538540834,0.20726406711404022,0.9897798123726904,1.75,,,,,,,,,,False
150,E,SVR,12,37,3.7355017422830326,3.491795105542188,2.942921121641454,1.7141453727552314,0.5977437178876791,7.083333333333333,,,,,,,,,,False
150,E,XGBoost,12,37,3.8751993450576916,3.2432376588724763,3.0853181087160166,1.7913621146406087,0.3641670251967361,8.416666666666666,,,,,,,,,,False
150,F,CatBoost,15,38,0.3629695281579792,0.2091382733527854,0.39144331074703004,0.5522924802068143,0.19138531981621795,5.866666666666666,,,,,,,,,,False
150,F,FixedRidgeLambda1,15,38,0.12110310625975386,0.1104151355289358,0.059620100191554795,0.3385978683627903,0.19827538258072835,1.6666666666666667,,,,,,,,,,False
150,F,KNN,15,38,2.0272878361295907,0.2539331657553028,3.8822533864848805,0.9999080621038332,0.11734248176821124,7.333333333333333,,,,,,,,,,False
150,F,LightGBM,15,38,0.4726655125916594,0.469429121340737,0.155529792099554,0.6791279369169074,0.19363741543297094,8.2,,,,,,,,,,False
150,F,LinearRegression,15,38,0.12141766961347417,0.1121508610131551,0.056357599435844535,0.3397155105780652,0.19831562748162163,2.6666666666666665,,,,,,,,,,False
150,F,MLP,15,38,0.9206611970207932,0.8732875653423132,0.2884947490260079,0.9490029309432156,0.18681543075688742,9.466666666666667,,,,,,,,,,False
150,F,MODEL3-ICL-MC,15,38,0.21816949644481706,0.1687317574025028,0.19314043165023712,0.43548732748990954,0.19516139937074803,3.7333333333333334,200.0,5.0,,,,,,,,False
150,F,RandomForest,15,38,0.16529288798808942,0.1531144832297893,0.09226400374100857,0.39243885591221594,0.19707230849943377,3.2666666666666666,,,,,,,,,,False
150,F,Ridge,15,38,0.12110310625975386,0.1104151355289358,0.059620100191554795,0.3385978683627903,0.19827538258072835,1.6666666666666667,,,,,,,,,,False
150,F,SVR,15,38,1.9233719809862135,0.1698408219175354,3.7835944979427634,0.9175221804539301,0.11774537665423376,5.4,,,,,,,,,,False
150,F,XGBoost,15,38,0.4343327326054375,0.3922583985406074,0.17606255846817256,0.6474420924765785,0.19518134051899363,7.4,,,,,,,,,,False
151,B,CatBoost,3,38,0.1908075129745835,0.1776739340601202,0.038805878078699965,0.4353605711765061,0.0,6.0,,,,,,,,,,False
151,B,FixedRidgeLambda1,3,38,0.0712522411988928,0.075866403557729,0.013116983254804981,0.26613624830684385,0.0,1.3333333333333333,,,,,,,,,,False
151,B,KNN,3,38,0.17749515243042027,0.1943262883301418,0.04578317631000793,0.4187641739610604,0.0,5.666666666666667,,,,,,,,,,False
151,B,LightGBM,3,38,0.38180958356158196,0.3907115046006594,0.052552761679205647,0.6169092579668378,0.0,9.0,,,,,,,,,,False
151,B,LinearRegression,3,38,0.0722591069323398,0.0769667382623901,0.013379899099998248,0.2680003664899653,0.0,2.3333333333333335,,,,,,,,,,False
151,B,MLP,3,38,0.7911347790812832,0.7793702011296116,0.08726671176927235,0.888562225653645,0.0,10.0,,,,,,,,,,False
151,B,MODEL3-ICL-MC,3,38,0.09133207893699076,0.0874888134016831,0.0218715870553159,0.30078710386342283,0.0,2.3333333333333335,200.0,5.0,,,,,,,,False
151,B,RandomForest,3,38,0.18140456802982965,0.1861341597347849,0.01971441554286733,0.4254876082828101,0.0,6.0,,,,,,,,,,False
151,B,Ridge,3,38,0.0712522411988928,0.075866403557729,0.013116983254804981,0.26613624830684385,0.0,1.3333333333333333,,,,,,,,,,False
151,B,SVR,3,38,0.1525262359129522,0.158553534350679,0.010977535301985107,0.3903737146869191,0.0,4.333333333333333,,,,,,,,,,False
151,B,XGBoost,3,38,0.29246197614278274,0.2881295871896853,0.016297887217519628,0.5406588979347112,0.0,8.0,,,,,,,,,,False
151,C,CatBoost,3,38,1.1610269138077152,1.3050744586491192,0.29284181169928497,1.071256073657145,0.8305439720663204,4.0,,,,,,,,,,False
151,C,FixedRidgeLambda1,3,38,0.14883548219361054,0.1359742976981431,0.04649297967038696,0.3827557112431503,0.9780009873811437,1.6666666666666667,,,,,,,,,,False
151,C,KNN,3,38,2.7384330255888094,2.4561841771470503,0.6807939120486528,1.6466983522383913,0.5974816036677658,9.333333333333334,,,,,,,,,,False
151,C,LightGBM,3,38,1.631991684089508,1.8441744923800336,0.3771194530473709,1.2713171742618654,0.7611611435470721,6.666666666666667,,,,,,,,,,False
151,C,LinearRegression,3,38,0.1472928056073608,0.1361047640367374,0.04269923387901993,0.3811775095972349,0.9781958912510147,2.0,,,,,,,,,,False
151,C,MLP,3,38,1.9792045691765339,2.1033701354678898,0.572352421609927,1.3963005793325791,0.6929037105761641,7.666666666666667,,,,,,,,,,False
151,C,MODEL3-ICL-MC,3,38,0.21134097821274075,0.2311318974620343,0.1155480029949953,0.4459675531902101,0.9702705379372198,2.3333333333333335,200.0,5.0,,,,,,,,False
151,C,RandomForest,3,38,1.570373513988861,1.5995318860464465,0.6780457121394858,1.2321018924039746,0.7741259184357508,6.0,,,,,,,,,,False
151,C,Ridge,3,38,0.14883548219361054,0.1359742976981431,0.04649297967038696,0.3827557112431503,0.9780009873811437,1.6666666666666667,,,,,,,,,,False
151,C,SVR,3,38,1.6948629163243183,1.8492245908622595,0.6601119822936473,1.2833597113014779,0.7591084248036145,6.333333333333333,,,,,,,,,,False
151,C,XGBoost,3,38,2.269796618357648,2.4970511287066484,0.8636416745477551,1.4860866303200935,0.6738227392855913,9.0,,,,,,,,,,False
151,D,CatBoost,3,38,2.7590817432063672,2.4923051204431297,1.3224820819901475,1.6292868237026426,0.8608470719567268,5.0,,,,,,,,,,False
151,D,FixedRidgeLambda1,3,38,0.054412388276303826,0.0482385551182885,0.013785563613491982,0.2320798903228416,0.9968055964932648,1.0,,,,,,,,,,False
151,D,KNN,3,38,6.178260756818561,5.3368603283550415,2.2343198443645966,2.4599441387980203,0.6783904681307703,10.0,,,,,,,,,,False
151,D,LightGBM,3,38,3.2409572937237865,3.0714080968855577,1.426238910951039,1.7705578383611893,0.8353354800987073,6.0,,,,,,,,,,False
151,D,LinearRegression,3,38,0.0570355554465919,0.0501943322452515,0.01213199066205593,0.2379647438517194,0.9966660252393034,2.0,,,,,,,,,,False
151,D,MLP,3,38,0.6057941230131468,0.5446743210179799,0.20703745292734757,0.771027488550204,0.9655926984466024,4.0,,,,,,,,,,False
151,D,MODEL3-ICL-MC,3,38,0.1162031539402306,0.0937269337815465,0.04829854653361729,0.33631964745909587,0.9929238378678861,3.0,200.0,5.0,,,,,,,,False
151,D,RandomForest,3,38,4.563736661834934,4.345454293480774,1.204036704175986,2.124071780798735,0.7583149114187221,7.666666666666667,,,,,,,,,,False
151,D,Ridge,3,38,0.054412388276303826,0.0482385551182885,0.013785563613491982,0.2320798903228416,0.9968055964932648,1.0,,,,,,,,,,False
151,D,SVR,3,38,5.344226078500713,4.932768850761977,2.969712252248908,2.2497103073320477,0.7357508787142041,8.333333333333334,,,,,,,,,,False
151,D,XGBoost,3,38,4.691868357954334,4.47648916134398,0.4992532226575349,2.1640787518736735,0.7423027474792286,8.0,,,,,,,,,,False
151,F,CatBoost,9,38,0.14628064066966123,0.1543386940657087,0.03710409835779631,0.37966059573224903,-0.8668942819459109,4.555555555555555,,,,,,,,,,False
151,F,FixedRidgeLambda1,9,38,0.13137319381031654,0.1406215984089042,0.06770997164593519,0.3498947840844979,-1.4916281697088927,3.4444444444444446,,,,,,,,,,False
151,F,KNN,9,38,0.18148993123867363,0.1724834060520543,0.04378555097137258,0.4232171982667588,-1.56762295337053,5.777777777777778,,,,,,,,,,False
151,F,LightGBM,9,38,0.3862738877415774,0.3766444645293476,0.09752071045527323,0.617274594847208,-3.452732868485306,8.666666666666666,,,,,,,,,,False
151,F,LinearRegression,9,38,0.1336360004810887,0.1431673287860467,0.06906719102312378,0.3528230270851909,-1.5251696472564182,4.555555555555555,,,,,,,,,,False
151,F,MLP,9,38,0.567838873593042,0.5481063992069859,0.09303881898834418,0.751261373183665,-5.3594682399312825,10.0,,,,,,,,,,False
151,F,MODEL3-ICL-MC,9,38,0.14505212779529814,0.1330320530227297,0.05936368498197305,0.3744101921787516,-1.278516699983173,4.222222222222222,200.0,5.0,,,,,,,,False
151,F,RandomForest,9,38,0.10204955197037847,0.0949187093894832,0.02441078783857794,0.3175283985648123,-0.6904199140717604,2.4444444444444446,,,,,,,,,,False
151,F,Ridge,9,38,0.13137319381031654,0.1406215984089042,0.06770997164593519,0.3498947840844979,-1.4916281697088927,3.4444444444444446,,,,,,,,,,False
151,F,SVR,9,38,0.10618917460474742,0.1093209818495251,0.016896306224738127,0.3249377527251652,-0.674669541677338,3.111111111111111,,,,,,,,,,False
151,F,XGBoost,9,38,0.34983144558861395,0.331552641197414,0.10221818869026483,0.5862339524330517,-2.4246604604297883,8.222222222222221,,,,,,,,,,False
151,H,CatBoost,6,38,2.4359071021364973,1.9028072559410996,1.831044501044942,1.46082380830048,0.8520864175635251,5.5,,,,,,,,,,False
151,H,FixedRidgeLambda1,6,38,0.10566682052040731,0.0964586626305842,0.08193414291313886,0.3016831121472691,0.9934406916896584,1.5,,,,,,,,,,False
151,H,KNN,6,38,4.10111716984758,3.8219061709764537,2.5127152349507464,1.9406880933726554,0.7257047223102786,8.5,,,,,,,,,,False
151,H,LightGBM,6,38,2.6071385404947183,1.9444829003445907,1.9222549023212565,1.5219904180509138,0.8372129897132377,5.833333333333333,,,,,,,,,,False
151,H,LinearRegression,6,38,0.10888646869710732,0.10498569695549835,0.07773005528088753,0.3091026371138371,0.9927966008370022,1.8333333333333333,,,,,,,,,,False
151,H,MLP,6,38,0.83526477646684,0.6945260066868477,0.4460125025408498,0.8895167746630864,0.9363434907899001,4.0,,,,,,,,,,False
151,H,MODEL3-ICL-MC,6,38,0.16965849603050662,0.14543853996535624,0.14313352371015978,0.3760675517977275,0.9907419342783719,2.6666666666666665,200.0,5.0,,,,,,,,False
151,H,RandomForest,6,38,4.256582957580238,3.9118737805056516,3.3322398624399767,1.9072865836110304,0.7566905672712051,7.666666666666667,,,,,,,,,,False
151,H,Ridge,6,38,0.10566682052040731,0.0964586626305842,0.08193414291313886,0.3016831121472691,0.9934406916896584,1.5,,,,,,,,,,False
151,H,SVR,6,38,5.640366029780741,3.6269239291601125,5.57331516074086,2.109260962581413,0.7141183302119658,8.333333333333334,,,,,,,,,,False
151,H,XGBoost,6,38,5.020689957845649,4.6000253479499325,3.68628506099006,2.0944405280862117,0.7011214121808728,9.166666666666666,,,,,,,,,,False
152,A,CatBoost,6,38,0.9754593148842704,0.6557239541448132,0.6832941004444153,0.9394101949772654,0.7982144068269986,5.0,,,,,,,,,,False
152,A,FixedRidgeLambda1,6,38,0.11755983854864728,0.0887024251300357,0.05969619230392274,0.33429022049473084,0.9739697192077776,1.6666666666666667,,,,,,,,,,False
152,A,KNN,6,38,1.9068498407797005,1.335466046805719,1.2859832699143185,1.3179750131437125,0.6026019928482875,9.5,,,,,,,,,,False
152,A,LightGBM,6,38,1.231314546829734,1.0199986073743887,0.5694115476089608,1.0856085812940046,0.7223238226857743,7.333333333333333,,,,,,,,,,False
152,A,LinearRegression,6,38,0.11685160715921906,0.0884254706532953,0.0564665633935635,0.33412013006952085,0.9738980974844211,1.6666666666666667,,,,,,,,,,False
152,A,MLP,6,38,0.7742462854452682,0.8204779210216497,0.31136333574987907,0.8641522855509889,0.8187414702404682,5.333333333333333,,,,,,,,,,False
152,A,MODEL3-ICL-MC,6,38,0.15108566015179087,0.1342075205584807,0.07907026807980191,0.3776649747802045,0.9665906262867913,2.6666666666666665,200.0,5.0,,,,,,,,False
152,A,RandomForest,6,38,1.3383420316239711,1.0616280824333615,0.8535864792110142,1.1068894174698254,0.7164977737281855,7.0,,,,,,,,,,False
152,A,Ridge,6,38,0.11755983854864728,0.0887024251300357,0.05969619230392274,0.33429022049473084,0.9739697192077776,1.6666666666666667,,,,,,,,,,False
152,A,SVR,6,38,1.5129884072308573,0.6106473229663001,1.543017185049973,1.1127765415720108,0.712433589046998,6.666666666666667,,,,,,,,,,False
152,A,XGBoost,6,38,1.4981779623712193,1.3194426933409862,0.7309576336858763,1.1935035934612832,0.6638969740147428,8.166666666666666,,,,,,,,,,False
152,B,CatBoost,6,38,1.096624651642281,0.532126754834215,1.1034131835430285,0.9405748801812678,0.7982528984274033,5.166666666666667,,,,,,,,,,False
152,B,FixedRidgeLambda1,6,38,0.039845952880647205,0.037749418857398756,0.010891105097919906,0.19809254081058625,0.9808350708071552,1.5,,,,,,,,,,False
152,B,KNN,6,38,4.7472502080253,3.8542549896911438,4.823685066910328,1.8649702601059033,0.5011720566372886,9.833333333333334,,,,,,,,,,False
152,B,LightGBM,6,38,1.364762347868852,1.193325524370818,1.065722984298716,1.0820092657849933,0.7219480082283463,7.166666666666667,,,,,,,,,,False
152,B,LinearRegression,6,38,0.03900131355220845,0.038512225640078404,0.011925635276170026,0.19564272464654517,0.9804718882154733,1.6666666666666667,,,,,,,,,,False
152,B,MLP,6,38,0.5480488256365352,0.5545528383811109,0.12336923319314058,0.7361513485660006,0.7258995988004998,6.5,,,,,,,,,,False
152,B,MODEL3-ICL-MC,6,38,0.07799153027112317,0.07760198410556225,0.03939262377394142,0.2709011384750801,0.9591306316292144,2.8333333333333335,200.0,5.0,,,,,,,,False
152,B,RandomForest,6,38,1.2067558100772,1.0740116134176212,1.0592380448488394,0.984726254912823,0.8195080952358169,5.333333333333333,,,,,,,,,,False
152,B,Ridge,6,38,0.039845952880647205,0.037749418857398756,0.010891105097919906,0.19809254081058625,0.9808350708071552,1.5,,,,,,,,,,False
152,B,SVR,6,38,3.770358397231416,3.1020291961794917,3.9069535399455733,1.6373779699855706,0.6479525781240613,7.5,,,,,,,,,,False
152,B,XGBoost,6,38,1.5720495808626858,1.4118362017426977,1.2962127552683904,1.1450145296872194,0.7266992921115452,7.5,,,,,,,,,,False
152,C,CatBoost,3,38,4.228763803998819,4.683411930150808,1.0401986773264988,2.0451153413657184,0.7818468944277749,6.333333333333333,,,,,,,,,,False
152,C,FixedRidgeLambda1,3,38,0.1596725202211754,0.1897825098747009,0.056388276735893195,0.39479876858196866,0.9912832956635264,1.0,,,,,,,,,,False
152,C,KNN,3,38,6.23314244122971,6.164557723397774,0.37658977411510774,2.4958719761985626,0.6702752228075691,8.0,,,,,,,,,,False
152,C,LightGBM,3,38,3.739923164881535,3.5768711264633963,0.5976205743862011,1.9298666188406672,0.8036276182020613,6.0,,,,,,,,,,False
152,C,LinearRegression,3,38,0.16406829550412844,0.19624362045537,0.059774852925655604,0.39985039285631646,0.9910613296890552,2.0,,,,,,,,,,False
152,C,MLP,3,38,1.672027565755566,1.513157749706846,0.8634940440467749,1.2639763482678268,0.9113969191006907,4.0,,,,,,,,,,False
152,C,MODEL3-ICL-MC,3,38,0.38673445933424827,0.4434122496154273,0.119527204137611,0.6163183251440726,0.9790472343161801,3.0,200.0,5.0,,,,,,,,False
152,C,RandomForest,3,38,6.745161675563327,7.194749249411158,0.9552335446006809,2.5926053269620932,0.6474958425249672,8.666666666666666,,,,,,,,,,False
152,C,Ridge,3,38,0.1596725202211754,0.1897825098747009,0.056388276735893195,0.39479876858196866,0.9912832956635264,1.0,,,,,,,,,,False
152,C,SVR,3,38,4.55560353635422,3.610896201883844,2.3373988715312097,2.0905120878203465,0.7685221186820402,6.0,,,,,,,,,,False
152,C,XGBoost,3,38,8.972575851966022,8.824334799490808,1.4416149242390712,2.989009839657404,0.531021131981781,10.0,,,,,,,,,,False
152,D,CatBoost,3,38,1.8762293057546764,1.8948487533123612,0.1838812460677732,1.3686473684459208,0.8057989856687033,5.666666666666667,,,,,,,,,,False
152,D,FixedRidgeLambda1,3,38,0.0724091777916905,0.08935641305107,0.034418275401949104,0.26279102091928513,0.9922451216003515,1.3333333333333333,,,,,,,,,,False
152,D,KNN,3,38,4.335422688629317,4.3464733493691865,0.8395220876636231,2.07557089380743,0.5480314079338134,10.0,,,,,,,,,,False
152,D,LightGBM,3,38,1.7746817134179693,1.8485567786702728,0.296760847164268,1.3289472209610957,0.8167886604340708,5.666666666666667,,,,,,,,,,False
152,D,LinearRegression,3,38,0.08187181129403841,0.1004199544834088,0.038551458656087514,0.2795884436493143,0.9912334770910114,2.3333333333333335,,,,,,,,,,False
152,D,MLP,3,38,0.6351128777875891,0.4883553580278096,0.3850368725972421,0.7738569174347866,0.9330789350837966,4.0,,,,,,,,,,False
152,D,MODEL3-ICL-MC,3,38,0.11242333599965848,0.0867564858292524,0.08712291028151645,0.31825973201559205,0.9880599819424106,2.3333333333333335,200.0,5.0,,,,,,,,False
152,D,RandomForest,3,38,2.6191065408298173,2.691890694601879,0.6421631895997804,1.609926120310918,0.7307689504022935,7.666666666666667,,,,,,,,,,False
152,D,Ridge,3,38,0.0724091777916905,0.08935641305107,0.034418275401949104,0.26279102091928513,0.9922451216003515,1.3333333333333333,,,,,,,,,,False
152,D,SVR,3,38,2.522858850516584,2.3972065519989947,0.32087088046853746,1.5862674623377877,0.7373193941796291,7.333333333333333,,,,,,,,,,False
152,D,XGBoost,3,38,3.503033128216447,3.256451809795312,0.4754068666028092,1.868862139459292,0.6336662676758427,8.666666666666666,,,,,,,,,,False
152,G,CatBoost,3,38,8.83489940085357,6.059902321546847,6.3356028267748385,2.8534553340328226,-2.3774163486674276,2.6666666666666665,,,,,,,,,,False
152,G,FixedRidgeLambda1,3,38,16.78456888695335,18.253811279227588,3.934856918498943,4.076695992633555,-5.21346373191102,4.333333333333333,,,,,,,,,,False
152,G,KNN,3,38,225.7328600894085,250.51822800457705,106.01143338216248,14.700677880001898,-85.01102175405732,8.666666666666666,,,,,,,,,,False
152,G,LightGBM,3,38,40.149684128016844,39.96551424420796,11.548914397512695,6.291666757346564,-13.531203403601753,7.0,,,,,,,,,,False
152,G,LinearRegression,3,38,17.058754932630745,18.572872827366577,4.000962379522142,4.109829146575483,-5.31551019800633,5.333333333333333,,,,,,,,,,False
152,G,MLP,3,38,914.646551168265,822.684038766471,268.7009920400981,30.034887287090996,-333.8703010882652,9.666666666666666,,,,,,,,,,False
152,G,MODEL3-ICL-MC,3,38,37.76363042748266,23.999092807755368,24.182309209501746,5.954051812943394,-13.491432538021684,6.666666666666667,200.0,5.0,,,,,,,,False
152,G,RandomForest,3,38,49.83658589511419,9.84639980747196,71.82366051226045,5.762781802386857,-19.656236980762763,5.0,,,,,,,,,,False
152,G,Ridge,3,38,16.78456888695335,18.253811279227588,3.934856918498943,4.076695992633555,-5.21346373191102,4.333333333333333,,,,,,,,,,False
152,G,SVR,3,38,0.5717975327103993,0.3835792347862626,0.34650289564596404,0.7350628616977363,0.8149188308271119,1.0,,,,,,,,,,False
152,G,XGBoost,3,38,394.4126105058596,4.167189181875932,676.749626097137,12.708393653480295,-167.35012618873725,4.666666666666667,,,,,,,,,,False
152,H,CatBoost,6,38,2.3851701273219157,2.1448950840254533,0.982803383341744,1.5172582402377268,0.8418227884145315,5.333333333333333,,,,,,,,,,False
152,H,FixedRidgeLambda1,6,38,0.09522820761703467,0.1026754633960306,0.029810015279615357,0.304970831087086,0.9934791407753759,1.6666666666666667,,,,,,,,,,False
152,H,KNN,6,38,4.374132646930741,4.556532985067493,1.3253741963615069,2.0714097778298775,0.7021116254191012,9.166666666666666,,,,,,,,,,False
152,H,LightGBM,6,38,2.5311653170263595,2.5625043481093375,0.33252729446842616,1.5880756224333823,0.8310819589294455,5.666666666666667,,,,,,,,,,False
152,H,LinearRegression,6,38,0.09669451997938648,0.1011048018285135,0.03185226799937143,0.30678235012807137,0.9934362354456917,1.5,,,,,,,,,,False
152,H,MLP,6,38,0.6865333113745473,0.5902449572777467,0.31068461846532286,0.8110068332728654,0.952284679506191,4.0,,,,,,,,,,False
152,H,MODEL3-ICL-MC,6,38,0.1751150219235953,0.1732700517718439,0.04383119240232121,0.41565001386280126,0.988576579342262,2.8333333333333335,200.0,5.0,,,,,,,,False
152,H,RandomForest,6,38,3.3537196919910977,3.0851458857634695,0.7870184596022627,1.821255085958006,0.7761533450797818,7.666666666666667,,,,,,,,,,False
152,H,Ridge,6,38,0.09522820761703467,0.1026754633960306,0.029810015279615357,0.304970831087086,0.9934791407753759,1.6666666666666667,,,,,,,,,,False
152,H,SVR,6,38,4.172407679379254,4.691175563418916,1.4244267553167396,2.014291994687484,0.7297164056858194,8.5,,,,,,,,,,False
152,H,XGBoost,6,38,4.2140128834172605,3.9875221208745906,1.0737847815604031,2.040262670408805,0.7142490099320634,8.666666666666666,,,,,,,,,,False
153,B,CatBoost,3,38,2.0958921678881843,2.195346015129899,1.018952840649782,1.415562803070145,0.8776598392269421,5.666666666666667,,,,,,,,,,False
153,B,FixedRidgeLambda1,3,38,0.09395893987729291,0.0958750694044707,0.04480064360276451,0.3001424566728807,0.994649401715377,1.6666666666666667,,,,,,,,,,False
153,B,KNN,3,38,6.5446371139778305,6.555200958162326,0.7675581099416281,2.555300225608299,0.6191013526978617,10.0,,,,,,,,,,False
153,B,LightGBM,3,38,2.0536402390092996,2.311173195556945,0.4994443672443526,1.4253439524306195,0.8796764285665738,5.666666666666667,,,,,,,,,,False
153,B,LinearRegression,3,38,0.090123505411052,0.0858940813537878,0.04398207603909213,0.2939901667833064,0.9948633388773374,1.3333333333333333,,,,,,,,,,False
153,B,MLP,3,38,0.6976056739071739,0.7013221217091051,0.03437854258949971,0.8350580844099523,0.9595014719037475,4.0,,,,,,,,,,False
153,B,MODEL3-ICL-MC,3,38,0.19323593798222305,0.1919783126537192,0.0043707648478650265,0.43956743803688353,0.988760446549165,3.0,200.0,5.0,,,,,,,,False
153,B,RandomForest,3,38,2.96328709597146,2.8232242926370423,1.063276585793356,1.7028623059276748,0.8247688115005003,7.333333333333333,,,,,,,,,,False
153,B,Ridge,3,38,0.09395893987729291,0.0958750694044707,0.04480064360276451,0.3001424566728807,0.994649401715377,1.6666666666666667,,,,,,,,,,False
153,B,SVR,3,38,4.265025113956097,3.5665793948947933,1.599480066076872,2.0425056637254855,0.7533511687020747,8.333333333333334,,,,,,,,,,False
153,B,XGBoost,3,38,3.036119702366197,3.2758188296973656,0.761740612287868,1.7326082741740902,0.8217729908281703,8.0,,,,,,,,,,False
153,C,CatBoost,6,38,2.152515340461218,2.1746390133109896,0.398288453125527,1.4618190568061618,0.7711684964285891,5.666666666666667,,,,,,,,,,False
153,C,FixedRidgeLambda1,6,38,0.2669807714498139,0.28189353415700247,0.11066911673673946,0.506925659705419,0.9704773565148178,1.3333333333333333,,,,,,,,,,False
153,C,KNN,6,38,3.4938363719137278,3.449327716376236,0.6779059876905333,1.861956315891356,0.6240501764451796,9.0,,,,,,,,,,False
153,C,LightGBM,6,38,2.13783231535091,1.8733076958955244,1.091891191263794,1.4258996934491701,0.7712500236553117,5.5,,,,,,,,,,False
153,C,LinearRegression,6,38,0.27514721790961344,0.2896372559165352,0.11492247522052215,0.514596161014108,0.9696014754017147,2.3333333333333335,,,,,,,,,,False
153,C,MLP,6,38,1.9685433378246593,1.932053280716806,0.47701749046907943,1.3945543747698224,0.7865120933720623,4.833333333333333,,,,,,,,,,False
153,C,MODEL3-ICL-MC,6,38,0.33521932426375917,0.3161642356623203,0.1693073759648515,0.5625326658284862,0.9629640255418291,2.3333333333333335,200.0,5.0,,,,,,,,False
153,C,RandomForest,6,38,3.1356047109359273,2.90636775674355,0.591785370198145,1.7645692043724734,0.6675539012413032,8.0,,,,,,,,,,False
153,C,Ridge,6,38,0.2669807714498139,0.28189353415700247,0.11066911673673946,0.506925659705419,0.9704773565148178,1.3333333333333333,,,,,,,,,,False
153,C,SVR,6,38,2.584311370068232,2.3853278578816624,0.5836934886138174,1.5999482173028614,0.7201968112363112,6.833333333333333,,,,,,,,,,False
153,C,XGBoost,6,38,3.4816299854786563,3.33087535470294,0.49113108876115397,1.8621489739507593,0.6295211576912273,9.166666666666666,,,,,,,,,,False
153,E,CatBoost,9,38,3.558341591741249,2.4651774672489446,2.206949716974301,1.799297491323955,0.7682714029561235,5.222222222222222,,,,,,,,,,False
153,E,FixedRidgeLambda1,9,38,0.10096481646011436,0.1100763576299804,0.029023601250078954,0.3146709193667686,0.991275733642246,1.7777777777777777,,,,,,,,,,False
153,E,KNN,9,38,5.745638522371346,5.12707839115779,3.4600363284405753,2.28778722745253,0.6271020327545455,8.444444444444445,,,,,,,,,,False
153,E,LightGBM,9,38,3.9247627179522135,3.728715404660438,1.6727216573192,1.9356640799876574,0.7195433848864182,6.666666666666667,,,,,,,,,,False
153,E,LinearRegression,9,38,0.09919855003503396,0.0984065704944246,0.03339519149658598,0.31084503596249224,0.9912685976057192,1.5555555555555556,,,,,,,,,,False
153,E,MLP,9,38,0.9002280291797532,0.8762269155611064,0.19230696060285,0.9442107165854501,0.9212976582176338,4.111111111111111,,,,,,,,,,False
153,E,MODEL3-ICL-MC,9,38,0.17025634877626547,0.1790288113898446,0.07332058801893013,0.4039536923845714,0.9855667189421283,2.6666666666666665,200.0,5.0,,,,,,,,False
153,E,RandomForest,9,38,4.86496985632988,3.627547391745801,2.872094948657305,2.1133942727694848,0.6783781884734466,7.777777777777778,,,,,,,,,,False
153,E,Ridge,9,38,0.10096481646011436,0.1100763576299804,0.029023601250078954,0.3146709193667686,0.991275733642246,1.7777777777777777,,,,,,,,,,False
153,E,SVR,9,38,5.739869878962371,4.296518232719945,3.5316944227400535,2.285361886825568,0.6235987026249634,8.555555555555555,,,,,,,,,,False
153,E,XGBoost,9,38,4.901462592570504,4.312900472048435,2.097853317478381,2.164623606690153,0.6493080989028661,8.222222222222221,,,,,,,,,,False
153,F,CatBoost,3,38,0.14977030519543924,0.1503150540309318,0.025985959600737213,0.3860188362771235,0.0,6.0,,,,,,,,,,False
153,F,FixedRidgeLambda1,3,38,0.07362512325462646,0.075646841612257,0.017783021430733938,0.2699675138744613,0.0,1.0,,,,,,,,,,False
153,F,KNN,3,38,0.1675601251423575,0.1695543780404749,0.01442392064879566,0.40908550140369515,0.0,6.0,,,,,,,,,,False
153,F,LightGBM,3,38,0.4199376185381806,0.4394978546076412,0.10417095745630632,0.6445194519338033,0.0,8.666666666666666,,,,,,,,,,False
153,F,LinearRegression,3,38,0.07474696717715677,0.0768642867059366,0.018158867623661375,0.2719992077175763,0.0,2.0,,,,,,,,,,False
153,F,MLP,3,38,0.6453246011323803,0.5782266682617513,0.1443591055170024,0.8001295083099742,0.0,10.0,,,,,,,,,,False
153,F,MODEL3-ICL-MC,3,38,0.11506000631355824,0.103649060313312,0.03551588516910384,0.3366198513873478,0.0,4.333333333333333,200.0,5.0,,,,,,,,False
153,F,RandomForest,3,38,0.09776268478552026,0.081960312144437,0.04145684737749057,0.3082482685982463,0.0,3.0,,,,,,,,,,False
153,F,Ridge,3,38,0.07362512325462646,0.075646841612257,0.017783021430733938,0.2699675138744613,0.0,1.0,,,,,,,,,,False
153,F,SVR,3,38,0.1446660304582197,0.1574346926150677,0.025180211196936905,0.37933205969114225,0.0,5.666666666666667,,,,,,,,,,False
153,F,XGBoost,3,38,0.3321632977031613,0.3661296126654214,0.074678270741259,0.573715522908865,0.0,8.333333333333334,,,,,,,,,,False
153,G,CatBoost,6,38,9.834130549879566,7.997907881386493,6.038577695012029,3.0174620513671666,-0.4661268862858012,3.1666666666666665,,,,,,,,,,False
153,G,FixedRidgeLambda1,6,38,13.518683634352692,12.183316197419122,9.499712947610664,3.46236259955405,-0.6595941010579022,3.0,,,,,,,,,,False
153,G,KNN,6,38,23.64980180908067,25.477571375374367,13.600250629663195,4.652287952477333,-2.5270426224185796,6.166666666666667,,,,,,,,,,False
153,G,LightGBM,6,38,37.1363532199103,31.679778238836555,26.866109012632084,5.764276428840701,-3.769977422764173,7.666666666666667,,,,,,,,,,False
153,G,LinearRegression,6,38,13.720808570243284,12.431643644055983,9.57130243836062,3.4914150728001516,-0.689484951944851,4.166666666666667,,,,,,,,,,False
153,G,MLP,6,38,113.41883467214628,89.52650843035201,94.70637988925239,9.94674674691074,-18.59444898844318,9.666666666666666,,,,,,,,,,False
153,G,MODEL3-ICL-MC,6,38,24.558014630799633,22.409675060044712,15.154092523591356,4.730023768110253,-2.318184992945229,6.0,200.0,5.0,,,,,,,,False
153,G,RandomForest,6,38,16.332718448544366,11.817498686759652,11.195201400734367,3.8474546223719623,-1.3140117958040347,5.833333333333333,,,,,,,,,,False
153,G,Ridge,6,38,13.518683634352692,12.183316197419122,9.499712947610664,3.46236259955405,-0.6595941010579022,3.0,,,,,,,,,,False
153,G,SVR,6,38,5.0254526168800515,3.6075542577713584,4.536865915754572,2.020571316259876,0.6308872258165954,1.8333333333333333,,,,,,,,,,False
153,G,XGBoost,6,38,157.19382379920415,56.78463517106067,253.52202984715342,9.646977328945283,-9.864644845166463,7.5,,,,,,,,,,False
153,H,CatBoost,6,38,1.7156555490109697,1.1049239026225333,1.360783752566286,1.2359641919287156,0.8638350272631338,5.666666666666667,,,,,,,,,,False
153,H,FixedRidgeLambda1,6,38,0.09604233245653528,0.08925465987305894,0.06438768163110041,0.29223610648192094,0.9928251113592387,2.0,,,,,,,,,,False
153,H,KNN,6,38,3.9901447879578797,2.547608383026257,3.467153298492782,1.8310044587838803,0.7371102030383937,9.333333333333334,,,,,,,,,,False
153,H,LightGBM,6,38,1.5887480139401202,0.9048114927569988,1.4123741277628892,1.1733771957760268,0.874845682327038,5.0,,,,,,,,,,False
153,H,LinearRegression,6,38,0.09399630050065222,0.0889103114405724,0.06308790126168658,0.2886528945437032,0.9930106635505656,1.3333333333333333,,,,,,,,,,False
153,H,MLP,6,38,1.1430791188472853,0.9755707820626269,0.43896546559673155,1.0559014444904926,0.8835824727625865,5.5,,,,,,,,,,False
153,H,MODEL3-ICL-MC,6,38,0.1664019700459526,0.13749123251285972,0.1213038840117835,0.38258320301979304,0.9881539125303508,2.6666666666666665,200.0,5.0,,,,,,,,False
153,H,RandomForest,6,38,2.111009638392558,1.5312419145758114,1.4006150571736138,1.3914098121896428,0.8306314472132664,7.5,,,,,,,,,,False
153,H,Ridge,6,38,0.09604233245653528,0.08925465987305894,0.06438768163110041,0.29223610648192094,0.9928251113592387,2.0,,,,,,,,,,False
153,H,SVR,6,38,4.051435994402891,2.2963321196488264,4.128480064240125,1.7825949479904086,0.7581780075511516,7.5,,,,,,,,,,False
153,H,XGBoost,6,38,2.4843354593480536,1.9154289315288104,1.766239680036647,1.5023735174982462,0.8041382918240491,8.5,,,,,,,,,,False
154,A,CatBoost,3,38,1.0339153566803587,1.049566629061664,0.20485385917926446,1.0134095100298148,0.8623968703379371,4.666666666666667,,,,,,,,,,False
154,A,FixedRidgeLambda1,3,38,0.08774958155443258,0.0935663437207188,0.018674022407699897,0.29503942923176546,0.9883395437733826,1.6666666666666667,,,,,,,,,,False
154,A,KNN,3,38,2.3993919433763407,2.1623257689030275,0.801295853558169,1.5351240665804964,0.6832195530327797,10.0,,,,,,,,,,False
154,A,LightGBM,3,38,1.3269673780800046,1.1148672800001531,0.4177754059857421,1.1430239220398823,0.8236885354739861,6.666666666666667,,,,,,,,,,False
154,A,LinearRegression,3,38,0.08857561077375103,0.0897226082683873,0.019462964693404586,0.2963885200525611,0.9882103028434237,2.3333333333333335,,,,,,,,,,False
154,A,MLP,3,38,0.7048725910851741,0.6709844731771591,0.12557911898722843,0.8373997867571346,0.9026126517741268,4.333333333333333,,,,,,,,,,False
154,A,MODEL3-ICL-MC,3,38,0.08275171134832217,0.0724784525101768,0.019363878099511518,0.28642155983143164,0.9888675299552228,2.0,200.0,5.0,,,,,,,,False
154,A,RandomForest,3,38,1.4335484857562755,1.2852176083040951,0.5551235354382478,1.1827911790979726,0.811720754152281,7.0,,,,,,,,,,False
154,A,Ridge,3,38,0.08774958155443258,0.0935663437207188,0.018674022407699897,0.29503942923176546,0.9883395437733826,1.6666666666666667,,,,,,,,,,False
154,A,SVR,3,38,1.6728045222406376,1.6594965713251677,0.07191498173480813,1.293171279435692,0.7736097305129817,7.666666666666667,,,,,,,,,,False
154,A,XGBoost,3,38,2.1177770144474906,1.809237694903464,0.8237582160278971,1.4378932478787583,0.7211496266692801,8.666666666666666,,,,,,,,,,False
154,B,CatBoost,12,38,2.9768000822788068,1.1117081250935354,3.8174827492517283,1.3989868815277218,-0.8714444140104337,6.166666666666667,,,,,,,,,,False
154,B,FixedRidgeLambda1,12,38,0.11498973398422775,0.11377081223535884,0.05053463144001388,0.33167608485185396,0.2576899661787327,1.6666666666666667,,,,,,,,,,False
154,B,KNN,12,38,9.986299469121871,5.467441148870777,11.645441194319126,2.5902592745758106,-2.379352151786204,9.25,,,,,,,,,,False
154,B,LightGBM,12,38,2.8315483482402524,1.191261572558853,3.2206607011992214,1.4316917906256617,-2.5838189402733485,6.916666666666667,,,,,,,,,,False
154,B,LinearRegression,12,38,0.11559788035192604,0.112049336343351,0.048673712696353705,0.3328285342382819,0.24632338479814356,1.9166666666666667,,,,,,,,,,False
154,B,MLP,12,38,0.7516632233600508,0.8258340033998848,0.2090419218732341,0.8584189006791739,-6.989177595550216,5.916666666666667,,,,,,,,,,False
154,B,MODEL3-ICL-MC,12,38,0.15783357896444594,0.1774988726883048,0.0760385903242459,0.38554870531127733,0.1316707091174735,2.75,200.0,5.0,,,,,,,,False
154,B,RandomForest,12,38,3.734363889862362,0.7297352378459006,5.6956125527894095,1.4290109900762868,-0.08242220437505844,5.083333333333333,,,,,,,,,,False
154,B,Ridge,12,38,0.11498973398422775,0.11377081223535884,0.05053463144001388,0.33167608485185396,0.2576899661787327,1.6666666666666667,,,,,,,,,,False
154,B,SVR,12,38,9.421300809147569,4.116488143621397,12.322989535128759,2.3973610107023,-0.8221204458576388,8.166666666666666,,,,,,,,,,False
154,B,XGBoost,12,38,3.671296086315776,1.0845421248608695,4.949651845062394,1.550265280362228,-2.50816261972616,7.166666666666667,,,,,,,,,,False
154,C,CatBoost,6,38,1.154337030291036,1.1113496409551624,0.4207647272083039,1.0586635014397585,0.6171199419127583,5.666666666666667,,,,,,,,,,False
154,C,FixedRidgeLambda1,6,38,0.2075949844414291,0.19199958338132875,0.06693547945396644,0.45098259329874724,0.9270329455224274,1.3333333333333333,,,,,,,,,,False
154,C,KNN,6,38,1.5121296136339926,1.4223581723639638,0.9839563014345801,1.1673957447948717,0.5867489199509518,6.833333333333333,,,,,,,,,,False
154,C,LightGBM,6,38,1.6695895457430858,1.6723405173093449,0.7940840363913403,1.2597914494706859,0.4935849656816044,8.0,,,,,,,,,,False
154,C,LinearRegression,6,38,0.20946362538697746,0.194840679669391,0.06754951282193804,0.4529568117540073,0.926639488768283,2.0,,,,,,,,,,False
154,C,MLP,6,38,1.9760820849467953,2.0859768897201776,0.6944351729004672,1.385760692082723,0.3001236852423411,8.5,,,,,,,,,,False
154,C,MODEL3-ICL-MC,6,38,0.33667972013494163,0.2693727937693408,0.17031390077143146,0.5666788870608469,0.8874286160336239,2.6666666666666665,200.0,5.0,,,,,,,,False
154,C,RandomForest,6,38,1.2600794449600061,1.2035839009253173,0.8935413113259895,1.054575228989602,0.678615880427865,5.833333333333333,,,,,,,,,,False
154,C,Ridge,6,38,0.2075949844414291,0.19199958338132875,0.06693547945396644,0.45098259329874724,0.9270329455224274,1.3333333333333333,,,,,,,,,,False
154,C,SVR,6,38,0.874362413366483,0.6927768065431523,0.6571498786810313,0.879495904664156,0.7754115995937395,4.666666666666667,,,,,,,,,,False
154,C,XGBoost,6,38,2.0803879067217435,2.224671774240095,1.0634772292961865,1.396735749257002,0.3840407667457341,9.5,,,,,,,,,,False
154,E,CatBoost,6,39,3.1340395816887323,3.0897025141122345,2.694887377883499,1.592731316851192,0.7788999673476851,5.166666666666667,,,,,,,,,,False
154,E,FixedRidgeLambda1,6,39,0.06393407605439778,0.0678867962766985,0.03500089036202169,0.24384455646788794,0.9895486096231005,2.0,,,,,,,,,,False
154,E,KNN,6,39,4.639175855319429,4.370349693220611,3.99262009021433,1.9404987741010065,0.6698581315545891,8.166666666666666,,,,,,,,,,False
154,E,LightGBM,6,39,3.8996838938435183,3.6223065471526437,3.2031274276794837,1.8011295586732354,0.7046904118442324,7.0,,,,,,,,,,False
154,E,LinearRegression,6,39,0.060020435237036464,0.06365664714486555,0.034470375676185404,0.23513658836303916,0.9898316152658101,1.0,,,,,,,,,,False
154,E,MLP,6,39,0.7040880737115427,0.7594110402563239,0.16803225811417483,0.8337600847077901,0.8943771326196428,4.5,,,,,,,,,,False
154,E,MODEL3-ICL-MC,6,39,0.15730843932428737,0.13372714741923086,0.09902941006562294,0.3829261347059701,0.9790802667614105,3.0,200.0,5.0,,,,,,,,False
154,E,RandomForest,6,39,4.811914222799365,4.391751894455817,4.298513056818773,1.95520272087945,0.6699733242735303,8.0,,,,,,,,,,False
154,E,Ridge,6,39,0.06393407605439778,0.0678867962766985,0.03500089036202169,0.24384455646788794,0.9895486096231005,2.0,,,,,,,,,,False
154,E,SVR,6,39,4.439290330546,4.410197279841187,4.098843830337554,1.8408437727898457,0.7216247046849733,7.0,,,,,,,,,,False
154,E,XGBoost,6,39,5.027803923547709,4.5290534075870665,4.187628983957517,2.045037843091021,0.6165923768557965,9.166666666666666,,,,,,,,,,False
154,F,CatBoost,3,38,0.16572179117267077,0.1361548952498015,0.07463116330380327,0.4006229666185805,0.0,6.333333333333333,,,,,,,,,,False
154,F,FixedRidgeLambda1,3,38,0.0628932877908045,0.0477320412931686,0.04426317574478834,0.24072968718064405,0.0,1.3333333333333333,,,,,,,,,,False
154,F,KNN,3,38,0.19918152752517568,0.215617453140525,0.05609558433277368,0.44309378830148044,0.0,6.666666666666667,,,,,,,,,,False
154,F,LightGBM,3,38,0.4053444142888449,0.3458333907958749,0.11774335725911085,0.6324564059972936,0.0,9.0,,,,,,,,,,False
154,F,LinearRegression,3,38,0.06366181812976424,0.0482428762159852,0.04492305173393761,0.24214279092519297,0.0,2.3333333333333335,,,,,,,,,,False
154,F,MLP,3,38,0.7650572113810753,0.5656674244159897,0.4769238467838177,0.848193532480476,0.0,10.0,,,,,,,,,,False
154,F,MODEL3-ICL-MC,3,38,0.0603976793237759,0.0545809290164145,0.010413945368437597,0.24517569422606697,0.0,2.3333333333333335,200.0,5.0,,,,,,,,False
154,F,RandomForest,3,38,0.12697376330480428,0.0926988603690504,0.0635641765140388,0.34950668091799025,0.0,4.0,,,,,,,,,,False
154,F,Ridge,3,38,0.0628932877908045,0.0477320412931686,0.04426317574478834,0.24072968718064405,0.0,1.3333333333333333,,,,,,,,,,False
154,F,SVR,3,38,0.14544661669930256,0.1342673343252244,0.053704260478034324,0.3771073682728438,0.0,5.0,,,,,,,,,,False
154,F,XGBoost,3,38,0.3518568120481859,0.3446306683843631,0.09864192847852041,0.589253744594242,0.0,8.0,,,,,,,,,,False
154,G,CatBoost,6,39,194.450156613983,9.581826243762713,453.1621345211987,8.053435524431155,-15.820261122796694,4.666666666666667,,,,,,,,,,False
154,G,FixedRidgeLambda1,6,39,416.7446587474237,333.93876311284254,463.56309155750944,15.198836091431708,-37.529763316286804,4.333333333333333,,,,,,,,,,False
154,G,KNN,6,39,15.706834254448987,14.156881236032133,8.66160561159613,3.8142807630705335,-1.1102141618430703,4.0,,,,,,,,,,False
154,G,LightGBM,6,39,426.3745199739721,156.8406561661308,546.7939672029532,16.062500015307005,-41.5013012299959,7.333333333333333,,,,,,,,,,False
154,G,LinearRegression,6,39,423.17044786770674,338.93189351837117,470.776075282159,15.314313181402872,-38.121259026177405,5.333333333333333,,,,,,,,,,False
154,G,MLP,6,39,1432.7262043621413,1084.9492610325012,1705.2858484428762,29.05193127015603,-133.59512020867734,9.0,,,,,,,,,,False
154,G,MODEL3-ICL-MC,6,39,587.7547480798493,348.5884682144653,828.5427205463898,17.24089062596402,-52.56946024881763,4.666666666666667,200.0,5.0,,,,,,,,False
154,G,RandomForest,6,39,2053.808717656998,18.754443809242034,4991.466063845973,21.705887792828687,-167.89996368972365,6.333333333333333,,,,,,,,,,False
154,G,Ridge,6,39,416.7446587474237,333.93876311284254,463.56309155750944,15.198836091431708,-37.529763316286804,4.333333333333333,,,,,,,,,,False
154,G,SVR,6,39,2.139950261320642,2.0331521274871696,0.9471225997982347,1.4336437775144573,0.6966697356915991,1.1666666666666667,,,,,,,,,,False
154,G,XGBoost,6,39,6092.064926893519,60.584871652002306,14781.157265053349,37.86942597308405,-502.2147808907389,8.166666666666666,,,,,,,,,,False
154,H,CatBoost,6,39,3.047905855600968,3.090373348854917,0.7948811767373658,1.7331328356374194,0.7765862750150693,6.166666666666667,,,,,,,,,,False
154,H,FixedRidgeLambda1,6,39,0.10539684375437841,0.0992527032947897,0.02432025531584236,0.32290693898887546,0.991892314928425,2.0,,,,,,,,,,False
154,H,KNN,6,39,4.8302243110654945,4.535110136347259,1.5239877672688387,2.176071339227887,0.649076622291407,9.166666666666666,,,,,,,,,,False
154,H,LightGBM,6,39,2.627205592304834,2.2762578939588094,0.8565877219104857,1.6048093753289807,0.8084621341336797,5.333333333333333,,,,,,,,,,False
154,H,LinearRegression,6,39,0.09784806958292819,0.09302023155495226,0.02148977437758571,0.3112479034341848,0.99249701168318,1.0,,,,,,,,,,False
154,H,MLP,6,39,0.7858958964634444,0.7710394302302936,0.20481473898324817,0.8804199908343877,0.9371008880112037,4.0,,,,,,,,,,False
154,H,MODEL3-ICL-MC,6,39,0.21358560942701244,0.21147590782494413,0.06070450676603072,0.45830590085199113,0.984309371795404,3.0,200.0,5.0,,,,,,,,False
154,H,RandomForest,6,39,4.129967708635234,3.9700592873064,1.1525529065820357,2.0151496189988722,0.699563459481192,7.833333333333333,,,,,,,,,,False
154,H,Ridge,6,39,0.10539684375437841,0.0992527032947897,0.02432025531584236,0.32290693898887546,0.991892314928425,2.0,,,,,,,,,,False
154,H,SVR,6,39,4.115604006015581,3.9524480512406996,1.8347478437549123,1.9844686205428335,0.7146320771505493,7.166666666666667,,,,,,,,,,False
154,H,XGBoost,6,39,4.887803589404151,5.119463955392652,1.6235270301963076,2.1826637769711277,0.6481743004145932,9.333333333333334,,,,,,,,,,False
155,A,CatBoost,3,39,3.2649225331465463,2.4362129262386305,1.8753348880925669,1.7608063443183115,0.7525045855269076,6.0,,,,,,,,,,False
155,A,FixedRidgeLambda1,3,39,0.11034993156535526,0.0952613902033177,0.03659484384808084,0.32931479116397083,0.9911993395403921,1.0,,,,,,,,,,False
155,A,KNN,3,39,4.801760652789628,4.545846484450663,1.3804937758656024,2.17641022122851,0.6131221348276209,9.0,,,,,,,,,,False
155,A,LightGBM,3,39,3.161348594161978,2.646684934323888,0.9563545279878466,1.7653072339486766,0.7460842486267095,6.333333333333333,,,,,,,,,,False
155,A,LinearRegression,3,39,0.11713493372512536,0.0962032350157968,0.04356218145735163,0.33857079286011144,0.9907336622622899,2.0,,,,,,,,,,False
155,A,MLP,3,39,0.8615888637018972,0.8850281510167327,0.14850269582018416,0.925851761415161,0.9287514264799617,4.0,,,,,,,,,,False
155,A,MODEL3-ICL-MC,3,39,0.20211440228963554,0.2121391211114161,0.022835395862735985,0.4490767008198429,0.9829687852405918,3.0,200.0,5.0,,,,,,,,False
155,A,RandomForest,3,39,4.392299098042784,4.164351442917385,1.7006917441389848,2.0693863936596077,0.6494057470516039,8.333333333333334,,,,,,,,,,False
155,A,Ridge,3,39,0.11034993156535526,0.0952613902033177,0.03659484384808084,0.32931479116397083,0.9911993395403921,1.0,,,,,,,,,,False
155,A,SVR,3,39,3.137590013110669,2.012581540560032,2.067198327658948,1.7129403276641948,0.7662251056605084,5.666666666666667,,,,,,,,,,False
155,A,XGBoost,3,39,5.360593615448426,4.937909707435306,1.8907000556057203,2.291774147255356,0.5707789029249448,9.666666666666666,,,,,,,,,,False
155,C,CatBoost,6,39,2.1980254524788685,2.250859838837287,0.7550059134527659,1.4630516783696315,0.7480607349371099,5.666666666666667,,,,,,,,,,False
155,C,FixedRidgeLambda1,6,39,0.18695744699954556,0.13716483635578436,0.149718410596506,0.4022680484355068,0.9755795767146624,1.1666666666666667,,,,,,,,,,False
155,C,KNN,6,39,3.7715260797701142,3.559496158932384,1.5870896065051794,1.903912397602727,0.5747637357945261,9.333333333333334,,,,,,,,,,False
155,C,LightGBM,6,39,2.0077233957761726,2.1338090676039307,0.722815239084661,1.3960553588844216,0.7621007337856568,5.5,,,,,,,,,,False
155,C,LinearRegression,6,39,0.18986404508260504,0.1358162217012549,0.15247716676840323,0.40554549682014,0.9751903577998653,1.8333333333333333,,,,,,,,,,False
155,C,MLP,6,39,1.51663412482909,1.3989590013963218,0.3216017295651687,1.2259558788521283,0.8185709978462014,4.5,,,,,,,,,,False
155,C,MODEL3-ICL-MC,6,39,0.3045151288390439,0.21900936203032983,0.23012382903881734,0.5196598254076726,0.9604825965519294,3.0,200.0,5.0,,,,,,,,False
155,C,RandomForest,6,39,2.919023791404316,2.7787279851308586,1.2022207077694627,1.6776649372335382,0.6704360411492084,7.666666666666667,,,,,,,,,,False
155,C,Ridge,6,39,0.18695744699954556,0.13716483635578436,0.149718410596506,0.4022680484355068,0.9755795767146624,1.1666666666666667,,,,,,,,,,False
155,C,SVR,6,39,2.814889797282339,2.598103742224491,1.3009316676342102,1.6406001996298283,0.6799404454271385,7.0,,,,,,,,,,False
155,C,XGBoost,6,39,3.549257008329184,3.4341014395672556,1.2805931583294228,1.857385217786798,0.5921450177566786,9.333333333333334,,,,,,,,,,False
155,D,CatBoost,12,39,1.9550228255782287,1.4321211156822318,1.3924147254499333,1.324556315124138,0.8281617823869917,5.583333333333333,,,,,,,,,,False
155,D,FixedRidgeLambda1,12,39,0.10879685529696677,0.11233376004685655,0.04584266868347779,0.3225536675676,0.9870448870622298,1.8333333333333333,,,,,,,,,,False
155,D,KNN,12,39,2.7458935069072647,1.997012876169471,1.5391756251454822,1.5977696727020287,0.7391000808770855,8.416666666666666,,,,,,,,,,False
155,D,LightGBM,12,39,2.0033145987355616,1.796046846337124,0.9915091481910349,1.3766516459577895,0.8071063612760536,6.666666666666667,,,,,,,,,,False
155,D,LinearRegression,12,39,0.10791496499848523,0.10740855441819094,0.0449148467432412,0.32168268582884424,0.986891708127957,1.6666666666666667,,,,,,,,,,False
155,D,MLP,12,39,0.6908035707947809,0.6566577665490031,0.2884240668206543,0.8138452225908878,0.9189561821140876,4.416666666666667,,,,,,,,,,False
155,D,MODEL3-ICL-MC,12,39,0.15340128439119263,0.1539641626320287,0.07831561448847627,0.3796134038380273,0.981816189802693,2.5,200.0,5.0,,,,,,,,False
155,D,RandomForest,12,39,2.664181198514007,2.327935409949672,1.753763023640169,1.5532795645195163,0.7628246596738282,7.75,,,,,,,,,,False
155,D,Ridge,12,39,0.10879685529696677,0.11233376004685655,0.04584266868347779,0.3225536675676,0.9870448870622298,1.8333333333333333,,,,,,,,,,False
155,D,SVR,12,39,2.648888349164112,1.7531959188717106,2.0382632028805396,1.5279949553388639,0.7664927792327932,7.666666666666667,,,,,,,,,,False
155,D,XGBoost,12,39,2.9393688942753595,2.723956979075476,1.6148053880419488,1.6522998732592138,0.7243184473478078,8.5,,,,,,,,,,False
155,E,CatBoost,3,39,2.0341825860687917,1.884646833353898,0.3527429678259913,1.422804804839978,0.710140776738967,5.333333333333333,,,,,,,,,,False
155,E,FixedRidgeLambda1,3,39,0.057463938577215205,0.060996369256341,0.010844942414490084,0.2389666636103294,0.9915899357436198,1.6666666666666667,,,,,,,,,,False
155,E,KNN,3,39,3.187477020369547,2.9334196249720152,0.455258864732757,1.7824228417872965,0.5449746169819529,9.0,,,,,,,,,,False
155,E,LightGBM,3,39,2.7970476379413367,2.6083244389150377,0.5179899122401608,1.6678206665425925,0.6021129266755968,7.333333333333333,,,,,,,,,,False
155,E,LinearRegression,3,39,0.054792268202951556,0.0558346872576683,0.013876259957600412,0.23278181382322435,0.9919472062194136,1.3333333333333333,,,,,,,,,,False
155,E,MLP,3,39,1.0624689335071487,1.019242794746526,0.3708730021413395,1.0202143350152966,0.847094840329108,4.0,,,,,,,,,,False
155,E,MODEL3-ICL-MC,3,39,0.11278188530364143,0.1062525312214034,0.02111109739585881,0.33487812102496983,0.9836006999699957,3.0,200.0,5.0,,,,,,,,False
155,E,RandomForest,3,39,2.2708606648663503,2.313190356856307,0.3889957996203721,1.503166284886609,0.6762468783912526,5.666666666666667,,,,,,,,,,False
155,E,Ridge,3,39,0.057463938577215205,0.060996369256341,0.010844942414490084,0.2389666636103294,0.9915899357436198,1.6666666666666667,,,,,,,,,,False
155,E,SVR,3,39,3.28005957546941,3.2249373518182987,0.6493487671467616,1.8051807217750826,0.533637699496381,9.0,,,,,,,,,,False
155,E,XGBoost,3,39,3.161612827919445,2.9765926125766304,0.5981082164102339,1.7729450960734257,0.5433464460533122,8.666666666666666,,,,,,,,,,False
155,F,CatBoost,6,39,0.1843367250769493,0.1846322267167817,0.032895935801440256,0.4279266052252304,-2.532630196648867,5.666666666666667,,,,,,,,,,False
155,F,FixedRidgeLambda1,6,39,0.06068794368805427,0.0623023101288213,0.01517778813818029,0.24447296611967598,-0.40141051511968967,1.5,,,,,,,,,,False
155,F,KNN,6,39,0.5617556768786109,0.5513555249467434,0.39781954140377335,0.7048789939813725,-3.6927130668080026,8.333333333333334,,,,,,,,,,False
155,F,LightGBM,6,39,0.3444987673336621,0.31378066157198065,0.10520469881252024,0.5818466646087567,-5.061508316578925,7.833333333333333,,,,,,,,,,False
155,F,LinearRegression,6,39,0.06133838478057985,0.0631099425879509,0.015831331698891386,0.2456222899921583,-0.41905493099874747,2.1666666666666665,,,,,,,,,,False
155,F,MLP,6,39,0.5838434736900415,0.6096869884917349,0.18582048709302226,0.7548985211324285,-13.032129751197376,8.833333333333334,,,,,,,,,,False
155,F,MODEL3-ICL-MC,6,39,0.07023084839119895,0.0689173149188113,0.021516311868167697,0.26238016733279906,-0.5607235752236363,2.3333333333333335,200.0,5.0,,,,,,,,False
155,F,RandomForest,6,39,0.11362923782351576,0.11494625022209434,0.028436498575061652,0.33470810604532214,-0.8612859676313965,4.0,,,,,,,,,,False
155,F,Ridge,6,39,0.06068794368805427,0.0623023101288213,0.01517778813818029,0.24447296611967598,-0.40141051511968967,1.5,,,,,,,,,,False
155,F,SVR,6,39,0.2519309046070688,0.2507166089466091,0.11117909206171718,0.49097512428547346,-2.331341824971638,6.333333333333333,,,,,,,,,,False
155,F,XGBoost,6,39,0.3719825488957135,0.3763940805158732,0.11177934683279726,0.603213873732366,-4.957743869072092,8.0,,,,,,,,,,False
155,G,CatBoost,12,39,20.71718826344834,12.652492149061977,22.882781079587577,3.9580163208197843,-7.464508115828804,4.0,,,,,,,,,,False
155,G,FixedRidgeLambda1,12,39,16.223971120200833,11.268460692439671,14.306365523884784,3.6403005305357876,-2.704915587261377,3.5,,,,,,,,,,False
155,G,KNN,12,39,30.892514850408677,17.100885154118085,37.085391412598305,4.908972354855916,-12.028374905741908,5.5,,,,,,,,,,False
155,G,LightGBM,12,39,76.3273525791243,40.917719539258,94.60845367260342,7.62060704640293,-26.540041230787462,7.75,,,,,,,,,,False
155,G,LinearRegression,12,39,16.43907272979152,11.434968590197876,14.496332536008373,3.6647250371835582,-2.75135510514836,4.5,,,,,,,,,,False
155,G,MLP,12,39,165.70730398745889,60.98866926673958,206.42614410108956,10.97518471164618,-59.09743741138303,9.25,,,,,,,,,,False
155,G,MODEL3-ICL-MC,12,39,26.168671269162605,14.683108929293796,26.677792954479504,4.489555473952234,-4.838987398107882,5.75,200.0,5.0,,,,,,,,False
155,G,RandomForest,12,39,70.74095723402466,26.421388139996072,137.88346143998612,6.356269067411563,-14.387074861290046,5.916666666666667,,,,,,,,,,False
155,G,Ridge,12,39,16.223971120200833,11.268460692439671,14.306365523884784,3.6403005305357876,-2.704915587261377,3.5,,,,,,,,,,False
155,G,SVR,12,39,1.7487290480008213,1.1612830024691245,1.3346391962942759,1.241521619907732,0.6921592960640979,1.3333333333333333,,,,,,,,,,False
155,G,XGBoost,12,39,399.75771681697194,65.39939003303692,693.4912878031324,14.008518629550109,-117.39305897211226,7.5,,,,,,,,,,False
155,H,CatBoost,6,39,1.255603909178365,0.9422232927873737,0.8047598069786491,1.0766673446792272,0.8545334994663697,5.0,,,,,,,,,,False
155,H,FixedRidgeLambda1,6,39,0.0646683240505345,0.07136774869295265,0.02840386704938324,0.2474677548168204,0.9920477535180853,2.0,,,,,,,,,,False
155,H,KNN,6,39,3.0688222077206553,2.62234580212483,1.6574220876428873,1.698121094940608,0.6479716726344693,10.0,,,,,,,,,,False
155,H,LightGBM,6,39,1.290112674690873,1.1129627417106267,0.4994587652418043,1.118553678650562,0.8444834589414366,6.5,,,,,,,,,,False
155,H,LinearRegression,6,39,0.06494413863293254,0.06912639953258745,0.02819719093694496,0.2478807502588977,0.9921105357005695,1.8333333333333333,,,,,,,,,,False
155,H,MLP,6,39,0.6594765113544562,0.6420134533509878,0.25115703465332573,0.800180504229204,0.9123655511513596,4.5,,,,,,,,,,False
155,H,MODEL3-ICL-MC,6,39,0.09271814039279508,0.0579136458202401,0.07937829234774241,0.28276516404325014,0.9885737224831951,2.1666666666666665,200.0,5.0,,,,,,,,False
155,H,RandomForest,6,39,1.5606415241874736,1.2929770973419843,0.9048368412571671,1.2087822842867568,0.8111435987913703,6.833333333333333,,,,,,,,,,False
155,H,Ridge,6,39,0.0646683240505345,0.07136774869295265,0.02840386704938324,0.2474677548168204,0.9920477535180853,2.0,,,,,,,,,,False
155,H,SVR,6,39,2.187413055561683,1.8858130255342858,1.5100263183423301,1.3998894706842266,0.7648606398711624,7.833333333333333,,,,,,,,,,False
155,H,XGBoost,6,39,1.756493451348609,1.3551274048995539,1.1087690746854342,1.2779371833316615,0.7866575051714487,8.333333333333334,,,,,,,,,,False
156,A,CatBoost,3,39,0.602758297985091,0.4914973087471919,0.24920750539932612,0.7660557257362585,0.8291316478625075,5.333333333333333,,,,,,,,,,False
156,A,FixedRidgeLambda1,3,39,0.03222531249664833,0.0293495835178013,0.018791677111573608,0.17420393179552895,0.9910034782578588,1.3333333333333333,,,,,,,,,,False
156,A,KNN,3,39,0.9076098787445529,0.8756881370870687,0.06334152022965377,0.9523059841914402,0.7430415349615894,8.333333333333334,,,,,,,,,,False
156,A,LightGBM,3,39,0.8029159185953706,0.8041409184911406,0.0930585580217269,0.895047298308588,0.7735370629112053,6.666666666666667,,,,,,,,,,False
156,A,LinearRegression,3,39,0.0336658498765987,0.0307773139769665,0.019604070299745036,0.1780558611641331,0.9906006962387873,2.3333333333333335,,,,,,,,,,False
156,A,MLP,3,39,0.7855678699593726,0.8050267093675886,0.06944787298345341,0.8857340658130194,0.7772722237722792,7.0,,,,,,,,,,False
156,A,MODEL3-ICL-MC,3,39,0.043467264283477726,0.0380969554978928,0.03959293927991286,0.19006819456199908,0.9879536355006824,2.3333333333333335,200.0,5.0,,,,,,,,False
156,A,RandomForest,3,39,0.5646499557668213,0.5572573993643785,0.09164181042250251,0.749785131095316,0.8403611157046061,4.666666666666667,,,,,,,,,,False
156,A,Ridge,3,39,0.03222531249664833,0.0293495835178013,0.018791677111573608,0.17420393179552895,0.9910034782578588,1.3333333333333333,,,,,,,,,,False
156,A,SVR,3,39,0.9981512142765302,1.0275737046048248,0.3357322705652428,0.989075993750603,0.7200569619460747,8.666666666666666,,,,,,,,,,False
156,A,XGBoost,3,39,0.9744462840510696,0.9077132671455818,0.1851318761789214,0.9842732743272875,0.7235655287754317,8.333333333333334,,,,,,,,,,False
156,B,CatBoost,6,39,0.5992641807779887,0.5938065699856523,0.2239439182816815,0.7621824293554025,0.826213730853409,5.166666666666667,,,,,,,,,,False
156,B,FixedRidgeLambda1,6,39,0.0874862951194605,0.0887175302502489,0.05168335146012507,0.2838875222955058,0.9698895017205761,1.6666666666666667,,,,,,,,,,False
156,B,KNN,6,39,1.2022052091588529,1.3309816416962834,0.3112551989394071,1.0872596235648964,0.6476342334755364,9.5,,,,,,,,,,False
156,B,LightGBM,6,39,0.8279846256524946,0.8233179177946621,0.27355867234395764,0.8992988767403912,0.7638875916561795,6.666666666666667,,,,,,,,,,False
156,B,LinearRegression,6,39,0.08717391176101381,0.08849950078216964,0.051249135205757676,0.28326422182405925,0.9698991802643878,1.6666666666666667,,,,,,,,,,False
156,B,MLP,6,39,0.7140912903560511,0.7473118009538082,0.3507802159542259,0.8204997365567434,0.7693215300987369,6.666666666666667,,,,,,,,,,False
156,B,MODEL3-ICL-MC,6,39,0.10786128389205928,0.11864546242882046,0.045579095093606255,0.32172229979540173,0.963083546831515,2.6666666666666665,200.0,5.0,,,,,,,,False
156,B,RandomForest,6,39,0.6230043976905875,0.5770621152652137,0.22260001545914662,0.7786180432478388,0.8082910464313547,6.0,,,,,,,,,,False
156,B,Ridge,6,39,0.0874862951194605,0.0887175302502489,0.05168335146012507,0.2838875222955058,0.9698895017205761,1.6666666666666667,,,,,,,,,,False
156,B,SVR,6,39,0.8659821038971446,0.9603985202234901,0.35550763248824074,0.910541169150694,0.7655748060166747,7.0,,,,,,,,,,False
156,B,XGBoost,6,39,0.9332508092681927,0.9192762065978053,0.18861241169583298,0.9619687066420236,0.7196956936633967,8.0,,,,,,,,,,False
156,C,CatBoost,6,39,3.1363941021256836,3.0535991920386802,0.8796221429896671,1.7563451073647183,0.7734222386433959,5.333333333333333,,,,,,,,,,False
156,C,FixedRidgeLambda1,6,39,0.2086093993549276,0.15658770994794913,0.09729091229713233,0.44728192889501,0.9857692472642737,1.8333333333333333,,,,,,,,,,False
156,C,KNN,6,39,5.7170530856251665,5.285690735400604,1.620905599800585,2.371650551329306,0.5989503413027382,8.666666666666666,,,,,,,,,,False
156,C,LightGBM,6,39,3.7120464026234923,3.4062919502900644,1.1897944488898604,1.9064623104382799,0.7254977950673712,6.0,,,,,,,,,,False
156,C,LinearRegression,6,39,0.2063558519889189,0.15075093808938955,0.09747726258425034,0.44462237566466584,0.9858758856497255,1.8333333333333333,,,,,,,,,,False
156,C,MLP,6,39,2.799900029122631,2.8405475340283965,0.9459335309679953,1.6504758545946572,0.800035421603508,4.833333333333333,,,,,,,,,,False
156,C,MODEL3-ICL-MC,6,39,0.2504430360985776,0.2233667589523799,0.09654570310020946,0.4924798249286298,0.9809661948604864,2.3333333333333335,200.0,5.0,,,,,,,,False
156,C,RandomForest,6,39,5.2324044706118285,5.294766361384456,1.371333150892387,2.270785856246259,0.6327570413342906,8.333333333333334,,,,,,,,,,False
156,C,Ridge,6,39,0.2086093993549276,0.15658770994794913,0.09729091229713233,0.44728192889501,0.9857692472642737,1.8333333333333333,,,,,,,,,,False
156,C,SVR,6,39,4.176982963324973,4.265200239688746,1.5942683151590742,2.0100826618469667,0.7257384290243518,7.0,,,,,,,,,,False
156,C,XGBoost,6,39,5.865737016201588,5.611750570689738,1.3712169830630692,2.4083222993288995,0.5695199396697918,8.833333333333334,,,,,,,,,,False
156,D,CatBoost,6,39,1.843946611126184,1.456087985587673,1.4031558811326348,1.2873111009742233,0.7751494159378444,5.333333333333333,,,,,,,,,,False
156,D,FixedRidgeLambda1,6,39,0.11179648640870275,0.09325737929875905,0.069231388655051,0.32311203086956203,0.9822783423314446,1.6666666666666667,,,,,,,,,,False
156,D,KNN,6,39,2.476217894726899,1.7861000271122798,1.8287749299815692,1.4958107528897961,0.6937444773025593,7.833333333333333,,,,,,,,,,False
156,D,LightGBM,6,39,1.7454404916660897,1.6160252551806216,0.9310254004887377,1.2800273692523234,0.766351089768936,6.333333333333333,,,,,,,,,,False
156,D,LinearRegression,6,39,0.11390257773579164,0.0959109584916952,0.06863623762880267,0.3269457665233043,0.982048457342135,2.0,,,,,,,,,,False
156,D,MLP,6,39,0.8460159713029459,0.7275983664169219,0.33372036906422303,0.9079049599455015,0.8621960073620422,4.5,,,,,,,,,,False
156,D,MODEL3-ICL-MC,6,39,0.16336845897103267,0.11393607564486086,0.16055686713344539,0.3763262092135538,0.9769940923279878,2.3333333333333335,200.0,5.0,,,,,,,,False
156,D,RandomForest,6,39,2.7189779960612377,2.0270224934669123,1.6861628072591115,1.5892596124110971,0.650122539004529,8.333333333333334,,,,,,,,,,False
156,D,Ridge,6,39,0.11179648640870275,0.09325737929875905,0.069231388655051,0.32311203086956203,0.9822783423314446,1.6666666666666667,,,,,,,,,,False
156,D,SVR,6,39,2.305694543324279,1.7341207370956873,1.9534701343853582,1.4286871480012138,0.725830418893436,6.666666666666667,,,,,,,,,,False
156,D,XGBoost,6,39,3.539527504361681,2.726378950549535,2.288873664022915,1.80571114345297,0.5502979817297061,10.0,,,,,,,,,,False
156,E,AutoGluon,1,39,1.0726846840755395,1.0726846840755395,,1.035704921334035,0.8265074740994248,4.0,,,,,,,,,,False
156,E,CatBoost,6,39,3.0191748888100154,2.141756965910469,2.4012542483400496,1.6321990210155342,0.7127029353897009,5.666666666666667,,,,,,,,,,False
156,E,FixedRidgeLambda1,6,39,0.06362874992043603,0.0562206068406252,0.025891109990284156,0.24803328042455575,0.9916288260765468,1.1666666666666667,,,,,,,,,,False
156,E,KNN,6,39,4.627648316557336,3.823560330546978,2.9299577419007843,2.072336716757163,0.5292479434985233,9.166666666666666,,,,,,,,,,False
156,E,LightGBM,6,39,3.5252077487962707,2.590350314545415,2.526872198349854,1.7755504460571734,0.6552290927187997,6.666666666666667,,,,,,,,,,False
156,E,LinearRegression,6,39,0.06359154323044679,0.05188203378226565,0.026919580699458313,0.2477579209922626,0.9915054052121753,1.8333333333333333,,,,,,,,,,False
156,E,MLP,6,39,0.9029632073328285,0.8760199620429707,0.228155626997832,0.9436558918302943,0.8807676537449612,4.333333333333333,,,,,,,,,,False
156,E,MODEL3-ICL-MC,6,39,0.22809095102522428,0.2202163961451487,0.10878975165386821,0.46594057863594096,0.9736601735036309,3.0,200.0,5.0,,,,,,,,False
156,E,RandomForest,6,39,4.147788857177113,3.5108519310758735,2.852218877973117,1.934408271547384,0.5907529498961295,7.666666666666667,,,,,,,,,,False
156,E,Ridge,6,39,0.06362874992043603,0.0562206068406252,0.025891109990284156,0.24803328042455575,0.9916288260765468,1.1666666666666667,,,,,,,,,,False
156,E,SVR,6,39,4.292595889733421,2.557608983709644,3.5567151839339917,1.9487274749336008,0.5903294698423395,8.0,,,,,,,,,,False
156,E,XGBoost,6,39,4.036398443316408,3.8540076268229,1.865620599259722,1.9620558296770947,0.5635211696690295,8.666666666666666,,,,,,,,,,False
156,F,CatBoost,6,39,0.16064099105339016,0.1567487180366885,0.03848931187441652,0.3984640367208015,0.0,4.666666666666667,,,,,,,,,,False
156,F,FixedRidgeLambda1,6,39,0.09391348672404483,0.0998305437633511,0.04596853220775826,0.297634507809309,0.0,2.3333333333333335,,,,,,,,,,False
156,F,KNN,6,39,0.18615464753552804,0.17422567920298881,0.04791041407760886,0.4287731681896252,0.0,6.333333333333333,,,,,,,,,,False
156,F,LightGBM,6,39,0.3852748334002065,0.33052775349492713,0.11196207321102204,0.6156774395169199,0.0,9.166666666666666,,,,,,,,,,False
156,F,LinearRegression,6,39,0.09523687517273415,0.10138484136538145,0.0468433434181472,0.2996262646203427,0.0,3.3333333333333335,,,,,,,,,,False
156,F,MLP,6,39,0.5211727577440624,0.5143475803012809,0.13593595036532632,0.716559412965947,0.0,9.666666666666666,,,,,,,,,,False
156,F,MODEL3-ICL-MC,6,39,0.1932682505976768,0.18992145483905853,0.143294886603806,0.4097414274004836,0.0,5.333333333333333,200.0,5.0,,,,,,,,False
156,F,RandomForest,6,39,0.11122306703102287,0.11468712332081604,0.014736831495389128,0.3328622158088359,0.0,2.8333333333333335,,,,,,,,,,False
156,F,Ridge,6,39,0.09391348672404483,0.0998305437633511,0.04596853220775826,0.297634507809309,0.0,2.3333333333333335,,,,,,,,,,False
156,F,SVR,6,39,0.13138367845510243,0.12155315732300735,0.03471374516851479,0.35994501938722084,0.0,3.8333333333333335,,,,,,,,,,False
156,F,XGBoost,6,39,0.30048742137774903,0.2919111024329549,0.05457201483448324,0.5463354919079803,0.0,7.5,,,,,,,,,,False
156,H,CatBoost,3,39,1.9761903276217108,2.244900391273724,0.48013529162644614,1.3982163058439336,0.8560032589164387,5.666666666666667,,,,,,,,,,False
156,H,FixedRidgeLambda1,3,39,0.21393097194199842,0.2161347387777926,0.04895238070926393,0.4604584181234202,0.9837133887921204,2.0,,,,,,,,,,False
156,H,KNN,3,39,3.3261035627543643,3.486745687906563,0.3577759121356496,1.8219446560760513,0.7521641229537872,9.333333333333334,,,,,,,,,,False
156,H,LightGBM,3,39,2.263213649708984,2.2976687234084747,0.12065493810816076,1.5040377369513618,0.829932875575521,7.333333333333333,,,,,,,,,,False
156,H,LinearRegression,3,39,0.211601013209321,0.2153442347264614,0.05124973743701405,0.4576788720603691,0.9838715620656284,1.0,,,,,,,,,,False
156,H,MLP,3,39,0.5580784901610994,0.5329383848395549,0.12056114305237908,0.7441949190424116,0.9587240163838008,4.0,,,,,,,,,,False
156,H,MODEL3-ICL-MC,3,39,0.34214536327576983,0.3494735872511547,0.03806400164379033,0.5843168661511614,0.9740398359979952,3.0,200.0,5.0,,,,,,,,False
156,H,RandomForest,3,39,2.806400919419223,3.249364301217192,0.8126440354597103,1.662163522821598,0.7970269047749152,7.666666666666667,,,,,,,,,,False
156,H,Ridge,3,39,0.21393097194199842,0.2161347387777926,0.04895238070926393,0.4604584181234202,0.9837133887921204,2.0,,,,,,,,,,False
156,H,SVR,3,39,2.4169372762301364,2.11538877424198,1.2573923302616072,1.519936241197448,0.8271073050370469,6.666666666666667,,,,,,,,,,False
156,H,XGBoost,3,39,3.0230585388114726,3.079082331108452,0.9485878333623897,1.7237520772247807,0.7814991413641783,8.333333333333334,,,,,,,,,,False
157,B,CatBoost,3,39,0.1770872721343467,0.1479161622154163,0.06311182720150421,0.4166482708617616,-887.8188306440949,5.666666666666667,,,,,,,,,,False
157,B,FixedRidgeLambda1,3,39,0.08492712250171257,0.0841550992333311,0.03361555253519327,0.2874437911402276,-441.7784524203355,1.3333333333333333,,,,,,,,,,False
157,B,KNN,3,39,0.2558413344236056,0.257559221652802,0.02452975071946291,0.5054170529749434,-1310.3192692223531,7.333333333333333,,,,,,,,,,False
157,B,LightGBM,3,39,0.3258131023401974,0.2890247633755665,0.08854651553034214,0.5674624154484271,-1641.213522850154,9.0,,,,,,,,,,False
157,B,LinearRegression,3,39,0.08570940610152643,0.084979255716632,0.03398477747520545,0.288747929171475,-445.86509712816445,2.3333333333333335,,,,,,,,,,False
157,B,MLP,3,39,0.6952801872164288,0.6322002108042079,0.22389525328205967,0.8268691149246021,-3506.2602988088197,10.0,,,,,,,,,,False
157,B,MODEL3-ICL-MC,3,39,0.15945586549938753,0.1753558899020685,0.06309732941454052,0.39341528103060414,-826.2791275027606,5.0,200.0,5.0,,,,,,,,False
157,B,RandomForest,3,39,0.10892416071090387,0.11824111275816,0.039728529879354435,0.32596708839843425,-554.5305908459154,2.6666666666666665,,,,,,,,,,False
157,B,Ridge,3,39,0.08492712250171257,0.0841550992333311,0.03361555253519327,0.2874437911402276,-441.7784524203355,1.3333333333333333,,,,,,,,,,False
157,B,SVR,3,39,0.1212625398380011,0.1152232340415158,0.029627416155185483,0.3465268637164489,-627.6791662516601,4.333333333333333,,,,,,,,,,False
157,B,XGBoost,3,39,0.263255900597089,0.2558926180149526,0.07024006617014913,0.5100370750242567,-1333.119510396584,7.333333333333333,,,,,,,,,,False
157,C,CatBoost,6,39,1.0247661735041744,1.1065128946181297,0.393805676217727,0.9949389594581578,0.7028588947593795,5.5,,,,,,,,,,False
157,C,FixedRidgeLambda1,6,39,0.1117694135240442,0.0707484266210318,0.11012492464874843,0.2949776045548403,0.9773245440825953,2.1666666666666665,,,,,,,,,,False
157,C,KNN,6,39,1.7136216461441955,1.6170723664556415,1.210985004271934,1.2301188263291525,0.6112913602342719,8.0,,,,,,,,,,False
157,C,LightGBM,6,39,1.4366953778253133,1.4029432698425404,0.5588749304140563,1.176853381248068,0.5788102893867835,7.833333333333333,,,,,,,,,,False
157,C,LinearRegression,6,39,0.1099089397556886,0.0698838518044923,0.10797726719471286,0.292635804612796,0.9773803929401014,1.5,,,,,,,,,,False
157,C,MLP,6,39,1.750113902606255,1.8690292940947015,0.531784223131707,1.3079988475917572,0.31291060489124733,8.333333333333334,,,,,,,,,,False
157,C,MODEL3-ICL-MC,6,39,0.11843436500569181,0.09753833308391885,0.11723408500376685,0.310923327816272,0.9726806428722398,2.3333333333333335,200.0,5.0,,,,,,,,False
157,C,RandomForest,6,39,1.24726925306145,1.3269360757251198,0.621906677738091,1.0774075796277454,0.6596823691275091,6.166666666666667,,,,,,,,,,False
157,C,Ridge,6,39,0.1117694135240442,0.0707484266210318,0.11012492464874843,0.2949776045548403,0.9773245440825953,2.1666666666666665,,,,,,,,,,False
157,C,SVR,6,39,1.0110820814025425,0.9440750332731903,0.6109029097951717,0.9611970432324949,0.7500558560887471,4.833333333333333,,,,,,,,,,False
157,C,XGBoost,6,39,1.8806129003823007,1.9260118137421047,0.7343606501213045,1.3400831533934834,0.42647766807493576,8.333333333333334,,,,,,,,,,False
157,D,CatBoost,6,39,1.6143194547549085,1.3720588779602347,0.963555688449109,1.2314597215816427,0.8336072960812069,5.333333333333333,,,,,,,,,,False
157,D,FixedRidgeLambda1,6,39,0.10810321230065705,0.0974139110849033,0.03872415417238515,0.3244302050524452,0.9878699977742508,1.6666666666666667,,,,,,,,,,False
157,D,KNN,6,39,2.8958272122450754,2.827573752500581,0.9758745758278372,1.6821632474439074,0.6856951159039567,9.5,,,,,,,,,,False
157,D,LightGBM,6,39,1.6912829478461138,1.588721232099664,0.6944070029247018,1.2777065185925796,0.8172763470937544,5.666666666666667,,,,,,,,,,False
157,D,LinearRegression,6,39,0.10771267377759897,0.09619207841377961,0.03864692382228303,0.3238436673734529,0.9878597845959307,2.0,,,,,,,,,,False
157,D,MLP,6,39,0.7385840994568822,0.7953120058869148,0.24556142063535638,0.8486130761812003,0.9167137950060468,4.166666666666667,,,,,,,,,,False
157,D,MODEL3-ICL-MC,6,39,0.1366096754807106,0.11574414554747794,0.05454436105051375,0.36421312740824224,0.9849837586993497,2.3333333333333335,200.0,5.0,,,,,,,,False
157,D,RandomForest,6,39,2.2407356687393127,2.073489849679277,1.0979609863303175,1.461749606088029,0.7614091801928121,7.666666666666667,,,,,,,,,,False
157,D,Ridge,6,39,0.10810321230065705,0.0974139110849033,0.03872415417238515,0.3244302050524452,0.9878699977742508,1.6666666666666667,,,,,,,,,,False
157,D,SVR,6,39,2.1183879119504523,2.1472026547841465,0.9652009203106973,1.423320704019516,0.7752734560764752,7.5,,,,,,,,,,False
157,D,XGBoost,6,39,2.8523257765884558,2.766657934081283,1.0868656360355702,1.6644996933468468,0.6823889786830165,9.166666666666666,,,,,,,,,,False
157,E,CatBoost,6,39,4.3020034003247,4.251759670787044,1.6084570609507847,2.04243872198797,0.7188796803901117,5.666666666666667,,,,,,,,,,False
157,E,FixedRidgeLambda1,6,39,0.0660667903547492,0.05984420146267755,0.032633344321184476,0.25076250303295455,0.9956051462115919,1.6666666666666667,,,,,,,,,,False
157,E,KNN,6,39,6.160179363743193,5.900044729464623,2.3930948065839157,2.4412105327444764,0.6057362907620805,8.5,,,,,,,,,,False
157,E,LightGBM,6,39,4.537853914552469,4.283604260923286,1.6505541959846588,2.1044770787821783,0.7028055930750584,6.166666666666667,,,,,,,,,,False
157,E,LinearRegression,6,39,0.06694500652191783,0.05920849381555245,0.03634578705141153,0.2512410561736124,0.9955614994823684,1.3333333333333333,,,,,,,,,,False
157,E,MLP,6,39,0.7597864509018543,0.716558950089865,0.25820378946225936,0.8616427841955304,0.9500093164820441,4.0,,,,,,,,,,False
157,E,MODEL3-ICL-MC,6,39,0.1289317712832498,0.12402714155310879,0.05401004401960293,0.3526075585059119,0.9915355057044709,3.0,200.0,5.0,,,,,,,,False
157,E,RandomForest,6,39,6.0155994124732395,5.801031595064295,1.4503222055729124,2.437804682638766,0.6053878452257546,8.833333333333334,,,,,,,,,,False
157,E,Ridge,6,39,0.0660667903547492,0.05984420146267755,0.032633344321184476,0.25076250303295455,0.9956051462115919,1.6666666666666667,,,,,,,,,,False
157,E,SVR,6,39,5.589363219848335,4.448306655931848,2.4634506368256237,2.319904114523506,0.645611191731402,7.5,,,,,,,,,,False
157,E,XGBoost,6,39,5.7906703233099615,5.915267549018689,1.3520801746738313,2.391852341965634,0.6178373618226752,8.333333333333334,,,,,,,,,,False
157,F,CatBoost,6,39,0.27923127061117675,0.24078693349157743,0.10138005424252444,0.5214784945311638,0.8207188517702267,5.166666666666667,,,,,,,,,,False
157,F,FixedRidgeLambda1,6,39,0.09853423901679471,0.08284178799154404,0.08220829190068947,0.29142603132358946,0.9141105618670076,1.8333333333333333,,,,,,,,,,False
157,F,KNN,6,39,0.7812058361415035,0.7716430724481191,0.28535203064683906,0.8717352927008214,0.5741188371091795,9.666666666666666,,,,,,,,,,False
157,F,LightGBM,6,39,0.3930204437954305,0.33744981295387866,0.18691233522963718,0.6124419589169657,0.7408290332256894,6.833333333333333,,,,,,,,,,False
157,F,LinearRegression,6,39,0.09686947666933204,0.0812502816872419,0.08310623086038424,0.287112231502243,0.9146795971472205,1.5,,,,,,,,,,False
157,F,MLP,6,39,0.5085479718205065,0.44496483836865774,0.1591961509210189,0.7065949026086504,0.6402401488919847,7.833333333333333,,,,,,,,,,False
157,F,MODEL3-ICL-MC,6,39,0.11262738517342386,0.11477553489779649,0.09122821750456603,0.30647953970312974,0.900259847138932,2.6666666666666665,200.0,5.0,,,,,,,,False
157,F,RandomForest,6,39,0.20845275979874597,0.17909560277365788,0.0736737613404231,0.45087441243161525,0.8596215989497763,4.0,,,,,,,,,,False
157,F,Ridge,6,39,0.09853423901679471,0.08284178799154404,0.08220829190068947,0.29142603132358946,0.9141105618670076,1.8333333333333333,,,,,,,,,,False
157,F,SVR,6,39,0.45269023241687245,0.4325193857464805,0.12007663727343013,0.6677620482020479,0.7400166979274205,7.833333333333333,,,,,,,,,,False
157,F,XGBoost,6,39,0.44432080230883075,0.3837104999020541,0.14928862397819725,0.6595688418703031,0.7064421494247727,7.666666666666667,,,,,,,,,,False
157,G,CatBoost,6,39,167.59920333083275,15.335754406621358,244.05179075087582,9.35752862334634,-20.5541931678734,4.5,,,,,,,,,,False
157,G,FixedRidgeLambda1,6,39,147.81782685458407,84.55702875470243,185.24773243510927,9.18595517146475,-16.32526141085525,2.6666666666666665,,,,,,,,,,False
157,G,KNN,6,39,351.2396654684562,11.271986005494803,554.305975914382,12.723552895779427,-41.20860165404229,6.5,,,,,,,,,,False
157,G,LightGBM,6,39,332.22593053316655,143.03146527430118,420.31676332739414,13.973385692519543,-39.03584658561568,7.333333333333333,,,,,,,,,,False
157,G,LinearRegression,6,39,149.2903032556964,85.33698086414586,187.15637467616386,9.227334086571075,-16.498832131434355,3.1666666666666665,,,,,,,,,,False
157,G,MLP,6,39,1518.0200521263932,353.5425998396797,2208.6012548506055,28.022327544484195,-179.24254692601377,9.333333333333334,,,,,,,,,,False
157,G,MODEL3-ICL-MC,6,39,194.77034087911204,100.36417190608206,237.14421274881548,10.52510021904783,-23.918673301634172,3.5,200.0,5.0,,,,,,,,False
157,G,RandomForest,6,39,1513.1285507887012,501.8438009206415,1993.3998664781482,27.623385277539626,-192.53596196063143,7.166666666666667,,,,,,,,,,False
157,G,Ridge,6,39,147.81782685458407,84.55702875470243,185.24773243510927,9.18595517146475,-16.32526141085525,2.6666666666666665,,,,,,,,,,False
157,G,SVR,6,39,3.7533700748338643,3.4969887082713353,1.7281552729616012,1.892170795935187,0.6901715953022899,2.8333333333333335,,,,,,,,,,False
157,G,XGBoost,6,39,3219.725318914212,88.7196748579713,4913.388795094896,36.27679440744827,-412.88188961219817,8.0,,,,,,,,,,False
157,H,CatBoost,6,39,1.6249328769616833,1.6434563781929794,0.4574022090996506,1.2630319237988992,0.7657925082729489,5.666666666666667,,,,,,,,,,False
157,H,FixedRidgeLambda1,6,39,0.060353021262238155,0.05931582828210745,0.0331037269086569,0.23684499785321086,0.9915153436096723,1.5,,,,,,,,,,False
157,H,KNN,6,39,2.774262026810107,2.6446050583770297,1.014819174353407,1.6413856211610982,0.6002273811794839,9.0,,,,,,,,,,False
157,H,LightGBM,6,39,1.6040511005282203,1.567035076065185,0.3399629081544818,1.2605591530840854,0.7618680560250221,5.833333333333333,,,,,,,,,,False
157,H,LinearRegression,6,39,0.06623029597691378,0.05864158311038395,0.041704274160037816,0.24554630661263974,0.9907317873458692,2.1666666666666665,,,,,,,,,,False
157,H,MLP,6,39,0.7007300726865875,0.6950459911412079,0.1985809001164207,0.8298851162543492,0.8980190840892309,4.0,,,,,,,,,,False
157,H,MODEL3-ICL-MC,6,39,0.10409506929513816,0.09557143633927656,0.03477295233441974,0.3194351515829678,0.9845747967181077,2.3333333333333335,200.0,5.0,,,,,,,,False
157,H,RandomForest,6,39,2.1777109636935488,2.0690204571897213,0.5554853172036764,1.4658387471544652,0.6828681965629543,7.666666666666667,,,,,,,,,,False
157,H,Ridge,6,39,0.060353021262238155,0.05931582828210745,0.0331037269086569,0.23684499785321086,0.9915153436096723,1.5,,,,,,,,,,False
157,H,SVR,6,39,2.0603881575513716,2.1166258902667003,0.6542332166029724,1.4170621576099942,0.7049236594231939,7.166666666666667,,,,,,,,,,False
157,H,XGBoost,6,39,2.71519306466487,2.438313987597105,0.8389544585545605,1.6327902553949973,0.6061091070855001,9.666666666666666,,,,,,,,,,False
158,A,CatBoost,9,39,3.1945332235087243,3.0428539259658045,1.1076024391531376,1.7640889484021116,0.7826066860544589,6.0,,,,,,,,,,False
158,A,FixedRidgeLambda1,9,39,0.11701670281906572,0.1012793852277978,0.05288888676433414,0.3346814673584807,0.9917799304152732,1.3333333333333333,,,,,,,,,,False
158,A,KNN,9,39,5.20740760468473,4.581722023473903,2.113713632719907,2.241228422253638,0.652450488179024,8.666666666666666,,,,,,,,,,False
158,A,LightGBM,9,39,2.653744528377958,2.673290733215285,0.9781937880961121,1.6051461321527771,0.8199333909263622,5.0,,,,,,,,,,False
158,A,LinearRegression,9,39,0.1244266936433852,0.1140176457598442,0.057150489139485214,0.3450605772341252,0.9913574241059719,2.111111111111111,,,,,,,,,,False
158,A,MLP,9,39,0.7548035817910757,0.7277961977554881,0.2674819784007577,0.8569585508970585,0.9467972014557895,4.0,,,,,,,,,,False
158,A,MODEL3-ICL-MC,9,39,0.20562265444392597,0.1776022999528476,0.12152657831721103,0.4346397304566036,0.9851561671628962,2.5555555555555554,200.0,5.0,,,,,,,,False
158,A,RandomForest,9,39,4.829586317308488,4.394498627302543,1.8766061578818156,2.1627804954287226,0.6739531169798906,8.666666666666666,,,,,,,,,,False
158,A,Ridge,9,39,0.11701670281906572,0.1012793852277978,0.05288888676433414,0.3346814673584807,0.9917799304152732,1.3333333333333333,,,,,,,,,,False
158,A,SVR,9,39,4.278712644518183,3.316967906229154,2.1468967263332597,2.0149468836323563,0.7177006494109668,7.666666666666667,,,,,,,,,,False
158,A,XGBoost,9,39,5.309311397547081,4.408412367519107,1.851933391457846,2.2748573038528868,0.6347039792862081,9.0,,,,,,,,,,False
158,B,CatBoost,21,40,0.7117490483994933,0.6324415114166246,0.3549150688025878,0.8223673814447915,0.9062502265732173,5.523809523809524,,,,,,,,,,False
158,B,FixedRidgeLambda1,21,40,0.07054013205700656,0.0512660143663346,0.0538248631510611,0.2500883084848141,0.9883232130578935,1.7142857142857142,,,,,,,,,,False
158,B,KNN,21,40,2.5824725237060484,2.202312118797459,1.2404184614294846,1.57283626800415,0.6632501985662645,10.0,,,,,,,,,,False
158,B,LightGBM,21,40,1.012190588649126,0.7985479227678021,0.5676938862602597,0.9740827348015701,0.8696532227770739,7.142857142857143,,,,,,,,,,False
158,B,LinearRegression,21,40,0.06962547916594845,0.050880735888143,0.05399542095209033,0.24807177274120548,0.9884318417028624,1.4761904761904763,,,,,,,,,,False
158,B,MLP,21,40,0.6409080658230079,0.6124018998329478,0.1752755968684287,0.7936317626309637,0.9007493102081119,5.9523809523809526,,,,,,,,,,False
158,B,MODEL3-ICL-MC,21,39,0.11465390917157288,0.1037932591841673,0.08241113359244262,0.31643002450014057,0.980870116289488,2.8095238095238093,200.0,5.0,,,,,,,,False
158,B,RandomForest,21,40,0.6730248764357649,0.5773510815124532,0.5521213844573912,0.7741864231410274,0.9188686347244952,4.809523809523809,,,,,,,,,,False
158,B,Ridge,21,40,0.07054013205700656,0.0512660143663346,0.0538248631510611,0.2500883084848141,0.9883232130578935,1.7142857142857142,,,,,,,,,,False
158,B,SVR,21,40,1.750204587777226,1.2841283468336924,1.2062678759529413,1.2713859535778995,0.7875205282379079,8.857142857142858,,,,,,,,,,False
158,B,XGBoost,21,40,0.9031035526069348,0.7694725593223257,0.504504092855852,0.9232177603168856,0.8829827451701208,6.714285714285714,,,,,,,,,,False
158,D,CatBoost,12,39,1.4217774331009014,1.1065143749673543,1.1193177163150305,1.1251534601381075,0.8524960125913289,5.166666666666667,,,,,,,,,,False
158,D,FixedRidgeLambda1,12,39,0.06734226958685523,0.06456105145325886,0.02936241878015913,0.25348879784071654,0.9897349780525403,1.8333333333333333,,,,,,,,,,False
158,D,KNN,12,39,2.589822264967419,2.0325368202995397,1.6370450402892525,1.5411966634163372,0.7185687184656809,9.083333333333334,,,,,,,,,,False
158,D,LightGBM,12,39,1.5035650262274152,1.2775142264801598,0.771017581237264,1.1915408315109253,0.8215241226733397,6.25,,,,,,,,,,False
158,D,LinearRegression,12,39,0.065386067410229,0.061464047622418305,0.028849074398285306,0.24951159207474094,0.9899636431015199,1.5833333333333333,,,,,,,,,,False
158,D,MLP,12,39,0.757198406465684,0.757536276834913,0.23774589114914166,0.8610035296353636,0.8761856030794389,5.166666666666667,,,,,,,,,,False
158,D,MODEL3-ICL-MC,12,39,0.10010817449152933,0.1137857041499111,0.047113132450664244,0.3072902964032547,0.9866852524918158,2.5833333333333335,200.0,5.0,,,,,,,,False
158,D,RandomForest,12,39,2.0936236802141757,1.4123817887980399,1.82910428663735,1.3362496571235027,0.801266464914403,6.75,,,,,,,,,,False
158,D,Ridge,12,39,0.06734226958685523,0.06456105145325886,0.02936241878015913,0.25348879784071654,0.9897349780525403,1.8333333333333333,,,,,,,,,,False
158,D,SVR,12,39,2.579868349837087,2.395486214648388,2.179537397074065,1.4811778415085473,0.7583789843759142,7.916666666666667,,,,,,,,,,False
158,D,XGBoost,12,39,2.4299577506335823,1.7299874501511203,2.035928728355723,1.463372511370787,0.7436583286128834,8.666666666666666,,,,,,,,,,False
158,E,CatBoost,12,39,2.274694666590125,1.2529025451246718,1.778868921317688,1.4070427197857676,0.7990092513420303,5.666666666666667,,,,,,,,,,False
158,E,FixedRidgeLambda1,12,39,0.07235133831971023,0.05843913356586365,0.05401268425863492,0.2548187990931294,0.991286296346876,1.6666666666666667,,,,,,,,,,False
158,E,KNN,12,39,4.020724858436127,2.9466112981215633,2.548262966406396,1.9180213049445145,0.6246079805903607,8.75,,,,,,,,,,False
158,E,LightGBM,12,39,3.1442317528166086,3.0558755000862288,1.6469987508685728,1.720453095313971,0.701047417905861,7.833333333333333,,,,,,,,,,False
158,E,LinearRegression,12,39,0.07288077526423281,0.05595747999525115,0.056447193966723874,0.25494779717198485,0.9911986513059188,1.5,,,,,,,,,,False
158,E,MLP,12,39,0.7295248419094769,0.5872529997863136,0.3497083477489284,0.8331857422908501,0.9206912405251795,4.083333333333333,,,,,,,,,,False
158,E,MODEL3-ICL-MC,12,39,0.13194618436632485,0.11628945803072885,0.08089418246385552,0.3470415436486191,0.9854756207803209,2.8333333333333335,200.0,5.0,,,,,,,,False
158,E,RandomForest,12,39,2.9693270827090887,2.209342161491712,2.2797538020627846,1.6066346305836774,0.7289012704488566,6.5,,,,,,,,,,False
158,E,Ridge,12,39,0.07235133831971023,0.05843913356586365,0.05401268425863492,0.2548187990931294,0.991286296346876,1.6666666666666667,,,,,,,,,,False
158,E,SVR,12,39,4.150176912249407,3.2148651536305457,2.9712608128880147,1.9264263397851558,0.6278829319836111,8.166666666666666,,,,,,,,,,False
158,E,XGBoost,12,39,3.5497346802581906,2.829674354041976,2.031791846286081,1.8069649723918955,0.6545320384284622,8.0,,,,,,,,,,False
158,F,CatBoost,12,40,0.2754594407301136,0.2432756745630495,0.14885867535638056,0.5091519694570341,0.46078748621339294,5.916666666666667,,,,,,,,,,False
158,F,FixedRidgeLambda1,12,40,0.0609768908018232,0.05301505954051095,0.03861924112854182,0.2364307855086024,0.494309576467223,1.25,,,,,,,,,,False
158,F,KNN,12,40,1.2473932565197177,0.39414718936502635,1.723738711550865,0.9118725690162264,0.3155397932576709,8.0,,,,,,,,,,False
158,F,LightGBM,12,40,0.35047961131424005,0.3361730556272964,0.08447863883189392,0.5881787689498496,0.4504611178891624,7.583333333333333,,,,,,,,,,False
158,F,LinearRegression,12,40,0.061878661990019214,0.0536387126948368,0.03757102333044368,0.2389081995036685,0.49409675367585737,2.0833333333333335,,,,,,,,,,False
158,F,MLP,12,40,0.6699505977548625,0.6419779139277046,0.20820534295474405,0.8094453416742318,0.419553327908807,9.166666666666666,,,,,,,,,,False
158,F,MODEL3-ICL-MC,12,40,0.10351390052017535,0.08232967678430285,0.07566179671668906,0.3016318308020362,0.4900393906760952,3.5,200.0,5.0,,,,,,,,False
158,F,RandomForest,12,40,0.13550932709841637,0.11622546605998024,0.054313422454208206,0.3620633962759732,0.4760539841149385,3.5,,,,,,,,,,False
158,F,Ridge,12,40,0.0609768908018232,0.05301505954051095,0.03861924112854182,0.2364307855086024,0.494309576467223,1.25,,,,,,,,,,False
158,F,SVR,12,40,0.6641339896081051,0.23702690245234215,0.8349782971068335,0.6916596604757254,0.4105597155759197,6.5,,,,,,,,,,False
158,F,XGBoost,12,40,0.35501294178661585,0.3438879859923948,0.11026291032162407,0.5892883090249947,0.44127434465389337,7.5,,,,,,,,,,False
158,G,CatBoost,9,40,859.6289684715497,65.08829667120922,1365.5907987380608,20.324296628151924,-288.5589213272724,4.111111111111111,,,,,,,,,,False
158,G,FixedRidgeLambda1,9,40,789.1569445967351,438.37252349648287,1043.8115291375796,22.2286738059151,-231.54787472183227,3.6666666666666665,,,,,,,,,,False
158,G,KNN,9,40,7169.968230925659,1252.6158230659264,12118.469697001829,57.55202438347011,-2423.454828564867,8.0,,,,,,,,,,False
158,G,LightGBM,9,40,3835.8008995285363,2024.558176963533,5195.322332337614,47.222790529131515,-1164.4798540059396,7.666666666666667,,,,,,,,,,False
158,G,LinearRegression,9,40,798.448985348639,444.5098693184952,1054.5842216882327,22.36881073024814,-234.1033618400467,4.666666666666667,,,,,,,,,,False
158,G,MLP,9,40,7882.734294449865,5900.817026586095,10955.228651783338,68.38947054700283,-1184.6554786192291,9.0,,,,,,,,,,False
158,G,MODEL3-ICL-MC,9,40,1981.398542530219,799.8289541969501,2978.5930922092484,33.200586020459525,-473.67251254865096,5.111111111111111,200.0,5.0,,,,,,,,False
158,G,RandomForest,9,40,14596.035111357163,494.5423895920509,35417.928556184794,67.7719076447566,-5754.221877904629,6.333333333333333,,,,,,,,,,False
158,G,Ridge,9,40,789.1569445967351,438.37252349648287,1043.8115291375796,22.2286738059151,-231.54787472183227,3.6666666666666665,,,,,,,,,,False
158,G,SVR,9,40,3.079624326580603,1.7770532062687203,2.6569852302978654,1.6006827063223847,0.6946296670688429,1.3333333333333333,,,,,,,,,,False
158,G,XGBoost,9,40,4046.4342594356663,80.72345158581086,10012.504849000128,32.827368737937825,-320.8650448463493,5.111111111111111,,,,,,,,,,False
158,H,CatBoost,6,39,0.9616312452038991,0.8873497494402133,0.20557724372480887,0.9765546822372247,0.7098381376349993,5.833333333333333,,,,,,,,,,False
158,H,FixedRidgeLambda1,6,39,0.06806908300471883,0.06115763213951039,0.03613313760940477,0.25262902695787354,0.9771632599768454,1.8333333333333333,,,,,,,,,,False
158,H,KNN,6,39,1.6758358860263127,1.5454422229595748,0.5710063311066234,1.279578163521693,0.5375675465826678,9.166666666666666,,,,,,,,,,False
158,H,LightGBM,6,39,1.272941567396458,1.1353836004270628,0.40254045854125203,1.1184560246642947,0.6262525151585175,7.5,,,,,,,,,,False
158,H,LinearRegression,6,39,0.07065102223177191,0.06879408628417925,0.034113800233492884,0.25889471219782634,0.9770185271825366,2.0,,,,,,,,,,False
158,H,MLP,6,39,0.5537460256582901,0.533384886968328,0.21396616255908918,0.73341518133096,0.8489435719940216,4.0,,,,,,,,,,False
158,H,MODEL3-ICL-MC,6,39,0.07793599931679428,0.0600547145793079,0.04917762588933116,0.2679549942170604,0.9720822445773195,2.1666666666666665,200.0,5.0,,,,,,,,False
158,H,RandomForest,6,39,1.3736522680209051,1.3075366417541252,0.341089604678582,1.1648164357012372,0.6027915451618009,7.666666666666667,,,,,,,,,,False
158,H,Ridge,6,39,0.06806908300471883,0.06115763213951039,0.03613313760940477,0.25262902695787354,0.9771632599768454,1.8333333333333333,,,,,,,,,,False
158,H,SVR,6,39,0.9230842362679775,0.7780557455202634,0.3096070016772244,0.950428600751749,0.7354655362272237,5.5,,,,,,,,,,False
158,H,XGBoost,6,39,1.714002264619287,1.6591695039756513,0.3830333916392004,1.3024745542833578,0.49723754818875116,9.333333333333334,,,,,,,,,,False
159,A,CatBoost,15,40,2.7643552255094073,1.7725226627764452,1.933143679464683,1.5726635280566097,0.7943585192568744,5.666666666666667,,,,,,,,,,False
159,A,FixedRidgeLambda1,15,40,0.07134901305862544,0.0592542576527552,0.03351826847396695,0.26056778538558684,0.9926592512264185,1.6,,,,,,,,,,False
159,A,KNN,15,40,4.81152629433642,3.321685403087021,2.637984039331251,2.119526055621584,0.6166416862584886,9.266666666666667,,,,,,,,,,False
159,A,LightGBM,15,40,2.8164478777778785,2.276698460369354,1.3186151138590667,1.6358501172773698,0.7600948548307683,6.2,,,,,,,,,,False
159,A,LinearRegression,15,40,0.07103023163084704,0.059253352152999,0.03414032852528106,0.25990397796197473,0.9926188953935636,1.6666666666666667,,,,,,,,,,False
159,A,MLP,15,40,0.6973354177441909,0.7075489606121454,0.22445459996990505,0.8250749989035725,0.922772263914469,4.133333333333334,,,,,,,,,,False
159,A,MODEL3-ICL-MC,15,40,0.09927079745026987,0.0970416545144887,0.04213574382693376,0.3078503899676359,0.9892992479962239,2.7333333333333334,200.0,5.0,,,,,,,,False
159,A,RandomForest,15,40,4.113404037500184,3.054956834055157,2.4172168860347085,1.9542394305257935,0.6720774615684076,8.0,,,,,,,,,,False
159,A,Ridge,15,40,0.07134901305862544,0.0592542576527552,0.03351826847396695,0.26056778538558684,0.9926592512264185,1.6,,,,,,,,,,False
159,A,SVR,15,40,3.9264215601474866,2.174888570919312,3.212899802329345,1.8374039547932381,0.728445257296669,6.866666666666666,,,,,,,,,,False
159,A,XGBoost,15,40,4.5010042070231115,4.455732683739117,1.9713131418723362,2.073191276291428,0.6184445742244798,8.866666666666667,,,,,,,,,,False
159,B,CatBoost,3,40,0.30678926096520837,0.2837126300825049,0.054651126832159315,0.5524755697178793,0.9330990080412226,4.666666666666667,,,,,,,,,,False
159,B,FixedRidgeLambda1,3,40,0.047193155216861994,0.0392313839794689,0.018676756249132634,0.21458242303388653,0.9891718388817411,1.0,,,,,,,,,,False
159,B,KNN,3,40,0.9205722948013236,0.9406399098840488,0.050385959509290514,0.9592215357602133,0.794778024436324,9.666666666666666,,,,,,,,,,False
159,B,LightGBM,3,40,0.7659514928704204,0.6582307412493131,0.28893886083039283,0.8653553047561754,0.8224595773584507,8.333333333333334,,,,,,,,,,False
159,B,LinearRegression,3,40,0.05246493327590357,0.0441393717060344,0.019175969239721476,0.22665919461580927,0.9879841864912788,2.0,,,,,,,,,,False
159,B,MLP,3,40,0.7789394357614675,0.8326384279148382,0.12004162578004945,0.8807420444893408,0.8276325483465984,7.666666666666667,,,,,,,,,,False
159,B,MODEL3-ICL-MC,3,40,0.0664489108074845,0.0542999986371718,0.03128565785274168,0.2532953930327439,0.9847007292894866,3.0,200.0,5.0,,,,,,,,False
159,B,RandomForest,3,40,0.2465935558234388,0.2558458454193024,0.05338575694107846,0.49455835784520774,0.9437031602243561,4.333333333333333,,,,,,,,,,False
159,B,Ridge,3,40,0.047193155216861994,0.0392313839794689,0.018676756249132634,0.21458242303388653,0.9891718388817411,1.0,,,,,,,,,,False
159,B,SVR,3,40,0.6249350643250696,0.5622094301157394,0.2765720682616485,0.7778133552131603,0.8673286337836208,7.333333333333333,,,,,,,,,,False
159,B,XGBoost,3,40,0.5034691973566133,0.4429815933708798,0.16434683245396423,0.7035631361780729,0.8853617404691914,7.0,,,,,,,,,,False
159,D,CatBoost,3,40,3.2318852884992766,3.223447921191706,0.4378224816659333,1.7949846773850326,0.8507212083072612,5.333333333333333,,,,,,,,,,False
159,D,FixedRidgeLambda1,3,40,0.08562514075907544,0.0773193472557978,0.019220920243275662,0.29144449080775076,0.9961569143855312,2.0,,,,,,,,,,False
159,D,KNN,3,40,5.69503044345671,5.552760567454149,0.9892271820231723,2.380481140162974,0.747661599561162,9.0,,,,,,,,,,False
159,D,LightGBM,3,40,3.67411908907398,4.093296183708404,0.863281395192623,1.9072219940027058,0.8296234976084195,5.666666666666667,,,,,,,,,,False
159,D,LinearRegression,3,40,0.06991535704260902,0.0619820335652175,0.016888148123796586,0.2631942018861064,0.996860905815273,1.0,,,,,,,,,,False
159,D,MLP,3,40,0.7291930749454248,0.7879839395535828,0.20221443227847855,0.8479967820350716,0.9670263342107158,4.0,,,,,,,,,,False
159,D,MODEL3-ICL-MC,3,40,0.15603811559849967,0.1618952959906468,0.0678350322671341,0.3881834828744412,0.9932289402296509,3.0,200.0,5.0,,,,,,,,False
159,D,RandomForest,3,40,5.808182776866466,5.761733893967586,0.5923535748451404,2.407933980317814,0.7339621509377308,9.0,,,,,,,,,,False
159,D,Ridge,3,40,0.08562514075907544,0.0773193472557978,0.019220920243275662,0.29144449080775076,0.9961569143855312,2.0,,,,,,,,,,False
159,D,SVR,3,40,5.1982129605479015,5.562082800708385,0.9419527547908737,2.2733694108444245,0.7694516105098458,8.333333333333334,,,,,,,,,,False
159,D,XGBoost,3,40,4.908280095779514,4.786951200145749,0.8365578610835339,2.2101507297997425,0.7721529893568763,7.666666666666667,,,,,,,,,,False
159,E,CatBoost,3,40,0.3719610606544465,0.411438169098248,0.14478493508474452,0.601146048978266,0.8664879387968017,4.666666666666667,,,,,,,,,,False
159,E,FixedRidgeLambda1,3,40,0.04059742018613677,0.0356047942355429,0.010828552262434756,0.20035716542679957,0.9848209555430224,1.6666666666666667,,,,,,,,,,False
159,E,KNN,3,40,0.507019173040543,0.522702002438045,0.0294082275048291,0.7118496282967236,0.8112344108975562,6.666666666666667,,,,,,,,,,False
159,E,LightGBM,3,40,0.738879955884399,0.7761339688842692,0.1651972415285528,0.8558096422779585,0.7311867999918809,8.666666666666666,,,,,,,,,,False
159,E,LinearRegression,3,40,0.044707819012400035,0.0390684887366621,0.011125185719720668,0.21040950970334957,0.98332163352358,2.6666666666666665,,,,,,,,,,False
159,E,MLP,3,40,1.0555964113369292,1.0593782198176966,0.33235166193353854,1.0186328229764101,0.6268664450942215,10.0,,,,,,,,,,False
159,E,MODEL3-ICL-MC,3,40,0.0441790382638281,0.0507083857414966,0.012749548309087904,0.20856213956086603,0.9841959101102793,1.6666666666666667,200.0,5.0,,,,,,,,False
159,E,RandomForest,3,40,0.34361049551735423,0.3750391164218593,0.106624432164194,0.5810121626739972,0.8760283342966156,4.333333333333333,,,,,,,,,,False
159,E,Ridge,3,40,0.04059742018613677,0.0356047942355429,0.010828552262434756,0.20035716542679957,0.9848209555430224,1.6666666666666667,,,,,,,,,,False
159,E,SVR,3,40,0.7558323798863706,0.799888373354019,0.32109448887117464,0.8548441825173722,0.736522637462326,8.0,,,,,,,,,,False
159,E,XGBoost,3,40,0.590274797598221,0.7204659855547753,0.23443462004002252,0.7563299445275353,0.7907439564560694,6.666666666666667,,,,,,,,,,False
159,F,CatBoost,6,40,0.2730004464245425,0.2604304621037262,0.09213158561634492,0.5166693172340485,0.4446805029584527,6.5,,,,,,,,,,False
159,F,FixedRidgeLambda1,6,40,0.046009281404006765,0.0433125871695624,0.009369826198095704,0.21363024942789802,0.4914951151113404,1.6666666666666667,,,,,,,,,,False
159,F,KNN,6,40,0.5777102488246705,0.5745405290276226,0.393007504698106,0.7178503994362421,0.3431581497552558,8.333333333333334,,,,,,,,,,False
159,F,LightGBM,6,40,0.29874256553678485,0.3207968736293709,0.06115322365982529,0.5440471893253089,0.4490486214119009,7.166666666666667,,,,,,,,,,False
159,F,LinearRegression,6,40,0.04592102507253242,0.0435098949114295,0.009135401757954237,0.21345314066933985,0.49160850506336157,2.0,,,,,,,,,,False
159,F,MLP,6,40,0.648107748711392,0.6169490877678525,0.21462047699018494,0.7957016989122665,0.4188703501981501,9.0,,,,,,,,,,False
159,F,MODEL3-ICL-MC,6,40,0.06662768507072493,0.06357683730633736,0.023759797548419826,0.25429400857972,0.4878662824146313,2.3333333333333335,200.0,5.0,,,,,,,,False
159,F,RandomForest,6,40,0.1307304521709989,0.13128507012326196,0.030198765042908717,0.3595136990076578,0.4767959067206146,4.333333333333333,,,,,,,,,,False
159,F,Ridge,6,40,0.046009281404006765,0.0433125871695624,0.009369826198095704,0.21363024942789802,0.4914951151113404,1.6666666666666667,,,,,,,,,,False
159,F,SVR,6,40,0.30486230896029937,0.2836025532162816,0.18923714346231957,0.5272657962584271,0.4221303734015936,6.166666666666667,,,,,,,,,,False
159,F,XGBoost,6,40,0.3290166726582711,0.2804243731851743,0.13730519150829876,0.5652750173464075,0.4365379831784327,7.5,,,,,,,,,,False
159,G,CatBoost,6,40,35.578880598149,17.946734754022035,49.45096609226651,5.016378330803007,-5.46275159748921,4.5,,,,,,,,,,False
159,G,FixedRidgeLambda1,6,40,32.34735622939706,16.58075924515729,39.35184538723358,4.628013336186725,-5.482686052896107,3.0,,,,,,,,,,False
159,G,KNN,6,40,539.6224625589257,61.831296882340375,883.5789458545298,16.44993595067862,-119.96553568989889,8.333333333333334,,,,,,,,,,False
159,G,LightGBM,6,40,97.61252427275423,55.88878608743448,100.04186828287357,8.536437476505494,-17.349843746025773,7.666666666666667,,,,,,,,,,False
159,G,LinearRegression,6,40,32.72566457154297,16.914418816345453,39.684156628334854,4.660193180359697,-5.548444641662378,3.8333333333333335,,,,,,,,,,False
159,G,MLP,6,40,883.950865057588,322.6281565102785,1360.6123267404541,23.183033068367184,-183.75506175627933,9.833333333333334,,,,,,,,,,False
159,G,MODEL3-ICL-MC,6,40,46.80713689385262,32.825077475011796,52.952670319896676,5.738198710235202,-7.613578670823945,5.0,200.0,5.0,,,,,,,,False
159,G,RandomForest,6,40,27.540761447166222,24.211466307587894,24.007984361596822,4.692205945722816,-1.8513950239359571,5.166666666666667,,,,,,,,,,False
159,G,Ridge,6,40,32.34735622939706,16.58075924515729,39.35184538723358,4.628013336186725,-5.482686052896107,3.0,,,,,,,,,,False
159,G,SVR,6,40,4.593831070746906,3.542013758692827,4.569908042645719,1.923066661979803,0.6609033608299631,2.1666666666666665,,,,,,,,,,False
159,G,XGBoost,6,40,58.19933258472046,17.791552636860533,94.0544282529565,5.924998893562997,-3.561536771706324,5.5,,,,,,,,,,False
160,A,CatBoost,6,40,1.0562542160168815,0.8872117775133816,0.4276489551559501,1.0125738757758602,0.852599793297581,5.0,,,,,,,,,,False
160,A,FixedRidgeLambda1,6,40,0.05342776474920055,0.05536093754478355,0.021275315363057004,0.22704949064157456,0.9899214766489152,2.0,,,,,,,,,,False
160,A,KNN,6,40,2.4789790772994693,2.0897062093208145,1.5111015909279115,1.5139260440094793,0.6984424112948163,9.333333333333334,,,,,,,,,,False
160,A,LightGBM,6,40,1.3509902676983734,1.2934800566842033,0.592738580754516,1.1397809739170779,0.8176657085409639,6.666666666666667,,,,,,,,,,False
160,A,LinearRegression,6,40,0.05231339581454845,0.05397784863180555,0.021121542732735622,0.22453206868912293,0.9901221662252461,1.6666666666666667,,,,,,,,,,False
160,A,MLP,6,40,0.7381820468020205,0.7186407780060162,0.1642898610532271,0.8544525026232616,0.888869738755287,4.5,,,,,,,,,,False
160,A,MODEL3-ICL-MC,6,40,0.06548263335633879,0.0566481010047853,0.033480532339769754,0.24968836286144927,0.9879324605852878,2.3333333333333335,200.0,5.0,,,,,,,,False
160,A,RandomForest,6,40,1.6372832597102385,1.6220102966754257,0.415265223548897,1.2708343211615234,0.7613466211017609,8.333333333333334,,,,,,,,,,False
160,A,Ridge,6,40,0.05342776474920055,0.05536093754478355,0.021275315363057004,0.22704949064157456,0.9899214766489152,2.0,,,,,,,,,,False
160,A,SVR,6,40,1.6866698814228718,1.0612185837202723,1.5850611550004523,1.2141854026523111,0.8063900626807156,6.666666666666667,,,,,,,,,,False
160,A,XGBoost,6,40,1.7398474377148625,1.6343061998319737,0.5337819352367457,1.305791492865595,0.745077460351248,8.5,,,,,,,,,,False
160,B,CatBoost,3,40,0.4920362810286529,0.4966383932582069,0.04257121716622197,0.7010113226756651,0.8622083072330415,5.333333333333333,,,,,,,,,,False
160,B,FixedRidgeLambda1,3,40,0.047195087032609696,0.0492577072681287,0.010525070479217644,0.21630008256995117,0.9868880047912363,2.0,,,,,,,,,,False
160,B,KNN,3,40,1.1701885829291887,1.2091140822344104,0.09309391007539834,1.0811690904327336,0.6694226043241834,10.0,,,,,,,,,,False
160,B,LightGBM,3,40,0.5696106395078931,0.5146654736486893,0.10296840671519306,0.7527578284890718,0.8396017364110001,6.666666666666667,,,,,,,,,,False
160,B,LinearRegression,3,40,0.045636847464102036,0.0484627112875712,0.009978430910514707,0.2127259922172189,0.9873150531575644,1.0,,,,,,,,,,False
160,B,MLP,3,40,0.607534841208674,0.6221720467468514,0.047253158921312134,0.7790450831810358,0.8295567372708055,7.333333333333333,,,,,,,,,,False
160,B,MODEL3-ICL-MC,3,40,0.061308713711459996,0.0641222780853597,0.018081659059557442,0.2456955470145882,0.9830405778354397,3.0,200.0,5.0,,,,,,,,False
160,B,RandomForest,3,40,0.24630246303151923,0.2093144734433922,0.09119940776502468,0.4909463084362806,0.9320871558950389,4.0,,,,,,,,,,False
160,B,Ridge,3,40,0.047195087032609696,0.0492577072681287,0.010525070479217644,0.21630008256995117,0.9868880047912363,2.0,,,,,,,,,,False
160,B,SVR,3,40,0.754423667545807,0.7655532479377747,0.07072304231751575,0.8679309026380054,0.7888127589101165,9.0,,,,,,,,,,False
160,B,XGBoost,3,40,0.581948063430764,0.529593020558729,0.13514491989898128,0.759571739094891,0.8383066445270245,6.666666666666667,,,,,,,,,,False
160,D,CatBoost,9,40,1.9022229920334164,1.6147361817773127,1.413617991354829,1.288433498463046,0.8257671644380111,5.888888888888889,,,,,,,,,,False
160,D,FixedRidgeLambda1,9,40,0.10853710564429914,0.0916597296394842,0.05672803695177129,0.3187053168880473,0.9889073360072231,1.8888888888888888,,,,,,,,,,False
160,D,KNN,9,40,3.3622811861816846,3.741662851042841,2.1612614727038975,1.7380491788755994,0.6887705033891813,9.333333333333334,,,,,,,,,,False
160,D,LightGBM,9,40,1.9295232937669766,1.945694788190434,1.071155844090174,1.3343487403548893,0.8090252377207232,6.444444444444445,,,,,,,,,,False
160,D,LinearRegression,9,40,0.11161197539130296,0.0914418983068292,0.06274833761693398,0.3216765440615875,0.9887828973705697,1.7777777777777777,,,,,,,,,,False
160,D,MLP,9,40,0.6554130719226295,0.6506365089494579,0.1416027755860094,0.805126844186451,0.9180522183639171,4.777777777777778,,,,,,,,,,False
160,D,MODEL3-ICL-MC,9,40,0.18015280184380666,0.18431680842931,0.10370370026068208,0.405768952336665,0.9807233877899573,2.3333333333333335,200.0,5.0,,,,,,,,False
160,D,RandomForest,9,40,2.5231957477684923,3.1585338774833085,1.571342506504018,1.4917756451126396,0.7650388346151152,7.222222222222222,,,,,,,,,,False
160,D,Ridge,9,40,0.10853710564429914,0.0916597296394842,0.05672803695177129,0.3187053168880473,0.9889073360072231,1.8888888888888888,,,,,,,,,,False
160,D,SVR,9,40,2.6109490366914825,2.660925557997588,2.1945173624029275,1.4895780799895442,0.7771805483315861,7.333333333333333,,,,,,,,,,False
160,D,XGBoost,9,40,2.755482272634386,2.7761854428575226,1.9485401773447872,1.5539629794145355,0.7484356820945797,8.0,,,,,,,,,,False
160,E,CatBoost,3,40,1.6589373333230852,1.7481390333455402,0.20942629926299547,1.286221122971938,0.7385165565143138,5.333333333333333,,,,,,,,,,False
160,E,FixedRidgeLambda1,3,40,0.09539528445763153,0.0843590870570716,0.03521866455845647,0.3054956415196819,0.9848859088438751,2.3333333333333335,,,,,,,,,,False
160,E,KNN,3,40,2.1968954342683666,2.041155373305647,0.4725224119318517,1.4766740046046196,0.6561243273201717,8.666666666666666,,,,,,,,,,False
160,E,LightGBM,3,40,1.9852449809594719,1.9124803716707297,0.3321117688249091,1.405759822694857,0.6887742406419234,7.0,,,,,,,,,,False
160,E,LinearRegression,3,40,0.09243789600408087,0.0797476880339496,0.03598448393993467,0.3003858729803734,0.9853421468189074,1.3333333333333333,,,,,,,,,,False
160,E,MLP,3,40,0.629604269779255,0.6048754920407813,0.2179074293960272,0.7854909273044569,0.901918103303737,4.0,,,,,,,,,,False
160,E,MODEL3-ICL-MC,3,40,0.11933314094591486,0.1242427439698088,0.03801882832855966,0.3423303970299385,0.9808399755634941,2.3333333333333335,200.0,5.0,,,,,,,,False
160,E,RandomForest,3,40,2.2124052586567213,2.0084670985349447,0.5782819039351781,1.4792983265446604,0.6550469708278409,9.0,,,,,,,,,,False
160,E,Ridge,3,40,0.09539528445763153,0.0843590870570716,0.03521866455845647,0.3054956415196819,0.9848859088438751,2.3333333333333335,,,,,,,,,,False
160,E,SVR,3,40,1.864831539948997,1.656202313960123,0.5473404174378751,1.3562568627499745,0.7097736210149806,6.333333333333333,,,,,,,,,,False
160,E,XGBoost,3,40,2.1802969962347816,2.1574754069227984,0.16405936797354428,1.4758903250551167,0.6563952730203807,8.666666666666666,,,,,,,,,,False
160,G,CatBoost,3,40,26.54822502854904,24.711901111529265,8.063774188110983,5.11376850898505,-1.6785359209103168,2.6666666666666665,,,,,,,,,,False
160,G,FixedRidgeLambda1,3,40,99.39031948738902,93.80716419808132,10.132178413517446,9.961062454596428,-8.163737690925494,4.333333333333333,,,,,,,,,,False
160,G,KNN,3,40,229.64849275609822,307.91096465394764,174.8483117820686,13.905846720476582,-21.384985239692515,5.666666666666667,,,,,,,,,,False
160,G,LightGBM,3,40,281.659254662829,352.55407364081714,167.23281881619067,16.113981130160795,-27.395246969593302,6.666666666666667,,,,,,,,,,False
160,G,LinearRegression,3,40,100.55216528149349,94.96266138056092,10.202451401128641,10.01919248946364,-8.272346342718167,5.333333333333333,,,,,,,,,,False
160,G,MLP,3,40,1757.3447993780574,1580.2393719229945,1347.6359115122325,39.56770547369984,-152.21598698002518,9.666666666666666,,,,,,,,,,False
160,G,MODEL3-ICL-MC,3,40,222.3819882844344,172.56754818668142,124.47674385346495,14.547158102972253,-18.086486338471776,7.333333333333333,200.0,5.0,,,,,,,,False
160,G,RandomForest,3,40,378.1441897584513,398.3731119879197,213.35376170289393,18.8406824463931,-39.82377599802263,7.666666666666667,,,,,,,,,,False
160,G,Ridge,3,40,99.39031948738902,93.80716419808132,10.132178413517446,9.961062454596428,-8.163737690925494,4.333333333333333,,,,,,,,,,False
160,G,SVR,3,40,4.492319405724282,3.913961983908396,2.7040539109930455,2.0544195874189803,0.6415046738771619,1.0,,,,,,,,,,False
160,G,XGBoost,3,40,2487.791496224209,17.727849470972206,4286.6860177503295,31.094674702009915,-199.20632028633338,4.666666666666667,,,,,,,,,,False
161,A,CatBoost,6,40,0.9652712507353723,0.8966138730599833,0.6921151815982722,0.9220630973521459,0.8103766430042619,5.5,,,,,,,,,,False
161,A,FixedRidgeLambda1,6,40,0.027267323211471812,0.0273061332250328,0.011310736779465341,0.16191488410284416,0.988030843781419,1.1666666666666667,,,,,,,,,,False
161,A,KNN,6,40,2.305053609081137,1.779975548506362,2.0743569747827535,1.369060427883124,0.6451308854970809,8.666666666666666,,,,,,,,,,False
161,A,LightGBM,6,40,1.250917085581565,1.199175849016142,0.8956130457463806,1.0501276480111026,0.7511561588653622,6.833333333333333,,,,,,,,,,False
161,A,LinearRegression,6,40,0.028664553439303617,0.02768660280670385,0.012516542086329052,0.1657948414712438,0.9879405746191856,1.8333333333333333,,,,,,,,,,False
161,A,MLP,6,40,0.6627499133527671,0.7001803562182973,0.14091744180385238,0.8099122899631644,0.7154900273863755,6.833333333333333,,,,,,,,,,False
161,A,MODEL3-ICL-MC,6,40,0.053714981806952396,0.0525020854813956,0.030406331930019598,0.22402676509053376,0.980255854797524,3.0,200.0,5.0,,,,,,,,False
161,A,RandomForest,6,40,1.9505826529942467,1.6875452897963024,1.7980398086602116,1.2320967691739753,0.736185484824258,6.833333333333333,,,,,,,,,,False
161,A,Ridge,6,40,0.027267323211471812,0.0273061332250328,0.011310736779465341,0.16191488410284416,0.988030843781419,1.1666666666666667,,,,,,,,,,False
161,A,SVR,6,40,1.2497251922280825,0.784126859332315,1.4094891731809036,0.9891869818898921,0.8111173016720263,5.0,,,,,,,,,,False
161,A,XGBoost,6,40,2.6070582050931814,2.2270722875340914,2.2871039210638124,1.4501365592064321,0.6067258896053302,9.333333333333334,,,,,,,,,,False
161,B,CatBoost,3,40,0.6089463447216007,0.6036327550400777,0.1732846297684938,0.7749816394090057,0.9275421926002565,6.0,,,,,,,,,,False
161,B,FixedRidgeLambda1,3,40,0.0642069963339655,0.0645651816123559,0.01541102357952005,0.2521466055808514,0.9919476875599843,2.3333333333333335,,,,,,,,,,False
161,B,KNN,3,40,2.411175001536803,2.5360753619957874,0.4288869769154313,1.548511478837783,0.7087799125414231,10.0,,,,,,,,,,False
161,B,LightGBM,3,40,0.9625677397244948,0.9612214081107936,0.21077828539693264,0.9771290204537258,0.8794936555716634,7.666666666666667,,,,,,,,,,False
161,B,LinearRegression,3,40,0.058836868059247795,0.0602347482271749,0.014096812640505153,0.241359930218089,0.9926054008908349,1.3333333333333333,,,,,,,,,,False
161,B,MLP,3,40,0.7208482725447003,0.7727142332073086,0.2024758887667331,0.8430027267328511,0.9108797608172686,7.0,,,,,,,,,,False
161,B,MODEL3-ICL-MC,3,40,0.07258342606890433,0.0780311858348366,0.022743928291991216,0.26701093154296973,0.9913369625022778,2.3333333333333335,200.0,5.0,,,,,,,,False
161,B,RandomForest,3,40,0.3102845752595625,0.2789577828418264,0.09119717453802481,0.5531937093920608,0.9615180409795817,4.0,,,,,,,,,,False
161,B,Ridge,3,40,0.0642069963339655,0.0645651816123559,0.01541102357952005,0.2521466055808514,0.9919476875599843,2.3333333333333335,,,,,,,,,,False
161,B,SVR,3,40,1.570432986221287,1.5042245595095696,0.849709728104757,1.2204937986631925,0.820099788109314,8.333333333333334,,,,,,,,,,False
161,B,XGBoost,3,40,0.6340162862208923,0.7515047642633765,0.21385337473421448,0.7876125053106264,0.9185699127569048,6.0,,,,,,,,,,False
161,D,CatBoost,9,40,2.1637819565947685,0.6205062435123743,2.5612965478050893,1.2443931393369057,0.7855282370804262,5.666666666666667,,,,,,,,,,False
161,D,FixedRidgeLambda1,9,40,0.06366349231707409,0.0616011983377711,0.024976574670572387,0.2469890997237134,0.9871256056599146,1.5555555555555556,,,,,,,,,,False
161,D,KNN,9,40,3.6634038585758457,0.985912617394799,4.304163109798723,1.626118447163005,0.6444998622184683,8.88888888888889,,,,,,,,,,False
161,D,LightGBM,9,40,1.837067133855542,0.8453813689804515,1.619233404468695,1.242969453282784,0.7596207596658109,6.555555555555555,,,,,,,,,,False
161,D,LinearRegression,9,40,0.06180625549322253,0.0628547043946113,0.02125237843235167,0.24466705038606193,0.9867363448802116,2.0,,,,,,,,,,False
161,D,MLP,9,40,0.6717498818043519,0.810031925483101,0.3150743708763506,0.7937318317655443,0.8613729547094396,5.444444444444445,,,,,,,,,,False
161,D,MODEL3-ICL-MC,9,40,0.09424144149535417,0.070876774065908,0.06419710338021012,0.29120255892202823,0.9857887585722318,2.4444444444444446,200.0,5.0,,,,,,,,False
161,D,RandomForest,9,40,3.2610565874613386,0.8639309390233688,3.872325346023968,1.5126376418086318,0.6855310662675682,7.555555555555555,,,,,,,,,,False
161,D,Ridge,9,40,0.06366349231707409,0.0616011983377711,0.024976574670572387,0.2469890997237134,0.9871256056599146,1.5555555555555556,,,,,,,,,,False
161,D,SVR,9,40,2.3127907915170134,0.5466194692382415,2.9091988954111403,1.2634091033710795,0.7938381342801148,5.888888888888889,,,,,,,,,,False
161,D,XGBoost,9,40,3.122258480223086,1.0143248300927237,3.1986362616459716,1.5679619821725856,0.6441608246557564,9.0,,,,,,,,,,False
161,G,CatBoost,3,40,30.012903950972213,34.502256403401,19.33766047226508,5.226390535103457,-1.2284479067678054,2.6666666666666665,,,,,,,,,,False
161,G,FixedRidgeLambda1,3,40,192.9703734009041,205.09779960956976,32.751104017930125,13.856341452587783,-16.3299049071974,5.333333333333333,,,,,,,,,,False
161,G,KNN,3,40,273.196269521682,196.30269022192505,133.40991220750067,16.227394608482147,-20.24875841300673,6.0,,,,,,,,,,False
161,G,LightGBM,3,40,383.291245567482,390.24975853050034,88.3333400159338,19.48847400402092,-32.810793824119905,8.0,,,,,,,,,,False
161,G,LinearRegression,3,40,195.99133658436463,208.61500959526705,33.24552214160031,13.96439740453117,-16.599443408665174,6.333333333333333,,,,,,,,,,False
161,G,MLP,3,40,1367.106724185173,1187.928163543123,761.4675666820987,36.02074695160929,-106.35713625308956,9.666666666666666,,,,,,,,,,False
161,G,MODEL3-ICL-MC,3,40,199.528580474947,209.26820613463624,43.860812965225904,14.065642586204431,-15.748789089444204,6.0,200.0,5.0,,,,,,,,False
161,G,RandomForest,3,40,85.6058796704397,94.0565448838938,74.22774078074366,8.299776394847882,-5.64794130704544,3.0,,,,,,,,,,False
161,G,Ridge,3,40,192.9703734009041,205.09779960956976,32.751104017930125,13.856341452587783,-16.3299049071974,5.333333333333333,,,,,,,,,,False
161,G,SVR,3,40,4.331613347368102,3.881833703529156,1.8551832843794345,2.0500968921214913,0.6616860361539953,1.0,,,,,,,,,,False
161,G,XGBoost,3,40,507.1467691283071,723.4207007747827,434.2602091593828,19.23474829207579,-35.430567063208755,7.0,,,,,,,,,,False
161,H,CatBoost,12,40,1.9517312164780203,1.3717655077155977,1.3061674233574871,1.328251266756236,0.8272367972790359,5.75,,,,,,,,,,False
161,H,FixedRidgeLambda1,12,40,0.06379245565805146,0.058006230425037,0.030807676948685678,0.24569746991220956,0.993495613740054,1.25,,,,,,,,,,False
161,H,KNN,12,40,3.905148681290419,2.3734600874213987,2.702416636820858,1.8623769717167944,0.6684555897506801,9.083333333333334,,,,,,,,,,False
161,H,LightGBM,12,40,1.9336176419197217,1.3689108586838294,1.4335382318788081,1.320087970516121,0.8228757194561002,5.916666666666667,,,,,,,,,,False
161,H,LinearRegression,12,40,0.0699728876982325,0.06542260980406314,0.02837886720137384,0.2593691091471341,0.9925332857404711,2.0,,,,,,,,,,False
161,H,MLP,12,40,0.6559851098990944,0.631772764328746,0.15128855858135434,0.8049360866849248,0.9100154667003072,4.166666666666667,,,,,,,,,,False
161,H,MODEL3-ICL-MC,12,40,0.12858056430282436,0.076552608883197,0.09495194150869675,0.33852356629426633,0.9869069105580345,2.75,200.0,5.0,,,,,,,,False
161,H,RandomForest,12,40,3.3278156430755694,2.349999760020666,2.7553398330485797,1.6957878063114034,0.7285774342634878,7.916666666666667,,,,,,,,,,False
161,H,Ridge,12,40,0.06379245565805146,0.058006230425037,0.030807676948685678,0.24569746991220956,0.993495613740054,1.25,,,,,,,,,,False
161,H,SVR,12,40,2.8920361268029873,1.489396092877516,2.293282177121717,1.5716953019321345,0.7770307652066033,7.0,,,,,,,,,,False
161,H,XGBoost,12,40,3.9290614253459526,2.721065182157498,3.1056956802062663,1.8560678140468079,0.6632609548880468,9.166666666666666,,,,,,,,,,False
162,A,CatBoost,9,41,1.3786980862369713,1.197984692633942,0.5182103164477339,1.156652513147071,0.7574795324649402,5.444444444444445,,,,,,,,,,False
162,A,FixedRidgeLambda1,9,41,0.1442641959203922,0.1281689486336113,0.05736399648013728,0.37264622846526607,0.9700067226094666,1.4444444444444444,,,,,,,,,,False
162,A,KNN,9,41,2.6773936883388583,2.506955347134785,0.9487039094648899,1.6128117003979938,0.5406533752201784,9.444444444444445,,,,,,,,,,False
162,A,LightGBM,9,41,1.42084595852464,1.383807636302694,0.4339429173551317,1.1808819720060062,0.7472214869961786,6.111111111111111,,,,,,,,,,False
162,A,LinearRegression,9,41,0.14411368446482326,0.1302507559979891,0.058668393128984204,0.3721300980323747,0.9698821215081936,1.5555555555555556,,,,,,,,,,False
162,A,MLP,9,41,0.740819242948389,0.6991443019441391,0.161218090215388,0.8562693919881111,0.8577497168021554,4.333333333333333,,,,,,,,,,False
162,A,MODEL3-ICL-MC,9,41,0.20578275788259529,0.1913513292337794,0.056276597869011666,0.45009850583789945,0.9590625285765603,3.0,200.0,5.0,,,,,,,,False
162,A,RandomForest,9,41,2.136946715515544,1.688063519561409,0.8577225480234237,1.4373583006314765,0.6201585436823316,8.11111111111111,,,,,,,,,,False
162,A,Ridge,9,41,0.1442641959203922,0.1281689486336113,0.05736399648013728,0.37264622846526607,0.9700067226094666,1.4444444444444444,,,,,,,,,,False
162,A,SVR,9,41,1.6421536220100734,1.4339794214389086,0.7397251144321462,1.253661239351555,0.7235105277737396,6.555555555555555,,,,,,,,,,False
162,A,XGBoost,9,41,2.44502450211364,2.33553439044951,0.7215027520597995,1.5504339184323106,0.5591739237158126,9.0,,,,,,,,,,False
162,B,CatBoost,3,40,0.8145663376099943,0.7107828393055667,0.3635184152065781,0.8880393147563934,0.913217194082034,5.666666666666667,,,,,,,,,,False
162,B,FixedRidgeLambda1,3,40,0.1036373744181468,0.0871575962689265,0.044843332090316754,0.31717391641606946,0.9879831482342514,2.0,,,,,,,,,,False
162,B,KNN,3,40,3.110703426322191,2.817795998814945,0.5625698238236003,1.7591148611391978,0.6591559310539062,10.0,,,,,,,,,,False
162,B,LightGBM,3,40,1.109779766732314,1.0429037310745308,0.18899324140094517,1.050994220481184,0.8779690931117488,8.0,,,,,,,,,,False
162,B,LinearRegression,3,40,0.10386032724781259,0.0859482540544947,0.04730322291446515,0.31701734185002406,0.9879341842203356,1.6666666666666667,,,,,,,,,,False
162,B,MLP,3,40,0.6106204971796648,0.6287012516076251,0.036761893853496715,0.7811818224067624,0.9316440198831937,5.0,,,,,,,,,,False
162,B,MODEL3-ICL-MC,3,40,0.12663035192451574,0.1262035793645861,0.02048069237030747,0.35507144189343504,0.9860155800307688,2.3333333333333335,200.0,5.0,,,,,,,,False
162,B,RandomForest,3,40,0.6168732437646732,0.5146451828110499,0.2711446340871455,0.7734730381546022,0.9336033794943589,4.666666666666667,,,,,,,,,,False
162,B,Ridge,3,40,0.1036373744181468,0.0871575962689265,0.044843332090316754,0.31717391641606946,0.9879831482342514,2.0,,,,,,,,,,False
162,B,SVR,3,40,1.567876392451889,1.737977008479471,0.38793905010991786,1.2451937819743668,0.8293468473355124,9.0,,,,,,,,,,False
162,B,XGBoost,3,40,0.9971472766977394,0.9215484544967794,0.1835766202866025,0.9958582414190184,0.8908566669356118,6.666666666666667,,,,,,,,,,False
162,C,CatBoost,12,40,2.0940083787020716,1.480450646990731,1.5166873847973852,1.372147322040373,0.648252357278506,5.166666666666667,,,,,,,,,,False
162,C,FixedRidgeLambda1,12,40,0.27012927869618836,0.273192628448308,0.14993616163340767,0.500641146973638,0.9139754551689716,1.5833333333333333,,,,,,,,,,False
162,C,KNN,12,40,3.291658989298387,2.948217780384547,1.8106804272135248,1.7557959031223087,0.38775661369962694,8.0,,,,,,,,,,False
162,C,LightGBM,12,40,2.63204581378106,2.263699575073308,1.1586803877509548,1.5901311443824098,0.4253854506678976,7.166666666666667,,,,,,,,,,False
162,C,LinearRegression,12,40,0.27162746492420586,0.2709555602887515,0.15008580003184877,0.5023103567793806,0.9139562247960246,1.5833333333333333,,,,,,,,,,False
162,C,MLP,12,40,4.602655612286155,2.8616951134811917,4.394779948644755,1.9810230914022364,-0.5106368063191794,7.5,,,,,,,,,,False
162,C,MODEL3-ICL-MC,12,40,0.4446826564157678,0.46711508022873127,0.1907254533814531,0.6480496683875243,0.8704183470109489,3.0833333333333335,200.0,5.0,,,,,,,,False
162,C,RandomForest,12,40,3.6245619921064804,2.191277364979227,2.6770578845895905,1.7763735366233544,0.24028015415931533,7.416666666666667,,,,,,,,,,False
162,C,Ridge,12,40,0.27012927869618836,0.273192628448308,0.14993616163340767,0.500641146973638,0.9139754551689716,1.5833333333333333,,,,,,,,,,False
162,C,SVR,12,40,2.0583342874451866,0.9985775718145827,2.2109083634091355,1.2781740360933982,0.7439729980795087,4.75,,,,,,,,,,False
162,C,XGBoost,12,40,7.132762854231764,3.9179030157745753,8.26239755707202,2.3525115926842166,-0.9314284459677321,8.75,,,,,,,,,,False
162,D,CatBoost,6,40,1.685312436410064,1.7717407444022129,0.7721335703943445,1.266347234418402,0.8384011008758535,5.5,,,,,,,,,,False
162,D,FixedRidgeLambda1,6,40,0.12321456159768258,0.1169934149760004,0.053644820646348956,0.344481132600126,0.9876234188179421,1.6666666666666667,,,,,,,,,,False
162,D,KNN,6,40,3.0553859395145757,3.0751562095492835,1.002794462413391,1.727705092347428,0.6920621331173509,9.333333333333334,,,,,,,,,,False
162,D,LightGBM,6,40,1.6599815923528087,1.614756610494723,0.7629698861065799,1.2592746475094483,0.8392954847351688,5.5,,,,,,,,,,False
162,D,LinearRegression,6,40,0.12493563848244671,0.11681201844702485,0.05664033422106821,0.34626630529337343,0.9875239495225966,2.1666666666666665,,,,,,,,,,False
162,D,MLP,6,40,0.7496515129178417,0.6775836865507422,0.2440569101833227,0.8565062321323769,0.9234226732049873,4.0,,,,,,,,,,False
162,D,MODEL3-ICL-MC,6,40,0.15055506528491633,0.1476602113474229,0.07585722052867418,0.37697375912941594,0.9856495149589706,2.1666666666666665,200.0,5.0,,,,,,,,False
162,D,RandomForest,6,40,2.6738449603465972,2.397903515568067,1.279576785414339,1.5943332773885677,0.7450016980112868,8.5,,,,,,,,,,False
162,D,Ridge,6,40,0.12321456159768258,0.1169934149760004,0.053644820646348956,0.344481132600126,0.9876234188179421,1.6666666666666667,,,,,,,,,,False
162,D,SVR,6,40,2.261285886704274,2.2839051010558915,1.0141329824703584,1.4702114509316095,0.7803851096003465,7.166666666666667,,,,,,,,,,False
162,D,XGBoost,6,40,2.8813663799367273,2.7111152764453665,1.2577276449799422,1.6639274330721674,0.7125165838783012,9.0,,,,,,,,,,False
162,E,AutoGluon,1,40,1.8464997181990817,1.8464997181990817,,1.35885971247921,0.6630085172319924,5.0,,,,,,,,,,False
162,E,CatBoost,3,40,2.1583705322027904,2.30974319548182,0.3462861495154485,1.4658255874289117,0.6065553087173495,5.666666666666667,,,,,,,,,,False
162,E,FixedRidgeLambda1,3,40,0.1363391755011078,0.1021672029332725,0.06084702664313894,0.36359885826631394,0.9739784628641184,1.0,,,,,,,,,,False
162,E,KNN,3,40,3.0198533517430355,3.0007323206427885,0.7351486818361623,1.7290689868895077,0.45477096362966457,9.333333333333334,,,,,,,,,,False
162,E,LightGBM,3,40,2.4688819781673197,2.5020017231239384,0.4918947008510851,1.5659504365987207,0.5494576220075973,7.0,,,,,,,,,,False
162,E,LinearRegression,3,40,0.13775612097126907,0.1027654686936843,0.06113718895549335,0.3655459147145403,0.9737174336949345,2.0,,,,,,,,,,False
162,E,MLP,3,40,1.0559908518134582,0.9422795846042809,0.25776639895096254,1.0227600131688181,0.8089414954619049,4.0,,,,,,,,,,False
162,E,MODEL3-ICL-MC,3,40,0.30236466668817114,0.3350835554487127,0.12160775458784848,0.5414164848200107,0.9446612547777832,3.0,200.0,5.0,,,,,,,,False
162,E,RandomForest,3,40,2.7277652231369056,2.6274669732889078,0.23727616461653805,1.650574598160438,0.4977790110734275,8.333333333333334,,,,,,,,,,False
162,E,Ridge,3,40,0.1363391755011078,0.1021672029332725,0.06084702664313894,0.36359885826631394,0.9739784628641184,1.0,,,,,,,,,,False
162,E,SVR,3,40,2.3616037993626,2.6978819893599573,0.7512041691339197,1.5221598110360877,0.5758251761395888,7.0,,,,,,,,,,False
162,E,XGBoost,3,40,3.056195702921108,3.1491385349217715,0.317687877263264,1.7465852452996096,0.4330881208764256,9.666666666666666,,,,,,,,,,False
162,F,CatBoost,9,40,0.2038743467275122,0.1748150969118401,0.06909689466953611,0.4462937712168444,0.1491660298628794,6.555555555555555,,,,,,,,,,False
162,F,FixedRidgeLambda1,9,40,0.04812043506394638,0.0506992690218517,0.012586903376078417,0.21739694796670328,0.28936489680926436,1.3333333333333333,,,,,,,,,,False
162,F,KNN,9,40,0.20296113619909997,0.195600277725489,0.02900586084055963,0.449529332332729,0.08491561088181357,6.222222222222222,,,,,,,,,,False
162,F,LightGBM,9,40,0.37120499518544503,0.3364398478378595,0.12240892756045699,0.6027661444318996,-0.07382860366988644,8.666666666666666,,,,,,,,,,False
162,F,LinearRegression,9,40,0.048889180100841007,0.0524329893194107,0.012709943924107615,0.21915900154086432,0.28836327807780526,2.3333333333333335,,,,,,,,,,False
162,F,MLP,9,40,0.6611420527025833,0.5622399744684601,0.3357151599641599,0.7937713075554126,-0.17044523305579565,10.0,,,,,,,,,,False
162,F,MODEL3-ICL-MC,9,41,0.06907839130097906,0.0693964910040401,0.029026492164694946,0.2576256705569835,0.21446558620520234,2.6666666666666665,200.0,5.0,,,,,,,,False
162,F,RandomForest,9,40,0.1235969805134512,0.1021586074027545,0.050802108004477396,0.3451981773144591,0.20754498629024598,4.0,,,,,,,,,,False
162,F,Ridge,9,40,0.04812043506394638,0.0506992690218517,0.012586903376078417,0.21739694796670328,0.28936489680926436,1.3333333333333333,,,,,,,,,,False
162,F,SVR,9,40,0.14820686767570912,0.1299279496548617,0.03842910979011354,0.38224319083278746,0.15967755296560648,5.0,,,,,,,,,,False
162,F,XGBoost,9,40,0.3182807345493845,0.26666038368993,0.1027000464123234,0.5584951967848679,-0.014692436052033235,8.222222222222221,,,,,,,,,,False
162,G,CatBoost,15,41,22138.602468569105,11.717429863521462,81818.27401559641,48.197356885389105,-809.6744259689574,4.666666666666667,,,,,,,,,,False
162,G,FixedRidgeLambda1,15,41,187980.3247687193,5.950559603166437,517223.32089671824,158.66213304003287,-7083.5812054583375,3.2666666666666666,,,,,,,,,,False
162,G,KNN,15,41,22.548464013103406,16.616634486338196,15.678985393170477,4.480822570042951,-3.640713166360739,6.4,,,,,,,,,,False
162,G,LightGBM,15,41,331613.66993552,22.461842593704368,1076547.927981056,200.33399115280827,-12265.964865446089,8.066666666666666,,,,,,,,,,False
162,G,LinearRegression,15,41,190900.63376566395,6.103061438033682,525136.8265792473,159.90022256204205,-7193.9135826074535,4.266666666666667,,,,,,,,,,False
162,G,MLP,15,41,69421.20588178172,110.07679549287802,209826.89933613472,100.30071140328124,-2602.4762238188796,9.333333333333334,,,,,,,,,,False
162,G,MODEL3-ICL-MC,15,41,214230.08274985116,8.34047429829733,618707.5633214406,167.5780045433717,-8019.810174630581,4.666666666666667,200.0,5.0,,,,,,,,False
162,G,RandomForest,15,41,228269.75838763593,16.069032686071676,875657.2900631836,137.72263106500165,-8314.739503426666,6.2,,,,,,,,,,False
162,G,Ridge,15,41,187980.3247687193,5.950559603166437,517223.32089671824,158.66213304003287,-7083.5812054583375,3.2666666666666666,,,,,,,,,,False
162,G,SVR,15,41,4.467597927920954,2.444316139743447,5.635380592952023,1.7899538927931,0.6472942365140582,1.4,,,,,,,,,,False
162,G,XGBoost,15,41,2272754.8344318774,19.354103142473,8802245.447427401,393.4582815777097,-82695.2754223955,6.733333333333333,,,,,,,,,,False
162,H,CatBoost,9,41,1.3725469212741883,1.0977447410310694,0.6007632417943414,1.1471064954744548,0.8817854293121156,5.333333333333333,,,,,,,,,,False
162,H,FixedRidgeLambda1,9,41,0.06921100929767307,0.0522831455516907,0.03422869697325487,0.25570632878690513,0.9936755096326522,1.6666666666666667,,,,,,,,,,False
162,H,KNN,9,41,2.5150610365685067,2.490278999130164,1.428348394815853,1.536540036724377,0.7881870716711735,8.666666666666666,,,,,,,,,,False
162,H,LightGBM,9,41,1.7659262289786548,1.4788140897458073,0.9546303867183936,1.2907416102024811,0.8509325971230038,6.111111111111111,,,,,,,,,,False
162,H,LinearRegression,9,41,0.07231179634063555,0.051330259015243,0.03861118988953451,0.2599660715056402,0.9935180515211862,1.5555555555555556,,,,,,,,,,False
162,H,MLP,9,41,0.7208769730079638,0.6392664518905706,0.31423301035081214,0.8322207162947665,0.929567384081266,4.111111111111111,,,,,,,,,,False
162,H,MODEL3-ICL-MC,9,41,0.09086202488489718,0.1001885777913281,0.03653298541751171,0.29517172064462405,0.9918326690777284,2.7777777777777777,200.0,5.0,,,,,,,,False
162,H,RandomForest,9,41,2.141630248615182,2.0034808608493497,0.9363788249836011,1.4347249834151108,0.812627698751457,7.555555555555555,,,,,,,,,,False
162,H,Ridge,9,41,0.06921100929767307,0.0522831455516907,0.03422869697325487,0.25570632878690513,0.9936755096326522,1.6666666666666667,,,,,,,,,,False
162,H,SVR,9,41,2.7579784137669687,1.803952726889271,2.1449020990969685,1.5684870944882943,0.7849922511294719,8.333333333333334,,,,,,,,,,False
162,H,XGBoost,9,41,2.5939866196040953,2.3735481891311787,0.9968386290134883,1.5842681230079512,0.7703065035956433,8.88888888888889,,,,,,,,,,False
163,A,CatBoost,9,41,3.895246817594152,2.113080704102044,3.8080485527150194,1.7783199453377014,0.7952899949545181,5.777777777777778,,,,,,,,,,False
163,A,FixedRidgeLambda1,9,41,0.08870160666117693,0.0553672586439597,0.06769449393383652,0.2795910453229157,0.9916125598218607,1.7777777777777777,,,,,,,,,,False
163,A,KNN,9,41,5.7995897233845515,2.8553289294846835,5.565534326602801,2.1753018127645323,0.6945083795136924,8.666666666666666,,,,,,,,,,False
163,A,LightGBM,9,41,3.121858577209151,1.6281569154200168,2.9371352123099905,1.626517689922663,0.8262645022780456,5.444444444444445,,,,,,,,,,False
163,A,LinearRegression,9,41,0.09349000551794612,0.0533277777614414,0.07630415696502564,0.2842775268793607,0.9910536324402154,2.0,,,,,,,,,,False
163,A,MLP,9,41,0.6894133690645489,0.7094233808810131,0.12134950868190851,0.8275032132297997,0.9430416500408414,4.0,,,,,,,,,,False
163,A,MODEL3-ICL-MC,9,41,0.14021358463553502,0.1269514539763127,0.08231239552818523,0.3597829399645842,0.9882337535327418,2.2222222222222223,200.0,5.0,,,,,,,,False
163,A,RandomForest,9,41,6.006795112603889,3.0069136887970744,6.033008407692542,2.1947279538328104,0.6926249208115175,8.777777777777779,,,,,,,,,,False
163,A,Ridge,9,41,0.08870160666117693,0.0553672586439597,0.06769449393383652,0.2795910453229157,0.9916125598218607,1.7777777777777777,,,,,,,,,,False
163,A,SVR,9,41,5.081637929797143,2.30340796258163,5.384543915721284,2.0087487580703587,0.7438479450262129,7.0,,,,,,,,,,False
163,A,XGBoost,9,41,6.71089336561585,2.718090128403953,6.782554413650491,2.3159784499729232,0.6549204479602806,9.333333333333334,,,,,,,,,,False
163,B,CatBoost,3,41,0.4315249561174633,0.3348620344999466,0.16925598158847655,0.6491092543299374,0.9324286088817626,5.0,,,,,,,,,,False
163,B,FixedRidgeLambda1,3,41,0.08411816711724619,0.0795723594372534,0.03418818521857659,0.2859933331365621,0.9853160033798387,1.6666666666666667,,,,,,,,,,False
163,B,KNN,3,41,1.5457055590354247,1.4237997288883388,0.5439034136676267,1.2306947207586802,0.7567294163892341,10.0,,,,,,,,,,False
163,B,LightGBM,3,41,0.7870317480655199,0.8400701888996788,0.2585510443305542,0.8784633523868361,0.8732944847100614,7.333333333333333,,,,,,,,,,False
163,B,LinearRegression,3,41,0.08826315655723743,0.083640446218267,0.033563490852602934,0.29348988600503395,0.9846440544161998,2.6666666666666665,,,,,,,,,,False
163,B,MLP,3,41,0.971318436132124,0.8580416553798003,0.2957063737792044,0.9783186910051439,0.8460747909788026,7.666666666666667,,,,,,,,,,False
163,B,MODEL3-ICL-MC,3,41,0.10010336566971577,0.0640737534816352,0.07799447995496944,0.30150472440169,0.9820081035379732,1.6666666666666667,200.0,5.0,,,,,,,,False
163,B,RandomForest,3,41,0.2460659883969237,0.2281492431534782,0.14007673796390493,0.4819474930017959,0.9619134329252902,4.0,,,,,,,,,,False
163,B,Ridge,3,41,0.08411816711724619,0.0795723594372534,0.03418818521857659,0.2859933331365621,0.9853160033798387,1.6666666666666667,,,,,,,,,,False
163,B,SVR,3,41,1.3326766212664694,1.0208963454366984,0.6429378201120557,1.1337376438511313,0.7937359915175287,9.0,,,,,,,,,,False
163,B,XGBoost,3,41,0.5571969809456979,0.4952915268447452,0.23827345264747227,0.7353755551938786,0.912597336289581,6.0,,,,,,,,,,False
163,C,CatBoost,6,41,2.5086078572601775,2.3382548838405395,1.5855387285460387,1.5122591867980901,0.8064483820601489,5.166666666666667,,,,,,,,,,False
163,C,FixedRidgeLambda1,6,41,0.3838544687613017,0.35270726220766885,0.16512470494424897,0.6069286268095436,0.9575716846742527,1.6666666666666667,,,,,,,,,,False
163,C,KNN,6,41,5.146169327284113,5.393006001709697,2.8656032804248297,2.185081551027699,0.5911654318945052,9.333333333333334,,,,,,,,,,False
163,C,LightGBM,6,41,3.0892572478025104,3.1192911458436248,0.6148299604637801,1.7501792935529181,0.6904516765549746,7.166666666666667,,,,,,,,,,False
163,C,LinearRegression,6,41,0.38784647726417537,0.3514973069627285,0.16698053539259716,0.6102017425972504,0.9571648404520391,2.0,,,,,,,,,,False
163,C,MLP,6,41,2.4311220867107806,2.4510422213018357,0.9010589967389521,1.5380905048340214,0.7277854278340442,6.166666666666667,,,,,,,,,,False
163,C,MODEL3-ICL-MC,6,41,0.5095315023115705,0.5066811146850846,0.16641040406837454,0.7060461844109561,0.944860336587695,2.3333333333333335,200.0,5.0,,,,,,,,False
163,C,RandomForest,6,41,3.6009644068476696,3.8025841113288017,2.1501725742270743,1.812780389884078,0.7179816208689952,7.166666666666667,,,,,,,,,,False
163,C,Ridge,6,41,0.3838544687613017,0.35270726220766885,0.16512470494424897,0.6069286268095436,0.9575716846742527,1.6666666666666667,,,,,,,,,,False
163,C,SVR,6,41,3.1044680550158854,2.7392419410035385,2.4728449883700017,1.6217439662763047,0.780030185597329,5.833333333333333,,,,,,,,,,False
163,C,XGBoost,6,41,4.332034134714393,4.075255432334797,2.36010956719902,2.013691498195202,0.6456797467953306,8.166666666666666,,,,,,,,,,False
163,D,CatBoost,3,41,0.6245286777144272,0.5892576678028665,0.10880614477366427,0.7883305241135549,0.8563421380335724,4.333333333333333,,,,,,,,,,False
163,D,FixedRidgeLambda1,3,41,0.031102497751498,0.0282486667740184,0.006881265910007642,0.17567078085262447,0.9926032143918669,2.3333333333333335,,,,,,,,,,False
163,D,KNN,3,41,0.9226554762278322,0.9267005545885983,0.007920982120430914,0.9605436558893145,0.784414977322859,7.333333333333333,,,,,,,,,,False
163,D,LightGBM,3,41,1.053751035040571,0.9861900220520377,0.1334971635816806,1.0251935448804483,0.757205859736518,8.666666666666666,,,,,,,,,,False
163,D,LinearRegression,3,41,0.031409712934999334,0.0282084424801409,0.00650584931420579,0.17662339608021035,0.9925310669519282,2.0,,,,,,,,,,False
163,D,MLP,3,41,0.9374731227178721,1.029240806836789,0.30274783109162856,0.958917050658911,0.7865608948598625,7.666666666666667,,,,,,,,,,False
163,D,MODEL3-ICL-MC,3,41,0.030791690910204436,0.0351993344721827,0.014972607889323282,0.17130775070803586,0.992524330408123,1.6666666666666667,200.0,5.0,,,,,,,,False
163,D,RandomForest,3,41,1.0378799960318517,0.893332146848322,0.26159813656367154,1.0136693151596303,0.7638552693864581,8.0,,,,,,,,,,False
163,D,Ridge,3,41,0.031102497751498,0.0282486667740184,0.006881265910007642,0.17567078085262447,0.9926032143918669,2.3333333333333335,,,,,,,,,,False
163,D,SVR,3,41,0.6223734317591194,0.760235521282076,0.2388995379719902,0.7775207432506993,0.8600085797284569,4.666666666666667,,,,,,,,,,False
163,D,XGBoost,3,41,1.061000552627487,1.116033905579732,0.29136836059683136,1.023159110464922,0.7597946527882039,8.333333333333334,,,,,,,,,,False
163,E,CatBoost,9,41,1.271963224682116,0.4885422107113713,1.2378364267104445,1.0079570660158472,0.7336014490457805,5.444444444444445,,,,,,,,,,False
163,E,FixedRidgeLambda1,9,41,0.035305455608892436,0.0321702864431364,0.013168096152999088,0.18532331731001184,0.9842300543622956,1.6666666666666667,,,,,,,,,,False
163,E,KNN,9,41,2.321282221797161,1.3123527836135398,2.3225120644211166,1.356139171803325,0.533192766662383,8.666666666666666,,,,,,,,,,False
163,E,LightGBM,9,41,1.4600050710887953,0.9377453435842018,1.282406583784604,1.112167636352921,0.6477247477234871,6.888888888888889,,,,,,,,,,False
163,E,LinearRegression,9,41,0.035811035427665665,0.0327642802686704,0.012829970514609261,0.18669985503728193,0.9842163360743259,1.7777777777777777,,,,,,,,,,False
163,E,MLP,9,41,0.8381444810030065,0.8048467050519568,0.3487471022227293,0.8986112959782138,0.5877683813015575,6.888888888888889,,,,,,,,,,False
163,E,MODEL3-ICL-MC,9,41,0.07360308141184488,0.066161257779412,0.05573534177882392,0.2556055679646557,0.9741364501001948,2.5555555555555554,200.0,5.0,,,,,,,,False
163,E,RandomForest,9,41,1.6231497219959017,0.6686495535650682,1.6516205262114059,1.1190937017396052,0.6957246299940455,6.222222222222222,,,,,,,,,,False
163,E,Ridge,9,41,0.035305455608892436,0.0321702864431364,0.013168096152999088,0.18532331731001184,0.9842300543622956,1.6666666666666667,,,,,,,,,,False
163,E,SVR,9,41,1.7768563490222358,0.8871945029706102,1.8188313397984137,1.1634233065021133,0.6649001724495033,6.777777777777778,,,,,,,,,,False
163,E,XGBoost,9,41,1.7993805092757245,0.9541796265010304,1.6099425419981046,1.2246362089774718,0.5949440001805473,8.11111111111111,,,,,,,,,,False
163,F,CatBoost,9,41,0.263598613275736,0.2562376471799451,0.06495268486896087,0.5097478366880229,0.25497942790414907,6.222222222222222,,,,,,,,,,False
163,F,FixedRidgeLambda1,9,41,0.04361812654260489,0.0410204367385955,0.0158354367869136,0.2056557475904202,0.6072185570632399,1.8888888888888888,,,,,,,,,,False
163,F,KNN,9,41,0.3567405681533116,0.3897099071171407,0.1703101496545337,0.5820124506991537,0.09444836855564492,7.444444444444445,,,,,,,,,,False
163,F,LightGBM,9,41,0.4078920739581453,0.3479802222888909,0.1436834308994368,0.6308609336118555,0.02831637222053618,8.0,,,,,,,,,,False
163,F,LinearRegression,9,41,0.0434282137459818,0.0408478581595631,0.015464423702748413,0.2053304647726312,0.6077094425880268,1.7777777777777777,,,,,,,,,,False
163,F,MLP,9,41,0.7679908946368511,0.7267290642006753,0.13776818028227394,0.8732318138908103,-0.34813276694007045,10.0,,,,,,,,,,False
163,F,MODEL3-ICL-MC,9,41,0.05222406018416575,0.043113399524439,0.027407812849294503,0.22128061934221355,0.601247452515151,2.3333333333333335,200.0,5.0,,,,,,,,False
163,F,RandomForest,9,41,0.17644085141018656,0.1650097407042962,0.05583549342793572,0.41521415643569637,0.3933762338055206,4.222222222222222,,,,,,,,,,False
163,F,Ridge,9,41,0.04361812654260489,0.0410204367385955,0.0158354367869136,0.2056557475904202,0.6072185570632399,1.8888888888888888,,,,,,,,,,False
163,F,SVR,9,41,0.22708793767726373,0.2267497096742532,0.09757863120009456,0.46571486022709585,0.29202052687272045,5.111111111111111,,,,,,,,,,False
163,F,XGBoost,9,41,0.4093889524717014,0.3482219295625514,0.1343651397716553,0.6324886597394395,0.030817619312601813,8.0,,,,,,,,,,False
163,G,CatBoost,9,41,489.9415155371205,11.139938001313755,1417.4808729426254,10.742804487250067,-61.26580653648304,4.777777777777778,,,,,,,,,,False
163,G,FixedRidgeLambda1,9,41,997.3366432769895,7.920174876887536,1987.5775775866953,16.82766665014216,-132.53225259980502,2.6666666666666665,,,,,,,,,,False
163,G,KNN,9,41,16.635062972277115,18.081314191485912,8.832540307852035,3.9303743062499614,-1.2137629779642012,5.555555555555555,,,,,,,,,,False
163,G,LightGBM,9,41,1185.6520409733637,41.78610116937756,2360.988276036375,20.4044406139958,-161.4871788856672,7.555555555555555,,,,,,,,,,False
163,G,LinearRegression,9,41,1011.6544243421793,8.019376408239241,2016.1968740092057,16.946174702736503,-134.4473425805979,3.6666666666666665,,,,,,,,,,False
163,G,MLP,9,41,4146.445902133273,109.66581198125355,8382.074008167147,37.54598930605655,-568.6436479057306,9.222222222222221,,,,,,,,,,False
163,G,MODEL3-ICL-MC,9,41,1224.1330295165446,8.907458613497539,2411.517505275148,18.74931495795875,-163.7261464088307,5.0,200.0,5.0,,,,,,,,False
163,G,RandomForest,9,41,7767.288326672665,14.039152018931762,23178.654357449093,34.018119901026694,-983.8199043315866,6.111111111111111,,,,,,,,,,False
163,G,Ridge,9,41,997.3366432769895,7.920174876887536,1987.5775775866953,16.82766665014216,-132.53225259980502,2.6666666666666665,,,,,,,,,,False
163,G,SVR,9,41,3.693914376623395,2.4758145084410965,2.7293193012937973,1.8142701329218813,0.7030521852713849,2.2222222222222223,,,,,,,,,,False
163,G,XGBoost,9,41,22333.97336618333,30.30549096603394,66604.5961046379,57.87444859528622,-2828.8789864298838,8.222222222222221,,,,,,,,,,False
163,H,CatBoost,6,41,1.661288400670223,1.6951522601025715,0.3297774280157311,1.283483168005643,0.8239357940637507,5.333333333333333,,,,,,,,,,False
163,H,FixedRidgeLambda1,6,41,0.07080658985510387,0.058168969410081206,0.022673497366720627,0.26352986292733904,0.9920025526142614,2.0,,,,,,,,,,False
163,H,KNN,6,41,3.0622347532730707,3.0760203266111863,0.34190871750119656,1.7476325480844712,0.6872622980673039,9.0,,,,,,,,,,False
163,H,LightGBM,6,41,1.9334730098772634,1.8863008753180086,0.32553189771749663,1.386399127652697,0.8147942032830858,5.833333333333333,,,,,,,,,,False
163,H,LinearRegression,6,41,0.06881039586525754,0.056196670336451454,0.022510569472914594,0.2596793744845025,0.9921986278956716,1.3333333333333333,,,,,,,,,,False
163,H,MLP,6,41,0.6868063977310501,0.6144148022267288,0.20599585513914387,0.8219515461141286,0.9284560719696774,4.0,,,,,,,,,,False
163,H,MODEL3-ICL-MC,6,41,0.09122107492731908,0.09169573629498595,0.036691091460588666,0.2962993970474828,0.989749649693345,2.6666666666666665,200.0,5.0,,,,,,,,False
163,H,RandomForest,6,41,2.665872434297448,2.6204378551602168,0.2287289263830803,1.6315123028477758,0.7253958912592954,7.666666666666667,,,,,,,,,,False
163,H,Ridge,6,41,0.07080658985510387,0.058168969410081206,0.022673497366720627,0.26352986292733904,0.9920025526142614,2.0,,,,,,,,,,False
163,H,SVR,6,41,2.9230516274085914,2.5237134388535445,1.1993898645126848,1.6828531854439193,0.7518901404529658,8.0,,,,,,,,,,False
163,H,XGBoost,6,41,3.3167815086969057,3.268976733369657,0.7791633143758777,1.8112513630072276,0.6803329287339756,9.166666666666666,,,,,,,,,,False
164,A,CatBoost,9,41,1.7820327178188071,1.7408750958687191,0.7430525612339695,1.305605158614863,0.7836653793695727,5.111111111111111,,,,,,,,,,False
164,A,FixedRidgeLambda1,9,41,0.10506520126506974,0.1007400721641543,0.031548014515944627,0.3210528087451584,0.9861001272447444,1.5555555555555556,,,,,,,,,,False
164,A,KNN,9,41,3.228877952378406,2.803017506229729,1.2908210265304034,1.7630383203409663,0.6087361784947449,8.444444444444445,,,,,,,,,,False
164,A,LightGBM,9,41,2.2849206541284617,2.528745168378612,0.9151563998760471,1.478769708637431,0.7187127290032563,6.666666666666667,,,,,,,,,,False
164,A,LinearRegression,9,41,0.10392361712233479,0.0950966993904614,0.029799618729922227,0.3195911261388684,0.9861861618420146,1.8888888888888888,,,,,,,,,,False
164,A,MLP,9,41,0.7770865404188783,0.7736741273563301,0.19140387108603357,0.8752043162483543,0.8975302968296892,4.444444444444445,,,,,,,,,,False
164,A,MODEL3-ICL-MC,9,41,0.13346937956788538,0.1234495323705886,0.055778378675299264,0.35807401102948105,0.982704111043195,2.5555555555555554,200.0,5.0,,,,,,,,False
164,A,RandomForest,9,41,3.0822157448110565,3.327821026419053,1.491472143878626,1.6994984487188975,0.6321738771850458,8.222222222222221,,,,,,,,,,False
164,A,Ridge,9,41,0.10506520126506974,0.1007400721641543,0.031548014515944627,0.3210528087451584,0.9861001272447444,1.5555555555555556,,,,,,,,,,False
164,A,SVR,9,41,2.208479655537045,2.1554220433802125,0.9731467881843874,1.4536448715195098,0.7335078374005134,6.555555555555555,,,,,,,,,,False
164,A,XGBoost,9,41,3.5347761455605404,3.372729735263187,1.680258439765461,1.8260001534456056,0.5709021581808871,9.555555555555555,,,,,,,,,,False
164,C,CatBoost,3,41,2.4357184267131555,2.5997945034572334,0.6641030352874429,1.5502908064991263,0.6756016199985456,5.0,,,,,,,,,,False
164,C,FixedRidgeLambda1,3,41,0.2050030645526629,0.1976176946195112,0.08151827636932615,0.4466652196208977,0.973071178449422,1.0,,,,,,,,,,False
164,C,KNN,3,41,3.469117493312391,3.521642705787893,0.41298073704589405,1.8603224304502504,0.5433682083946779,8.333333333333334,,,,,,,,,,False
164,C,LightGBM,3,41,2.887637069604219,3.1677032744140856,0.6378626489496455,1.691865711981193,0.6184976059956133,6.666666666666667,,,,,,,,,,False
164,C,LinearRegression,3,41,0.20979714300490035,0.2045244369654891,0.07898019811450628,0.4524807491665483,0.9724256211140864,2.0,,,,,,,,,,False
164,C,MLP,3,41,2.6690886688275164,2.4449013469070344,0.6221272100431828,1.6266303626818586,0.643710156937107,6.333333333333333,,,,,,,,,,False
164,C,MODEL3-ICL-MC,3,41,0.41580455457372056,0.3662528399027534,0.15582390530615794,0.6375971536972969,0.9439610665700227,3.0,200.0,5.0,,,,,,,,False
164,C,RandomForest,3,41,3.7827757767289114,3.615222782649708,0.4783242389256419,1.9424077967587616,0.5042574673058643,9.0,,,,,,,,,,False
164,C,Ridge,3,41,0.2050030645526629,0.1976176946195112,0.08151827636932615,0.4466652196208977,0.973071178449422,1.0,,,,,,,,,,False
164,C,SVR,3,41,1.9907712042364702,1.9002327957723284,0.164539735522814,1.410161184231553,0.7368247449428095,4.333333333333333,,,,,,,,,,False
164,C,XGBoost,3,41,4.310629677318421,4.781841623289405,1.402635464319112,2.055793914459701,0.43029842138675267,9.333333333333334,,,,,,,,,,False
164,D,CatBoost,3,41,1.3913802664049768,1.3708293790652084,0.04963544885600151,1.179443836558402,0.818927818836037,6.333333333333333,,,,,,,,,,False
164,D,FixedRidgeLambda1,3,41,0.05346975283766397,0.0630720477779702,0.01812178444595242,0.22870169913678426,0.993060762620015,1.3333333333333333,,,,,,,,,,False
164,D,KNN,3,41,3.198760441779237,3.4796960931560648,0.6787835482360325,1.7813205402105645,0.5879518930695704,10.0,,,,,,,,,,False
164,D,LightGBM,3,41,1.1769916290665596,1.1465068859683114,0.08740458036311764,1.0844015585127715,0.8472434814763017,5.0,,,,,,,,,,False
164,D,LinearRegression,3,41,0.05865491153890303,0.0647581556258296,0.019583337838850523,0.23968130747937777,0.9924312519866509,2.3333333333333335,,,,,,,,,,False
164,D,MLP,3,41,0.6448188537460586,0.6442998494001522,0.1494237178972073,0.7993529691339433,0.9175656600297134,4.0,,,,,,,,,,False
164,D,MODEL3-ICL-MC,3,41,0.07312213067076537,0.0574965654738819,0.042304408705950924,0.2632601979436433,0.9901390483527375,2.3333333333333335,200.0,5.0,,,,,,,,False
164,D,RandomForest,3,41,1.6211319476598856,1.706219748342932,0.1969968656215725,1.2716119985603453,0.7864939855616774,7.333333333333333,,,,,,,,,,False
164,D,Ridge,3,41,0.05346975283766397,0.0630720477779702,0.01812178444595242,0.22870169913678426,0.993060762620015,1.3333333333333333,,,,,,,,,,False
164,D,SVR,3,41,1.7053269881877229,1.6584720058004403,0.29260423018592735,1.302713652659675,0.7798898145981007,7.333333333333333,,,,,,,,,,False
164,D,XGBoost,3,41,2.2225365530817824,2.133738345550494,0.473647631101318,1.4852617075640822,0.7111950714169524,9.0,,,,,,,,,,False
164,E,CatBoost,9,41,2.064890689764554,2.094430423104288,1.1092028872709638,1.3886256098857799,0.7772471590260852,5.222222222222222,,,,,,,,,,False
164,E,FixedRidgeLambda1,9,41,0.10104248653984906,0.1008246658582273,0.022785463944396667,0.3159965600983011,0.9864680082003178,1.7777777777777777,,,,,,,,,,False
164,E,KNN,9,41,3.9113803731921815,2.670702301793801,2.5472761112759845,1.8952567016473598,0.5909085148752898,8.777777777777779,,,,,,,,,,False
164,E,LightGBM,9,41,3.182463547082521,2.649091623890804,1.4398726386786254,1.7422295760944044,0.6368186862460474,7.777777777777778,,,,,,,,,,False
164,E,LinearRegression,9,41,0.09955640644385955,0.1030969348017945,0.022888199586088266,0.3136201815267629,0.9865598089150355,1.6666666666666667,,,,,,,,,,False
164,E,MLP,9,41,0.7507534196540551,0.7530163860300916,0.11398953212169226,0.8642862141868141,0.8978767350517539,4.0,,,,,,,,,,False
164,E,MODEL3-ICL-MC,9,41,0.13351516309404116,0.1212859349624189,0.049467959733112285,0.3605626935157651,0.9820026617022611,2.5555555555555554,200.0,5.0,,,,,,,,False
164,E,RandomForest,9,41,3.2327244169976126,3.1086554561659536,1.659677621134839,1.7420471909460715,0.6486516430927534,7.777777777777778,,,,,,,,,,False
164,E,Ridge,9,41,0.10104248653984906,0.1008246658582273,0.022785463944396667,0.3159965600983011,0.9864680082003178,1.7777777777777777,,,,,,,,,,False
164,E,SVR,9,41,3.099481334416548,2.4801641600190734,2.1198671009098176,1.6757686745895428,0.6847538473404744,6.666666666666667,,,,,,,,,,False
164,E,XGBoost,9,41,3.6138315472240907,2.9539604191341047,2.0053581003836833,1.8371645562638033,0.6032960802710886,8.777777777777779,,,,,,,,,,False
164,F,CatBoost,3,41,0.5914789454134743,0.5315524800854691,0.2523965985507982,0.7576315910966018,0.9644354202118143,6.666666666666667,,,,,,,,,,False
164,F,FixedRidgeLambda1,3,41,0.0532652633864186,0.0524140458516527,0.016987288478213944,0.22879608033208645,0.9967527660949157,1.0,,,,,,,,,,False
164,F,KNN,3,41,4.134198057697645,4.047256640743608,0.4919692693429095,2.030899661536506,0.7439808999738425,10.0,,,,,,,,,,False
164,F,LightGBM,3,41,0.4726566065920645,0.4397274204901006,0.13386540622759163,0.6830236867456856,0.96992915603794,5.666666666666667,,,,,,,,,,False
164,F,LinearRegression,3,41,0.05759854222889164,0.0580097549552951,0.017823132367359978,0.238010560328779,0.9964793256878591,2.0,,,,,,,,,,False
164,F,MLP,3,41,0.5535175207418419,0.4917448289288221,0.12099783938030637,0.7411693041617734,0.9663504297278293,6.333333333333333,,,,,,,,,,False
164,F,MODEL3-ICL-MC,3,41,0.07197940747310501,0.0696835990762656,0.019763168235016764,0.266605031669603,0.9956059916939403,3.0,200.0,5.0,,,,,,,,False
164,F,RandomForest,3,41,0.2591143301738033,0.2630135296312547,0.11928188379810974,0.49925070160133656,0.9829992353485638,4.0,,,,,,,,,,False
164,F,Ridge,3,41,0.0532652633864186,0.0524140458516527,0.016987288478213944,0.22879608033208645,0.9967527660949157,1.0,,,,,,,,,,False
164,F,SVR,3,41,2.675284238329851,2.5361706913256814,0.629025020861949,1.6282512634217607,0.8380358139471439,9.0,,,,,,,,,,False
164,F,XGBoost,3,41,0.6006279210986075,0.6295513354599532,0.10073968585348347,0.7731073553368285,0.9619023257042612,7.333333333333333,,,,,,,,,,False
164,H,CatBoost,6,41,1.3620959349132498,1.3281093280282454,0.6851938183388684,1.134018857656191,0.8358741696237728,5.5,,,,,,,,,,False
164,H,FixedRidgeLambda1,6,41,0.0616616999386754,0.055582197858540947,0.029067374109920906,0.2426255035882392,0.9928783763348706,1.3333333333333333,,,,,,,,,,False
164,H,KNN,6,41,2.7023446854742468,2.9258192455817973,0.8563354437465279,1.6251893974312708,0.6736768834537488,9.666666666666666,,,,,,,,,,False
164,H,LightGBM,6,41,1.560413329512304,1.3959759006853711,0.5442900364288255,1.233756070411178,0.8182148446471761,6.333333333333333,,,,,,,,,,False
164,H,LinearRegression,6,41,0.062308244451848245,0.0556281191656208,0.02803488217745869,0.2445407124928183,0.9927432309287574,1.6666666666666667,,,,,,,,,,False
164,H,MLP,6,41,0.7446103112366872,0.7130155564158046,0.16727176477420783,0.8584108040297217,0.912277118584136,4.166666666666667,,,,,,,,,,False
164,H,MODEL3-ICL-MC,6,41,0.12923657328753957,0.134079533171066,0.07815540671358556,0.34332344547887567,0.9852545718057368,3.0,200.0,5.0,,,,,,,,False
164,H,RandomForest,6,41,1.6965103573880436,1.6794059890722792,0.468258017714625,1.2921346667508355,0.7973956342433741,7.333333333333333,,,,,,,,,,False
164,H,Ridge,6,41,0.0616616999386754,0.055582197858540947,0.029067374109920906,0.2426255035882392,0.9928783763348706,1.3333333333333333,,,,,,,,,,False
164,H,SVR,6,41,2.091329624918317,1.957182939533117,1.1307428207715802,1.3987925214354353,0.7612371897304439,7.833333333333333,,,,,,,,,,False
164,H,XGBoost,6,41,2.0430066325287783,1.9816334791810006,0.9016560915407915,1.400289699133804,0.7475259744813877,8.166666666666666,,,,,,,,,,False
165,A,CatBoost,6,41,2.4577598568204153,2.028813092468231,1.3586008931227025,1.52165429487058,0.7982974796850257,5.666666666666667,,,,,,,,,,False
165,A,FixedRidgeLambda1,6,41,0.1646455494691047,0.15984144072739914,0.0971956599109834,0.3909224984073975,0.9859117101277378,1.3333333333333333,,,,,,,,,,False
165,A,KNN,6,41,4.9743849355215,4.14878005644872,2.40044759285312,2.1808843523917805,0.5800172221630309,9.5,,,,,,,,,,False
165,A,LightGBM,6,41,2.319812826630038,2.2863776825372364,1.1097145501505643,1.485897888795322,0.8044872801167058,5.333333333333333,,,,,,,,,,False
165,A,LinearRegression,6,41,0.16999794050283704,0.16574996363361544,0.09937199473393431,0.39783079706235186,0.9853627155414384,2.0,,,,,,,,,,False
165,A,MLP,6,41,0.8251082364322818,0.8197808462434688,0.2992809877394539,0.8953821151856655,0.9276165798043808,4.0,,,,,,,,,,False
165,A,MODEL3-ICL-MC,6,41,0.286899168362982,0.1837821741191504,0.21738327256762216,0.5062990841899581,0.9761176571784045,2.6666666666666665,200.0,5.0,,,,,,,,False
165,A,RandomForest,6,41,3.9544884022126925,3.3863532563031,2.3013044590926732,1.919391114841216,0.6789809609852338,7.833333333333333,,,,,,,,,,False
165,A,Ridge,6,41,0.1646455494691047,0.15984144072739914,0.0971956599109834,0.3909224984073975,0.9859117101277378,1.3333333333333333,,,,,,,,,,False
165,A,SVR,6,41,3.6328927784957004,3.155943274497319,1.9174415147724526,1.8580815373829704,0.6978448946922969,7.833333333333333,,,,,,,,,,False
165,A,XGBoost,6,41,4.591511894950222,3.669796732201446,2.94421636490148,2.051157305862123,0.6310341911003408,8.833333333333334,,,,,,,,,,False
165,B,CatBoost,3,41,0.4450729958260977,0.4342338739066864,0.114184035673877,0.6634703210452937,0.8483865217837137,4.666666666666667,,,,,,,,,,False
165,B,FixedRidgeLambda1,3,41,0.04628295743917957,0.0511038055071445,0.018426237971108237,0.21190363270621884,0.9848118435787682,1.0,,,,,,,,,,False
165,B,KNN,3,41,0.7095083004030148,0.6625004123900298,0.17183532228244516,0.8383255607545416,0.7546666327671593,8.0,,,,,,,,,,False
165,B,LightGBM,3,41,0.7186971487100267,0.7318674221896893,0.034787396728111715,0.84759248641158,0.7456199032290968,8.0,,,,,,,,,,False
165,B,LinearRegression,3,41,0.04793099181604227,0.0524874160982421,0.018700883022248503,0.21579934367833098,0.9842384016638581,2.0,,,,,,,,,,False
165,B,MLP,3,41,0.8156685770088328,0.7943070702950364,0.08242387107491289,0.9023869207882491,0.7026267794686013,9.333333333333334,,,,,,,,,,False
165,B,MODEL3-ICL-MC,3,41,0.05549610040567937,0.0588566172648782,0.02421405370149632,0.23139627898511853,0.9818973611957017,3.0,200.0,5.0,,,,,,,,False
165,B,RandomForest,3,41,0.37257379534619733,0.3620235122179707,0.025704896374816034,0.6101500421371017,0.8678363663437465,4.333333333333333,,,,,,,,,,False
165,B,Ridge,3,41,0.04628295743917957,0.0511038055071445,0.018426237971108237,0.21190363270621884,0.9848118435787682,1.0,,,,,,,,,,False
165,B,SVR,3,41,0.6846453906449859,0.7079968525442062,0.2547675904187091,0.8171686571318993,0.7732627241142894,7.666666666666667,,,,,,,,,,False
165,B,XGBoost,3,41,0.6854006547387074,0.6119852657916124,0.18510676147779373,0.8230970134529342,0.7415183215894015,7.0,,,,,,,,,,False
165,C,CatBoost,3,41,3.240837689238463,3.3220855883333176,0.5062220525558063,1.7964758387641109,0.6995429018278149,6.333333333333333,,,,,,,,,,False
165,C,FixedRidgeLambda1,3,41,0.2652233498214453,0.2412478688605492,0.07958591540806609,0.5112743238837475,0.9760064695068477,1.6666666666666667,,,,,,,,,,False
165,C,KNN,3,41,5.265934215511987,5.306263011127705,0.6017458397335899,2.292240591479896,0.5133434994994364,9.666666666666666,,,,,,,,,,False
165,C,LightGBM,3,41,2.70274670118304,2.585263662718899,0.2516190407815796,1.642843083138447,0.7464371813256178,5.0,,,,,,,,,,False
165,C,LinearRegression,3,41,0.26510702964783334,0.238397092159077,0.08422955850291777,0.5107267698922665,0.9760638978540909,1.3333333333333333,,,,,,,,,,False
165,C,MLP,3,41,2.5618522667925574,2.4305716725874715,0.2670061089013806,1.5991674650006147,0.7601416642220521,4.0,,,,,,,,,,False
165,C,MODEL3-ICL-MC,3,41,0.4367077367098465,0.5208198768616653,0.17158724600671463,0.6508271567613756,0.9605294145209547,3.0,200.0,5.0,,,,,,,,False
165,C,RandomForest,3,41,4.884880352000709,5.099672988176611,0.8728263804562679,2.2040500379732397,0.5483443598967327,8.666666666666666,,,,,,,,,,False
165,C,Ridge,3,41,0.2652233498214453,0.2412478688605492,0.07958591540806609,0.5112743238837475,0.9760064695068477,1.6666666666666667,,,,,,,,,,False
165,C,SVR,3,41,3.380233889887086,3.4066280237876767,0.36163034408599093,1.8367710371812265,0.6873480051884583,6.666666666666667,,,,,,,,,,False
165,C,XGBoost,3,41,4.7283593713058165,4.949678377847826,0.6353224567980474,2.171086728939819,0.5635920087249199,8.666666666666666,,,,,,,,,,False
165,G,CatBoost,6,41,34.780758218686074,26.346409348278,29.071530326750604,5.4296463303682545,-9.44602095854089,5.5,,,,,,,,,,False
165,G,FixedRidgeLambda1,6,41,39.013427852762455,40.176216275125796,36.4342451887027,5.4367456732862705,-11.494759908363575,3.6666666666666665,,,,,,,,,,False
165,G,KNN,6,41,68.65621596784224,65.4806764733293,47.545792227986006,7.782601116362826,-17.944974636258273,7.0,,,,,,,,,,False
165,G,LightGBM,6,41,130.98791282439765,65.60133367237113,161.08106392708484,10.045588467915344,-37.827503797859826,8.666666666666666,,,,,,,,,,False
165,G,LinearRegression,6,41,39.44242148778767,40.59630036794587,36.811472712632614,5.46805535877926,-11.632755813393118,4.666666666666667,,,,,,,,,,False
165,G,MLP,6,41,559.1206047814476,372.3226793127463,560.9913866754479,20.559918826660976,-168.21361398802597,10.0,,,,,,,,,,False
165,G,MODEL3-ICL-MC,6,41,65.08865365062886,35.438700453612974,72.7642201240115,6.831155046415884,-19.085760374933297,6.166666666666667,200.0,5.0,,,,,,,,False
165,G,RandomForest,6,41,114.52016609482321,15.201253833844532,220.45790821583557,7.5549855286039636,-31.155866036977514,5.333333333333333,,,,,,,,,,False
165,G,Ridge,6,41,39.013427852762455,40.176216275125796,36.4342451887027,5.4367456732862705,-11.494759908363575,3.6666666666666665,,,,,,,,,,False
165,G,SVR,6,41,1.096326650302186,1.1416141064009668,0.32896417982235154,1.0360681934760445,0.7617789015666084,1.0,,,,,,,,,,False
165,G,XGBoost,6,41,6.169525761962871,6.1351100031560115,1.6550026553731678,2.463135069001221,-0.32637845972849816,3.0,,,,,,,,,,False
165,H,CatBoost,3,41,0.4992283010224556,0.4714186587407331,0.06307133932408654,0.7056483683251175,0.8739620476583742,5.333333333333333,,,,,,,,,,False
165,H,FixedRidgeLambda1,3,41,0.021269050067992734,0.0178539372978811,0.009761534687139589,0.14340617555044863,0.9948484345461348,2.0,,,,,,,,,,False
165,H,KNN,3,41,0.6648241804778641,0.6533868400415725,0.03618708031935136,0.8151683587117479,0.8295118660480111,8.0,,,,,,,,,,False
165,H,LightGBM,3,41,0.657208203960062,0.6729366082685432,0.12074412269758339,0.8083377114046811,0.8295756153475614,7.666666666666667,,,,,,,,,,False
165,H,LinearRegression,3,41,0.019127651599903567,0.0171673497761069,0.008105503473885542,0.13627628075424467,0.9953554192597203,1.0,,,,,,,,,,False
165,H,MLP,3,41,0.6504771977208107,0.6347789170997232,0.03364523706551251,0.8063442548237023,0.8333531293232888,7.0,,,,,,,,,,False
165,H,MODEL3-ICL-MC,3,41,0.043277066930284734,0.0507052105555081,0.02232773123502949,0.20229576027905147,0.9890197913586435,3.0,200.0,5.0,,,,,,,,False
165,H,RandomForest,3,41,0.43700335754133524,0.4552947614714331,0.10568511845220145,0.657676977830964,0.8861318349798077,5.333333333333333,,,,,,,,,,False
165,H,Ridge,3,41,0.021269050067992734,0.0178539372978811,0.009761534687139589,0.14340617555044863,0.9948484345461348,2.0,,,,,,,,,,False
165,H,SVR,3,41,0.5144124442633423,0.4590909872613443,0.1344331124561002,0.7133405195240092,0.8722121325942612,5.666666666666667,,,,,,,,,,False
165,H,XGBoost,3,41,0.7750937793889682,0.751029095179383,0.09913224335614931,0.8792144292058334,0.8007276402049169,10.0,,,,,,,,,,False
166,A,CatBoost,6,42,1.5846017293063046,1.674061629115998,0.5259575308300906,1.2429337385825623,0.8030338846256195,6.0,,,,,,,,,,False
166,A,FixedRidgeLambda1,6,42,0.05287499365960371,0.035420560186508,0.035492842233104664,0.2205778828874907,0.9934543362070487,1.5,,,,,,,,,,False
166,A,KNN,6,42,3.013101959698176,3.123489230184231,0.37520826576065985,1.7329330080673244,0.6199310829672772,9.333333333333334,,,,,,,,,,False
166,A,LightGBM,6,42,1.6230618537117776,1.5184829608523978,0.6007511263519331,1.2553187000026924,0.8007335711176222,5.833333333333333,,,,,,,,,,False
166,A,LinearRegression,6,42,0.05480361469506443,0.03475398321412545,0.037274952265303155,0.2241168623177251,0.9932277574119087,1.8333333333333333,,,,,,,,,,False
166,A,MLP,6,42,0.6867509143101374,0.6068485748187677,0.17347818561843945,0.8234651719215093,0.9131165595458645,4.0,,,,,,,,,,False
166,A,MODEL3-ICL-MC,6,42,0.06999814195906524,0.0685268490886269,0.034098219805605214,0.25774650051216175,0.9911782438823159,2.6666666666666665,200.0,5.0,,,,,,,,False
166,A,RandomForest,6,42,2.6744412240655673,2.5633779247789548,0.6762355161237099,1.624382005168002,0.6680481368856074,8.833333333333334,,,,,,,,,,False
166,A,Ridge,6,42,0.05287499365960371,0.035420560186508,0.035492842233104664,0.2205778828874907,0.9934543362070487,1.5,,,,,,,,,,False
166,A,SVR,6,42,1.7378197489291682,1.7167669762525846,0.4056560350372382,1.3106622724221397,0.783569671030851,6.166666666666667,,,,,,,,,,False
166,A,XGBoost,6,42,2.7321723555489172,2.540172665076444,0.9733809730495917,1.6310020335518305,0.6632915164790186,8.833333333333334,,,,,,,,,,False
166,B,CatBoost,3,41,0.35973754495368687,0.2545106687306391,0.19617029736336164,0.5861807789927674,0.8058303984389293,5.666666666666667,,,,,,,,,,False
166,B,FixedRidgeLambda1,3,41,0.1224502688840108,0.1213629876544977,0.014692600568273012,0.3495100221332028,0.9246145758379122,1.6666666666666667,,,,,,,,,,False
166,B,KNN,3,41,0.5383117562069334,0.531263253978268,0.12532870334605553,0.7303591774234491,0.6819612625731498,8.333333333333334,,,,,,,,,,False
166,B,LightGBM,3,41,0.49188247080301156,0.4282429511822128,0.13828187700894828,0.6969791629903246,0.7163750731119142,8.0,,,,,,,,,,False
166,B,LinearRegression,3,41,0.12319850111989557,0.1213619699480413,0.01564569345066181,0.350527568180061,0.9240832469251196,2.0,,,,,,,,,,False
166,B,MLP,3,41,0.5946682760817739,0.673610486242261,0.19322888805996333,0.7635122888796761,0.6042461142552462,8.333333333333334,,,,,,,,,,False
166,B,MODEL3-ICL-MC,3,41,0.14630267196556473,0.1649475016543629,0.03408864773940593,0.3806137193040519,0.9127634425110833,2.3333333333333335,200.0,5.0,,,,,,,,False
166,B,RandomForest,3,41,0.25994420907886356,0.2220322990597217,0.08894772969501943,0.5051633085475299,0.8517590661798934,4.0,,,,,,,,,,False
166,B,Ridge,3,41,0.1224502688840108,0.1213629876544977,0.014692600568273012,0.3495100221332028,0.9246145758379122,1.6666666666666667,,,,,,,,,,False
166,B,SVR,3,41,0.49667241789314925,0.3938694046039408,0.19150495737630252,0.6966532021657308,0.7205679323203471,7.666666666666667,,,,,,,,,,False
166,B,XGBoost,3,41,0.4372858565362561,0.4372759882985456,0.09323648364699659,0.6587343093534016,0.7427720112641171,7.0,,,,,,,,,,False
166,C,CatBoost,12,42,1.0416399666276848,1.0105778460260202,0.4605248130359567,0.9964456225601347,0.7971476626987357,4.916666666666667,,,,,,,,,,False
166,C,FixedRidgeLambda1,12,42,0.11839064235426015,0.11567332135345926,0.05411021250897863,0.3352263638300929,0.9758262876990548,1.6666666666666667,,,,,,,,,,False
166,C,KNN,12,42,1.9543367305880726,1.6254765885805857,0.8861066777917888,1.3651924527609829,0.615285222493586,8.416666666666666,,,,,,,,,,False
166,C,LightGBM,12,42,1.404904427080078,1.3871229952380044,0.29876538272917663,1.1787169308422147,0.6705104281467772,6.25,,,,,,,,,,False
166,C,LinearRegression,12,42,0.11844935426683932,0.1160865799288516,0.052405725472655276,0.3355551178545517,0.9755490272451448,1.75,,,,,,,,,,False
166,C,MLP,12,42,2.2409889152502176,2.129273219299049,0.8181131956009561,1.4760063126564067,0.4523657502418728,8.666666666666666,,,,,,,,,,False
166,C,MODEL3-ICL-MC,12,41,0.17457626039011256,0.15597548043406512,0.11006411116727416,0.40168832563353835,0.9661608547378658,2.5833333333333335,200.0,5.0,,,,,,,,False
166,C,RandomForest,12,42,1.2604604456309338,1.3172481842226633,0.5503270108111863,1.0953347760516547,0.7565008684804274,6.333333333333333,,,,,,,,,,False
166,C,Ridge,12,42,0.11839064235426015,0.11567332135345926,0.05411021250897863,0.3352263638300929,0.9758262876990548,1.6666666666666667,,,,,,,,,,False
166,C,SVR,12,42,1.270485286629656,1.462214142078238,0.8269103048506893,1.0609275129463247,0.7809072613966624,6.083333333333333,,,,,,,,,,False
166,C,XGBoost,12,42,1.8933380254595669,1.863479227653658,0.544618509093852,1.3626974717970037,0.5922934077010824,8.333333333333334,,,,,,,,,,False
166,D,CatBoost,3,41,1.9788705339446437,1.4296732075609018,1.1414862314616925,1.370823468899367,0.7466659984441667,6.333333333333333,,,,,,,,,,False
166,D,FixedRidgeLambda1,3,41,0.11608927173917949,0.0794252648908818,0.06868661046998982,0.3316398748978285,0.9852239759695293,1.6666666666666667,,,,,,,,,,False
166,D,KNN,3,41,2.5768009640644327,2.379369620641195,0.7747137625041287,1.5934858391555593,0.6629924660014989,8.333333333333334,,,,,,,,,,False
166,D,LightGBM,3,41,1.6243413112622413,1.393698754488507,0.5559404815224177,1.2627642257603433,0.785398368823869,5.666666666666667,,,,,,,,,,False
166,D,LinearRegression,3,41,0.11500807348166191,0.0812519345093671,0.06518690971694308,0.33081438399461277,0.9852971678522072,2.0,,,,,,,,,,False
166,D,MLP,3,41,0.6760232119274113,0.6823233171585483,0.12452252608961022,0.8198398601775511,0.9093029887603429,4.0,,,,,,,,,,False
166,D,MODEL3-ICL-MC,3,41,0.15932864101332725,0.175302770368351,0.03437513137276062,0.39749386193813324,0.9789304910075055,2.3333333333333335,200.0,5.0,,,,,,,,False
166,D,RandomForest,3,41,2.992202641426782,2.869498260768041,1.0028553907709352,1.713535567199666,0.6118440851978442,9.333333333333334,,,,,,,,,,False
166,D,Ridge,3,41,0.11608927173917949,0.0794252648908818,0.06868661046998982,0.3316398748978285,0.9852239759695293,1.6666666666666667,,,,,,,,,,False
166,D,SVR,3,41,1.7108171897512845,1.3065480467582102,1.034762811616072,1.2704002112515802,0.7859063239614715,6.0,,,,,,,,,,False
166,D,XGBoost,3,41,3.10241878095467,2.724589375944754,1.4567814531500307,1.729740084789788,0.5920358478679909,9.333333333333334,,,,,,,,,,False
166,E,AutoGluon,2,41,1.467043637756375,1.467043637756375,0.0023699317719716494,1.2112155709012808,0.8808771012832447,5.0,,,,,,,,,,False
166,E,CatBoost,15,41,2.5650217303508325,2.3495321115122256,2.1100966965411057,1.457600621740254,0.7731942047852939,5.266666666666667,,,,,,,,,,False
166,E,FixedRidgeLambda1,15,41,0.06538088865549198,0.0737412641083182,0.03583311310901546,0.24284439578786993,0.9905825128121803,1.6,,,,,,,,,,False
166,E,KNN,15,41,4.165134536032991,2.8392146931126416,3.47156924737399,1.8467718564155386,0.6537907501190225,8.0,,,,,,,,,,False
166,E,LightGBM,15,41,3.339834193356374,3.5788798331184037,2.211934086728565,1.7093836002119243,0.664083924821069,7.8,,,,,,,,,,False
166,E,LinearRegression,15,41,0.06731593371864322,0.0755319855398596,0.03827666041097126,0.2456819509082003,0.9902592512054504,1.9333333333333333,,,,,,,,,,False
166,E,MLP,15,41,0.8377001336827674,0.8235997660627812,0.2933823255431541,0.9020772833442804,0.8098782479907315,5.2,,,,,,,,,,False
166,E,MODEL3-ICL-MC,15,41,0.1236798172109637,0.1066463146189006,0.09833672761507958,0.32479488436384457,0.9871420726950414,2.466666666666667,200.0,5.0,,,,,,,,False
166,E,RandomForest,15,41,3.5976390260893107,2.976756984066034,3.0635126505169104,1.6928826957934422,0.7142280262271236,6.866666666666666,,,,,,,,,,False
166,E,Ridge,15,41,0.06538088865549198,0.0737412641083182,0.03583311310901546,0.24284439578786993,0.9905825128121803,1.6,,,,,,,,,,False
166,E,SVR,15,41,4.291808070173851,3.5956631665567254,3.7569171505648526,1.8624339972477826,0.6486007744778913,8.133333333333333,,,,,,,,,,False
166,E,XGBoost,15,41,4.3606496851294985,3.373716728813934,3.8780680938035696,1.8581881904356343,0.6476008858617005,8.533333333333333,,,,,,,,,,False
166,F,CatBoost,6,42,0.21843901315156056,0.1986871345327894,0.06714394955090303,0.4629932021245558,0.0,6.833333333333333,,,,,,,,,,False
166,F,FixedRidgeLambda1,6,42,0.03988877497215893,0.033718316367235546,0.02964859404594118,0.1900841479180997,0.0,1.5,,,,,,,,,,False
166,F,KNN,6,42,0.1921990909166346,0.186371797328991,0.049655940778557915,0.43533285986279013,0.0,6.166666666666667,,,,,,,,,,False
166,F,LightGBM,6,42,0.38947862418160617,0.4098079608060755,0.04586064180421638,0.6230965046836323,0.0,8.833333333333334,,,,,,,,,,False
166,F,LinearRegression,6,42,0.040261807256914084,0.0340861474468581,0.029833622589580597,0.1910144052859246,0.0,2.5,,,,,,,,,,False
166,F,MLP,6,42,0.7593762251876056,0.7956726316602667,0.20262716066456202,0.8645781469537824,0.0,10.0,,,,,,,,,,False
166,F,MODEL3-ICL-MC,6,42,0.048104128802061684,0.04766765402304775,0.02910576765808927,0.20993960134947431,0.0,2.0,200.0,5.0,,,,,,,,False
166,F,RandomForest,6,42,0.15437988755515578,0.131086718753803,0.061735263123256515,0.3866544050046184,0.0,5.166666666666667,,,,,,,,,,False
166,F,Ridge,6,42,0.03988877497215893,0.033718316367235546,0.02964859404594118,0.1900841479180997,0.0,1.5,,,,,,,,,,False
166,F,SVR,6,42,0.12405045593095977,0.113906101304631,0.042035549706307455,0.34821130113874504,0.0,4.0,,,,,,,,,,False
166,F,XGBoost,6,42,0.3326916637774661,0.3288761470166759,0.05856208093677586,0.574983590256541,0.0,8.0,,,,,,,,,,False
166,G,CatBoost,3,42,59.77066645941008,31.61260525400982,49.15167189693899,7.333520842166046,-8.894468447440365,6.0,,,,,,,,,,False
166,G,FixedRidgeLambda1,3,42,14.441898570483735,17.48977880773389,7.690151918446148,3.685453541934168,-1.394072315328993,2.0,,,,,,,,,,False
166,G,KNN,3,42,99.39861458354828,93.67803797517006,74.00870474087822,9.426584793987624,-15.971925272310019,7.333333333333333,,,,,,,,,,False
166,G,LightGBM,3,42,85.78024393523515,89.11883334996851,42.03603317339597,9.053849705972253,-13.036284633666595,7.333333333333333,,,,,,,,,,False
166,G,LinearRegression,3,42,14.581474202886016,17.65786146120694,7.803430642128681,3.701867767726893,-1.4185343478938754,3.0,,,,,,,,,,False
166,G,MLP,3,42,339.22079387181617,287.777121238062,198.91304067111298,17.894287822387692,-54.7326399527736,9.666666666666666,,,,,,,,,,False
166,G,MODEL3-ICL-MC,3,42,24.240168421136406,28.39316222788553,9.630943424455648,4.847435023396072,-2.906507589167757,4.0,200.0,5.0,,,,,,,,False
166,G,RandomForest,3,42,172.69196173862247,42.97348539897729,238.7281276564908,10.971080666667811,-29.87687107626178,6.666666666666667,,,,,,,,,,False
166,G,Ridge,3,42,14.441898570483735,17.48977880773389,7.690151918446148,3.685453541934168,-1.394072315328993,2.0,,,,,,,,,,False
166,G,SVR,3,42,2.546482134201304,1.594572466371684,1.9765256484287543,1.521738067948177,0.6913549040466652,1.0,,,,,,,,,,False
166,G,XGBoost,3,42,313.3643132773414,118.28326747445767,385.26509376279836,15.477743001675996,-48.99477502875944,8.0,,,,,,,,,,False
166,H,CatBoost,9,42,1.3763754525074754,1.3178558872743202,0.6068608719037167,1.1499960023974007,0.8059334187571923,5.444444444444445,,,,,,,,,,False
166,H,FixedRidgeLambda1,9,42,0.09247208310997089,0.0891898948986053,0.027445762420929085,0.3016069501774499,0.9839094865469868,1.7777777777777777,,,,,,,,,,False
166,H,KNN,9,42,2.508834354501634,2.116102143952152,1.0042296174309326,1.5572260755901457,0.6381683345412885,9.222222222222221,,,,,,,,,,False
166,H,LightGBM,9,42,1.5772190166132183,1.5446556940962657,0.4840014844470836,1.2424039636787996,0.7667110794372058,6.666666666666667,,,,,,,,,,False
166,H,LinearRegression,9,42,0.09126732815740707,0.0890896512709347,0.026137155253616984,0.2996049728053851,0.9842107421012128,1.4444444444444444,,,,,,,,,,False
166,H,MLP,9,42,0.6783439983853776,0.7210611889030476,0.14215044069637384,0.8194589804360104,0.8906611866747256,4.222222222222222,,,,,,,,,,False
166,H,MODEL3-ICL-MC,9,41,0.14506826430928108,0.1448048771744374,0.04717843632289486,0.37625333589531007,0.9761421583425499,2.7777777777777777,200.0,5.0,,,,,,,,False
166,H,RandomForest,9,42,1.792640983543806,1.6460806114121496,0.8931280383851216,1.3065158259133405,0.7504652219034047,7.111111111111111,,,,,,,,,,False
166,H,Ridge,9,42,0.09247208310997089,0.0891898948986053,0.027445762420929085,0.3016069501774499,0.9839094865469868,1.7777777777777777,,,,,,,,,,False
166,H,SVR,9,42,1.7664999804999963,1.731343230038671,1.1035148033047724,1.2802884459350563,0.7692958876923026,6.777777777777778,,,,,,,,,,False
166,H,XGBoost,9,42,2.4434777464056006,2.248851630150211,1.049246155546477,1.5337325161114728,0.6580087153055884,9.555555555555555,,,,,,,,,,False
167,A,CatBoost,6,42,1.8305356969360351,1.7026970356645825,0.3895197899875339,1.3468497319278565,0.7422450473269775,6.0,,,,,,,,,,False
167,A,FixedRidgeLambda1,6,42,0.12867901965809483,0.1201220910586612,0.06373597078180165,0.3477910823886355,0.9802445303989012,1.8333333333333333,,,,,,,,,,False
167,A,KNN,6,42,3.6132301183287745,3.3598230939341756,0.7554500504107452,1.8927972191180176,0.49258663014963666,10.0,,,,,,,,,,False
167,A,LightGBM,6,42,1.8024950727796856,1.6080824796195647,0.5898921842679881,1.3284873872626837,0.7481676286357272,6.0,,,,,,,,,,False
167,A,LinearRegression,6,42,0.12933889112940644,0.12113832647752515,0.06680221362468582,0.34769288130164866,0.9801043920469406,1.8333333333333333,,,,,,,,,,False
167,A,MLP,6,42,0.9155340402829414,0.7992870032966712,0.5708123204197577,0.9261366050765364,0.873273733498685,4.0,,,,,,,,,,False
167,A,MODEL3-ICL-MC,6,42,0.17898748506649195,0.1875586689627874,0.059924897075260275,0.41727096744999853,0.9732439661523502,2.3333333333333335,200.0,5.0,,,,,,,,False
167,A,RandomForest,6,42,2.364059598588915,2.386107518306216,0.28598079616304467,1.5351667274390166,0.6635385222461251,7.666666666666667,,,,,,,,,,False
167,A,Ridge,6,42,0.12867901965809483,0.1201220910586612,0.06373597078180165,0.3477910823886355,0.9802445303989012,1.8333333333333333,,,,,,,,,,False
167,A,SVR,6,42,2.0715630054344425,2.26579709703503,0.5712900158987826,1.4268384807914698,0.7145223277229534,6.833333333333333,,,,,,,,,,False
167,A,XGBoost,6,42,2.6712279447862337,2.598721892902096,0.541720768883247,1.6274349744720267,0.6183220259931043,8.5,,,,,,,,,,False
167,C,CatBoost,3,42,0.7166401629515354,0.6352780372367638,0.2905727974626708,0.835324411780418,0.69222677176786,5.666666666666667,,,,,,,,,,False
167,C,FixedRidgeLambda1,3,42,0.11391302910454737,0.117646679465147,0.021048178951122144,0.336515895702105,0.9493957414833365,1.6666666666666667,,,,,,,,,,False
167,C,KNN,3,42,0.791493562102804,0.8255507388084317,0.22340447018660756,0.8834011896472509,0.6732733712733016,6.333333333333333,,,,,,,,,,False
167,C,LightGBM,3,42,1.0850740770036358,1.101157256870959,0.09687753910641435,1.0409676833059518,0.5368093585794727,8.333333333333334,,,,,,,,,,False
167,C,LinearRegression,3,42,0.11607890044609252,0.1222657400274825,0.023512215500802115,0.33947869273905323,0.9484251368358162,2.0,,,,,,,,,,False
167,C,MLP,3,42,2.2460014544361417,1.859289495593174,0.713598664316393,1.4868760702575798,-0.03341881425866,10.0,,,,,,,,,,False
167,C,MODEL3-ICL-MC,3,42,0.1315450976417835,0.1245165411085041,0.04048875528857137,0.3598582621752337,0.939670568249135,2.3333333333333335,200.0,5.0,,,,,,,,False
167,C,RandomForest,3,42,0.6826202057548016,0.5677563073039407,0.24005876974556428,0.8182474596865493,0.6838940052010134,5.333333333333333,,,,,,,,,,False
167,C,Ridge,3,42,0.11391302910454737,0.117646679465147,0.021048178951122144,0.336515895702105,0.9493957414833365,1.6666666666666667,,,,,,,,,,False
167,C,SVR,3,42,0.6334631598752276,0.65192566295401,0.13255602885469842,0.7928947039608988,0.7350597249499057,5.0,,,,,,,,,,False
167,C,XGBoost,3,42,1.1315811291722042,1.2013543652765382,0.3169733705365175,1.0562991137548747,0.4872753324763015,8.333333333333334,,,,,,,,,,False
167,D,CatBoost,6,42,1.3999628146038632,1.4020723124813212,0.8089191834500229,1.1356853561927238,0.8302757705132583,5.0,,,,,,,,,,False
167,D,FixedRidgeLambda1,6,42,0.09594624492482008,0.10104483832010569,0.04781329466426519,0.3008377214613511,0.9880132628197632,1.3333333333333333,,,,,,,,,,False
167,D,KNN,6,42,2.721079223917474,2.5299421179359585,1.5146542663706168,1.5928389609205453,0.6698056887786118,9.166666666666666,,,,,,,,,,False
167,D,LightGBM,6,42,1.5024971918244463,1.5685341291821988,0.6159301098998119,1.202653748635047,0.8049660843781012,6.0,,,,,,,,,,False
167,D,LinearRegression,6,42,0.1009263174522901,0.10698995732940905,0.05205176029073418,0.30788638754726866,0.9875239168914335,2.3333333333333335,,,,,,,,,,False
167,D,MLP,6,42,1.000488660672735,1.0584499028260512,0.18116183879623243,0.9966087381612355,0.841660477942041,5.166666666666667,,,,,,,,,,False
167,D,MODEL3-ICL-MC,6,42,0.14143746503812363,0.1368833853442176,0.09591984827418086,0.35347533526915,0.9837476870407161,2.3333333333333335,200.0,5.0,,,,,,,,False
167,D,RandomForest,6,42,2.321351366823986,2.3754483694314357,1.270410812710051,1.469970000497592,0.7214741824372769,8.166666666666666,,,,,,,,,,False
167,D,Ridge,6,42,0.09594624492482008,0.10104483832010569,0.04781329466426519,0.3008377214613511,0.9880132628197632,1.3333333333333333,,,,,,,,,,False
167,D,SVR,6,42,1.6309739029104158,1.618040831613878,1.0015573224023075,1.2207373374496038,0.8119669996780642,6.0,,,,,,,,,,False
167,D,XGBoost,6,42,3.03057104179971,2.8784809147963424,1.8379916143510033,1.6682676434603187,0.6389664920170582,9.5,,,,,,,,,,False
167,E,CatBoost,3,42,2.1330815943227357,1.86218696028982,0.874291820955232,1.4408772988373058,0.7972466819449954,5.333333333333333,,,,,,,,,,False
167,E,FixedRidgeLambda1,3,42,0.0306628193063347,0.0220714944738342,0.01917709463269701,0.16981714948548587,0.9970746259785024,2.0,,,,,,,,,,False
167,E,KNN,3,42,3.824202991654738,4.241669124978617,0.9752768500980997,1.9439890827868773,0.63452762429907,9.666666666666666,,,,,,,,,,False
167,E,LightGBM,3,42,2.484233983363277,2.363061085537968,0.3603042007788887,1.5734550192471033,0.7586384603894997,6.333333333333333,,,,,,,,,,False
167,E,LinearRegression,3,42,0.029140743919597468,0.0208422210693545,0.016472560940041587,0.16653655688085903,0.9972202200221753,1.6666666666666667,,,,,,,,,,False
167,E,MLP,3,42,0.6427034982793103,0.5724693365407625,0.20053265644556195,0.7954774481375461,0.9374126215235047,4.0,,,,,,,,,,False
167,E,MODEL3-ICL-MC,3,42,0.06163457923706153,0.0799846646026213,0.039989703605675664,0.23565221488479557,0.9943729787305099,2.3333333333333335,200.0,5.0,,,,,,,,False
167,E,RandomForest,3,42,3.0610828178235203,3.042949795692086,0.9413089034285362,1.7354448719588291,0.7080918467734844,7.333333333333333,,,,,,,,,,False
167,E,Ridge,3,42,0.0306628193063347,0.0220714944738342,0.01917709463269701,0.16981714948548587,0.9970746259785024,2.0,,,,,,,,,,False
167,E,SVR,3,42,3.6262233848628918,3.407207628785567,1.730401567714307,1.8671269868714369,0.6591186069989597,8.333333333333334,,,,,,,,,,False
167,E,XGBoost,3,42,3.103877618585628,2.9919796056929338,0.9081884592887426,1.7492176494883187,0.7031155561887851,8.0,,,,,,,,,,False
167,G,CatBoost,3,42,26.739955858530617,25.66581870901407,18.812173338480314,4.92224857805883,-0.3816277224052813,3.0,,,,,,,,,,False
167,G,FixedRidgeLambda1,3,42,71.72086467724527,68.00377291046296,29.277913353799732,8.34960105538068,-2.6701294181199935,5.333333333333333,,,,,,,,,,False
167,G,KNN,3,42,279.19059814204417,224.1753773141332,290.89179171972705,14.593347125635097,-13.472539196603634,7.666666666666667,,,,,,,,,,False
167,G,LightGBM,3,42,134.95387624698614,133.0231169089768,9.049454807462876,11.612650646464596,-5.854290490698816,8.0,,,,,,,,,,False
167,G,LinearRegression,3,42,72.44697083344813,68.56577622781607,29.604650190999635,8.391668084855677,-2.7072104301172644,6.333333333333333,,,,,,,,,,False
167,G,MLP,3,42,3351.9938856342364,3034.446237456811,1358.3228323361573,57.11981492310776,-170.3804086188295,10.0,,,,,,,,,,False
167,G,MODEL3-ICL-MC,3,42,105.24146323769456,76.49653099322607,53.683568035771785,10.054735590190083,-4.3734270972467675,7.666666666666667,200.0,5.0,,,,,,,,False
167,G,RandomForest,3,42,31.56974480474908,22.461781574893344,26.1320835385554,5.300069490400179,-0.6248270192798796,3.3333333333333335,,,,,,,,,,False
167,G,Ridge,3,42,71.72086467724527,68.00377291046296,29.277913353799732,8.34960105538068,-2.6701294181199935,5.333333333333333,,,,,,,,,,False
167,G,SVR,3,42,5.075711443134475,4.831952677049282,0.438302756630391,2.251565724922306,0.7422527256311898,1.0,,,,,,,,,,False
167,G,XGBoost,3,42,14.738210230331703,15.97185674836501,2.2547664051391356,3.831159170289322,0.25421891142137376,2.6666666666666665,,,,,,,,,,False
167,H,CatBoost,3,42,1.7285659215723648,1.801255123646582,0.2141481336964184,1.31301219591848,0.8864667857208096,6.0,,,,,,,,,,False
167,H,FixedRidgeLambda1,3,42,0.05736836003172103,0.0543002527120394,0.005576097014723315,0.23933311163753557,0.9961732641106625,1.0,,,,,,,,,,False
167,H,KNN,3,42,2.9525197400225096,2.994829287006171,0.22890553711624828,1.7174184954865896,0.805368350286876,10.0,,,,,,,,,,False
167,H,LightGBM,3,42,1.6694543624029212,1.747715868617964,0.37072453226692254,1.2864949005962254,0.887555552449934,5.666666666666667,,,,,,,,,,False
167,H,LinearRegression,3,42,0.061154772787158335,0.0590954139814934,0.006817216194792596,0.24704375321918082,0.9959206295684512,2.0,,,,,,,,,,False
167,H,MLP,3,42,0.5711597238501785,0.5788400739922371,0.24490143952442864,0.7432988635571393,0.9626292799255453,4.0,,,,,,,,,,False
167,H,MODEL3-ICL-MC,3,42,0.11942519699519864,0.1083894708156543,0.0334045798643156,0.3434161661124709,0.9922022963987703,3.0,200.0,5.0,,,,,,,,False
167,H,RandomForest,3,42,1.8359606826540766,1.7603863984048242,0.17957018653216375,1.353920481753151,0.8784032739508888,6.333333333333333,,,,,,,,,,False
167,H,Ridge,3,42,0.05736836003172103,0.0543002527120394,0.005576097014723315,0.23933311163753557,0.9961732641106625,1.0,,,,,,,,,,False
167,H,SVR,3,42,2.683956311361148,2.808348280542686,0.33007962322004175,1.6361414689123068,0.823989119568906,9.0,,,,,,,,,,False
167,H,XGBoost,3,42,2.1209923110953826,2.262935857690493,0.2710974852725061,1.4542966434310163,0.8584408650287599,8.0,,,,,,,,,,False
168,B,CatBoost,3,42,0.5013924530440911,0.5487179082395605,0.24739872651783718,0.6912555214996233,0.9300808845178464,5.333333333333333,,,,,,,,,,False
168,B,FixedRidgeLambda1,3,42,0.07133772429971147,0.0642001143271623,0.03385367224601706,0.2621053942716925,0.9892014593805533,1.6666666666666667,,,,,,,,,,False
168,B,KNN,3,42,3.015399051709189,2.768735465281956,0.44977413417441003,1.7333886128990164,0.557859664421787,10.0,,,,,,,,,,False
168,B,LightGBM,3,42,0.8889958446186091,1.0211214300797518,0.24674874342336603,0.9361490897196686,0.8731482249974133,8.0,,,,,,,,,,False
168,B,LinearRegression,3,42,0.07002469730513973,0.0624138265600182,0.03173336728938856,0.26017359915749055,0.9894273294209311,1.3333333333333333,,,,,,,,,,False
168,B,MLP,3,42,0.5787954783905156,0.552160599267409,0.06880933199281698,0.7599126295488565,0.9150201084922123,6.0,,,,,,,,,,False
168,B,MODEL3-ICL-MC,3,42,0.09058538499406964,0.097095855511232,0.029014115209588725,0.2981709045274816,0.9860692848819931,3.0,200.0,5.0,,,,,,,,False
168,B,RandomForest,3,42,0.18381386686309695,0.1801649854245877,0.050029638879522505,0.4260661424667034,0.9733184385271662,4.0,,,,,,,,,,False
168,B,Ridge,3,42,0.07133772429971147,0.0642001143271623,0.03385367224601706,0.2621053942716925,0.9892014593805533,1.6666666666666667,,,,,,,,,,False
168,B,SVR,3,42,1.6799700315038886,1.9110787866599457,0.5881218346450378,1.2810802817026608,0.7641649382824037,9.0,,,,,,,,,,False
168,B,XGBoost,3,42,0.6502119616245635,0.6388171793894015,0.08838007279966834,0.8051247478711935,0.9041030749243807,6.666666666666667,,,,,,,,,,False
168,C,CatBoost,6,42,1.2816628708356732,1.0789440689442928,0.9201230109826619,1.071738806608455,0.8212094747536139,5.333333333333333,,,,,,,,,,False
168,C,FixedRidgeLambda1,6,42,0.13352210820685048,0.1027570537536647,0.07886932430547675,0.354918200089974,0.9722222416322165,2.0,,,,,,,,,,False
168,C,KNN,6,42,2.027863468285663,1.7268387339479414,1.4599618782733623,1.352213518965809,0.7191650149332595,8.833333333333334,,,,,,,,,,False
168,C,LightGBM,6,42,1.6052797789157303,1.416396856770385,0.5928909311932101,1.2494514915944446,0.7409098658168931,7.5,,,,,,,,,,False
168,C,LinearRegression,6,42,0.13473198094772013,0.10315002711297519,0.07913423376990347,0.3565699898563866,0.972049699987582,2.3333333333333335,,,,,,,,,,False
168,C,MLP,6,42,2.051376744357384,1.8032497449834688,0.9285267020283895,1.4045211943734568,0.6121405158218532,7.5,,,,,,,,,,False
168,C,MODEL3-ICL-MC,6,42,0.1411920553370627,0.1360354387528554,0.0744056175270828,0.36468303914979777,0.9729288950206277,1.6666666666666667,200.0,5.0,,,,,,,,False
168,C,RandomForest,6,42,1.2881238309614704,1.0081685877876165,1.0247484935430173,1.0607028511767647,0.8245686713454924,5.166666666666667,,,,,,,,,,False
168,C,Ridge,6,42,0.13352210820685048,0.1027570537536647,0.07886932430547675,0.354918200089974,0.9722222416322165,2.0,,,,,,,,,,False
168,C,SVR,6,42,1.5529285433263282,1.2057590197045296,1.1610944130273912,1.1834182330125838,0.7850756342158035,6.333333333333333,,,,,,,,,,False
168,C,XGBoost,6,42,1.8904621010234797,1.6718533500794224,1.1611868671535044,1.3271588105970533,0.721801073360867,8.333333333333334,,,,,,,,,,False
168,D,CatBoost,6,42,1.6923811712539927,1.7292357975499086,0.3364569924606797,1.2951597718551877,0.8338274952343466,5.833333333333333,,,,,,,,,,False
168,D,FixedRidgeLambda1,6,42,0.06523535862825745,0.0634811402619122,0.03891209507853231,0.24512179781071822,0.9928852836128784,1.5,,,,,,,,,,False
168,D,KNN,6,42,3.236677581141599,3.176098351199119,0.6776503131822941,1.7909460263760948,0.682382421328938,9.0,,,,,,,,,,False
168,D,LightGBM,6,42,1.6318760775743926,1.618309887480112,0.3041950908597157,1.2728780364430623,0.836601738275216,5.666666666666667,,,,,,,,,,False
168,D,LinearRegression,6,42,0.06610928751252605,0.06521185386878045,0.03798623230497397,0.24735751898236358,0.9928243569681703,1.8333333333333333,,,,,,,,,,False
168,D,MLP,6,42,0.5684963917500564,0.6068715363917334,0.17292417220229844,0.7461302679123697,0.9425639748395521,4.0,,,,,,,,,,False
168,D,MODEL3-ICL-MC,6,42,0.09836441080550169,0.08741444217313335,0.06549066524414786,0.29829290265326586,0.98896108706272,2.6666666666666665,200.0,5.0,,,,,,,,False
168,D,RandomForest,6,42,2.6979396704142378,2.688011978134044,0.6110616959056143,1.63337364202422,0.7317180987234903,8.166666666666666,,,,,,,,,,False
168,D,Ridge,6,42,0.06523535862825745,0.0634811402619122,0.03891209507853231,0.24512179781071822,0.9928852836128784,1.5,,,,,,,,,,False
168,D,SVR,6,42,2.674712348704082,1.9773233867198003,1.4129199602822395,1.5912467042915364,0.7630713536692002,7.666666666666667,,,,,,,,,,False
168,D,XGBoost,6,42,3.0614367331840904,2.9521523858068575,0.5081934619946091,1.744724105348612,0.6848517536129332,8.666666666666666,,,,,,,,,,False
168,F,CatBoost,3,42,0.19650161027903632,0.2054398271203191,0.023274463688506976,0.44274926399398234,0.0,6.333333333333333,,,,,,,,,,False
168,F,FixedRidgeLambda1,3,42,0.07398093008709163,0.0734947769733446,0.0023267676848018276,0.2719720350455673,0.0,1.0,,,,,,,,,,False
168,F,KNN,3,42,0.2147456228695509,0.1983899767615733,0.03624649230354818,0.4623475001099389,0.0,7.0,,,,,,,,,,False
168,F,LightGBM,3,42,0.33931891276178033,0.3550368582894271,0.04303923909834936,0.5817021384174454,0.0,8.666666666666666,,,,,,,,,,False
168,F,LinearRegression,3,42,0.07477920651889637,0.0742780720601126,0.002317582325593163,0.2734360795125965,0.0,2.0,,,,,,,,,,False
168,F,MLP,3,42,0.7926289674956788,0.7092740962663235,0.1470038252967259,0.8878572134302304,0.0,10.0,,,,,,,,,,False
168,F,MODEL3-ICL-MC,3,42,0.1159739402278789,0.1002978111791454,0.03218529051541318,0.3384875640566096,0.0,3.6666666666666665,200.0,5.0,,,,,,,,False
168,F,RandomForest,3,42,0.12075845786366603,0.1199738025475922,0.00780283954801519,0.3473826977235441,0.0,4.333333333333333,,,,,,,,,,False
168,F,Ridge,3,42,0.07398093008709163,0.0734947769733446,0.0023267676848018276,0.2719720350455673,0.0,1.0,,,,,,,,,,False
168,F,SVR,3,42,0.13604749615798253,0.1196729214337561,0.045749563236161424,0.3655368200767167,0.0,4.0,,,,,,,,,,False
168,F,XGBoost,3,42,0.2755536706167563,0.2359598316704568,0.07158290568291369,0.5221471864290638,0.0,8.0,,,,,,,,,,False
168,G,CatBoost,3,42,3.064173459274063,2.794040771086139,0.483775516443341,1.7469817000585923,0.4136807642959983,6.333333333333333,,,,,,,,,,False
168,G,FixedRidgeLambda1,3,42,1.0056644436375024,1.0987078343406331,0.4696565184749958,0.9817307375497637,0.8076283511535131,1.6666666666666667,,,,,,,,,,False
168,G,KNN,3,42,5.1029837354604926,5.369803424838831,1.7543134150473916,2.234917464994545,-0.04953291601163401,6.333333333333333,,,,,,,,,,False
168,G,LightGBM,3,42,7.68324405491725,9.60317361658138,3.6391806463962495,2.7073443907182315,-0.6524697401776528,7.666666666666667,,,,,,,,,,False
168,G,LinearRegression,3,42,1.0107695279660718,1.1106694244759645,0.4706771239231556,0.9842615292601646,0.8063884397039284,2.6666666666666665,,,,,,,,,,False
168,G,MLP,3,42,12.848387141497788,12.709788272260296,2.7930394576240656,3.570253272710277,-1.6560287895640353,9.666666666666666,,,,,,,,,,False
168,G,MODEL3-ICL-MC,3,42,1.666204397061384,1.224986610354987,1.1277183687569872,1.2441502495732861,0.7168663172575901,3.0,200.0,5.0,,,,,,,,False
168,G,RandomForest,3,42,3.09845199087902,3.293185027545109,0.6033398694237608,1.7543711086891436,0.41476510004105593,6.0,,,,,,,,,,False
168,G,Ridge,3,42,1.0056644436375024,1.0987078343406331,0.4696565184749958,0.9817307375497637,0.8076283511535131,1.6666666666666667,,,,,,,,,,False
168,G,SVR,3,42,1.2611324754093651,1.2332337854946755,0.5577391945205328,1.103801421260512,0.7756211037879566,2.6666666666666665,,,,,,,,,,False
168,G,XGBoost,3,42,15.683266875272844,6.980773320449482,15.70438569186172,3.6527645662739463,-2.0367999179598937,9.0,,,,,,,,,,False
169,A,CatBoost,3,42,1.9534164433198449,1.826167306227773,0.756577301460711,1.3802144025335554,0.8430728593774116,6.0,,,,,,,,,,False
169,A,FixedRidgeLambda1,3,42,0.030280364426954063,0.025027637297663,0.010972010280698488,0.17223468424895824,0.9973973050536532,1.6666666666666667,,,,,,,,,,False
169,A,KNN,3,42,3.2560184427128385,2.9864431598675183,1.224171966041153,1.7835694985811845,0.7377859284147799,9.0,,,,,,,,,,False
169,A,LightGBM,3,42,1.8970751076952874,1.7960939959148978,0.6478492954973141,1.364006926605765,0.8464390989348655,5.666666666666667,,,,,,,,,,False
169,A,LinearRegression,3,42,0.028852964943788296,0.0232021702169795,0.013137859441714675,0.1671227310888229,0.9975089625147845,1.3333333333333333,,,,,,,,,,False
169,A,MLP,3,42,0.7919418479487353,0.8599520781541795,0.3334844634114244,0.8750153444361795,0.9293505112951571,4.0,,,,,,,,,,False
169,A,MODEL3-ICL-MC,3,42,0.06311380211048286,0.0591216240535001,0.011352082948803736,0.2505691577218437,0.9947465200808231,3.0,200.0,5.0,,,,,,,,False
169,A,RandomForest,3,42,2.9724054429239506,2.6243735588304795,0.6945709095039506,1.7166203249917915,0.7541428969185374,9.0,,,,,,,,,,False
169,A,Ridge,3,42,0.030280364426954063,0.025027637297663,0.010972010280698488,0.17223468424895824,0.9973973050536532,1.6666666666666667,,,,,,,,,,False
169,A,SVR,3,42,2.019912276307704,2.136378596783484,0.5618056984651847,1.4114405424902792,0.8347542174722404,6.333333333333333,,,,,,,,,,False
169,A,XGBoost,3,42,3.077024382636376,3.3198465490537084,0.7112038305372866,1.7457759741084506,0.7460609426072781,9.0,,,,,,,,,,False
169,B,CatBoost,3,42,0.6002523347566174,0.3931551627719153,0.44326614919861823,0.7421615853502198,0.8586267478617557,5.666666666666667,,,,,,,,,,False
169,B,FixedRidgeLambda1,3,42,0.042459683105429934,0.0369559578643312,0.010358432779725597,0.2050902881709836,0.9888422863945857,2.0,,,,,,,,,,False
169,B,KNN,3,42,1.0964839460580957,0.9457386272211464,0.39541207983789356,1.036387902982653,0.7193234144429587,9.666666666666666,,,,,,,,,,False
169,B,LightGBM,3,42,0.7093653209869829,0.6059768999744606,0.25117480989400975,0.8339446572143366,0.8176136595655045,7.0,,,,,,,,,,False
169,B,LinearRegression,3,42,0.041275048663617836,0.0379367983693933,0.00741878162633507,0.2026371237852387,0.9890107462709493,2.0,,,,,,,,,,False
169,B,MLP,3,42,0.6387052877906408,0.62291726307592,0.08466706108135749,0.7980348205952753,0.8220454764923399,6.666666666666667,,,,,,,,,,False
169,B,MODEL3-ICL-MC,3,42,0.05021123922523887,0.0364009468136711,0.031476095584088135,0.21725929131767574,0.9879107689570374,2.0,200.0,5.0,,,,,,,,False
169,B,RandomForest,3,42,0.5092634570838978,0.3365121727860699,0.3310962591684817,0.6906660841148252,0.8777622696657836,4.666666666666667,,,,,,,,,,False
169,B,Ridge,3,42,0.042459683105429934,0.0369559578643312,0.010358432779725597,0.2050902881709836,0.9888422863945857,2.0,,,,,,,,,,False
169,B,SVR,3,42,0.8705212564480824,0.5861430709373396,0.5729021762292974,0.9021333809592688,0.7919256545327998,8.0,,,,,,,,,,False
169,B,XGBoost,3,42,0.7804170757468304,0.8319588881242214,0.24353502953083506,0.875647032247446,0.7935728714889732,7.333333333333333,,,,,,,,,,False
169,D,CatBoost,9,42,1.484031707797275,1.4102217620408564,1.060160369432393,1.1384849860311523,0.8267977413099833,5.222222222222222,,,,,,,,,,False
169,D,FixedRidgeLambda1,9,42,0.08746306124795059,0.0948592818811432,0.05221975406830674,0.28176811708249655,0.9879006492704954,1.6666666666666667,,,,,,,,,,False
169,D,KNN,9,42,3.1894853100447933,3.307352709983816,2.133450409107573,1.6770049182831168,0.6167878796896799,9.333333333333334,,,,,,,,,,False
169,D,LightGBM,9,42,1.479469684941961,1.5170012807773343,0.8084804986022843,1.1694761995544516,0.8076255293349264,6.0,,,,,,,,,,False
169,D,LinearRegression,9,42,0.08720434312497735,0.0940263627580638,0.05342375130009318,0.2809295577528139,0.9878219444587022,1.6666666666666667,,,,,,,,,,False
169,D,MLP,9,42,0.8044521769423869,0.8496723016571861,0.17153222651491384,0.8918266419765286,0.8498016150958396,5.888888888888889,,,,,,,,,,False
169,D,MODEL3-ICL-MC,9,42,0.14372617237664553,0.1194660025043471,0.08641012250283657,0.35830064126779376,0.9814902862757526,2.6666666666666665,200.0,5.0,,,,,,,,False
169,D,RandomForest,9,42,2.0449608799539,2.0577293985599563,1.5477467916508347,1.3102317620858999,0.773776895388811,7.0,,,,,,,,,,False
169,D,Ridge,9,42,0.08746306124795059,0.0948592818811432,0.05221975406830674,0.28176811708249655,0.9879006492704954,1.6666666666666667,,,,,,,,,,False
169,D,SVR,9,42,2.1720468087125733,2.0018932848150617,1.4222478885168084,1.394366262893209,0.7321659868390731,7.555555555555555,,,,,,,,,,False
169,D,XGBoost,9,42,2.148678698131366,2.293706437535787,1.4524557831273697,1.3783204009684598,0.7444978265245499,8.0,,,,,,,,,,False
169,E,CatBoost,3,42,3.1510579762144193,3.1647098649401637,0.637556531284001,1.7689667009330126,0.7302154698663257,6.0,,,,,,,,,,False
169,E,FixedRidgeLambda1,3,42,0.05280972910162357,0.0478939307171263,0.008827117880292227,0.2292901847540235,0.9954949736681099,1.6666666666666667,,,,,,,,,,False
169,E,KNN,3,42,5.688733095633098,6.05901113172923,1.382226321550106,2.3725923685140327,0.5196611867232125,10.0,,,,,,,,,,False
169,E,LightGBM,3,42,3.4202483142064715,3.25827189226391,0.628736444836989,1.8443043495645053,0.7076427625545536,7.0,,,,,,,,,,False
169,E,LinearRegression,3,42,0.05310281065996741,0.0542203915446025,0.005114251385976349,0.23025913903765372,0.9954689052783209,1.3333333333333333,,,,,,,,,,False
169,E,MLP,3,42,0.8961112186898049,0.774436472285864,0.24829133867741163,0.9409191276895337,0.923346109043548,4.0,,,,,,,,,,False
169,E,MODEL3-ICL-MC,3,42,0.11787697299581053,0.1088615772017019,0.03026666788214081,0.3415090676477177,0.9899074313676648,3.0,200.0,5.0,,,,,,,,False
169,E,RandomForest,3,42,3.6668009796799415,3.411585016294304,0.5440976150017439,1.911496653516603,0.6871836884571659,7.333333333333333,,,,,,,,,,False
169,E,Ridge,3,42,0.05280972910162357,0.0478939307171263,0.008827117880292227,0.2292901847540235,0.9954949736681099,1.6666666666666667,,,,,,,,,,False
169,E,SVR,3,42,3.932416153160714,4.106043361485361,0.688831173308681,1.9777511714225813,0.6673322362216849,7.0,,,,,,,,,,False
169,E,XGBoost,3,42,3.8484551728853855,3.572938813921578,0.5907578985111891,1.9580316843628065,0.6747120302517873,7.666666666666667,,,,,,,,,,False
169,F,CatBoost,3,42,0.17907394836790402,0.1504562699092499,0.05323248131370327,0.42024782322662885,0.0,5.666666666666667,,,,,,,,,,False
169,F,FixedRidgeLambda1,3,42,0.06089419119448503,0.0530158122562833,0.014438755594113499,0.2456724255949961,0.0,1.0,,,,,,,,,,False
169,F,KNN,3,42,0.27999617153707307,0.2446238628282174,0.06976592158104364,0.5265555772214511,0.0,7.333333333333333,,,,,,,,,,False
169,F,LightGBM,3,42,0.3787090900354911,0.3973466344264193,0.0637215196448305,0.6138784558088654,0.0,8.666666666666666,,,,,,,,,,False
169,F,LinearRegression,3,42,0.06155718657574124,0.0536741474800929,0.014620641649152773,0.24700239104120905,0.0,2.0,,,,,,,,,,False
169,F,MLP,3,42,0.8034101281287245,0.742297373697958,0.11010468648428995,0.894976404972863,0.0,10.0,,,,,,,,,,False
169,F,MODEL3-ICL-MC,3,42,0.12180171368761727,0.1094574180707465,0.022860061997859085,0.34802164984996553,0.0,4.0,200.0,5.0,,,,,,,,False
169,F,RandomForest,3,42,0.1008703359554856,0.0800667949765239,0.039780448507612504,0.31378451640103905,0.0,3.3333333333333335,,,,,,,,,,False
169,F,Ridge,3,42,0.06089419119448503,0.0530158122562833,0.014438755594113499,0.2456724255949961,0.0,1.0,,,,,,,,,,False
169,F,SVR,3,42,0.16128081334374855,0.1606905989515681,0.0642860456094418,0.3960086867827766,0.0,5.0,,,,,,,,,,False
169,F,XGBoost,3,42,0.31490136669715163,0.3100557061469245,0.020088890559606914,0.5609722505945315,0.0,8.0,,,,,,,,,,False
169,G,CatBoost,3,42,47.889999823757215,48.919232974087976,17.478615792608963,6.838629133969384,-3.501060017948552,6.333333333333333,,,,,,,,,,False
169,G,FixedRidgeLambda1,3,42,10.310649046923155,6.510316462267,8.479380997751235,3.041074618006346,-0.03474448082779624,2.6666666666666665,,,,,,,,,,False
169,G,KNN,3,42,42.1883700789025,50.24616320596668,21.44405968041845,6.320534018554521,-3.3789095992715965,6.333333333333333,,,,,,,,,,False
169,G,LightGBM,3,42,66.18950581848694,48.254744167539,32.9165723268165,7.9818811613952,-5.572484313302707,7.333333333333333,,,,,,,,,,False
169,G,LinearRegression,3,42,10.428696264292137,6.569751448847636,8.606831560625075,3.0571736591542265,-0.04683736929809623,3.6666666666666665,,,,,,,,,,False
169,G,MLP,3,42,185.0220356429367,184.21941080492996,47.36137580560332,13.526685624361837,-16.47323817420077,9.333333333333334,,,,,,,,,,False
169,G,MODEL3-ICL-MC,3,42,12.748568636681687,12.783322353755008,6.855938956277151,3.4750035093113922,-0.3152956458326685,2.6666666666666665,200.0,5.0,,,,,,,,False
169,G,RandomForest,3,42,78.4882132897115,82.14129050738003,34.6297976279636,8.700051057122684,-5.870153870894996,7.333333333333333,,,,,,,,,,False
169,G,Ridge,3,42,10.310649046923155,6.510316462267,8.479380997751235,3.041074618006346,-0.03474448082779624,2.6666666666666665,,,,,,,,,,False
169,G,SVR,3,42,3.2451303749160787,2.4638955016661748,2.491504849123991,1.7128728056166558,0.7394910468329753,1.3333333333333333,,,,,,,,,,False
169,G,XGBoost,3,42,478.6989754772312,476.4059273804197,467.5372288913644,18.705051682498837,-36.483103583840666,8.0,,,,,,,,,,False
169,H,CatBoost,9,42,1.5921368544682852,1.617504752159728,1.1185113503269801,1.1814751169375204,0.7847399812498791,5.444444444444445,,,,,,,,,,False
169,H,FixedRidgeLambda1,9,42,0.05796296393538106,0.0499073965688158,0.040998141414367195,0.22901246371782039,0.9864324785760581,1.4444444444444444,,,,,,,,,,False
169,H,KNN,9,42,2.9529613119754146,3.692442021957388,1.9918168512551873,1.5814316732090417,0.7093111020319021,8.222222222222221,,,,,,,,,,False
169,H,LightGBM,9,42,1.6694397707552227,1.705944106536162,0.9579873409784746,1.236434048197144,0.7355779169505701,6.666666666666667,,,,,,,,,,False
169,H,LinearRegression,9,42,0.058663956226087825,0.0464610172445439,0.039184210429184255,0.2310589531409799,0.9860542232392786,1.8888888888888888,,,,,,,,,,False
169,H,MLP,9,42,0.6569248782504885,0.6868592788866663,0.23502257798329695,0.7978976863567747,0.6932248349332836,5.888888888888889,,,,,,,,,,False
169,H,MODEL3-ICL-MC,9,42,0.09148275131613169,0.0887242392141164,0.048411969979334654,0.29371922064451056,0.9786194546061002,2.6666666666666665,200.0,5.0,,,,,,,,False
169,H,RandomForest,9,42,2.381855552047666,2.1045397261634387,1.806498570224385,1.4190507050826386,0.7302976475837932,7.111111111111111,,,,,,,,,,False
169,H,Ridge,9,42,0.05796296393538106,0.0499073965688158,0.040998141414367195,0.22901246371782039,0.9864324785760581,1.4444444444444444,,,,,,,,,,False
169,H,SVR,9,42,2.4841544674421225,3.2128541896900926,1.7560982525077073,1.4194110662994452,0.8020218648374553,6.777777777777778,,,,,,,,,,False
169,H,XGBoost,9,42,2.815194391645681,2.0096842009650806,2.0287618242811045,1.5677910694842507,0.6094647789699422,8.88888888888889,,,,,,,,,,False
170,A,CatBoost,6,42,3.441605906951422,2.824318031011979,3.3005601737930244,1.613807495205969,0.8257403222130536,5.333333333333333,,,,,,,,,,False
170,A,FixedRidgeLambda1,6,42,0.08567912249442,0.0593482301467434,0.058109336377246905,0.2793204967438121,0.9928774365345149,1.6666666666666667,,,,,,,,,,False
170,A,KNN,6,42,6.2452469737196195,5.053906413118509,5.911543247008573,2.1928170867777577,0.6714506024514293,9.833333333333334,,,,,,,,,,False
170,A,LightGBM,6,42,2.6567111620249317,2.1605270304507287,2.2762203233272555,1.489523648850154,0.8309702607122041,6.166666666666667,,,,,,,,,,False
170,A,LinearRegression,6,42,0.0868133539866756,0.0630837645300766,0.05497374097582515,0.2828613163895201,0.9925689098809521,2.0,,,,,,,,,,False
170,A,MLP,6,42,1.0878291215109932,0.8994031902867261,0.36939436479800297,1.0312740582017106,0.8826219284556065,5.833333333333333,,,,,,,,,,False
170,A,MODEL3-ICL-MC,6,42,0.19319097540889438,0.11446948070255256,0.19899926726695708,0.38780188187407133,0.9882418308939699,2.3333333333333335,200.0,5.0,,,,,,,,False
170,A,RandomForest,6,42,5.058246877702195,4.1481423212602735,5.073157397532404,1.9053174738185576,0.7607845353325376,6.0,,,,,,,,,,False
170,A,Ridge,6,42,0.08567912249442,0.0593482301467434,0.058109336377246905,0.2793204967438121,0.9928774365345149,1.6666666666666667,,,,,,,,,,False
170,A,SVR,6,42,5.102520718115714,4.313552065651543,4.919621015526236,1.95417661404836,0.7457452432197057,7.166666666666667,,,,,,,,,,False
170,A,XGBoost,6,42,5.924613150831111,4.612823308686766,5.80259499678379,2.1025073165782864,0.7056364958704274,8.666666666666666,,,,,,,,,,False
170,B,CatBoost,3,43,0.33540910847853067,0.3130256681338033,0.07011361146821038,0.5771045922094552,0.8430517224881685,5.0,,,,,,,,,,False
170,B,FixedRidgeLambda1,3,43,0.028208686993225696,0.022365827038539,0.01951115986970464,0.16131489311330793,0.9873954275700175,1.6666666666666667,,,,,,,,,,False
170,B,KNN,3,43,0.6658960573589332,0.6087533416554038,0.14575712743586766,0.8129000639375894,0.6887676222603473,9.333333333333334,,,,,,,,,,False
170,B,LightGBM,3,43,0.5414279278719568,0.5392895132653721,0.08027569840694977,0.7344645931486901,0.7447590582544669,7.333333333333333,,,,,,,,,,False
170,B,LinearRegression,3,43,0.027280905661227633,0.0217352278094032,0.018227940909187907,0.15911925901638166,0.9877826577340113,1.3333333333333333,,,,,,,,,,False
170,B,MLP,3,43,0.7894707529970556,0.8381305585773119,0.172829121148606,0.8847619353977795,0.6286648197230168,9.666666666666666,,,,,,,,,,False
170,B,MODEL3-ICL-MC,3,43,0.0572713776401813,0.0591176171952203,0.0064302354118261525,0.23905636370110953,0.9728722414263181,3.0,200.0,5.0,,,,,,,,False
170,B,RandomForest,3,43,0.17766668035168443,0.1807216330609397,0.030904904785715483,0.4204183288499759,0.9164010372360845,4.0,,,,,,,,,,False
170,B,Ridge,3,43,0.028208686993225696,0.022365827038539,0.01951115986970464,0.16131489311330793,0.9873954275700175,1.6666666666666667,,,,,,,,,,False
170,B,SVR,3,43,0.5152905327713265,0.4642903088816498,0.1629820986729452,0.7120866176553654,0.7613003113818405,7.333333333333333,,,,,,,,,,False
170,B,XGBoost,3,43,0.4600455276172508,0.4522961313255182,0.07826196666308075,0.6766366823974256,0.7837430484918193,6.333333333333333,,,,,,,,,,False
170,C,CatBoost,6,42,1.0790445038655807,1.0493081913628641,0.2288925017172306,1.0341664226293694,0.6571061668458527,5.666666666666667,,,,,,,,,,False
170,C,FixedRidgeLambda1,6,42,0.14232133071227085,0.12709514038422048,0.09208194016590693,0.3590258070228826,0.9384176250129396,1.8333333333333333,,,,,,,,,,False
170,C,KNN,6,42,1.7321392537490627,1.6208375753957895,0.39245533293581253,1.309801993507649,0.4434715543803695,8.666666666666666,,,,,,,,,,False
170,C,LightGBM,6,42,1.2782490169932557,1.3173291481183873,0.2998703377948654,1.123861361647078,0.5806147521166365,6.833333333333333,,,,,,,,,,False
170,C,LinearRegression,6,42,0.14333222609217897,0.12818516022060816,0.08860923859070297,0.3621426703437109,0.9385284893089851,1.8333333333333333,,,,,,,,,,False
170,C,MLP,6,42,2.5289177296387204,2.474500069375766,0.7952072273998092,1.5745381908119203,0.17634347321903185,9.333333333333334,,,,,,,,,,False
170,C,MODEL3-ICL-MC,6,42,0.18455507279999472,0.16413444635618452,0.10658317592286018,0.4155036206269512,0.9266353248311702,2.3333333333333335,200.0,5.0,,,,,,,,False
170,C,RandomForest,6,42,1.0100523118299727,0.9208832778819821,0.32346184288699953,0.9955593566134243,0.7003960141232725,4.833333333333333,,,,,,,,,,False
170,C,Ridge,6,42,0.14232133071227085,0.12709514038422048,0.09208194016590693,0.3590258070228826,0.9384176250129396,1.8333333333333333,,,,,,,,,,False
170,C,SVR,6,42,0.8535695292290598,0.9605410723673498,0.22578971251365548,0.9162066369555393,0.7246205629869888,5.0,,,,,,,,,,False
170,C,XGBoost,6,42,2.0724339605514297,1.7290220762609283,0.9767418209035134,1.4072406130390531,0.29571314907030494,8.666666666666666,,,,,,,,,,False
170,D,CatBoost,6,42,1.4774908693288058,1.193948976905792,0.7805018947319449,1.1804913914527215,0.8544380675758271,5.166666666666667,,,,,,,,,,False
170,D,FixedRidgeLambda1,6,42,0.10651245682936789,0.0781514749626226,0.08426880406869122,0.3068133897961834,0.990745814349868,2.0,,,,,,,,,,False
170,D,KNN,6,42,3.708292599661224,3.582050175479384,2.6044042782410632,1.8106245721175027,0.6958637163810438,9.5,,,,,,,,,,False
170,D,LightGBM,6,42,1.5673059620062195,1.6094169591627767,0.6685064738746388,1.226081330892265,0.8401268004152653,5.666666666666667,,,,,,,,,,False
170,D,LinearRegression,6,42,0.10249458623686576,0.07549872690479376,0.08264524822150265,0.2999626288773917,0.9912114289475471,1.0,,,,,,,,,,False
170,D,MLP,6,42,0.6006366686303543,0.6064960455539943,0.1611177110863158,0.7689133247107227,0.9212644245859659,4.333333333333333,,,,,,,,,,False
170,D,MODEL3-ICL-MC,6,42,0.14552322066627016,0.090186562853719,0.12732574622679574,0.35400629022782937,0.987772306669117,3.0,200.0,5.0,,,,,,,,False
170,D,RandomForest,6,42,2.614132865449618,2.182731029569199,1.6167080081136898,1.549797860946602,0.765553496763435,8.166666666666666,,,,,,,,,,False
170,D,Ridge,6,42,0.10651245682936789,0.0781514749626226,0.08426880406869122,0.3068133897961834,0.990745814349868,2.0,,,,,,,,,,False
170,D,SVR,6,42,2.644023672197568,2.484559788310036,1.8276442617917223,1.5330920445204301,0.7821747607675071,7.5,,,,,,,,,,False
170,D,XGBoost,6,42,2.6442335227466476,2.1541010541005896,1.4537561555712735,1.575804852241035,0.747309040199399,8.666666666666666,,,,,,,,,,False
170,E,CatBoost,3,42,3.0960639088800193,3.1695872512308743,0.17661696993534431,1.7590788624436986,0.7466539627957447,5.333333333333333,,,,,,,,,,False
170,E,FixedRidgeLambda1,3,42,0.06549807388244387,0.0690961530765216,0.012690538743434966,0.25508448249935894,0.9946922718235487,2.6666666666666665,,,,,,,,,,False
170,E,KNN,3,42,5.937664963223181,6.2865855141140665,0.6325894564229548,2.4343481024475606,0.5159649126966865,10.0,,,,,,,,,,False
170,E,LightGBM,3,42,3.4001181876796545,3.638555324009284,0.5149164029347898,1.8402430981926239,0.7216966900787973,6.0,,,,,,,,,,False
170,E,LinearRegression,3,42,0.0635105844493077,0.0643141003538239,0.011969462243929361,0.2512514599888619,0.9948560875951927,1.3333333333333333,,,,,,,,,,False
170,E,MLP,3,42,0.6382592780831685,0.7139796446482658,0.14876967151660314,0.7949822940684963,0.9483070688126748,4.0,,,,,,,,,,False
170,E,MODEL3-ICL-MC,3,42,0.059642932651178836,0.067383807472585,0.023622691430379827,0.24053949914273853,0.9952205745275143,2.0,200.0,5.0,,,,,,,,False
170,E,RandomForest,3,42,3.74999063937404,3.683789503094576,0.479788838873179,1.933868706671169,0.6931909853873913,7.0,,,,,,,,,,False
170,E,Ridge,3,42,0.06549807388244387,0.0690961530765216,0.012690538743434966,0.25508448249935894,0.9946922718235487,2.6666666666666665,,,,,,,,,,False
170,E,SVR,3,42,5.6110655041795345,5.78819517865011,0.42827156172237674,2.367594029826909,0.5421024162242121,9.0,,,,,,,,,,False
170,E,XGBoost,3,42,3.825133944272503,3.7752026612958742,0.3068242945892195,1.9547542460293823,0.6878166646222755,7.666666666666667,,,,,,,,,,False
170,G,CatBoost,6,43,16.667703958958345,12.527272576083629,14.364324445251581,3.7430185028385736,-4.942213465498651,6.833333333333333,,,,,,,,,,False
170,G,FixedRidgeLambda1,6,43,3.3838418723269044,4.200774040007972,1.7186905993097263,1.7743585244249058,-0.04912969328441793,2.1666666666666665,,,,,,,,,,False
170,G,KNN,6,43,17.442218382588464,13.24756513653041,12.424637042664456,3.950924280329531,-5.167524135304938,7.166666666666667,,,,,,,,,,False
170,G,LightGBM,6,43,29.299355763242385,15.054537138365045,30.999547197281252,4.892359046697385,-10.835495932448476,8.333333333333334,,,,,,,,,,False
170,G,LinearRegression,6,43,3.4360439637243902,4.272539573471712,1.753228628769769,1.787151961833348,-0.06554738542530329,3.1666666666666665,,,,,,,,,,False
170,G,MLP,6,43,84.99010815452964,46.477008095981105,86.95990453332972,8.149558620073302,-31.037670759550917,9.666666666666666,,,,,,,,,,False
170,G,MODEL3-ICL-MC,6,43,3.9588549996058995,3.0088921860855904,2.362916731316881,1.9215688699506925,-0.24452444125112524,3.3333333333333335,200.0,5.0,,,,,,,,False
170,G,RandomForest,6,43,18.022954197640708,10.7023243095909,20.0433807894237,3.7132312842143986,-5.301604436381115,5.666666666666667,,,,,,,,,,False
170,G,Ridge,6,43,3.3838418723269044,4.200774040007972,1.7186905993097263,1.7743585244249058,-0.04912969328441793,2.1666666666666665,,,,,,,,,,False
170,G,SVR,6,43,1.515170883963265,1.24850113250156,0.9805754460384868,1.1771338245133591,0.7422594530509582,1.8333333333333333,,,,,,,,,,False
170,G,XGBoost,6,43,49.388996461109734,8.820266015083993,99.35602906808943,5.060986724622235,-16.098424190751828,6.833333333333333,,,,,,,,,,False
170,H,CatBoost,3,42,1.9529670163011712,1.9746316781027768,0.12033042590343966,1.397039761398796,0.8233637299011921,5.666666666666667,,,,,,,,,,False
170,H,FixedRidgeLambda1,3,42,0.10560118995736036,0.0964829259334019,0.036327184049253614,0.3218445591152151,0.9905534399695025,1.6666666666666667,,,,,,,,,,False
170,H,KNN,3,42,3.3733155126361276,3.104602140973978,0.4939312356196137,1.8334952636525468,0.6966384098870336,9.0,,,,,,,,,,False
170,H,LightGBM,3,42,1.9509707789726367,1.7531296802018883,0.3715719001852386,1.3927368047346826,0.8232743254770024,5.666666666666667,,,,,,,,,,False
170,H,LinearRegression,3,42,0.1086868555675547,0.0931939963144107,0.04227920074128837,0.32573599724788543,0.990291671201613,2.0,,,,,,,,,,False
170,H,MLP,3,42,0.7438947237347208,0.7365128526844482,0.24000151504763736,0.8548145965721249,0.9333452583501679,4.0,,,,,,,,,,False
170,H,MODEL3-ICL-MC,3,42,0.1287236280132622,0.1420358919809421,0.0737697164860244,0.3467354580620043,0.9885277448271155,2.3333333333333335,200.0,5.0,,,,,,,,False
170,H,RandomForest,3,42,3.349186117678716,3.30019148819627,0.3993801974313969,1.8279235255551418,0.6975068183713339,9.0,,,,,,,,,,False
170,H,Ridge,3,42,0.10560118995736036,0.0964829259334019,0.036327184049253614,0.3218445591152151,0.9905534399695025,1.6666666666666667,,,,,,,,,,False
170,H,SVR,3,42,2.5398800687608314,2.438153665072052,0.2653039506651817,1.5922835113702265,0.7713123189605647,6.666666666666667,,,,,,,,,,False
170,H,XGBoost,3,42,3.3785869727851563,3.37644796425876,0.3530202958302847,1.8364160552908155,0.6941566186468142,9.0,,,,,,,,,,False
171,C,CatBoost,3,43,1.540830696974819,1.5826020982862743,0.08066806406446819,1.2410140222627082,0.8097852855420516,5.0,,,,,,,,,,False
171,C,FixedRidgeLambda1,3,43,0.23798660556116258,0.2200377489206043,0.039330049914711,0.48676950634040755,0.9706001126131799,2.0,,,,,,,,,,False
171,C,KNN,3,43,2.8583238693310222,2.841883453370302,0.06340037335401365,1.690588773554067,0.6475187330311523,9.666666666666666,,,,,,,,,,False
171,C,LightGBM,3,43,1.9944675048998646,2.0429071547424758,0.08901761577794393,1.4120185798039289,0.754279790403336,7.666666666666667,,,,,,,,,,False
171,C,LinearRegression,3,43,0.23835173174860072,0.2198315226818846,0.0419438168064089,0.4870009610368969,0.9705526469310956,1.6666666666666667,,,,,,,,,,False
171,C,MLP,3,43,1.763303782078215,1.9809065309618965,0.5211291673382925,1.3171606360905275,0.7836883691914772,6.666666666666667,,,,,,,,,,False
171,C,MODEL3-ICL-MC,3,43,0.30564392648321864,0.3144625629869459,0.09322403231834393,0.5483348977668142,0.962017028487017,2.3333333333333335,200.0,5.0,,,,,,,,False
171,C,RandomForest,3,43,1.8036828964941554,1.5428121674845483,0.4878233594261249,1.3352996412978495,0.7768602511001328,6.0,,,,,,,,,,False
171,C,Ridge,3,43,0.23798660556116258,0.2200377489206043,0.039330049914711,0.48676950634040755,0.9706001126131799,2.0,,,,,,,,,,False
171,C,SVR,3,43,1.8250251497991206,1.7911957461944792,0.5143259465229936,1.3418934938469274,0.7767217562418702,6.333333333333333,,,,,,,,,,False
171,C,XGBoost,3,43,2.5991502382235425,1.9021598928064851,1.3944556741890701,1.5766511109441101,0.6778309134596817,7.666666666666667,,,,,,,,,,False
171,F,CatBoost,9,43,0.2628760322680796,0.2465968519126988,0.08515191326696243,0.5072350379895947,0.30039254260884907,5.666666666666667,,,,,,,,,,False
171,F,FixedRidgeLambda1,9,43,0.10445671808816971,0.1003682899305065,0.04070199234590305,0.3173618650115008,0.32306421856521356,1.8888888888888888,,,,,,,,,,False
171,F,KNN,9,43,0.46761956750321576,0.2778193522252073,0.3857752550318252,0.6349858083289414,0.24265358902769718,7.222222222222222,,,,,,,,,,False
171,F,LightGBM,9,43,0.44603491973197545,0.4083124698420585,0.14666769540925814,0.6613000944544705,0.2842508043462002,8.11111111111111,,,,,,,,,,False
171,F,LinearRegression,9,43,0.10636682992206371,0.102512197689623,0.04194321876351902,0.320101524388166,0.3227257296780871,2.6666666666666665,,,,,,,,,,False
171,F,MLP,9,43,0.6668019597272516,0.6510790313351505,0.1198412749529649,0.8138694394082113,0.2634671181804222,9.555555555555555,,,,,,,,,,False
171,F,MODEL3-ICL-MC,9,43,0.10821946209404715,0.0940705926626773,0.04874749944178412,0.3219016778619493,0.3232683609986991,2.4444444444444446,200.0,5.0,,,,,,,,False
171,F,RandomForest,9,43,0.17582369171042636,0.1539749075334744,0.07798209800261736,0.41182943486599494,0.31161683981677835,3.6666666666666665,,,,,,,,,,False
171,F,Ridge,9,43,0.10445671808816971,0.1003682899305065,0.04070199234590305,0.3173618650115008,0.32306421856521356,1.8888888888888888,,,,,,,,,,False
171,F,SVR,9,43,0.3029456061018354,0.2157442711225835,0.21114134485126237,0.5239380033327233,0.2815464917302045,5.888888888888889,,,,,,,,,,False
171,F,XGBoost,9,43,0.4161097456579509,0.3809995906771737,0.10896255609608435,0.6404048391937959,0.2873302772099777,7.888888888888889,,,,,,,,,,False
172,B,CatBoost,3,43,0.4947080355512474,0.4944563485629257,0.09401417709337437,0.7012145083329608,0.9331219000494761,5.666666666666667,,,,,,,,,,False
172,B,FixedRidgeLambda1,3,43,0.09133708960845664,0.091454314457576,0.020627929192656342,0.3009133658931535,0.987911152340843,1.0,,,,,,,,,,False
172,B,KNN,3,43,1.467008664940255,1.4164525563894104,0.3159538981904447,1.206571909025864,0.7990397836594979,9.666666666666666,,,,,,,,,,False
172,B,LightGBM,3,43,0.8069995969726076,0.781411141008148,0.05774615880864233,0.8979549865645543,0.8910424238455207,8.0,,,,,,,,,,False
172,B,LinearRegression,3,43,0.09687401228601573,0.0949956746556217,0.021524270630100498,0.30996433025468056,0.9871936882092301,2.0,,,,,,,,,,False
172,B,MLP,3,43,0.6133076683394348,0.6591177487791092,0.15823570445690655,0.7784669583265682,0.9185238384413251,6.666666666666667,,,,,,,,,,False
172,B,MODEL3-ICL-MC,3,43,0.12938129859588157,0.1190363875241765,0.025649939374537935,0.35856409235085535,0.9829773057042207,3.0,200.0,5.0,,,,,,,,False
172,B,RandomForest,3,43,0.2610081510217324,0.2554400604250005,0.04415778317042941,0.509679520253605,0.9646868619472517,4.0,,,,,,,,,,False
172,B,Ridge,3,43,0.09133708960845664,0.091454314457576,0.020627929192656342,0.3009133658931535,0.987911152340843,1.0,,,,,,,,,,False
172,B,SVR,3,43,1.2044905183392778,1.3297488340643828,0.27215687977570263,1.092448339714917,0.8392411302819123,9.333333333333334,,,,,,,,,,False
172,B,XGBoost,3,43,0.5445739884901956,0.5471264634797821,0.0656962887389859,0.7370503046047142,0.9263759835729654,5.666666666666667,,,,,,,,,,False
172,C,CatBoost,3,43,3.0441684634837745,2.629102819808747,0.9766841479028376,1.7306299681088089,0.8067184275171345,5.333333333333333,,,,,,,,,,False
172,C,FixedRidgeLambda1,3,43,0.34293743757258577,0.3199176591443294,0.11315892517327684,0.5803813777049301,0.9758184016844456,1.0,,,,,,,,,,False
172,C,KNN,3,43,6.716954358166596,6.854008288621343,1.3745442353820074,2.582401978144908,0.5538176950284277,9.333333333333334,,,,,,,,,,False
172,C,LightGBM,3,43,2.790559245374972,2.7577919962201034,0.8103877367082156,1.6585428417145345,0.823186552908597,5.0,,,,,,,,,,False
172,C,LinearRegression,3,43,0.3577652039416643,0.3391232085084883,0.1211617003484328,0.5924375326355871,0.9747878616510794,2.0,,,,,,,,,,False
172,C,MLP,3,43,2.4048228443172075,2.3424199457260646,0.19976829889400952,1.549871175192442,0.8363080857544922,4.666666666666667,,,,,,,,,,False
172,C,MODEL3-ICL-MC,3,43,0.45732393762877677,0.4760453336498378,0.1369994967205069,0.6708877013869691,0.9682994146286541,3.0,200.0,5.0,,,,,,,,False
172,C,RandomForest,3,43,4.567488006895109,3.6354544940293807,1.753376898373754,2.1128190544616796,0.710617030867613,7.333333333333333,,,,,,,,,,False
172,C,Ridge,3,43,0.34293743757258577,0.3199176591443294,0.11315892517327684,0.5803813777049301,0.9758184016844456,1.0,,,,,,,,,,False
172,C,SVR,3,43,6.0446788489667185,5.328352825137122,2.6223517256393203,2.4211668553605388,0.6262140718925014,9.333333333333334,,,,,,,,,,False
172,C,XGBoost,3,43,5.12585716900164,5.0369665997639625,0.8287301820082987,2.2591276918773606,0.660574937496364,8.0,,,,,,,,,,False
172,F,CatBoost,3,43,0.3470582959685203,0.3017263509430845,0.08864470748989085,0.5860889925070972,0.9666185840460305,6.333333333333333,,,,,,,,,,False
172,F,FixedRidgeLambda1,3,43,0.0282520770239735,0.0305506007599912,0.006623553044573219,0.1672569250828586,0.9972154637246761,2.0,,,,,,,,,,False
172,F,KNN,3,43,2.4402092646152997,2.2852672140664505,0.4498928796604246,1.5578345684582835,0.7649479636531668,10.0,,,,,,,,,,False
172,F,LightGBM,3,43,0.401688168456976,0.3965875962926322,0.045823194618268726,0.6331051377861027,0.9605908917114473,6.666666666666667,,,,,,,,,,False
172,F,LinearRegression,3,43,0.027192155344904632,0.030905248826242,0.006531590299837765,0.16403535390442536,0.99732749780509,1.6666666666666667,,,,,,,,,,False
172,F,MLP,3,43,0.44361695094622333,0.4294209168405922,0.05651467772089549,0.6651608431793847,0.9571491577241935,7.333333333333333,,,,,,,,,,False
172,F,MODEL3-ICL-MC,3,43,0.057175906942574635,0.0298824986122461,0.050122500571477525,0.2250603532207723,0.9940481777133926,2.3333333333333335,200.0,5.0,,,,,,,,False
172,F,RandomForest,3,43,0.16205404278981297,0.1643583923533357,0.013459186671837087,0.40232505551370384,0.9842132933738615,4.0,,,,,,,,,,False
172,F,Ridge,3,43,0.0282520770239735,0.0305506007599912,0.006623553044573219,0.1672569250828586,0.9972154637246761,2.0,,,,,,,,,,False
172,F,SVR,3,43,0.9667730115432475,0.962538146186013,0.30754580020220545,0.974706607316972,0.9079933232526157,9.0,,,,,,,,,,False
172,F,XGBoost,3,43,0.34689966003265976,0.3404253242898908,0.09676599293215259,0.5851223670994479,0.9668628459735601,5.666666666666667,,,,,,,,,,False
172,H,CatBoost,6,43,0.5661770048734093,0.5148816020959943,0.2008071632761103,0.7435032604859022,0.7887951487389424,5.5,,,,,,,,,,False
172,H,FixedRidgeLambda1,6,43,0.05947495167135027,0.05312487594241685,0.024473677366231048,0.2395815484212326,0.9746792522347877,1.8333333333333333,,,,,,,,,,False
172,H,KNN,6,43,0.8794433216758103,0.8686873834051574,0.176936775432406,0.9338031967695798,0.6787087713762322,9.0,,,,,,,,,,False
172,H,LightGBM,6,43,0.6873298677951815,0.7212646272846834,0.19263123539890584,0.8211915532719924,0.7364717715201801,5.833333333333333,,,,,,,,,,False
172,H,LinearRegression,6,43,0.05922464373084362,0.05307433980494595,0.02497764018634362,0.23881958452504656,0.9747062449286923,1.8333333333333333,,,,,,,,,,False
172,H,MLP,6,43,1.090306236418335,1.0904878804881992,0.26805424298078884,1.0375292639772413,0.5788835217911935,9.333333333333334,,,,,,,,,,False
172,H,MODEL3-ICL-MC,6,43,0.0625630582258673,0.052532444060997746,0.025951431772929107,0.24589805888470154,0.9746181124766832,2.3333333333333335,200.0,5.0,,,,,,,,False
172,H,RandomForest,6,43,0.629172522995815,0.6643801945765702,0.1734112561337787,0.7864078111158189,0.7666983513052613,5.666666666666667,,,,,,,,,,False
172,H,Ridge,6,43,0.05947495167135027,0.05312487594241685,0.024473677366231048,0.2395815484212326,0.9746792522347877,1.8333333333333333,,,,,,,,,,False
172,H,SVR,6,43,0.6203476347628959,0.5865200120652452,0.21150995653655003,0.7779368306084398,0.7950069595645183,5.833333333333333,,,,,,,,,,False
172,H,XGBoost,6,43,0.8096065611168913,0.8251746640595994,0.17584844160194313,0.8952433370678107,0.7033053219466936,7.833333333333333,,,,,,,,,,False
173,A,CatBoost,9,43,1.7072974912432244,1.6925893257679845,1.1230583908395966,1.2307899660023631,0.8412177575662434,5.0,,,,,,,,,,False
173,A,FixedRidgeLambda1,9,43,0.0799435082288201,0.0452851349785579,0.07193928035396253,0.2630472888815744,0.9916236272921916,2.2222222222222223,,,,,,,,,,False
173,A,KNN,9,43,3.6145208189615254,4.422658014852948,2.2291445890858297,1.7807849128987803,0.676071526741015,9.222222222222221,,,,,,,,,,False
173,A,LightGBM,9,43,2.0705057594865375,2.375478471513684,1.1545240957270488,1.3742453401738302,0.7994033782513107,6.666666666666667,,,,,,,,,,False
173,A,LinearRegression,9,43,0.07903907564080928,0.0429900594864949,0.07206606778855863,0.260786553998932,0.991844137712193,1.3333333333333333,,,,,,,,,,False
173,A,MLP,9,43,0.7037394626762778,0.6754777513621786,0.13724633744541395,0.835356189866928,0.8969793341971708,5.666666666666667,,,,,,,,,,False
173,A,MODEL3-ICL-MC,9,43,0.09373302588796523,0.0650774099724827,0.07138920555449584,0.288480789710547,0.9895476894800501,2.4444444444444446,200.0,5.0,,,,,,,,False
173,A,RandomForest,9,43,2.871793826412198,3.0767864066856165,1.8881724567460438,1.5763937773870371,0.748007150842448,7.333333333333333,,,,,,,,,,False
173,A,Ridge,9,43,0.0799435082288201,0.0452851349785579,0.07193928035396253,0.2630472888815744,0.9916236272921916,2.2222222222222223,,,,,,,,,,False
173,A,SVR,9,43,2.456177299934786,1.941697232516696,1.8027329154675762,1.443709465150048,0.7887590808085015,6.0,,,,,,,,,,False
173,A,XGBoost,9,43,3.433185169837881,3.578585327141205,2.290039103311151,1.7336085050460732,0.690234775667463,9.11111111111111,,,,,,,,,,False
173,C,CatBoost,6,43,1.0662435368272316,1.0903053473575997,0.22826802592728365,1.0275229840461886,0.7777071243232827,4.833333333333333,,,,,,,,,,False
173,C,FixedRidgeLambda1,6,43,0.16391152096896403,0.17639311540026864,0.05767720662595927,0.39926305515828914,0.965042723270226,1.5,,,,,,,,,,False
173,C,KNN,6,43,2.0141816663979086,1.8345250728693239,0.598889279331302,1.407916645191903,0.5862124071915021,9.166666666666666,,,,,,,,,,False
173,C,LightGBM,6,43,1.4311050264904672,1.3254484771609278,0.4530595078873797,1.1853557647054649,0.7008172298602005,7.166666666666667,,,,,,,,,,False
173,C,LinearRegression,6,43,0.16542399491294119,0.17867443208093195,0.059848691494820146,0.40075582844179314,0.9647352631159688,1.8333333333333333,,,,,,,,,,False
173,C,MLP,6,43,1.7430747820331238,1.8060055677242044,0.6947999585218376,1.298435451063357,0.6324097101948473,8.166666666666666,,,,,,,,,,False
173,C,MODEL3-ICL-MC,6,43,0.22625785986716873,0.2372120110504235,0.10963602645129991,0.4632579642885189,0.9513447751398377,2.6666666666666665,200.0,5.0,,,,,,,,False
173,C,RandomForest,6,43,1.2961285355703733,1.238535711708269,0.4091445496654259,1.1270482718751167,0.72808589297912,6.0,,,,,,,,,,False
173,C,Ridge,6,43,0.16391152096896403,0.17639311540026864,0.05767720662595927,0.39926305515828914,0.965042723270226,1.5,,,,,,,,,,False
173,C,SVR,6,43,1.4408420747439659,1.6334833700615963,0.5292389926758935,1.180679625728323,0.7155420719538431,6.666666666666667,,,,,,,,,,False
173,C,XGBoost,6,43,1.403644663864422,1.267642535993604,0.47144632644086465,1.1720994957092856,0.7078505320418733,7.0,,,,,,,,,,False
173,D,CatBoost,9,43,1.675483954622318,1.664675551076577,0.6580027028547893,1.270439646218023,0.8146169073121152,5.555555555555555,,,,,,,,,,False
173,D,FixedRidgeLambda1,9,43,0.06433705876641418,0.0497408826693808,0.04572293831897094,0.24010555702617406,0.9923975865322505,1.8888888888888888,,,,,,,,,,False
173,D,KNN,9,43,3.161770145471801,3.1865095632814637,0.7166707044730033,1.7670946880207008,0.6507818393652116,9.555555555555555,,,,,,,,,,False
173,D,LightGBM,9,43,1.732920623531038,1.6924502102640824,0.454224992108147,1.3073020655214784,0.8036402940714916,6.111111111111111,,,,,,,,,,False
173,D,LinearRegression,9,43,0.06336534476500826,0.0449658935204744,0.04418826330076204,0.23916549937750636,0.9925086402483303,1.5555555555555556,,,,,,,,,,False
173,D,MLP,9,43,0.6964276758501963,0.5403162393551425,0.3067719879883741,0.8185219715056161,0.9182607120672639,4.111111111111111,,,,,,,,,,False
173,D,MODEL3-ICL-MC,9,43,0.09759828425404236,0.0778392460001777,0.0705082841475104,0.29270935907303186,0.988394013483427,2.5555555555555554,200.0,5.0,,,,,,,,False
173,D,RandomForest,9,43,2.5779559713786937,2.7046249629891386,0.9143595113227767,1.5829442805844698,0.7068688088906545,8.11111111111111,,,,,,,,,,False
173,D,Ridge,9,43,0.06433705876641418,0.0497408826693808,0.04572293831897094,0.24010555702617406,0.9923975865322505,1.8888888888888888,,,,,,,,,,False
173,D,SVR,9,43,2.079916903048537,1.950176174247504,0.651771323298847,1.4263821905120906,0.7748556260033583,7.333333333333333,,,,,,,,,,False
173,D,XGBoost,9,43,2.516581657299318,2.468724383854217,0.8468533889683566,1.5654277842341402,0.718732709905869,8.222222222222221,,,,,,,,,,False
174,B,CatBoost,3,43,0.4664472485986965,0.4573017967748226,0.09334061096343879,0.6806954223093128,0.7993097177888734,5.0,,,,,,,,,,False
174,B,FixedRidgeLambda1,3,43,0.10856671742123031,0.1294160755600777,0.05216585279048637,0.32169042507405843,0.9558624697488232,1.3333333333333333,,,,,,,,,,False
174,B,KNN,3,43,1.2588571002547695,1.344512807610306,0.3155502565554316,1.1157023865024165,0.46543625554882834,10.0,,,,,,,,,,False
174,B,LightGBM,3,43,0.6602225109746737,0.5631085612749009,0.26604552613841226,0.8021204498282691,0.7220204369936835,8.0,,,,,,,,,,False
174,B,LinearRegression,3,43,0.10838765198287764,0.131346416772681,0.05153977232971152,0.3215537229342463,0.9559043747373998,1.6666666666666667,,,,,,,,,,False
174,B,MLP,3,43,0.5048411437005611,0.5193378263780154,0.08464673279588981,0.7088067699127407,0.7705322176226708,6.666666666666667,,,,,,,,,,False
174,B,MODEL3-ICL-MC,3,43,0.22683859285879546,0.2005305019126977,0.048769615019600816,0.4745309422736124,0.9016300059010606,3.0,200.0,5.0,,,,,,,,False
174,B,RandomForest,3,43,0.4808973079233472,0.3901689743548623,0.21475338128628713,0.6826924454382044,0.7980782245707184,4.666666666666667,,,,,,,,,,False
174,B,Ridge,3,43,0.10856671742123031,0.1294160755600777,0.05216585279048637,0.32169042507405843,0.9558624697488232,1.3333333333333333,,,,,,,,,,False
174,B,SVR,3,43,0.6419943020629196,0.7178279020750221,0.17703891298256808,0.7956520784795279,0.728861315564291,7.333333333333333,,,,,,,,,,False
174,B,XGBoost,3,43,0.6430973891520327,0.5363019315786892,0.2011339611932265,0.7958131819621248,0.7229849845222495,7.333333333333333,,,,,,,,,,False
174,C,CatBoost,9,44,3.898938029214077,2.1659429233077008,3.306236689028232,1.8024142730139532,0.6849892837235011,5.666666666666667,,,,,,,,,,False
174,C,FixedRidgeLambda1,9,44,0.2001792652792816,0.1960117511342022,0.10052764997691518,0.4339955111309157,0.9612799161339081,1.5555555555555556,,,,,,,,,,False
174,C,KNN,9,44,5.170862444060604,4.915784596508725,3.7071271353946904,2.1176155800117527,0.5514817721231484,7.666666666666667,,,,,,,,,,False
174,C,LightGBM,9,44,3.446587212004982,2.102531570231501,2.5330550295855536,1.7408727001687714,0.6675378251838254,5.555555555555555,,,,,,,,,,False
174,C,LinearRegression,9,44,0.20129030632349482,0.1922960216039999,0.10065190584727324,0.4353233140233745,0.9615115761514019,1.6666666666666667,,,,,,,,,,False
174,C,MLP,9,44,2.635326514501071,2.4531170140343126,0.6477456210142176,1.6119967551473677,0.42304395421438157,6.0,,,,,,,,,,False
174,C,MODEL3-ICL-MC,6,43,0.2814742506385537,0.2286455082646398,0.1831028961789994,0.5050241473853766,0.9156118110435639,2.8333333333333335,200.0,5.0,,,,,,,,False
174,C,RandomForest,9,44,5.4537125247856215,3.732337205407641,4.780640811318309,2.0953238771742075,0.6085982603624832,7.444444444444445,,,,,,,,,,False
174,C,Ridge,9,44,0.2001792652792816,0.1960117511342022,0.10052764997691518,0.4339955111309157,0.9612799161339081,1.5555555555555556,,,,,,,,,,False
174,C,SVR,9,44,4.851245451843956,2.425240838476736,4.748990048158795,1.9304845920221194,0.6838667784976968,5.888888888888889,,,,,,,,,,False
174,C,XGBoost,9,44,6.023052230752725,3.984384736070994,4.902461724920502,2.246439173565495,0.5038198384436606,8.333333333333334,,,,,,,,,,False
174,D,CatBoost,3,43,0.5503331913514664,0.5942500832794667,0.11337344990225688,0.7390473480084325,0.9287834226350177,4.333333333333333,,,,,,,,,,False
174,D,FixedRidgeLambda1,3,43,0.027549795399492833,0.0334883560170223,0.015154172475176524,0.16056018866242533,0.9963878036578254,1.3333333333333333,,,,,,,,,,False
174,D,KNN,3,43,1.4064545517313276,1.4615548910805969,0.12384087393350515,1.1851541125033622,0.8171091642431983,7.666666666666667,,,,,,,,,,False
174,D,LightGBM,3,43,1.2308246560385163,1.1732047694863517,0.1518299749305433,1.1080545519212366,0.8405926575847363,6.666666666666667,,,,,,,,,,False
174,D,LinearRegression,3,43,0.029283579530492636,0.0354560214477119,0.01676561092648881,0.1649911268293519,0.996159309265808,1.6666666666666667,,,,,,,,,,False
174,D,MLP,3,43,0.4858195403640719,0.5320345144475206,0.21383421630221433,0.6840935603905137,0.9364664970520602,4.666666666666667,,,,,,,,,,False
174,D,MODEL3-ICL-MC,3,43,0.03858187713276907,0.0402250995157113,0.014453740900818541,0.19393555410923424,0.9949617467060498,3.0,200.0,5.0,,,,,,,,False
174,D,RandomForest,3,43,1.4122968268496436,1.5538695952734505,0.31229938747429975,1.1831820637236055,0.8167882584212443,8.0,,,,,,,,,,False
174,D,Ridge,3,43,0.027549795399492833,0.0334883560170223,0.015154172475176524,0.16056018866242533,0.9963878036578254,1.3333333333333333,,,,,,,,,,False
174,D,SVR,3,43,1.8441411972278228,2.106448755212854,0.5923159486294832,1.34483080579322,0.7617416642676041,9.0,,,,,,,,,,False
174,D,XGBoost,3,43,1.594749480310331,1.6087343118142208,0.1587969175700472,1.26178036713329,0.7933353798464345,8.666666666666666,,,,,,,,,,False
174,E,CatBoost,3,44,3.859304692733975,3.8602823272232247,0.08194455881190371,1.9644374803701294,0.7216879104479194,5.333333333333333,,,,,,,,,,False
174,E,FixedRidgeLambda1,3,44,0.08909614708445028,0.0894253962338926,0.03836178345092284,0.2935669011820526,0.9939019505279738,1.6666666666666667,,,,,,,,,,False
174,E,KNN,3,44,8.052930858419261,7.14873644765392,2.8552084266381508,2.8092602569971405,0.44359878443962897,9.666666666666666,,,,,,,,,,False
174,E,LightGBM,3,44,4.4716859306666725,4.771723808081116,0.5641037806243248,2.1117153091784426,0.6803182731907631,6.0,,,,,,,,,,False
174,E,LinearRegression,3,44,0.08697694071632522,0.0933597907876909,0.03623638199073498,0.29013513855059064,0.9940130481440065,1.3333333333333333,,,,,,,,,,False
174,E,MLP,3,44,0.6469582873954439,0.6887474506603746,0.1135108337419145,0.802165163237254,0.9534500845447972,4.0,,,,,,,,,,False
174,E,MODEL3-ICL-MC,3,44,0.17657996695383657,0.1765479789291301,0.016361975116955,0.4199127608303457,0.9872164421594372,3.0,200.0,5.0,,,,,,,,False
174,E,RandomForest,3,44,6.154427282979555,5.657725765002534,1.0554922100443658,2.4749671038781393,0.565095799121094,8.666666666666666,,,,,,,,,,False
174,E,Ridge,3,44,0.08909614708445028,0.0894253962338926,0.03836178345092284,0.2935669011820526,0.9939019505279738,1.6666666666666667,,,,,,,,,,False
174,E,SVR,3,44,5.3117560551003455,4.66961130627823,1.2297459945066547,2.2949585542305653,0.6277602171702699,6.666666666666667,,,,,,,,,,False
174,E,XGBoost,3,44,6.148312698204762,6.199055910132595,0.6714052300308846,2.4770905209467657,0.5614454934450596,8.666666666666666,,,,,,,,,,False
174,F,CatBoost,6,43,0.16066365062789723,0.1663074972523019,0.018108545928524056,0.40028299369748027,0.0,6.166666666666667,,,,,,,,,,False
174,F,FixedRidgeLambda1,6,43,0.04838834048919003,0.04410081634070085,0.02632299300486725,0.21284643059478262,0.0,1.5,,,,,,,,,,False
174,F,KNN,6,43,0.18598415149302686,0.2120488255954458,0.04547207873926068,0.4282818227250416,0.0,6.833333333333333,,,,,,,,,,False
174,F,LightGBM,6,43,0.21862515982111044,0.2168562825206508,0.04605850378779651,0.4653175858515726,0.0,7.833333333333333,,,,,,,,,,False
174,F,LinearRegression,6,43,0.048974340444300206,0.04462245175393735,0.026664307078142505,0.2141208163633617,0.0,2.5,,,,,,,,,,False
174,F,MLP,6,43,0.9011446465686951,0.8761768205633729,0.2961167630147192,0.938426160197638,0.0,10.0,,,,,,,,,,False
174,F,MODEL3-ICL-MC,6,43,0.05886237320874083,0.04198958540680675,0.04173324805613159,0.23068234782691274,0.0,2.6666666666666665,200.0,5.0,,,,,,,,False
174,F,RandomForest,6,43,0.07595184649705501,0.07856312035225255,0.0056127776088596495,0.27542876718706233,0.0,3.5,,,,,,,,,,False
174,F,Ridge,6,43,0.04838834048919003,0.04410081634070085,0.02632299300486725,0.21284643059478262,0.0,1.5,,,,,,,,,,False
174,F,SVR,6,43,0.15210497891077576,0.15546303581672205,0.060993480681369686,0.38262418773511836,0.0,5.833333333333333,,,,,,,,,,False
174,F,XGBoost,6,43,0.229842532692905,0.22770395660473947,0.050153674284698524,0.4771588663258611,0.0,8.166666666666666,,,,,,,,,,False
174,G,CatBoost,3,43,5.348835757389902,5.967775492846482,1.4132299271652646,2.29799918053003,0.46387136476387775,6.0,,,,,,,,,,False
174,G,FixedRidgeLambda1,3,43,2.9619382772522322,3.038768826371645,0.348007839120662,1.7190027889317712,0.6998889426972802,2.0,,,,,,,,,,False
174,G,KNN,3,43,23.042962342361886,24.01527143897397,2.0104079409706306,4.797182107772614,-1.291875094956563,9.0,,,,,,,,,,False
174,G,LightGBM,3,43,12.27111850663033,12.424148705704024,1.6669620110754124,3.497546651593708,-0.2345018974777621,8.0,,,,,,,,,,False
174,G,LinearRegression,3,43,2.970673026325374,3.063630249010568,0.36556257670866127,1.7213303841289898,0.6988486277536844,2.3333333333333335,,,,,,,,,,False
174,G,MLP,3,43,80.0774294285953,83.58077285835505,30.25503432607037,8.833145750153756,-7.116884784462987,10.0,,,,,,,,,,False
174,G,MODEL3-ICL-MC,3,43,3.003529932454542,3.127026493839214,1.659760421811594,1.6821474606311673,0.7159124995167829,3.3333333333333335,200.0,5.0,,,,,,,,False
174,G,RandomForest,3,43,4.538943568772702,4.5622314165976166,0.5084764634604464,2.1282341588211247,0.5435531318093426,5.0,,,,,,,,,,False
174,G,Ridge,3,43,2.9619382772522322,3.038768826371645,0.348007839120662,1.7190027889317712,0.6998889426972802,2.0,,,,,,,,,,False
174,G,SVR,3,43,3.0546605494047316,3.405699797695121,1.311586287067926,1.7166806585983727,0.6991644381067159,2.6666666666666665,,,,,,,,,,False
174,G,XGBoost,3,43,7.1748144994365575,7.089530591865591,1.1511048618963118,2.672843919608372,0.2932702623778857,6.666666666666667,,,,,,,,,,False
174,H,CatBoost,3,44,0.3486424362247875,0.3933465035755573,0.09931896480602319,0.586033968168412,0.9094120690984878,5.333333333333333,,,,,,,,,,False
174,H,FixedRidgeLambda1,3,44,0.0061193770602080665,0.0061252310300381,0.00533795469304717,0.07106355671426477,0.9983496887490192,1.3333333333333333,,,,,,,,,,False
174,H,KNN,3,44,0.6690550788622449,0.7072627803606415,0.13841513749005344,0.8148813108963919,0.8251161391505996,9.333333333333334,,,,,,,,,,False
174,H,LightGBM,3,44,0.5827917608251921,0.5356491896383658,0.10059887978353016,0.7615861969113178,0.8467274968011882,8.0,,,,,,,,,,False
174,H,LinearRegression,3,44,0.006331167215894266,0.0070624840797649,0.0049169744022903045,0.073722903080757,0.9982912630927152,1.6666666666666667,,,,,,,,,,False
174,H,MLP,3,44,0.49711619581598593,0.4975517964325914,0.02963448346544756,0.7048555069283741,0.8696603034233131,6.666666666666667,,,,,,,,,,False
174,H,MODEL3-ICL-MC,3,44,0.011303407388585067,0.0148794727142863,0.008311707894571465,0.09856373826101254,0.9969372196731584,3.0,200.0,5.0,,,,,,,,False
174,H,RandomForest,3,44,0.27011308127763495,0.2627772654621918,0.04483886656968836,0.5185442892847563,0.9295447306946135,4.0,,,,,,,,,,False
174,H,Ridge,3,44,0.0061193770602080665,0.0061252310300381,0.00533795469304717,0.07106355671426477,0.9983496887490192,1.3333333333333333,,,,,,,,,,False
174,H,SVR,3,44,0.9096422273241623,0.83989439123873,0.3790399240617223,0.9400016231868603,0.7643169991094787,9.333333333333334,,,,,,,,,,False
174,H,XGBoost,3,44,0.500919592838458,0.4348172679852455,0.1650655110524613,0.7016976525182074,0.8700595342474795,6.333333333333333,,,,,,,,,,False
175,C,CatBoost,3,44,3.3706081328242177,3.224457813804894,0.33403161467066145,1.8344541987574894,0.8202619828657456,5.666666666666667,,,,,,,,,,False
175,C,FixedRidgeLambda1,3,44,0.1229142286196846,0.1270767148526214,0.00793011805454931,0.35046724101813925,0.9934332986383825,1.6666666666666667,,,,,,,,,,False
175,C,KNN,3,44,9.0013006141579,9.44462055862509,1.1228328932059017,2.996184593815127,0.5223205970485063,10.0,,,,,,,,,,False
175,C,LightGBM,3,44,2.8060844455879725,2.712801406469357,0.3830504021417005,1.6725824489636085,0.846870595146902,5.333333333333333,,,,,,,,,,False
175,C,LinearRegression,3,44,0.12535746177440904,0.1235470159894951,0.007733727385714611,0.3539472782641531,0.9933035673729105,2.0,,,,,,,,,,False
175,C,MLP,3,44,1.9170036486311843,2.200245934296305,0.5238219612969919,1.3750180697528993,0.8997216166310352,4.0,,,,,,,,,,False
175,C,MODEL3-ICL-MC,3,44,0.28719426102147505,0.1880284185928531,0.2645805750441551,0.49798313229944285,0.9843249659801798,2.3333333333333335,200.0,5.0,,,,,,,,False
175,C,RandomForest,3,44,5.138080256656738,5.0172893868309565,0.7598117761562736,2.2626462086518835,0.7263151209703689,7.333333333333333,,,,,,,,,,False
175,C,Ridge,3,44,0.1229142286196846,0.1270767148526214,0.00793011805454931,0.35046724101813925,0.9934332986383825,1.6666666666666667,,,,,,,,,,False
175,C,SVR,3,44,7.467436770459038,7.413926238578225,1.5823047469684988,2.7223464308799468,0.6078036549890588,8.666666666666666,,,,,,,,,,False
175,C,XGBoost,3,44,6.096779522599079,5.9567040631137225,1.539415544893177,2.456011966082548,0.663041595723133,8.0,,,,,,,,,,False
175,G,CatBoost,3,44,145.15581318033128,197.51467747317804,102.890777653772,11.250164273074352,-42.389871629462135,2.3333333333333335,,,,,,,,,,False
175,G,FixedRidgeLambda1,3,44,249.66463630171054,352.11929295083354,185.67882582367142,14.574362684351213,-73.6468446608949,3.3333333333333335,,,,,,,,,,False
175,G,KNN,3,44,419.3469180191053,184.1943135772125,571.0848267991671,16.04300496667264,-122.26792210480322,6.0,,,,,,,,,,False
175,G,LightGBM,3,44,726.5432031465128,882.0718361331488,527.434003909943,25.17416122588017,-216.4719729466601,7.333333333333333,,,,,,,,,,False
175,G,LinearRegression,3,44,252.4707381119948,355.8545895451029,187.7732298065816,14.655974654880689,-74.48652241256922,4.333333333333333,,,,,,,,,,False
175,G,MLP,3,44,3102.975544645263,2090.840992426585,3156.6891827701634,50.41063729835378,-919.1488044102288,9.666666666666666,,,,,,,,,,False
175,G,MODEL3-ICL-MC,3,44,438.62686209282566,527.2358430997277,324.1027585490622,19.501749208723556,-129.77783525018074,6.0,200.0,5.0,,,,,,,,False
175,G,RandomForest,3,44,483.62412712708414,581.2189564217065,221.22545468718562,21.523552172256817,-143.0529670124308,7.0,,,,,,,,,,False
175,G,Ridge,3,44,249.66463630171054,352.11929295083354,185.67882582367142,14.574362684351213,-73.6468446608949,3.3333333333333335,,,,,,,,,,False
175,G,SVR,3,44,1.1083591167395606,1.1371234899117295,0.21416173622593604,1.049407458071437,0.6725875899124336,1.0,,,,,,,,,,False
175,G,XGBoost,3,44,1526.0065342145645,2233.256127362853,1262.666984560299,34.4099807729475,-455.7889481040602,8.0,,,,,,,,,,False
176,A,CatBoost,3,44,4.141467944533178,3.9075004594625455,0.4972723888967255,2.0326851100383503,0.7850311394992335,6.333333333333333,,,,,,,,,,False
176,A,FixedRidgeLambda1,3,44,0.14798156184618746,0.1469291149658295,0.013177160474416428,0.3844302535174817,0.9921806465284968,1.3333333333333333,,,,,,,,,,False
176,A,KNN,3,44,6.904916429988842,6.29532267852126,2.201154858872886,2.6061871541275115,0.6476783364426729,9.0,,,,,,,,,,False
176,A,LightGBM,3,44,3.7196051862957638,3.649984639406048,0.6377762253651232,1.9239255815604228,0.8080465987110795,5.0,,,,,,,,,,False
176,A,LinearRegression,3,44,0.15658057797240943,0.1519683974940988,0.011414483649074445,0.3955303617261194,0.991750169567184,2.3333333333333335,,,,,,,,,,False
176,A,MLP,3,44,1.1428143631469723,1.047175828710119,0.23229617928446078,1.065493254984957,0.9392656446000075,4.0,,,,,,,,,,False
176,A,MODEL3-ICL-MC,3,44,0.179282559928443,0.1731221090588995,0.0629682829987208,0.41900749143768246,0.9902665710205228,2.3333333333333335,200.0,5.0,,,,,,,,False
176,A,RandomForest,3,44,6.065850014306292,6.151949809247717,0.15333625292319975,2.462762507909987,0.6816562238555274,8.666666666666666,,,,,,,,,,False
176,A,Ridge,3,44,0.14798156184618746,0.1469291149658295,0.013177160474416428,0.3844302535174817,0.9921806465284968,1.3333333333333333,,,,,,,,,,False
176,A,SVR,3,44,6.120556915209019,5.303712025332922,1.534330244018929,2.4617289228206514,0.686700584454948,8.333333333333334,,,,,,,,,,False
176,A,XGBoost,3,44,5.412034932342741,5.09981395384009,1.0024130565939566,2.3199210714588467,0.7130296581156834,7.666666666666667,,,,,,,,,,False
176,B,CatBoost,12,44,1.0342835662535483,0.30180811430405585,1.5076549829848325,0.839762202072682,-1.8515562628372215,5.75,,,,,,,,,,False
176,B,FixedRidgeLambda1,12,44,0.06511215923279923,0.04380674446100265,0.05116161065967195,0.24050498033979087,0.17661797236645474,1.5833333333333333,,,,,,,,,,False
176,B,KNN,12,44,3.301575219870132,1.326926448134247,4.358033870789819,1.4632672885223688,-2.111828450800609,8.916666666666666,,,,,,,,,,False
176,B,LightGBM,12,44,1.0367539441560414,0.38301362076445455,1.1734135372582255,0.8957330517620804,-3.3660829903424307,7.083333333333333,,,,,,,,,,False
176,B,LinearRegression,12,44,0.06451167178064458,0.042023578582098695,0.05087537584776839,0.23913945464337405,0.1676920182909988,1.4166666666666667,,,,,,,,,,False
176,B,MLP,12,44,0.8192554179794054,0.7986490268705557,0.3337326342570633,0.8900150909327734,-11.854120143523948,7.583333333333333,,,,,,,,,,False
176,B,MODEL3-ICL-MC,12,44,0.10138202009998366,0.09635645881226285,0.06183649783383315,0.30517169153357554,-0.2905068204805364,3.0833333333333335,200.0,5.0,,,,,,,,False
176,B,RandomForest,12,44,0.8904844023961332,0.22560226147143575,1.3589060062398433,0.7560087411203483,-0.8092764315424971,4.666666666666667,,,,,,,,,,False
176,B,Ridge,12,44,0.06511215923279923,0.04380674446100265,0.05116161065967195,0.24050498033979087,0.17661797236645474,1.5833333333333333,,,,,,,,,,False
176,B,SVR,12,44,2.511071630847717,0.5687622645622756,3.866577073050223,1.2267859350095833,-1.4915147034624425,7.5,,,,,,,,,,False
176,B,XGBoost,12,44,1.1613407925875545,0.5006996293034024,1.4660341913012367,0.9389535560171618,-4.021927294432856,7.416666666666667,,,,,,,,,,False
176,H,CatBoost,3,44,0.2496585086131756,0.2527488742708292,0.0460887482306849,0.49821052944269023,-0.395445261658912,6.666666666666667,,,,,,,,,,False
176,H,FixedRidgeLambda1,3,44,0.008601185343432132,0.009375122489853,0.003965452812915971,0.09084889926149432,0.95196676911229,2.6666666666666665,,,,,,,,,,False
176,H,KNN,3,44,0.21570437881113835,0.2303600534004548,0.0423839271863161,0.46285812444773383,-0.20525586220783484,6.0,,,,,,,,,,False
176,H,LightGBM,3,44,0.3440597989916377,0.3211973216001635,0.058960486135366814,0.5851793528124124,-0.9280310262046066,8.0,,,,,,,,,,False
176,H,LinearRegression,3,44,0.008350192653666167,0.0090941155079276,0.004011548984086945,0.08933884544662479,0.9533723191357986,1.6666666666666667,,,,,,,,,,False
176,H,MLP,3,44,0.6281304932061244,0.5183754615644383,0.2673378006337739,0.7813237807551344,-2.4926860879465953,9.666666666666666,,,,,,,,,,False
176,H,MODEL3-ICL-MC,3,44,0.00816707179519,0.00445199513388,0.008054355045556323,0.0833509012607993,0.9548842570431885,1.6666666666666667,200.0,5.0,,,,,,,,False
176,H,RandomForest,3,44,0.18786500807323114,0.185763540377939,0.020379389022985757,0.4330109152410708,-0.04935964519825644,5.333333333333333,,,,,,,,,,False
176,H,Ridge,3,44,0.008601185343432132,0.009375122489853,0.003965452812915971,0.09084889926149432,0.95196676911229,2.6666666666666665,,,,,,,,,,False
176,H,SVR,3,44,0.053675618077866395,0.0518703592919545,0.006065383134083353,0.23143819067110646,0.7002967250352636,4.0,,,,,,,,,,False
176,H,XGBoost,3,44,0.557986662280762,0.5314248283103157,0.10368083111179384,0.7448857294048739,-2.109203351886995,9.333333333333334,,,,,,,,,,False
177,A,CatBoost,3,44,1.2806793870088593,1.387487055334782,0.4173487387613733,1.1206666191459238,0.8923426312604049,5.0,,,,,,,,,,False
177,A,FixedRidgeLambda1,3,44,0.08424846369332423,0.1092270047415019,0.0436621409759709,0.28187325707984695,0.9931205536317395,1.3333333333333333,,,,,,,,,,False
177,A,KNN,3,44,3.452420803795139,3.684573921950372,1.1827567703204231,1.8382177888045117,0.7111977705207989,10.0,,,,,,,,,,False
177,A,LightGBM,3,44,1.5023663879540727,1.4164120672793317,0.29637642460199404,1.2218468515350231,0.8701445316878641,6.333333333333333,,,,,,,,,,False
177,A,LinearRegression,3,44,0.09199196886878747,0.1140612507874575,0.047316640026588114,0.29476787798255283,0.9925308708681212,2.3333333333333335,,,,,,,,,,False
177,A,MLP,3,44,0.7544033048410244,0.7155632408393994,0.09305420322455059,0.8674929072732259,0.93149403312671,4.0,,,,,,,,,,False
177,A,MODEL3-ICL-MC,3,44,0.08415775297375915,0.0969808217033939,0.038448967031058205,0.2840685587242716,0.9929263931547095,2.3333333333333335,200.0,5.0,,,,,,,,False
177,A,RandomForest,3,44,2.657027951449292,3.1978821806732656,1.0108338156925178,1.6069968225975142,0.7773299313491444,7.666666666666667,,,,,,,,,,False
177,A,Ridge,3,44,0.08424846369332423,0.1092270047415019,0.0436621409759709,0.28187325707984695,0.9931205536317395,1.3333333333333333,,,,,,,,,,False
177,A,SVR,3,44,2.7832458111309513,3.169256107501204,1.6562102013754174,1.605524945180293,0.7805201415126545,7.333333333333333,,,,,,,,,,False
177,A,XGBoost,3,44,2.7542210574461983,3.259878198945238,0.9074617844909457,1.6424734885840515,0.7665869034344905,8.666666666666666,,,,,,,,,,False
177,D,CatBoost,3,44,0.8169032903830628,0.7743148634932674,0.21553843290140703,0.8986725727604807,0.9019359748506609,5.0,,,,,,,,,,False
177,D,FixedRidgeLambda1,3,44,0.050816855771984894,0.051249952073225,0.010261069721661404,0.2246449954633992,0.9938505086502566,1.3333333333333333,,,,,,,,,,False
177,D,KNN,3,44,1.666880959318199,1.6850560739296134,0.136617516025895,1.2903473567092234,0.7995389951561477,9.0,,,,,,,,,,False
177,D,LightGBM,3,44,1.023570670593284,0.8929071907357424,0.2338755787947046,1.0075421686000692,0.8767762676460878,6.666666666666667,,,,,,,,,,False
177,D,LinearRegression,3,44,0.05556985567148743,0.0579751540572777,0.010848422433538476,0.2349510342858708,0.9932810319376612,2.3333333333333335,,,,,,,,,,False
177,D,MLP,3,44,0.585778667219247,0.5441977650587027,0.13003189600768383,0.7623249556369939,0.9295907655166508,4.0,,,,,,,,,,False
177,D,MODEL3-ICL-MC,3,44,0.0752052501818853,0.0447988264597481,0.053027533514685796,0.2638992958148141,0.9907551364962527,2.3333333333333335,200.0,5.0,,,,,,,,False
177,D,RandomForest,3,44,1.4493604552702273,1.4252317629504148,0.2026827439153566,1.2019443053990677,0.825959349824332,7.666666666666667,,,,,,,,,,False
177,D,Ridge,3,44,0.050816855771984894,0.051249952073225,0.010261069721661404,0.2246449954633992,0.9938505086502566,1.3333333333333333,,,,,,,,,,False
177,D,SVR,3,44,1.0654003967874786,0.8180370165215297,0.5705662486720576,1.0092353070555566,0.8722774955535716,7.0,,,,,,,,,,False
177,D,XGBoost,3,44,2.1828498353379797,2.4586390424350526,0.6143759899458252,1.4666559173960014,0.7388348418411285,9.666666666666666,,,,,,,,,,False
177,F,CatBoost,3,44,0.13013064409770617,0.108626414035177,0.04833941034575661,0.3568511110155465,0.0,6.333333333333333,,,,,,,,,,False
177,F,FixedRidgeLambda1,3,44,0.06938585851849881,0.0607280174623049,0.03177978961474432,0.25893502659680034,0.0,1.6666666666666667,,,,,,,,,,False
177,F,KNN,3,44,0.13489662284672926,0.1386529321187587,0.03361090398490004,0.36530345617448684,0.0,5.333333333333333,,,,,,,,,,False
177,F,LightGBM,3,44,0.2798028288978319,0.2335039694224564,0.0824583050649761,0.5253729724133165,0.0,8.666666666666666,,,,,,,,,,False
177,F,LinearRegression,3,44,0.0703596572759126,0.0615955791112756,0.03227371621211878,0.2607308164747148,0.0,2.6666666666666665,,,,,,,,,,False
177,F,MLP,3,44,0.515695517663343,0.505329750054003,0.020013393855219847,0.718030254043088,0.0,10.0,,,,,,,,,,False
177,F,MODEL3-ICL-MC,3,44,0.09882847735300886,0.1058525563084022,0.04037280964016488,0.3094885451334608,0.0,4.333333333333333,200.0,5.0,,,,,,,,False
177,F,RandomForest,3,44,0.07105415424682117,0.0631322317583721,0.02120702405964651,0.2646751625500945,0.0,2.3333333333333335,,,,,,,,,,False
177,F,Ridge,3,44,0.06938585851849881,0.0607280174623049,0.03177978961474432,0.25893502659680034,0.0,1.6666666666666667,,,,,,,,,,False
177,F,SVR,3,44,0.10976502364925579,0.1072898950585216,0.044888725158429045,0.32651432280306,0.0,5.333333333333333,,,,,,,,,,False
177,F,XGBoost,3,44,0.251795268056189,0.2648052454490224,0.02641856430448996,0.5013165136787018,0.0,8.333333333333334,,,,,,,,,,False
178,C,CatBoost,3,45,2.3048777699360525,2.349281495616113,0.108709225700108,1.5178973647787366,0.7082077999181432,6.0,,,,,,,,,,False
178,C,FixedRidgeLambda1,3,45,0.25940456906832093,0.1996722725369687,0.1101626824101092,0.5022508841280663,0.9667382631915907,1.6666666666666667,,,,,,,,,,False
178,C,KNN,3,45,3.9261797263483396,4.028101669013304,0.7700691606261604,1.9749037905511624,0.5108148919555633,9.333333333333334,,,,,,,,,,False
178,C,LightGBM,3,45,2.2247314389198856,2.2091831560816337,0.06022458309131822,1.4914627037558181,0.7182711898892,4.666666666666667,,,,,,,,,,False
178,C,LinearRegression,3,45,0.25898525379404647,0.2017538548169966,0.10978871311819197,0.5018607106495067,0.9667647934132182,1.3333333333333333,,,,,,,,,,False
178,C,MLP,3,45,2.106761702440036,2.4488167383885053,0.6989326892460654,1.4363212806805405,0.7238132175802449,6.0,,,,,,,,,,False
178,C,MODEL3-ICL-MC,3,45,0.5052848091774756,0.4869538142203095,0.26545331811055134,0.69338169087092,0.9391977386154334,3.0,200.0,5.0,,,,,,,,False
178,C,RandomForest,3,45,2.971203051309311,2.863196113492156,0.2018931504720173,1.7230665611323064,0.6251893794704207,8.0,,,,,,,,,,False
178,C,Ridge,3,45,0.25940456906832093,0.1996722725369687,0.1101626824101092,0.5022508841280663,0.9667382631915907,1.6666666666666667,,,,,,,,,,False
178,C,SVR,3,45,2.256956829699605,2.291972591375933,0.24433943470955125,1.5008275707862222,0.7163720086400613,5.333333333333333,,,,,,,,,,False
178,C,XGBoost,3,45,3.6494616170009073,3.631462727152544,0.41945720747011317,1.9082524523187077,0.5332085587287713,9.666666666666666,,,,,,,,,,False
178,D,CatBoost,3,45,0.3500148090897397,0.3337705894464851,0.08433208339576072,0.5888049954484819,0.8386729836040944,5.0,,,,,,,,,,False
178,D,FixedRidgeLambda1,3,45,0.03426308991734107,0.037370038137133,0.007987906562096154,0.18419939500252203,0.9836058135155622,1.3333333333333333,,,,,,,,,,False
178,D,KNN,3,45,0.597998400191407,0.5410414661508643,0.1678642552538054,0.7684350672842916,0.7317665237908137,8.0,,,,,,,,,,False
178,D,LightGBM,3,45,0.5719011657579287,0.4940510736223922,0.14494194754496406,0.7524174208513353,0.7192676538640227,8.0,,,,,,,,,,False
178,D,LinearRegression,3,45,0.03609573189610699,0.038951025935978,0.008093787323439822,0.18913688875435786,0.9827214345055856,2.6666666666666665,,,,,,,,,,False
178,D,MLP,3,45,0.879280477280334,0.8911811624826348,0.1153253238121029,0.9363343609527544,0.5890041291458746,10.0,,,,,,,,,,False
178,D,MODEL3-ICL-MC,3,45,0.03221662769706883,0.0323058119909219,0.006395407222226116,0.17889180319059514,0.9854324239714943,2.0,200.0,5.0,,,,,,,,False
178,D,RandomForest,3,45,0.3366784324077958,0.3002179588366794,0.1205580990257691,0.574276370856301,0.8470666974266448,4.666666666666667,,,,,,,,,,False
178,D,Ridge,3,45,0.03426308991734107,0.037370038137133,0.007987906562096154,0.18419939500252203,0.9836058135155622,1.3333333333333333,,,,,,,,,,False
178,D,SVR,3,45,0.34467923063422573,0.3397155741919649,0.04870357915113749,0.5861214930637932,0.8396725153697843,5.333333333333333,,,,,,,,,,False
178,D,XGBoost,3,45,0.5950217211238745,0.5024948820002654,0.216879138735281,0.7633526856293363,0.7317291689221564,8.0,,,,,,,,,,False
178,E,CatBoost,3,45,1.9140733031201929,1.8695101584623937,0.15926088672496488,1.382713381185323,0.8017521078032711,5.0,,,,,,,,,,False
178,E,FixedRidgeLambda1,3,45,0.0942787317590487,0.099558553902815,0.019476307555170273,0.3058976510865297,0.9899527297862335,1.3333333333333333,,,,,,,,,,False
178,E,KNN,3,45,2.773377693412023,2.278310429376304,0.9905204773070463,1.6488370620001376,0.7207051095685175,6.666666666666667,,,,,,,,,,False
178,E,LightGBM,3,45,3.6188946793881995,3.5504156968882965,0.31483922492225147,1.901152862641376,0.6239310527659253,9.666666666666666,,,,,,,,,,False
178,E,LinearRegression,3,45,0.09762281054785181,0.1024728575973471,0.01674545305823204,0.311646498783863,0.9896249504788844,2.3333333333333335,,,,,,,,,,False
178,E,MLP,3,45,0.43765089390947454,0.4666115375263372,0.18797427316624568,0.6501572217433107,0.9526708245621728,4.0,,,,,,,,,,False
178,E,MODEL3-ICL-MC,3,45,0.09542763288159246,0.1113301150104787,0.03525959302472112,0.3048455301890331,0.9896331007134181,2.3333333333333335,200.0,5.0,,,,,,,,False
178,E,RandomForest,3,45,2.600095293733743,2.4712837478063934,0.3430327248145051,1.6102049813448918,0.7322463309866084,7.0,,,,,,,,,,False
178,E,Ridge,3,45,0.0942787317590487,0.099558553902815,0.019476307555170273,0.3058976510865297,0.9899527297862335,1.3333333333333333,,,,,,,,,,False
178,E,SVR,3,45,3.8389503922378836,3.3979045739457643,0.8299027432884637,1.9520670509960052,0.6075837431502832,9.333333333333334,,,,,,,,,,False
178,E,XGBoost,3,45,2.807816239636024,2.8676450636310595,0.5141357474871077,1.6708464622438397,0.699097000178991,7.333333333333333,,,,,,,,,,False
178,F,CatBoost,6,44,0.14310679467497264,0.14268034190487255,0.030762135834290154,0.37653499606412694,0.0,5.666666666666667,,,,,,,,,,False
178,F,FixedRidgeLambda1,6,44,0.06487389949557702,0.0594680221887392,0.018821712161170113,0.2528094480621533,0.0,1.5,,,,,,,,,,False
178,F,KNN,6,44,0.20344931645451605,0.21456908653762624,0.03523954797636842,0.44957971507439365,0.0,6.833333333333333,,,,,,,,,,False
178,F,LightGBM,6,44,0.3310797211723635,0.30257964667929443,0.07942654874559368,0.5722985997449108,0.0,8.833333333333334,,,,,,,,,,False
178,F,LinearRegression,6,44,0.06569605970545452,0.0602332029023192,0.019175807304776575,0.2543842649802789,0.0,2.5,,,,,,,,,,False
178,F,MLP,6,44,0.5978601429484403,0.6105771452150097,0.09247658910614086,0.7712203888368162,0.0,10.0,,,,,,,,,,False
178,F,MODEL3-ICL-MC,6,44,0.11233423343014008,0.10127061157645725,0.0619199987062616,0.3241563990317679,0.0,4.5,200.0,5.0,,,,,,,,False
178,F,RandomForest,6,44,0.08117470945726749,0.06940201496300924,0.033151231450427705,0.2809484901168497,0.0,3.1666666666666665,,,,,,,,,,False
178,F,Ridge,6,44,0.06487389949557702,0.0594680221887392,0.018821712161170113,0.2528094480621533,0.0,1.5,,,,,,,,,,False
178,F,SVR,6,44,0.1073366599668184,0.11028250092594015,0.030653314666933034,0.32462838653624093,0.0,4.0,,,,,,,,,,False
178,F,XGBoost,6,44,0.2752446435800328,0.27312732326266087,0.032354570852281966,0.5238701834487077,0.0,8.0,,,,,,,,,,False
179,G,CatBoost,3,45,13.257849422819511,1.6910218801178043,20.23321915209693,2.8536431414396684,-2.611627287227751,4.666666666666667,,,,,,,,,,False
179,G,FixedRidgeLambda1,3,45,5.788392488608224,7.343695133410284,4.055713539909853,2.257063153461733,-0.5003909102353922,4.333333333333333,,,,,,,,,,False
179,G,KNN,3,45,24.802765539365215,6.06515529436921,32.99306562234012,4.242344318167995,-5.193795590105856,6.333333333333333,,,,,,,,,,False
179,G,LightGBM,3,45,22.292571893117213,20.039235608343656,6.009168302976421,4.694199570568265,-4.800216641647303,7.666666666666667,,,,,,,,,,False
179,G,LinearRegression,3,45,5.864977975225247,7.445080891843598,4.1087312935124425,2.271954789711681,-0.520280719449067,5.333333333333333,,,,,,,,,,False
179,G,MLP,3,45,119.57512879082533,82.79179585090733,100.92283558026404,10.294548006835214,-29.489117809979636,9.666666666666666,,,,,,,,,,False
179,G,MODEL3-ICL-MC,3,45,4.949911168034348,6.662498753772283,3.3273533547512395,2.09883776475428,-0.2874116851372907,3.3333333333333335,200.0,5.0,,,,,,,,False
179,G,RandomForest,3,45,41.200503845941896,4.403582660421386,66.22194178993767,4.7298516972620765,-10.236230483089258,6.333333333333333,,,,,,,,,,False
179,G,Ridge,3,45,5.788392488608224,7.343695133410284,4.055713539909853,2.257063153461733,-0.5003909102353922,4.333333333333333,,,,,,,,,,False
179,G,SVR,3,45,1.0684334861344862,0.980632551662616,0.46324601233985147,1.017511540839142,0.7231606166621996,1.0,,,,,,,,,,False
179,G,XGBoost,3,45,27.168625196997752,6.315713474844469,38.32673460607362,4.303232504053597,-6.373271708196793,6.333333333333333,,,,,,,,,,False
179,H,CatBoost,6,45,1.5970595431788797,1.6069679169125413,1.1886055699814073,1.1761296383421382,0.8370242206136899,5.666666666666667,,,,,,,,,,False
179,H,FixedRidgeLambda1,6,45,0.0660902466121957,0.0651242233141732,0.03373192258145284,0.2492399800484315,0.9916514433176898,2.1666666666666665,,,,,,,,,,False
179,H,KNN,6,45,2.9329547804630898,2.5037586521481083,2.2928893431958097,1.584531956127723,0.7056385275702941,9.666666666666666,,,,,,,,,,False
179,H,LightGBM,6,45,1.5494758511830249,1.552688066078833,0.9478741195787201,1.18992316211097,0.8276371928334569,6.0,,,,,,,,,,False
179,H,LinearRegression,6,45,0.06340639482046455,0.061890717335227094,0.031818323497529374,0.24432814745598766,0.9918686040560828,1.8333333333333333,,,,,,,,,,False
179,H,MLP,6,45,0.6683559855515252,0.673016962135023,0.1026591954972531,0.8154452181135099,0.9052953335891613,5.333333333333333,,,,,,,,,,False
179,H,MODEL3-ICL-MC,6,45,0.0959793003663424,0.0794572494043073,0.0794719674144359,0.28373538466322373,0.9900365162494832,2.0,200.0,5.0,,,,,,,,False
179,H,RandomForest,6,45,2.1376285089516913,2.084980096170003,1.624272735571271,1.3544286645840655,0.7819639926279617,7.666666666666667,,,,,,,,,,False
179,H,Ridge,6,45,0.0660902466121957,0.0651242233141732,0.03373192258145284,0.2492399800484315,0.9916514433176898,2.1666666666666665,,,,,,,,,,False
179,H,SVR,6,45,1.989857642233775,1.9887588782933976,1.6859392758534328,1.274968334975193,0.8114533586653341,5.833333333333333,,,,,,,,,,False
179,H,XGBoost,6,45,2.3156047451109747,2.232470686522027,1.3902648344062378,1.457991253453167,0.7367302477445122,8.833333333333334,,,,,,,,,,False
180,C,CatBoost,3,45,2.115775465847983,2.259619424909035,0.4929570840512954,1.4475554749229582,0.8068384417066684,4.0,,,,,,,,,,False
180,C,FixedRidgeLambda1,3,45,0.33009747060556266,0.3088238661013944,0.07134802083810898,0.5723727514262128,0.9673617028679242,1.6666666666666667,,,,,,,,,,False
180,C,KNN,3,45,4.249322592726476,4.127088223183967,0.6082453528540908,2.05792006148714,0.5950724712624833,8.666666666666666,,,,,,,,,,False
180,C,LightGBM,3,45,2.965275167481749,2.943879549286324,0.24963729915918542,1.720983620974921,0.7171026346955044,6.0,,,,,,,,,,False
180,C,LinearRegression,3,45,0.3397240177566146,0.3255802447439089,0.07162105866937991,0.5807359100158805,0.966546907400195,2.6666666666666665,,,,,,,,,,False
180,C,MLP,3,45,4.204616362774299,4.041562394764149,0.7054698526338312,2.0457978834419532,0.5818972930271495,8.666666666666666,,,,,,,,,,False
180,C,MODEL3-ICL-MC,3,45,0.3066800028644947,0.2560456732561511,0.11796138500896836,0.5473852237306794,0.9683209699178171,1.6666666666666667,200.0,5.0,,,,,,,,False
180,C,RandomForest,3,45,3.057865114958697,3.259532961063207,0.5065566805582637,1.744471541109714,0.7139889729889862,6.666666666666667,,,,,,,,,,False
180,C,Ridge,3,45,0.33009747060556266,0.3088238661013944,0.07134802083810898,0.5723727514262128,0.9673617028679242,1.6666666666666667,,,,,,,,,,False
180,C,SVR,3,45,3.1622813397028486,3.191483214705401,1.3162664700681304,1.750869142750039,0.7246951796042144,6.666666666666667,,,,,,,,,,False
180,C,XGBoost,3,45,4.148637809970073,3.933322748603766,1.1736201888256828,2.023424241084089,0.5898973032585393,8.333333333333334,,,,,,,,,,False
180,E,CatBoost,3,45,1.6770733404947287,1.6439224756746202,0.441755740181285,1.2874785584112778,0.6821328592049243,5.333333333333333,,,,,,,,,,False
180,E,FixedRidgeLambda1,3,45,0.045455826451166435,0.0402331806688084,0.023569312604524415,0.20844113812856413,0.9914254922024438,1.3333333333333333,,,,,,,,,,False
180,E,KNN,3,45,2.354530723330104,2.3853856022076125,0.1475216149128382,1.5339407056503793,0.5512783787863617,9.0,,,,,,,,,,False
180,E,LightGBM,3,45,1.9457122835433047,1.835977835900747,0.6784835526392341,1.3808172085617503,0.6317944373794938,7.666666666666667,,,,,,,,,,False
180,E,LinearRegression,3,45,0.04620861622017236,0.0416427847181355,0.023673534737777262,0.21022359325013676,0.9912835852141137,2.3333333333333335,,,,,,,,,,False
180,E,MLP,3,45,0.7279713905739983,0.6244575847873286,0.20380323564520017,0.8479638183699748,0.861566413052702,4.0,,,,,,,,,,False
180,E,MODEL3-ICL-MC,3,45,0.07961733587676693,0.0747276333901356,0.04225951947242692,0.27523101737497596,0.9848838655445235,2.3333333333333335,200.0,5.0,,,,,,,,False
180,E,RandomForest,3,45,2.157617894478849,2.0724357845275843,0.29124460333592894,1.4667012344357853,0.5898392941633243,8.0,,,,,,,,,,False
180,E,Ridge,3,45,0.045455826451166435,0.0402331806688084,0.023569312604524415,0.20844113812856413,0.9914254922024438,1.3333333333333333,,,,,,,,,,False
180,E,SVR,3,45,1.7774968508377744,1.8226346473014163,0.6486251564666262,1.3174596225598472,0.6639224719987967,5.666666666666667,,,,,,,,,,False
180,E,XGBoost,3,45,2.277507408378421,2.2793686450455866,0.5616925166046732,1.5013367647787996,0.5682280828398015,9.333333333333334,,,,,,,,,,False
181,E,CatBoost,3,45,2.0773660991070533,2.416924644180316,0.6136694629981667,1.4295699219314686,0.7528734569618547,5.333333333333333,,,,,,,,,,False
181,E,FixedRidgeLambda1,3,45,0.14655732380588216,0.1431758216203925,0.029658643089303716,0.3815274660013226,0.9823969860465009,1.3333333333333333,,,,,,,,,,False
181,E,KNN,3,45,3.9985482378227246,3.647690317626345,0.8926640580431197,1.9916781722450565,0.51952715445507,10.0,,,,,,,,,,False
181,E,LightGBM,3,45,2.36929582633158,2.2349343773713017,0.7810673699675433,1.5254332077261596,0.7151971039321339,7.0,,,,,,,,,,False
181,E,LinearRegression,3,45,0.1482570329529022,0.1472173063247438,0.02878795764452551,0.3838237789356753,0.9821849265138848,1.6666666666666667,,,,,,,,,,False
181,E,MLP,3,45,0.7281263912759782,0.8030253735791054,0.14085949516882054,0.8504587014494073,0.9102277771068277,4.0,,,,,,,,,,False
181,E,MODEL3-ICL-MC,3,45,0.19843334969266876,0.1961213717950197,0.02576507723113847,0.44483491418904303,0.9754196651196384,3.0,200.0,5.0,,,,,,,,False
181,E,RandomForest,3,45,2.382317463112883,2.5392953090627395,0.6956380487294664,1.5316529215477204,0.7152302498457249,6.666666666666667,,,,,,,,,,False
181,E,Ridge,3,45,0.14655732380588216,0.1431758216203925,0.029658643089303716,0.3815274660013226,0.9823969860465009,1.3333333333333333,,,,,,,,,,False
181,E,SVR,3,45,2.52760301186735,2.4933228487149472,0.7856927587558556,1.5767746059937877,0.6999973832670437,7.666666666666667,,,,,,,,,,False
181,E,XGBoost,3,45,2.645882318542423,2.7088423672871085,0.46776396413157273,1.6222621753357436,0.6801945471490048,8.333333333333334,,,,,,,,,,False
182,C,CatBoost,6,45,2.553401601863967,2.0143136249853635,1.9494451780909205,1.5087710891788502,0.7468469346204172,5.5,,,,,,,,,,False
182,C,FixedRidgeLambda1,6,45,0.24270366244416355,0.20953378255307514,0.14024832761983136,0.4751811693332367,0.9735916065662312,1.8333333333333333,,,,,,,,,,False
182,C,KNN,6,45,4.30295751797255,3.7091827931677046,2.5623609192121237,1.9999507708667645,0.5465739816794504,9.5,,,,,,,,,,False
182,C,LightGBM,6,45,2.47081676590253,2.3673007804691766,1.2919866010325416,1.5285990465430783,0.7318452032397972,6.0,,,,,,,,,,False
182,C,LinearRegression,6,45,0.2408623919797466,0.2113748764844084,0.13581019369832584,0.4742298078031242,0.9735583815573942,1.8333333333333333,,,,,,,,,,False
182,C,MLP,6,45,1.6035306331786519,1.404368258686136,0.7561743190466561,1.238337473289232,0.8149305584928929,5.0,,,,,,,,,,False
182,C,MODEL3-ICL-MC,6,45,0.34448676906895037,0.2980302206306975,0.15765593937142142,0.5743199278675847,0.960401933004804,2.3333333333333335,200.0,5.0,,,,,,,,False
182,C,RandomForest,6,45,3.6389863653095347,3.167861436889672,2.4596568620479147,1.8180202405824122,0.6285463273234212,8.0,,,,,,,,,,False
182,C,Ridge,6,45,0.24270366244416355,0.20953378255307514,0.14024832761983136,0.4751811693332367,0.9735916065662312,1.8333333333333333,,,,,,,,,,False
182,C,SVR,6,45,2.7466099068356757,1.9802484504183056,2.1437321074403135,1.5693852634790761,0.7209144041976266,5.833333333333333,,,,,,,,,,False
182,C,XGBoost,6,45,3.9856488709383733,3.876823135549523,2.057841961276068,1.9357048004338815,0.5700328689978466,9.166666666666666,,,,,,,,,,False
182,F,CatBoost,3,45,0.10162727680601939,0.0915110259295604,0.019114432509465432,0.31789177356382153,0.0,5.0,,,,,,,,,,False
182,F,FixedRidgeLambda1,3,45,0.0644646721874182,0.0657477367553491,0.007959014361413322,0.2535701311040486,0.0,1.6666666666666667,,,,,,,,,,False
182,F,KNN,3,45,0.19063657558829228,0.1832052972726211,0.022281958101629157,0.4361333242157264,0.0,8.333333333333334,,,,,,,,,,False
182,F,LightGBM,3,45,0.19331524918809362,0.1738656783688076,0.0374155421139011,0.43836501387156374,0.0,8.0,,,,,,,,,,False
182,F,LinearRegression,3,45,0.06528503115597921,0.0666006160541391,0.008011987317709041,0.2551823808592006,0.0,2.6666666666666665,,,,,,,,,,False
182,F,MLP,3,45,0.5230935047949264,0.5709530821185982,0.12473688023816999,0.7195524432823857,0.0,10.0,,,,,,,,,,False
182,F,MODEL3-ICL-MC,3,45,0.08930913785090007,0.0957968156808191,0.02342609550102045,0.29700372218417304,0.0,5.0,200.0,5.0,,,,,,,,False
182,F,RandomForest,3,45,0.0626066597216757,0.0618353609610488,0.0013362464137332162,0.2502037870697949,0.0,1.6666666666666667,,,,,,,,,,False
182,F,Ridge,3,45,0.0644646721874182,0.0657477367553491,0.007959014361413322,0.2535701311040486,0.0,1.6666666666666667,,,,,,,,,,False
182,F,SVR,3,45,0.09813378754776081,0.0946139094990549,0.012953969425444698,0.31281722582368454,0.0,5.0,,,,,,,,,,False
182,F,XGBoost,3,45,0.18861660750324413,0.1743629981075374,0.05153114464299492,0.431682453695613,0.0,7.666666666666667,,,,,,,,,,False
182,G,CatBoost,3,46,378.5297816441266,123.34103723189747,459.8390207679878,17.13480199865697,-200.03990977731303,3.3333333333333335,,,,,,,,,,False
182,G,FixedRidgeLambda1,3,46,1807.121583672033,2525.799396651038,1534.248473798092,36.79509264937658,-890.0111239443446,4.0,,,,,,,,,,False
182,G,KNN,3,46,2019.8210834386857,407.39137707903353,2815.1129137151547,37.43929720478281,-1094.3471322957762,6.666666666666667,,,,,,,,,,False
182,G,LightGBM,3,46,2810.2412396670607,3671.1417409323126,2299.174847045613,47.463815248382076,-1389.0350647570976,7.0,,,,,,,,,,False
182,G,LinearRegression,3,46,1825.8399133772807,2550.084470701204,1550.4263023839449,36.98276864135436,-899.3397689029393,5.0,,,,,,,,,,False
182,G,MLP,3,46,8241.87189662587,11370.883903283097,6101.495113768737,83.87624399913899,-4007.5570119603885,10.0,,,,,,,,,,False
182,G,MODEL3-ICL-MC,3,46,1315.8391133039322,1431.5161482273018,1198.5370502932658,31.778365563620724,-666.1944439861848,4.0,200.0,5.0,,,,,,,,False
182,G,RandomForest,3,46,4943.908454110173,4509.757937493093,4963.524107439227,60.75169095240839,-2271.6549464846235,7.666666666666667,,,,,,,,,,False
182,G,Ridge,3,46,1807.121583672033,2525.799396651038,1534.248473798092,36.79509264937658,-890.0111239443446,4.0,,,,,,,,,,False
182,G,SVR,3,46,0.5902975081205387,0.6089531125359988,0.19820653978394243,0.7606339263582482,0.7457909217992841,1.0,,,,,,,,,,False
182,G,XGBoost,3,46,5521.187792734182,7766.87020733712,4804.837442068699,61.35434368195043,-2727.1258228094866,6.333333333333333,,,,,,,,,,False
182,H,CatBoost,3,46,0.7685530647360475,0.6891975474224331,0.2479986755218725,0.8693733734868146,0.8886186246353756,4.666666666666667,,,,,,,,,,False
182,H,FixedRidgeLambda1,3,46,0.08345603439969895,0.0726679728450594,0.05050934559251267,0.27991015738885106,0.98748439384628,1.3333333333333333,,,,,,,,,,False
182,H,KNN,3,46,0.9584196657988308,0.9844737772003644,0.37062696613581425,0.9658906894199882,0.8637165972625521,7.0,,,,,,,,,,False
182,H,LightGBM,3,46,0.9793365893478225,0.8898700606119904,0.20948249790375487,0.9860042667381936,0.85576837577584,7.666666666666667,,,,,,,,,,False
182,H,LinearRegression,3,46,0.08376248504741474,0.0730867791955145,0.05032750080705544,0.2805561912424579,0.9874363222248332,2.3333333333333335,,,,,,,,,,False
182,H,MLP,3,46,0.6429454539792722,0.5965949374304329,0.0960019335285637,0.8004012982633243,0.9041808604040638,4.666666666666667,,,,,,,,,,False
182,H,MODEL3-ICL-MC,3,46,0.0829055325342629,0.0837108101393437,0.023016593096111638,0.2860231229404626,0.9874061863404656,2.3333333333333335,200.0,5.0,,,,,,,,False
182,H,RandomForest,3,46,0.9829176102478264,0.8508459231211786,0.3042937811777209,0.9839480826363213,0.8568035251478608,7.666666666666667,,,,,,,,,,False
182,H,Ridge,3,46,0.08345603439969895,0.0726679728450594,0.05050934559251267,0.27991015738885106,0.98748439384628,1.3333333333333333,,,,,,,,,,False
182,H,SVR,3,46,1.2784068254403353,0.8089959027315984,0.8524682221649116,1.0925128747377806,0.8197546385795019,7.666666666666667,,,,,,,,,,False
182,H,XGBoost,3,46,1.2805206843847798,1.1471005436900097,0.2480232958024802,1.128222713456435,0.8101388692137306,9.666666666666666,,,,,,,,,,False
183,A,CatBoost,3,46,2.863438846218736,3.020726482409381,0.7453356983631941,1.6820096795128798,0.8081840911880519,5.333333333333333,,,,,,,,,,False
183,A,FixedRidgeLambda1,3,46,0.12219382797558957,0.1267712995362085,0.021409559461509166,0.348634829317713,0.9917873620395571,1.6666666666666667,,,,,,,,,,False
183,A,KNN,3,46,5.635781671733597,5.692426747473658,1.07924185949904,2.366584512549072,0.6287861229034001,8.666666666666666,,,,,,,,,,False
183,A,LightGBM,3,46,3.339641369867904,3.288307550474812,0.09177817792276824,1.8273544399777855,0.7770311933779128,5.666666666666667,,,,,,,,,,False
183,A,LinearRegression,3,46,0.12525938652898191,0.1307766898431406,0.02742453756056322,0.3524380421540707,0.9915622513612204,2.0,,,,,,,,,,False
183,A,MLP,3,46,0.7545797432480198,0.802627322649769,0.09649872894868419,0.867432476204823,0.9494779100598656,4.0,,,,,,,,,,False
183,A,MODEL3-ICL-MC,3,46,0.15901227907206625,0.1721535517000134,0.03168564145137146,0.3973574423072646,0.9893354540388314,2.3333333333333335,200.0,5.0,,,,,,,,False
183,A,RandomForest,3,46,6.192147135021744,5.845220699920582,1.327184445906465,2.479121785587077,0.58818181432308,9.0,,,,,,,,,,False
183,A,Ridge,3,46,0.12219382797558957,0.1267712995362085,0.021409559461509166,0.348634829317713,0.9917873620395571,1.6666666666666667,,,,,,,,,,False
183,A,SVR,3,46,4.238789101320073,4.068118192474438,0.4388280746190299,2.0570344332570354,0.7187403318952988,7.0,,,,,,,,,,False
183,A,XGBoost,3,46,6.3463019971034536,6.283895653769649,1.6445112453363437,2.5048927478753296,0.5765606768887751,9.333333333333334,,,,,,,,,,False
184,D,CatBoost,3,46,0.8315761167110418,0.89470458990917,0.32229986293864454,0.89920381870615,0.9090224222177495,4.666666666666667,,,,,,,,,,False
184,D,FixedRidgeLambda1,3,46,0.0550235056230047,0.0500738973918631,0.01076628871600135,0.23385429707585462,0.9936874131749628,1.3333333333333333,,,,,,,,,,False
184,D,KNN,3,46,2.2050954240297505,2.153824191533221,0.1285090780064839,1.484541815540408,0.7519670446105445,10.0,,,,,,,,,,False
184,D,LightGBM,3,46,1.4350583364628653,1.5944063716651624,0.4370814424082242,1.1876762057806578,0.8408666994251609,7.666666666666667,,,,,,,,,,False
184,D,LinearRegression,3,46,0.05603295325285936,0.0505525815957024,0.012637723811067075,0.2357549691730019,0.9935554410002632,1.6666666666666667,,,,,,,,,,False
184,D,MLP,3,46,0.9231805145931222,0.8812960665882197,0.40240594935727275,0.945197999785058,0.896140720204289,5.666666666666667,,,,,,,,,,False
184,D,MODEL3-ICL-MC,3,46,0.07176522141838874,0.0704971452664737,0.014788973144332971,0.266942281087438,0.991896914673108,3.0,200.0,5.0,,,,,,,,False
184,D,RandomForest,3,46,1.4207790627661059,1.5274404122857863,0.438281957428234,1.1816763437587756,0.8389144112314252,7.0,,,,,,,,,,False
184,D,Ridge,3,46,0.0550235056230047,0.0500738973918631,0.01076628871600135,0.23385429707585462,0.9936874131749628,1.3333333333333333,,,,,,,,,,False
184,D,SVR,3,46,1.51828066212086,1.354883772785561,0.7124472958469619,1.2098598230836448,0.8380465669145115,6.666666666666667,,,,,,,,,,False
184,D,XGBoost,3,46,1.5182492623223627,1.6082486182920763,0.5537594411422229,1.2172438122949154,0.8272095244502325,7.333333333333333,,,,,,,,,,False
185,G,CatBoost,3,46,6.136172373267658,4.880135287042415,2.9865807773589124,2.4314619305794807,-0.6540915750623033,5.666666666666667,,,,,,,,,,False
185,G,FixedRidgeLambda1,3,46,2.1764435524665964,2.030678081334823,0.7993705993967396,1.4588315374310286,0.4304404308982792,2.6666666666666665,,,,,,,,,,False
185,G,KNN,3,46,12.592348333330584,13.08065860892594,4.315532758262108,3.511384629325944,-2.3143380257388757,7.333333333333333,,,,,,,,,,False
185,G,LightGBM,3,46,17.1134284927536,18.044580399044044,5.172225070819329,4.1030683559007555,-3.550017495350499,8.666666666666666,,,,,,,,,,False
185,G,LinearRegression,3,46,2.208043039469369,2.068254446393648,0.8078924501086017,1.4694691335443657,0.4220578862281168,3.6666666666666665,,,,,,,,,,False
185,G,MLP,3,46,33.783696095248885,35.65673237896703,9.304362350521133,5.773173272885241,-7.964836496646343,10.0,,,,,,,,,,False
185,G,MODEL3-ICL-MC,3,46,1.906350916664758,1.330222924827193,1.2028293782779207,1.3385548640707785,0.5098761140788471,2.6666666666666665,200.0,5.0,,,,,,,,False
185,G,RandomForest,3,46,8.72553983330369,4.482623320490147,7.364967646661777,2.7936523177106367,-1.4049141694025888,6.333333333333333,,,,,,,,,,False
185,G,Ridge,3,46,2.1764435524665964,2.030678081334823,0.7993705993967396,1.4588315374310286,0.4304404308982792,2.6666666666666665,,,,,,,,,,False
185,G,SVR,3,46,0.5369165287221843,0.4782171749771122,0.12700020556739836,0.7294972649049667,0.8608671785044205,1.0,,,,,,,,,,False
185,G,XGBoost,3,46,9.488013164416826,5.440688131584432,7.522978449007676,2.9327946982314295,-1.4500183219228815,7.0,,,,,,,,,,False
186,C,CatBoost,3,47,0.7959741374230775,0.7668150752158429,0.17175277431462357,0.8887561572320081,0.858266938540096,4.333333333333333,,,,,,,,,,False
186,C,FixedRidgeLambda1,3,47,0.1084950092741791,0.1087810669322139,0.019177736229597748,0.32851792920645784,0.9809940685349142,1.3333333333333333,,,,,,,,,,False
186,C,KNN,3,47,1.281523953775601,1.3044661964524693,0.242197486739425,1.1285902485705777,0.7754931219441911,7.666666666666667,,,,,,,,,,False
186,C,LightGBM,3,47,1.105145752624883,1.016795921238245,0.21329843448502403,1.048123517238948,0.8021019331749452,7.0,,,,,,,,,,False
186,C,LinearRegression,3,47,0.10936371585776157,0.1088379475698163,0.01838719236352938,0.3299187296415627,0.9808390756297537,2.3333333333333335,,,,,,,,,,False
186,C,MLP,3,47,1.8197305624984066,2.0367823568002925,0.43012324706138005,1.3421430006839554,0.6793033432560617,10.0,,,,,,,,,,False
186,C,MODEL3-ICL-MC,3,47,0.13250013226235938,0.1470552640079007,0.04034752489807813,0.3608901873835455,0.9759943534956516,2.3333333333333335,200.0,5.0,,,,,,,,False
186,C,RandomForest,3,47,0.9662239571289947,0.941591580025061,0.17155083379689698,0.9804083433808745,0.8268500626281762,5.666666666666667,,,,,,,,,,False
186,C,Ridge,3,47,0.1084950092741791,0.1087810669322139,0.019177736229597748,0.32851792920645784,0.9809940685349142,1.3333333333333333,,,,,,,,,,False
186,C,SVR,3,47,0.9425508498480308,0.8900377578672204,0.1055944014371252,0.9698633827002411,0.8346226580930596,5.333333333333333,,,,,,,,,,False
186,C,XGBoost,3,47,1.4143613213562158,1.5290988253547604,0.24311375902805232,1.1861719758394953,0.7503666612678567,9.0,,,,,,,,,,False
186,E,CatBoost,3,46,4.925810682100159,4.853300061044699,0.592726168328659,2.216755967245418,0.6711934810009091,6.333333333333333,,,,,,,,,,False
186,E,FixedRidgeLambda1,3,46,0.10064890461087694,0.0922290641793155,0.028273467338952554,0.31523854775716637,0.993325098625801,1.0,,,,,,,,,,False
186,E,KNN,3,46,7.142054239608279,6.863142932539703,0.8404810215370145,2.6694457720271547,0.5236881826869305,8.666666666666666,,,,,,,,,,False
186,E,LightGBM,3,46,4.540133785783639,4.652029336621773,0.4328197681196437,2.129112614846227,0.6961312816576374,6.0,,,,,,,,,,False
186,E,LinearRegression,3,46,0.1036683471116947,0.0951181301248436,0.028434257001714414,0.3200277237539883,0.9931237485933423,2.0,,,,,,,,,,False
186,E,MLP,3,46,0.5843881652142827,0.5626910231929463,0.09052850265190784,0.762953318431253,0.9610073746655171,4.0,,,,,,,,,,False
186,E,MODEL3-ICL-MC,3,46,0.18848377368423755,0.1798254368402549,0.022420855839149618,0.433648128197995,0.9874792757131807,3.0,200.0,5.0,,,,,,,,False
186,E,RandomForest,3,46,7.822847991163312,8.185031889025293,1.267795521408972,2.790563731105225,0.4765082487888892,9.0,,,,,,,,,,False
186,E,Ridge,3,46,0.10064890461087694,0.0922290641793155,0.028273467338952554,0.31523854775716637,0.993325098625801,1.0,,,,,,,,,,False
186,E,SVR,3,46,4.850395269725461,4.508116331743611,1.388722646197673,2.1877079672270425,0.6762800425625862,5.666666666666667,,,,,,,,,,False
186,E,XGBoost,3,46,8.105136939352274,8.031766692649011,0.39635902452224453,2.846388165145143,0.45832304344073016,9.333333333333334,,,,,,,,,,False
187,A,CatBoost,3,47,1.2239532235043389,1.0843468601452548,0.6744067619694037,1.0780772149179974,0.8497775902234302,5.333333333333333,,,,,,,,,,False
187,A,FixedRidgeLambda1,3,47,0.07669924447187067,0.07776347224251,0.03073597086710919,0.27299285734975126,0.9898376212259997,1.6666666666666667,,,,,,,,,,False
187,A,KNN,3,47,2.479285585946997,2.3411968377623538,0.2540036850898904,1.5732337862804162,0.6740853277352991,9.666666666666666,,,,,,,,,,False
187,A,LightGBM,3,47,1.265875311448142,1.1382189736109996,0.29892357982769585,1.1201257226079389,0.836855390471439,5.333333333333333,,,,,,,,,,False
187,A,LinearRegression,3,47,0.0776943736819827,0.0814352416428182,0.02978910549585325,0.27501563722567157,0.9897491698849262,2.0,,,,,,,,,,False
187,A,MLP,3,47,0.8162969550080641,0.861054587525604,0.18847679730703795,0.8992466263889871,0.8914466412351345,4.333333333333333,,,,,,,,,,False
187,A,MODEL3-ICL-MC,3,47,0.08957322063684826,0.1116828562394139,0.05167670125039503,0.28819382814502664,0.9887613929219219,2.3333333333333335,200.0,5.0,,,,,,,,False
187,A,RandomForest,3,47,1.9317563880680415,1.627860279023949,0.6062557843427951,1.3791801214059352,0.7543239314873955,8.0,,,,,,,,,,False
187,A,Ridge,3,47,0.07669924447187067,0.07776347224251,0.03073597086710919,0.27299285734975126,0.9898376212259997,1.6666666666666667,,,,,,,,,,False
187,A,SVR,3,47,1.6114392554314827,1.1676747869743331,0.7878909090775773,1.2462278282598709,0.8007000040583417,7.0,,,,,,,,,,False
187,A,XGBoost,3,47,2.0901351960629726,1.6767716384041025,0.7277997567439922,1.4321330138690087,0.7355530128510583,9.333333333333334,,,,,,,,,,False
188,D,CatBoost,3,47,4.031966881123702,4.132413335965239,0.754145612235796,2.0019463080386317,0.7558619402372503,4.666666666666667,,,,,,,,,,False
188,D,FixedRidgeLambda1,3,47,0.1075739750147741,0.1096233291700193,0.02386445592651057,0.32659856141942756,0.9936729095790868,1.0,,,,,,,,,,False
188,D,KNN,3,47,4.957070921805172,5.148135464969256,0.5904524229130836,2.2237350444391883,0.7054728893751744,7.0,,,,,,,,,,False
188,D,LightGBM,3,47,3.7855460916569394,3.667214126517369,0.2992978565825835,1.9446526170043317,0.772428571005971,4.333333333333333,,,,,,,,,,False
188,D,LinearRegression,3,47,0.11576402838607654,0.1205063450819891,0.024119124087953695,0.33895569469284026,0.9931890697061264,2.0,,,,,,,,,,False
188,D,MLP,3,47,0.5901901563338647,0.6373060432798392,0.1671233907318303,0.7626693250873572,0.9656724452636324,3.0,,,,,,,,,,False
188,D,RandomForest,3,47,6.657966653331548,6.83184429723075,1.4442477296115264,2.569830783643567,0.5966868516275924,8.666666666666666,,,,,,,,,,False
188,D,Ridge,3,47,0.1075739750147741,0.1096233291700193,0.02386445592651057,0.32659856141942756,0.9936729095790868,1.0,,,,,,,,,,False
188,D,SVR,3,47,4.867836839358723,4.834677111823298,0.5473110175863752,2.203995929946299,0.7098886202420079,6.666666666666667,,,,,,,,,,False
188,D,XGBoost,3,47,5.86432500881891,5.510167860962534,1.2405433128265977,2.412865018947714,0.648137231769228,7.666666666666667,,,,,,,,,,False
189,G,CatBoost,3,47,429.0558381376165,10.501395070513182,730.6219614644596,13.635911396673846,-163.1127500276281,7.333333333333333,,,,,,,,,,False
189,G,FixedRidgeLambda1,3,47,30.352311123342233,0.8280653487538256,51.509006093340794,3.6733154351377166,-10.618542217319698,1.6666666666666667,,,,,,,,,,False
189,G,KNN,3,47,1796.9119296431652,3.643137310112424,3106.716277361203,25.658463545348507,-683.1036860025742,6.333333333333333,,,,,,,,,,False
189,G,LightGBM,3,47,251.31059665886585,8.163894859603753,424.6863296265543,10.703504939571433,-95.31059111122903,7.0,,,,,,,,,,False
189,G,LinearRegression,3,47,30.479041802163707,0.8393648189134241,51.70999411902028,3.6843229115990055,-10.667810656313328,2.6666666666666665,,,,,,,,,,False
189,G,MLP,3,47,398.1580701536513,18.84324339299864,669.8246444917893,13.529028047291272,-151.95553047908462,8.0,,,,,,,,,,False
189,G,MODEL3-ICL-MC,3,47,38.97537146092922,1.0708055747597671,66.13977314655556,4.1627253353325155,-13.919799028142402,4.0,200.0,5.0,,,,,,,,False
189,G,RandomForest,3,47,4284.455369339258,5.1221334657179085,7414.797639805629,38.996586017251175,-1629.7693568344168,6.666666666666667,,,,,,,,,,False
189,G,Ridge,3,47,30.352311123342233,0.8280653487538256,51.509006093340794,3.6733154351377166,-10.618542217319698,1.6666666666666667,,,,,,,,,,False
189,G,SVR,3,47,0.34862881337531765,0.3487181439637601,0.15286227843669617,0.5803523640082268,0.8416724635871929,1.6666666666666667,,,,,,,,,,False
189,G,XGBoost,3,47,14906.39956425954,10.70681176987454,25805.389289409737,72.28294182979083,-5672.185160450109,9.666666666666666,,,,,,,,,,False
190,A,CatBoost,3,47,0.37056225170775464,0.3108196239190827,0.12860774448431098,0.6030145693096802,0.8905577716982055,4.333333333333333,,,,,,,,,,False
190,A,FixedRidgeLambda1,3,47,0.0379746641624988,0.0303337105379185,0.02615399898697682,0.18720683617265907,0.9891434876399915,2.0,,,,,,,,,,False
190,A,KNN,3,47,0.7077086955676761,0.7798521919532972,0.13035716972113742,0.8387205741613742,0.7842700121864485,9.0,,,,,,,,,,False
190,A,LightGBM,3,47,0.6118479805150276,0.569446736874236,0.1473344149832621,0.7785446688437796,0.8174962856160818,8.333333333333334,,,,,,,,,,False
190,A,LinearRegression,3,47,0.0389926666089094,0.0307510084095827,0.027167533147693837,0.18955348287343976,0.9888662221536727,3.0,,,,,,,,,,False
190,A,MLP,3,47,0.643004633845257,0.6707805309845202,0.2040238711723576,0.7946930690390772,0.8021326645626772,7.666666666666667,,,,,,,,,,False
190,A,MODEL3-ICL-MC,3,47,0.032962865208334566,0.0282279642971975,0.027968714695528044,0.1688489101295549,0.9906792460379453,1.0,200.0,5.0,,,,,,,,False
190,A,RandomForest,3,47,0.39548789521947353,0.3579103308775213,0.07962460575561285,0.6268476374031114,0.8814800867584074,4.666666666666667,,,,,,,,,,False
190,A,Ridge,3,47,0.0379746641624988,0.0303337105379185,0.02615399898697682,0.18720683617265907,0.9891434876399915,2.0,,,,,,,,,,False
190,A,SVR,3,47,0.5938792548385013,0.5844690123386483,0.17259668751647742,0.7651300175180408,0.82244975445093,7.0,,,,,,,,,,False
190,A,XGBoost,3,47,0.6444775681335647,0.5395321924689598,0.24702602519566028,0.793570845541259,0.8108669605244332,8.0,,,,,,,,,,False
