suite_family,condition_name,condition_value,prior_regime,method,mean_rank_mse_betaX,median_rank_mse_betaX,win_rate_mse,top3_rate_mse,valid_count
ood_primary,noise_features,0,E,AutoGluon,5.0,5.0,0.0,0.0,6
ood_primary,n_train,138,E,AutoGluon,5.0,5.0,0.0,0.0,1
ood_primary,n_train,146,E,AutoGluon,6.0,6.0,0.0,0.0,1
ood_primary,n_train,156,E,AutoGluon,4.0,4.0,0.0,0.0,1
ood_primary,n_train,162,E,AutoGluon,5.0,5.0,0.0,0.0,1
ood_primary,n_train,166,E,AutoGluon,5.0,5.0,0.0,0.0,2
ood_primary,noise_features,0,E,CatBoost,5.4,5.0,0.0,0.0,150
ood_primary,noise_features,0,F,CatBoost,5.753333333333333,6.0,0.0,0.04666666666666667,150
ood_primary,noise_features,0,G,CatBoost,4.466666666666667,5.0,0.02,0.3466666666666667,150
ood_primary,noise_features,0,H,CatBoost,5.593333333333334,6.0,0.0,0.0,150
ood_primary,n_train,131,G,CatBoost,4.166666666666667,4.0,0.16666666666666666,0.16666666666666666,6
ood_primary,n_train,134,E,CatBoost,5.333333333333333,5.0,0.0,0.0,3
ood_primary,n_train,134,F,CatBoost,3.6666666666666665,4.0,0.0,0.3333333333333333,3
ood_primary,n_train,137,F,CatBoost,4.666666666666667,5.0,0.0,0.0,3
ood_primary,n_train,137,H,CatBoost,5.666666666666667,6.0,0.0,0.0,3
ood_primary,n_train,138,E,CatBoost,5.333333333333333,5.0,0.0,0.0,6
ood_primary,n_train,139,H,CatBoost,5.0,5.0,0.0,0.0,3
ood_primary,n_train,140,G,CatBoost,4.333333333333333,5.0,0.0,0.3333333333333333,3
ood_primary,n_train,142,F,CatBoost,5.666666666666667,6.0,0.0,0.0,3
ood_primary,n_train,142,G,CatBoost,5.333333333333333,5.0,0.0,0.0,3
ood_primary,n_train,142,H,CatBoost,6.0,6.0,0.0,0.0,6
ood_primary,n_train,143,E,CatBoost,5.0,5.0,0.0,0.0,3
ood_primary,n_train,143,G,CatBoost,2.6666666666666665,3.0,0.0,1.0,3
ood_primary,n_train,144,G,CatBoost,3.3333333333333335,3.0,0.3333333333333333,0.6666666666666666,3
ood_primary,n_train,145,F,CatBoost,5.333333333333333,6.0,0.0,0.0,3
ood_primary,n_train,145,G,CatBoost,3.0,3.0,0.0,0.6666666666666666,3
ood_primary,n_train,145,H,CatBoost,5.333333333333333,5.0,0.0,0.0,3
ood_primary,n_train,146,E,CatBoost,5.0,5.0,0.0,0.0,6
ood_primary,n_train,146,F,CatBoost,5.666666666666667,6.0,0.0,0.0,3
ood_primary,n_train,146,H,CatBoost,7.333333333333333,7.0,0.0,0.0,3
ood_primary,n_train,147,E,CatBoost,4.833333333333333,5.0,0.0,0.0,6
ood_primary,n_train,147,F,CatBoost,5.0,5.0,0.0,0.0,3
ood_primary,n_train,147,G,CatBoost,5.333333333333333,6.0,0.0,0.0,3
ood_primary,n_train,148,E,CatBoost,5.333333333333333,5.0,0.0,0.0,3
ood_primary,n_train,148,G,CatBoost,2.3333333333333335,2.0,0.0,1.0,3
ood_primary,n_train,148,H,CatBoost,5.5,5.5,0.0,0.0,6
ood_primary,n_train,149,E,CatBoost,5.666666666666667,6.0,0.0,0.0,3
ood_primary,n_train,149,F,CatBoost,5.666666666666667,6.0,0.0,0.0,3
ood_primary,n_train,149,G,CatBoost,5.333333333333333,5.0,0.0,0.0,3
ood_primary,n_train,150,E,CatBoost,5.916666666666667,6.0,0.0,0.0,12
ood_primary,n_train,150,F,CatBoost,5.866666666666666,6.0,0.0,0.06666666666666667,15
ood_primary,n_train,151,F,CatBoost,4.555555555555555,4.0,0.0,0.3333333333333333,9
ood_primary,n_train,151,H,CatBoost,5.5,5.5,0.0,0.0,6
ood_primary,n_train,152,G,CatBoost,2.6666666666666665,3.0,0.0,1.0,3
ood_primary,n_train,152,H,CatBoost,5.333333333333333,5.0,0.0,0.0,6
ood_primary,n_train,153,E,CatBoost,5.222222222222222,5.0,0.0,0.0,9
ood_primary,n_train,153,F,CatBoost,6.0,6.0,0.0,0.0,3
ood_primary,n_train,153,G,CatBoost,3.1666666666666665,3.0,0.0,0.6666666666666666,6
ood_primary,n_train,153,H,CatBoost,5.666666666666667,5.5,0.0,0.0,6
ood_primary,n_train,154,E,CatBoost,5.166666666666667,5.0,0.0,0.0,6
ood_primary,n_train,154,F,CatBoost,6.333333333333333,6.0,0.0,0.0,3
ood_primary,n_train,154,G,CatBoost,4.666666666666667,5.5,0.0,0.3333333333333333,6
ood_primary,n_train,154,H,CatBoost,6.166666666666667,6.0,0.0,0.0,6
ood_primary,n_train,155,E,CatBoost,5.333333333333333,5.0,0.0,0.0,3
ood_primary,n_train,155,F,CatBoost,5.666666666666667,5.0,0.0,0.0,6
ood_primary,n_train,155,G,CatBoost,4.0,4.0,0.08333333333333333,0.5,12
ood_primary,n_train,155,H,CatBoost,5.0,5.0,0.0,0.0,6
ood_primary,n_train,156,E,CatBoost,5.666666666666667,5.5,0.0,0.0,6
ood_primary,n_train,156,F,CatBoost,4.666666666666667,5.5,0.0,0.3333333333333333,6
ood_primary,n_train,156,H,CatBoost,5.666666666666667,6.0,0.0,0.0,3
ood_primary,n_train,157,E,CatBoost,5.666666666666667,5.0,0.0,0.0,6
ood_primary,n_train,157,F,CatBoost,5.166666666666667,5.0,0.0,0.0,6
ood_primary,n_train,157,G,CatBoost,4.5,4.0,0.0,0.16666666666666666,6
ood_primary,n_train,157,H,CatBoost,5.666666666666667,6.0,0.0,0.0,6
ood_primary,n_train,158,E,CatBoost,5.666666666666667,5.5,0.0,0.0,12
ood_primary,n_train,158,F,CatBoost,5.916666666666667,6.5,0.0,0.0,12
ood_primary,n_train,158,G,CatBoost,4.111111111111111,5.0,0.0,0.4444444444444444,9
ood_primary,n_train,158,H,CatBoost,5.833333333333333,6.0,0.0,0.0,6
ood_primary,n_train,159,E,CatBoost,4.666666666666667,5.0,0.0,0.0,3
ood_primary,n_train,159,F,CatBoost,6.5,6.5,0.0,0.0,6
ood_primary,n_train,159,G,CatBoost,4.5,4.5,0.0,0.3333333333333333,6
ood_primary,n_train,160,E,CatBoost,5.333333333333333,5.0,0.0,0.0,3
ood_primary,n_train,160,G,CatBoost,2.6666666666666665,3.0,0.0,1.0,3
ood_primary,n_train,161,G,CatBoost,2.6666666666666665,2.0,0.0,0.6666666666666666,3
ood_primary,n_train,161,H,CatBoost,5.75,5.5,0.0,0.0,12
ood_primary,n_train,162,E,CatBoost,5.666666666666667,6.0,0.0,0.0,3
ood_primary,n_train,162,F,CatBoost,6.555555555555555,7.0,0.0,0.0,9
ood_primary,n_train,162,G,CatBoost,4.666666666666667,5.0,0.0,0.2,15
ood_primary,n_train,162,H,CatBoost,5.333333333333333,5.0,0.0,0.0,9
ood_primary,n_train,163,E,CatBoost,5.444444444444445,5.0,0.0,0.0,9
ood_primary,n_train,163,F,CatBoost,6.222222222222222,6.0,0.0,0.0,9
ood_primary,n_train,163,G,CatBoost,4.777777777777778,5.0,0.0,0.1111111111111111,9
ood_primary,n_train,163,H,CatBoost,5.333333333333333,5.0,0.0,0.0,6
ood_primary,n_train,164,E,CatBoost,5.222222222222222,5.0,0.0,0.0,9
ood_primary,n_train,164,F,CatBoost,6.666666666666667,6.0,0.0,0.0,3
ood_primary,n_train,164,H,CatBoost,5.5,5.0,0.0,0.0,6
ood_primary,n_train,165,G,CatBoost,5.5,5.5,0.0,0.16666666666666666,6
ood_primary,n_train,165,H,CatBoost,5.333333333333333,5.0,0.0,0.0,3
ood_primary,n_train,166,E,CatBoost,5.266666666666667,5.0,0.0,0.0,15
ood_primary,n_train,166,F,CatBoost,6.833333333333333,7.0,0.0,0.0,6
ood_primary,n_train,166,G,CatBoost,6.0,6.0,0.0,0.0,3
ood_primary,n_train,166,H,CatBoost,5.444444444444445,6.0,0.0,0.0,9
ood_primary,n_train,167,E,CatBoost,5.333333333333333,5.0,0.0,0.0,3
ood_primary,n_train,167,G,CatBoost,3.0,3.0,0.0,0.6666666666666666,3
ood_primary,n_train,167,H,CatBoost,6.0,6.0,0.0,0.0,3
ood_primary,n_train,168,F,CatBoost,6.333333333333333,6.0,0.0,0.0,3
ood_primary,n_train,168,G,CatBoost,6.333333333333333,6.0,0.0,0.0,3
ood_primary,n_train,169,E,CatBoost,6.0,5.0,0.0,0.0,3
ood_primary,n_train,169,F,CatBoost,5.666666666666667,6.0,0.0,0.0,3
ood_primary,n_train,169,G,CatBoost,6.333333333333333,6.0,0.0,0.0,3
ood_primary,n_train,169,H,CatBoost,5.444444444444445,5.0,0.0,0.0,9
ood_primary,n_train,170,E,CatBoost,5.333333333333333,5.0,0.0,0.0,3
ood_primary,n_train,170,G,CatBoost,6.833333333333333,7.0,0.0,0.0,6
ood_primary,n_train,170,H,CatBoost,5.666666666666667,6.0,0.0,0.0,3
ood_primary,n_train,171,F,CatBoost,5.666666666666667,6.0,0.0,0.0,9
ood_primary,n_train,172,F,CatBoost,6.333333333333333,6.0,0.0,0.0,3
ood_primary,n_train,172,H,CatBoost,5.5,5.0,0.0,0.0,6
ood_primary,n_train,174,E,CatBoost,5.333333333333333,5.0,0.0,0.0,3
ood_primary,n_train,174,F,CatBoost,6.166666666666667,6.5,0.0,0.0,6
ood_primary,n_train,174,G,CatBoost,6.0,6.0,0.0,0.0,3
ood_primary,n_train,174,H,CatBoost,5.333333333333333,5.0,0.0,0.0,3
ood_primary,n_train,175,G,CatBoost,2.3333333333333335,2.0,0.0,1.0,3
ood_primary,n_train,176,H,CatBoost,6.666666666666667,7.0,0.0,0.0,3
ood_primary,n_train,177,F,CatBoost,6.333333333333333,6.0,0.0,0.0,3
ood_primary,n_train,178,E,CatBoost,5.0,5.0,0.0,0.0,3
ood_primary,n_train,178,F,CatBoost,5.666666666666667,6.0,0.0,0.0,6
ood_primary,n_train,179,G,CatBoost,4.666666666666667,5.0,0.0,0.3333333333333333,3
ood_primary,n_train,179,H,CatBoost,5.666666666666667,6.0,0.0,0.0,6
ood_primary,n_train,180,E,CatBoost,5.333333333333333,5.0,0.0,0.0,3
ood_primary,n_train,181,E,CatBoost,5.333333333333333,5.0,0.0,0.0,3
ood_primary,n_train,182,F,CatBoost,5.0,5.0,0.0,0.0,3
ood_primary,n_train,182,G,CatBoost,3.3333333333333335,2.0,0.0,0.6666666666666666,3
ood_primary,n_train,182,H,CatBoost,4.666666666666667,5.0,0.0,0.0,3
ood_primary,n_train,185,G,CatBoost,5.666666666666667,6.0,0.0,0.0,3
ood_primary,n_train,186,E,CatBoost,6.333333333333333,6.0,0.0,0.0,3
ood_primary,n_train,189,G,CatBoost,7.333333333333333,7.0,0.0,0.0,3
ood_primary,noise_features,0,E,FixedRidgeLambda1,1.6466666666666667,2.0,0.42,1.0,150
ood_primary,noise_features,0,F,FixedRidgeLambda1,1.7,1.0,0.5266666666666666,0.9533333333333334,150
ood_primary,noise_features,0,G,FixedRidgeLambda1,3.2733333333333334,3.0,0.10666666666666667,0.62,150
ood_primary,noise_features,0,H,FixedRidgeLambda1,1.6933333333333334,2.0,0.38666666666666666,1.0,150
ood_primary,n_train,131,G,FixedRidgeLambda1,2.8333333333333335,2.0,0.3333333333333333,0.6666666666666666,6
ood_primary,n_train,134,E,FixedRidgeLambda1,1.6666666666666667,2.0,0.3333333333333333,1.0,3
ood_primary,n_train,134,F,FixedRidgeLambda1,1.6666666666666667,1.0,0.6666666666666666,1.0,3
ood_primary,n_train,137,F,FixedRidgeLambda1,2.0,2.0,0.0,1.0,3
ood_primary,n_train,137,H,FixedRidgeLambda1,2.0,2.0,0.3333333333333333,1.0,3
ood_primary,n_train,138,E,FixedRidgeLambda1,1.3333333333333333,1.0,0.6666666666666666,1.0,6
ood_primary,n_train,139,H,FixedRidgeLambda1,2.0,2.0,0.0,1.0,3
ood_primary,n_train,140,G,FixedRidgeLambda1,3.0,3.0,0.0,0.6666666666666666,3
ood_primary,n_train,142,F,FixedRidgeLambda1,1.3333333333333333,1.0,0.6666666666666666,1.0,3
ood_primary,n_train,142,G,FixedRidgeLambda1,2.0,2.0,0.3333333333333333,1.0,3
ood_primary,n_train,142,H,FixedRidgeLambda1,1.1666666666666667,1.0,0.8333333333333334,1.0,6
ood_primary,n_train,143,E,FixedRidgeLambda1,1.3333333333333333,1.0,0.6666666666666666,1.0,3
ood_primary,n_train,143,G,FixedRidgeLambda1,3.6666666666666665,4.0,0.0,0.3333333333333333,3
ood_primary,n_train,144,G,FixedRidgeLambda1,5.333333333333333,6.0,0.0,0.0,3
ood_primary,n_train,145,F,FixedRidgeLambda1,1.0,1.0,1.0,1.0,3
ood_primary,n_train,145,G,FixedRidgeLambda1,4.0,5.0,0.0,0.3333333333333333,3
ood_primary,n_train,145,H,FixedRidgeLambda1,1.6666666666666667,2.0,0.3333333333333333,1.0,3
ood_primary,n_train,146,E,FixedRidgeLambda1,1.6666666666666667,2.0,0.3333333333333333,1.0,6
ood_primary,n_train,146,F,FixedRidgeLambda1,1.6666666666666667,1.0,0.6666666666666666,1.0,3
ood_primary,n_train,146,H,FixedRidgeLambda1,1.3333333333333333,1.0,0.6666666666666666,1.0,3
ood_primary,n_train,147,E,FixedRidgeLambda1,1.8333333333333333,2.0,0.16666666666666666,1.0,6
ood_primary,n_train,147,F,FixedRidgeLambda1,2.3333333333333335,2.0,0.0,1.0,3
ood_primary,n_train,147,G,FixedRidgeLambda1,2.0,2.0,0.0,1.0,3
ood_primary,n_train,148,E,FixedRidgeLambda1,1.0,1.0,1.0,1.0,3
ood_primary,n_train,148,G,FixedRidgeLambda1,5.333333333333333,6.0,0.0,0.0,3
ood_primary,n_train,148,H,FixedRidgeLambda1,2.0,2.0,0.0,1.0,6
ood_primary,n_train,149,E,FixedRidgeLambda1,2.0,2.0,0.0,1.0,3
ood_primary,n_train,149,F,FixedRidgeLambda1,1.6666666666666667,2.0,0.3333333333333333,1.0,3
ood_primary,n_train,149,G,FixedRidgeLambda1,2.0,2.0,0.0,1.0,3
ood_primary,n_train,150,E,FixedRidgeLambda1,1.75,2.0,0.3333333333333333,1.0,12
ood_primary,n_train,150,F,FixedRidgeLambda1,1.6666666666666667,1.0,0.6,0.9333333333333333,15
ood_primary,n_train,151,F,FixedRidgeLambda1,3.4444444444444446,5.0,0.3333333333333333,0.4444444444444444,9
ood_primary,n_train,151,H,FixedRidgeLambda1,1.5,1.5,0.5,1.0,6
ood_primary,n_train,152,G,FixedRidgeLambda1,4.333333333333333,5.0,0.0,0.3333333333333333,3
ood_primary,n_train,152,H,FixedRidgeLambda1,1.6666666666666667,1.5,0.5,1.0,6
ood_primary,n_train,153,E,FixedRidgeLambda1,1.7777777777777777,2.0,0.3333333333333333,1.0,9
ood_primary,n_train,153,F,FixedRidgeLambda1,1.0,1.0,1.0,1.0,3
ood_primary,n_train,153,G,FixedRidgeLambda1,3.0,3.5,0.16666666666666666,0.5,6
ood_primary,n_train,153,H,FixedRidgeLambda1,2.0,2.0,0.16666666666666666,1.0,6
ood_primary,n_train,154,E,FixedRidgeLambda1,2.0,2.0,0.0,1.0,6
ood_primary,n_train,154,F,FixedRidgeLambda1,1.3333333333333333,1.0,0.6666666666666666,1.0,3
ood_primary,n_train,154,G,FixedRidgeLambda1,4.333333333333333,4.5,0.0,0.3333333333333333,6
ood_primary,n_train,154,H,FixedRidgeLambda1,2.0,2.0,0.0,1.0,6
ood_primary,n_train,155,E,FixedRidgeLambda1,1.6666666666666667,2.0,0.3333333333333333,1.0,3
ood_primary,n_train,155,F,FixedRidgeLambda1,1.5,1.5,0.5,1.0,6
ood_primary,n_train,155,G,FixedRidgeLambda1,3.5,3.0,0.0,0.5833333333333334,12
ood_primary,n_train,155,H,FixedRidgeLambda1,2.0,2.0,0.3333333333333333,1.0,6
ood_primary,n_train,156,E,FixedRidgeLambda1,1.1666666666666667,1.0,0.8333333333333334,1.0,6
ood_primary,n_train,156,F,FixedRidgeLambda1,2.3333333333333335,2.5,0.3333333333333333,0.8333333333333334,6
ood_primary,n_train,156,H,FixedRidgeLambda1,2.0,2.0,0.0,1.0,3
ood_primary,n_train,157,E,FixedRidgeLambda1,1.6666666666666667,2.0,0.3333333333333333,1.0,6
ood_primary,n_train,157,F,FixedRidgeLambda1,1.8333333333333333,2.0,0.3333333333333333,1.0,6
ood_primary,n_train,157,G,FixedRidgeLambda1,2.6666666666666665,2.5,0.16666666666666666,0.8333333333333334,6
ood_primary,n_train,157,H,FixedRidgeLambda1,1.5,1.5,0.5,1.0,6
ood_primary,n_train,158,E,FixedRidgeLambda1,1.6666666666666667,2.0,0.4166666666666667,1.0,12
ood_primary,n_train,158,F,FixedRidgeLambda1,1.25,1.0,0.8333333333333334,1.0,12
ood_primary,n_train,158,G,FixedRidgeLambda1,3.6666666666666665,4.0,0.1111111111111111,0.4444444444444444,9
ood_primary,n_train,158,H,FixedRidgeLambda1,1.8333333333333333,2.0,0.16666666666666666,1.0,6
ood_primary,n_train,159,E,FixedRidgeLambda1,1.6666666666666667,2.0,0.3333333333333333,1.0,3
ood_primary,n_train,159,F,FixedRidgeLambda1,1.6666666666666667,1.5,0.5,1.0,6
ood_primary,n_train,159,G,FixedRidgeLambda1,3.0,2.5,0.16666666666666666,0.6666666666666666,6
ood_primary,n_train,160,E,FixedRidgeLambda1,2.3333333333333335,2.0,0.0,1.0,3
ood_primary,n_train,160,G,FixedRidgeLambda1,4.333333333333333,4.0,0.0,0.0,3
ood_primary,n_train,161,G,FixedRidgeLambda1,5.333333333333333,5.0,0.0,0.0,3
ood_primary,n_train,161,H,FixedRidgeLambda1,1.25,1.0,0.75,1.0,12
ood_primary,n_train,162,E,FixedRidgeLambda1,1.0,1.0,1.0,1.0,3
ood_primary,n_train,162,F,FixedRidgeLambda1,1.3333333333333333,1.0,0.6666666666666666,1.0,9
ood_primary,n_train,162,G,FixedRidgeLambda1,3.2666666666666666,3.0,0.06666666666666667,0.8,15
ood_primary,n_train,162,H,FixedRidgeLambda1,1.6666666666666667,2.0,0.4444444444444444,1.0,9
ood_primary,n_train,163,E,FixedRidgeLambda1,1.6666666666666667,1.0,0.5555555555555556,1.0,9
ood_primary,n_train,163,F,FixedRidgeLambda1,1.8888888888888888,2.0,0.2222222222222222,1.0,9
ood_primary,n_train,163,G,FixedRidgeLambda1,2.6666666666666665,2.0,0.3333333333333333,0.7777777777777778,9
ood_primary,n_train,163,H,FixedRidgeLambda1,2.0,2.0,0.0,1.0,6
ood_primary,n_train,164,E,FixedRidgeLambda1,1.7777777777777777,2.0,0.3333333333333333,1.0,9
ood_primary,n_train,164,F,FixedRidgeLambda1,1.0,1.0,1.0,1.0,3
ood_primary,n_train,164,H,FixedRidgeLambda1,1.3333333333333333,1.0,0.6666666666666666,1.0,6
ood_primary,n_train,165,G,FixedRidgeLambda1,3.6666666666666665,3.0,0.0,0.6666666666666666,6
ood_primary,n_train,165,H,FixedRidgeLambda1,2.0,2.0,0.0,1.0,3
ood_primary,n_train,166,E,FixedRidgeLambda1,1.6,2.0,0.4,1.0,15
ood_primary,n_train,166,F,FixedRidgeLambda1,1.5,1.5,0.5,1.0,6
ood_primary,n_train,166,G,FixedRidgeLambda1,2.0,2.0,0.0,1.0,3
ood_primary,n_train,166,H,FixedRidgeLambda1,1.7777777777777777,2.0,0.3333333333333333,1.0,9
ood_primary,n_train,167,E,FixedRidgeLambda1,2.0,2.0,0.3333333333333333,1.0,3
ood_primary,n_train,167,G,FixedRidgeLambda1,5.333333333333333,5.0,0.0,0.0,3
ood_primary,n_train,167,H,FixedRidgeLambda1,1.0,1.0,1.0,1.0,3
ood_primary,n_train,168,F,FixedRidgeLambda1,1.0,1.0,1.0,1.0,3
ood_primary,n_train,168,G,FixedRidgeLambda1,1.6666666666666667,1.0,0.6666666666666666,1.0,3
ood_primary,n_train,169,E,FixedRidgeLambda1,1.6666666666666667,2.0,0.3333333333333333,1.0,3
ood_primary,n_train,169,F,FixedRidgeLambda1,1.0,1.0,1.0,1.0,3
ood_primary,n_train,169,G,FixedRidgeLambda1,2.6666666666666665,3.0,0.0,1.0,3
ood_primary,n_train,169,H,FixedRidgeLambda1,1.4444444444444444,1.0,0.5555555555555556,1.0,9
ood_primary,n_train,170,E,FixedRidgeLambda1,2.6666666666666665,3.0,0.0,1.0,3
ood_primary,n_train,170,G,FixedRidgeLambda1,2.1666666666666665,2.0,0.3333333333333333,0.8333333333333334,6
ood_primary,n_train,170,H,FixedRidgeLambda1,1.6666666666666667,2.0,0.3333333333333333,1.0,3
ood_primary,n_train,171,F,FixedRidgeLambda1,1.8888888888888888,2.0,0.3333333333333333,1.0,9
ood_primary,n_train,172,F,FixedRidgeLambda1,2.0,2.0,0.0,1.0,3
ood_primary,n_train,172,H,FixedRidgeLambda1,1.8333333333333333,2.0,0.3333333333333333,1.0,6
ood_primary,n_train,174,E,FixedRidgeLambda1,1.6666666666666667,2.0,0.3333333333333333,1.0,3
ood_primary,n_train,174,F,FixedRidgeLambda1,1.5,1.5,0.5,1.0,6
ood_primary,n_train,174,G,FixedRidgeLambda1,2.0,2.0,0.0,1.0,3
ood_primary,n_train,174,H,FixedRidgeLambda1,1.3333333333333333,1.0,0.6666666666666666,1.0,3
ood_primary,n_train,175,G,FixedRidgeLambda1,3.3333333333333335,3.0,0.0,0.6666666666666666,3
ood_primary,n_train,176,H,FixedRidgeLambda1,2.6666666666666665,3.0,0.0,1.0,3
ood_primary,n_train,177,F,FixedRidgeLambda1,1.6666666666666667,1.0,0.6666666666666666,1.0,3
ood_primary,n_train,178,E,FixedRidgeLambda1,1.3333333333333333,1.0,0.6666666666666666,1.0,3
ood_primary,n_train,178,F,FixedRidgeLambda1,1.5,1.5,0.5,1.0,6
ood_primary,n_train,179,G,FixedRidgeLambda1,4.333333333333333,4.0,0.0,0.3333333333333333,3
ood_primary,n_train,179,H,FixedRidgeLambda1,2.1666666666666665,2.0,0.16666666666666666,1.0,6
ood_primary,n_train,180,E,FixedRidgeLambda1,1.3333333333333333,1.0,0.6666666666666666,1.0,3
ood_primary,n_train,181,E,FixedRidgeLambda1,1.3333333333333333,1.0,0.6666666666666666,1.0,3
ood_primary,n_train,182,F,FixedRidgeLambda1,1.6666666666666667,2.0,0.3333333333333333,1.0,3
ood_primary,n_train,182,G,FixedRidgeLambda1,4.0,4.0,0.0,0.3333333333333333,3
ood_primary,n_train,182,H,FixedRidgeLambda1,1.3333333333333333,1.0,0.6666666666666666,1.0,3
ood_primary,n_train,185,G,FixedRidgeLambda1,2.6666666666666665,3.0,0.0,1.0,3
ood_primary,n_train,186,E,FixedRidgeLambda1,1.0,1.0,1.0,1.0,3
ood_primary,n_train,189,G,FixedRidgeLambda1,1.6666666666666667,2.0,0.3333333333333333,1.0,3
ood_primary,noise_features,0,E,KNN,8.506666666666666,9.0,0.0,0.0,150
ood_primary,noise_features,0,F,KNN,7.38,7.0,0.0,0.02,150
ood_primary,noise_features,0,G,KNN,6.666666666666667,7.0,0.0,0.12,150
ood_primary,noise_features,0,H,KNN,8.906666666666666,9.0,0.0,0.0,150
ood_primary,n_train,131,G,KNN,5.5,5.0,0.0,0.16666666666666666,6
ood_primary,n_train,134,E,KNN,6.0,6.0,0.0,0.0,3
ood_primary,n_train,134,F,KNN,6.0,6.0,0.0,0.0,3
ood_primary,n_train,137,F,KNN,10.0,10.0,0.0,0.0,3
ood_primary,n_train,137,H,KNN,8.333333333333334,8.0,0.0,0.0,3
ood_primary,n_train,138,E,KNN,8.333333333333334,9.0,0.0,0.0,6
ood_primary,n_train,139,H,KNN,6.666666666666667,7.0,0.0,0.0,3
ood_primary,n_train,140,G,KNN,8.0,8.0,0.0,0.0,3
ood_primary,n_train,142,F,KNN,7.0,7.0,0.0,0.0,3
ood_primary,n_train,142,G,KNN,8.333333333333334,8.0,0.0,0.0,3
ood_primary,n_train,142,H,KNN,8.166666666666666,8.5,0.0,0.0,6
ood_primary,n_train,143,E,KNN,8.0,8.0,0.0,0.0,3
ood_primary,n_train,143,G,KNN,7.666666666666667,7.0,0.0,0.0,3
ood_primary,n_train,144,G,KNN,6.0,5.0,0.0,0.0,3
ood_primary,n_train,145,F,KNN,9.0,9.0,0.0,0.0,3
ood_primary,n_train,145,G,KNN,9.0,9.0,0.0,0.0,3
ood_primary,n_train,145,H,KNN,9.333333333333334,9.0,0.0,0.0,3
ood_primary,n_train,146,E,KNN,9.5,10.0,0.0,0.0,6
ood_primary,n_train,146,F,KNN,7.333333333333333,7.0,0.0,0.0,3
ood_primary,n_train,146,H,KNN,9.0,9.0,0.0,0.0,3
ood_primary,n_train,147,E,KNN,8.166666666666666,8.0,0.0,0.0,6
ood_primary,n_train,147,F,KNN,8.333333333333334,9.0,0.0,0.0,3
ood_primary,n_train,147,G,KNN,8.333333333333334,8.0,0.0,0.0,3
ood_primary,n_train,148,E,KNN,7.333333333333333,8.0,0.0,0.0,3
ood_primary,n_train,148,G,KNN,6.666666666666667,7.0,0.0,0.0,3
ood_primary,n_train,148,H,KNN,9.5,10.0,0.0,0.0,6
ood_primary,n_train,149,E,KNN,9.0,9.0,0.0,0.0,3
ood_primary,n_train,149,F,KNN,7.0,7.0,0.0,0.0,3
ood_primary,n_train,149,G,KNN,5.666666666666667,6.0,0.0,0.0,3
ood_primary,n_train,150,E,KNN,7.833333333333333,7.5,0.0,0.0,12
ood_primary,n_train,150,F,KNN,7.333333333333333,7.0,0.0,0.0,15
ood_primary,n_train,151,F,KNN,5.777777777777778,6.0,0.0,0.2222222222222222,9
ood_primary,n_train,151,H,KNN,8.5,8.5,0.0,0.0,6
ood_primary,n_train,152,G,KNN,8.666666666666666,9.0,0.0,0.0,3
ood_primary,n_train,152,H,KNN,9.166666666666666,9.5,0.0,0.0,6
ood_primary,n_train,153,E,KNN,8.444444444444445,9.0,0.0,0.0,9
ood_primary,n_train,153,F,KNN,6.0,7.0,0.0,0.0,3
ood_primary,n_train,153,G,KNN,6.166666666666667,6.5,0.0,0.16666666666666666,6
ood_primary,n_train,153,H,KNN,9.333333333333334,10.0,0.0,0.0,6
ood_primary,n_train,154,E,KNN,8.166666666666666,8.0,0.0,0.0,6
ood_primary,n_train,154,F,KNN,6.666666666666667,7.0,0.0,0.0,3
ood_primary,n_train,154,G,KNN,4.0,3.5,0.0,0.5,6
ood_primary,n_train,154,H,KNN,9.166666666666666,9.5,0.0,0.0,6
ood_primary,n_train,155,E,KNN,9.0,9.0,0.0,0.0,3
ood_primary,n_train,155,F,KNN,8.333333333333334,9.5,0.0,0.0,6
ood_primary,n_train,155,G,KNN,5.5,7.0,0.0,0.25,12
ood_primary,n_train,155,H,KNN,10.0,10.0,0.0,0.0,6
ood_primary,n_train,156,E,KNN,9.166666666666666,9.5,0.0,0.0,6
ood_primary,n_train,156,F,KNN,6.333333333333333,6.5,0.0,0.0,6
ood_primary,n_train,156,H,KNN,9.333333333333334,9.0,0.0,0.0,3
ood_primary,n_train,157,E,KNN,8.5,8.5,0.0,0.0,6
ood_primary,n_train,157,F,KNN,9.666666666666666,10.0,0.0,0.0,6
ood_primary,n_train,157,G,KNN,6.5,7.0,0.0,0.16666666666666666,6
ood_primary,n_train,157,H,KNN,9.0,9.0,0.0,0.0,6
ood_primary,n_train,158,E,KNN,8.75,9.0,0.0,0.0,12
ood_primary,n_train,158,F,KNN,8.0,8.5,0.0,0.0,12
ood_primary,n_train,158,G,KNN,8.0,8.0,0.0,0.0,9
ood_primary,n_train,158,H,KNN,9.166666666666666,9.0,0.0,0.0,6
ood_primary,n_train,159,E,KNN,6.666666666666667,6.0,0.0,0.0,3
ood_primary,n_train,159,F,KNN,8.333333333333334,8.5,0.0,0.0,6
ood_primary,n_train,159,G,KNN,8.333333333333334,8.5,0.0,0.0,6
ood_primary,n_train,160,E,KNN,8.666666666666666,9.0,0.0,0.0,3
ood_primary,n_train,160,G,KNN,5.666666666666667,7.0,0.0,0.3333333333333333,3
ood_primary,n_train,161,G,KNN,6.0,6.0,0.0,0.0,3
ood_primary,n_train,161,H,KNN,9.083333333333334,9.5,0.0,0.0,12
ood_primary,n_train,162,E,KNN,9.333333333333334,10.0,0.0,0.0,3
ood_primary,n_train,162,F,KNN,6.222222222222222,6.0,0.0,0.0,9
ood_primary,n_train,162,G,KNN,6.4,7.0,0.0,0.13333333333333333,15
ood_primary,n_train,162,H,KNN,8.666666666666666,9.0,0.0,0.0,9
ood_primary,n_train,163,E,KNN,8.666666666666666,9.0,0.0,0.0,9
ood_primary,n_train,163,F,KNN,7.444444444444445,7.0,0.0,0.0,9
ood_primary,n_train,163,G,KNN,5.555555555555555,7.0,0.0,0.3333333333333333,9
ood_primary,n_train,163,H,KNN,9.0,9.0,0.0,0.0,6
ood_primary,n_train,164,E,KNN,8.777777777777779,9.0,0.0,0.0,9
ood_primary,n_train,164,F,KNN,10.0,10.0,0.0,0.0,3
ood_primary,n_train,164,H,KNN,9.666666666666666,10.0,0.0,0.0,6
ood_primary,n_train,165,G,KNN,7.0,7.5,0.0,0.0,6
ood_primary,n_train,165,H,KNN,8.0,8.0,0.0,0.0,3
ood_primary,n_train,166,E,KNN,8.0,8.0,0.0,0.0,15
ood_primary,n_train,166,F,KNN,6.166666666666667,6.0,0.0,0.0,6
ood_primary,n_train,166,G,KNN,7.333333333333333,8.0,0.0,0.0,3
ood_primary,n_train,166,H,KNN,9.222222222222221,9.0,0.0,0.0,9
ood_primary,n_train,167,E,KNN,9.666666666666666,10.0,0.0,0.0,3
ood_primary,n_train,167,G,KNN,7.666666666666667,9.0,0.0,0.0,3
ood_primary,n_train,167,H,KNN,10.0,10.0,0.0,0.0,3
ood_primary,n_train,168,F,KNN,7.0,7.0,0.0,0.0,3
ood_primary,n_train,168,G,KNN,6.333333333333333,7.0,0.0,0.0,3
ood_primary,n_train,169,E,KNN,10.0,10.0,0.0,0.0,3
ood_primary,n_train,169,F,KNN,7.333333333333333,7.0,0.0,0.0,3
ood_primary,n_train,169,G,KNN,6.333333333333333,5.0,0.0,0.0,3
ood_primary,n_train,169,H,KNN,8.222222222222221,9.0,0.0,0.0,9
ood_primary,n_train,170,E,KNN,10.0,10.0,0.0,0.0,3
ood_primary,n_train,170,G,KNN,7.166666666666667,7.5,0.0,0.0,6
ood_primary,n_train,170,H,KNN,9.0,9.0,0.0,0.0,3
ood_primary,n_train,171,F,KNN,7.222222222222222,7.0,0.0,0.0,9
ood_primary,n_train,172,F,KNN,10.0,10.0,0.0,0.0,3
ood_primary,n_train,172,H,KNN,9.0,9.0,0.0,0.0,6
ood_primary,n_train,174,E,KNN,9.666666666666666,10.0,0.0,0.0,3
ood_primary,n_train,174,F,KNN,6.833333333333333,7.0,0.0,0.0,6
ood_primary,n_train,174,G,KNN,9.0,9.0,0.0,0.0,3
ood_primary,n_train,174,H,KNN,9.333333333333334,9.0,0.0,0.0,3
ood_primary,n_train,175,G,KNN,6.0,8.0,0.0,0.3333333333333333,3
ood_primary,n_train,176,H,KNN,6.0,6.0,0.0,0.0,3
ood_primary,n_train,177,F,KNN,5.333333333333333,7.0,0.0,0.3333333333333333,3
ood_primary,n_train,178,E,KNN,6.666666666666667,6.0,0.0,0.0,3
ood_primary,n_train,178,F,KNN,6.833333333333333,7.0,0.0,0.0,6
ood_primary,n_train,179,G,KNN,6.333333333333333,8.0,0.0,0.3333333333333333,3
ood_primary,n_train,179,H,KNN,9.666666666666666,10.0,0.0,0.0,6
ood_primary,n_train,180,E,KNN,9.0,9.0,0.0,0.0,3
ood_primary,n_train,181,E,KNN,10.0,10.0,0.0,0.0,3
ood_primary,n_train,182,F,KNN,8.333333333333334,8.0,0.0,0.0,3
ood_primary,n_train,182,G,KNN,6.666666666666667,8.0,0.0,0.3333333333333333,3
ood_primary,n_train,182,H,KNN,7.0,7.0,0.0,0.0,3
ood_primary,n_train,185,G,KNN,7.333333333333333,7.0,0.0,0.0,3
ood_primary,n_train,186,E,KNN,8.666666666666666,9.0,0.0,0.0,3
ood_primary,n_train,189,G,KNN,6.333333333333333,6.0,0.0,0.0,3
ood_primary,noise_features,0,E,LightGBM,7.46,7.0,0.0,0.0,150
ood_primary,noise_features,0,F,LightGBM,8.073333333333334,8.0,0.0,0.0,150
ood_primary,noise_features,0,G,LightGBM,7.7,8.0,0.0,0.013333333333333334,150
ood_primary,noise_features,0,H,LightGBM,6.3133333333333335,6.0,0.0,0.0,150
ood_primary,n_train,131,G,LightGBM,7.833333333333333,8.0,0.0,0.0,6
ood_primary,n_train,134,E,LightGBM,9.333333333333334,9.0,0.0,0.0,3
ood_primary,n_train,134,F,LightGBM,8.333333333333334,9.0,0.0,0.0,3
ood_primary,n_train,137,F,LightGBM,6.666666666666667,7.0,0.0,0.0,3
ood_primary,n_train,137,H,LightGBM,7.333333333333333,7.0,0.0,0.0,3
ood_primary,n_train,138,E,LightGBM,8.5,8.5,0.0,0.0,6
ood_primary,n_train,139,H,LightGBM,6.666666666666667,6.0,0.0,0.0,3
ood_primary,n_train,140,G,LightGBM,7.0,7.0,0.0,0.0,3
ood_primary,n_train,142,F,LightGBM,8.333333333333334,8.0,0.0,0.0,3
ood_primary,n_train,142,G,LightGBM,7.333333333333333,7.0,0.0,0.0,3
ood_primary,n_train,142,H,LightGBM,5.666666666666667,5.5,0.0,0.0,6
ood_primary,n_train,143,E,LightGBM,7.333333333333333,7.0,0.0,0.0,3
ood_primary,n_train,143,G,LightGBM,7.666666666666667,8.0,0.0,0.0,3
ood_primary,n_train,144,G,LightGBM,8.666666666666666,9.0,0.0,0.0,3
ood_primary,n_train,145,F,LightGBM,7.666666666666667,8.0,0.0,0.0,3
ood_primary,n_train,145,G,LightGBM,7.666666666666667,8.0,0.0,0.0,3
ood_primary,n_train,145,H,LightGBM,7.333333333333333,8.0,0.0,0.0,3
ood_primary,n_train,146,E,LightGBM,8.666666666666666,9.0,0.0,0.0,6
ood_primary,n_train,146,F,LightGBM,8.333333333333334,8.0,0.0,0.0,3
ood_primary,n_train,146,H,LightGBM,6.333333333333333,6.0,0.0,0.0,3
ood_primary,n_train,147,E,LightGBM,8.333333333333334,8.5,0.0,0.0,6
ood_primary,n_train,147,F,LightGBM,7.333333333333333,8.0,0.0,0.0,3
ood_primary,n_train,147,G,LightGBM,6.0,5.0,0.0,0.0,3
ood_primary,n_train,148,E,LightGBM,9.333333333333334,10.0,0.0,0.0,3
ood_primary,n_train,148,G,LightGBM,8.666666666666666,9.0,0.0,0.0,3
ood_primary,n_train,148,H,LightGBM,6.666666666666667,6.5,0.0,0.0,6
ood_primary,n_train,149,E,LightGBM,6.333333333333333,6.0,0.0,0.0,3
ood_primary,n_train,149,F,LightGBM,8.333333333333334,8.0,0.0,0.0,3
ood_primary,n_train,149,G,LightGBM,7.666666666666667,7.0,0.0,0.0,3
ood_primary,n_train,150,E,LightGBM,7.5,8.0,0.0,0.0,12
ood_primary,n_train,150,F,LightGBM,8.2,9.0,0.0,0.0,15
ood_primary,n_train,151,F,LightGBM,8.666666666666666,9.0,0.0,0.0,9
ood_primary,n_train,151,H,LightGBM,5.833333333333333,5.5,0.0,0.0,6
ood_primary,n_train,152,G,LightGBM,7.0,8.0,0.0,0.0,3
ood_primary,n_train,152,H,LightGBM,5.666666666666667,6.0,0.0,0.0,6
ood_primary,n_train,153,E,LightGBM,6.666666666666667,7.0,0.0,0.0,9
ood_primary,n_train,153,F,LightGBM,8.666666666666666,9.0,0.0,0.0,3
ood_primary,n_train,153,G,LightGBM,7.666666666666667,8.0,0.0,0.0,6
ood_primary,n_train,153,H,LightGBM,5.0,5.0,0.0,0.0,6
ood_primary,n_train,154,E,LightGBM,7.0,6.5,0.0,0.0,6
ood_primary,n_train,154,F,LightGBM,9.0,9.0,0.0,0.0,3
ood_primary,n_train,154,G,LightGBM,7.333333333333333,8.0,0.0,0.16666666666666666,6
ood_primary,n_train,154,H,LightGBM,5.333333333333333,5.0,0.0,0.0,6
ood_primary,n_train,155,E,LightGBM,7.333333333333333,7.0,0.0,0.0,3
ood_primary,n_train,155,F,LightGBM,7.833333333333333,8.0,0.0,0.0,6
ood_primary,n_train,155,G,LightGBM,7.75,8.0,0.0,0.0,12
ood_primary,n_train,155,H,LightGBM,6.5,7.0,0.0,0.0,6
ood_primary,n_train,156,E,LightGBM,6.666666666666667,6.0,0.0,0.0,6
ood_primary,n_train,156,F,LightGBM,9.166666666666666,9.0,0.0,0.0,6
ood_primary,n_train,156,H,LightGBM,7.333333333333333,7.0,0.0,0.0,3
ood_primary,n_train,157,E,LightGBM,6.166666666666667,6.0,0.0,0.0,6
ood_primary,n_train,157,F,LightGBM,6.833333333333333,6.0,0.0,0.0,6
ood_primary,n_train,157,G,LightGBM,7.333333333333333,7.5,0.0,0.0,6
ood_primary,n_train,157,H,LightGBM,5.833333333333333,5.0,0.0,0.0,6
ood_primary,n_train,158,E,LightGBM,7.833333333333333,7.5,0.0,0.0,12
ood_primary,n_train,158,F,LightGBM,7.583333333333333,8.0,0.0,0.0,12
ood_primary,n_train,158,G,LightGBM,7.666666666666667,8.0,0.0,0.0,9
ood_primary,n_train,158,H,LightGBM,7.5,7.0,0.0,0.0,6
ood_primary,n_train,159,E,LightGBM,8.666666666666666,9.0,0.0,0.0,3
ood_primary,n_train,159,F,LightGBM,7.166666666666667,7.5,0.0,0.0,6
ood_primary,n_train,159,G,LightGBM,7.666666666666667,8.0,0.0,0.0,6
ood_primary,n_train,160,E,LightGBM,7.0,7.0,0.0,0.0,3
ood_primary,n_train,160,G,LightGBM,6.666666666666667,8.0,0.0,0.0,3
ood_primary,n_train,161,G,LightGBM,8.0,8.0,0.0,0.0,3
ood_primary,n_train,161,H,LightGBM,5.916666666666667,6.0,0.0,0.0,12
ood_primary,n_train,162,E,LightGBM,7.0,7.0,0.0,0.0,3
ood_primary,n_train,162,F,LightGBM,8.666666666666666,9.0,0.0,0.0,9
ood_primary,n_train,162,G,LightGBM,8.066666666666666,8.0,0.0,0.0,15
ood_primary,n_train,162,H,LightGBM,6.111111111111111,6.0,0.0,0.0,9
ood_primary,n_train,163,E,LightGBM,6.888888888888889,8.0,0.0,0.0,9
ood_primary,n_train,163,F,LightGBM,8.0,8.0,0.0,0.0,9
ood_primary,n_train,163,G,LightGBM,7.555555555555555,8.0,0.0,0.1111111111111111,9
ood_primary,n_train,163,H,LightGBM,5.833333333333333,6.0,0.0,0.0,6
ood_primary,n_train,164,E,LightGBM,7.777777777777778,8.0,0.0,0.0,9
ood_primary,n_train,164,F,LightGBM,5.666666666666667,5.0,0.0,0.0,3
ood_primary,n_train,164,H,LightGBM,6.333333333333333,6.0,0.0,0.0,6
ood_primary,n_train,165,G,LightGBM,8.666666666666666,9.0,0.0,0.0,6
ood_primary,n_train,165,H,LightGBM,7.666666666666667,9.0,0.0,0.0,3
ood_primary,n_train,166,E,LightGBM,7.8,7.0,0.0,0.0,15
ood_primary,n_train,166,F,LightGBM,8.833333333333334,9.0,0.0,0.0,6
ood_primary,n_train,166,G,LightGBM,7.333333333333333,7.0,0.0,0.0,3
ood_primary,n_train,166,H,LightGBM,6.666666666666667,7.0,0.0,0.0,9
ood_primary,n_train,167,E,LightGBM,6.333333333333333,6.0,0.0,0.0,3
ood_primary,n_train,167,G,LightGBM,8.0,8.0,0.0,0.0,3
ood_primary,n_train,167,H,LightGBM,5.666666666666667,5.0,0.0,0.0,3
ood_primary,n_train,168,F,LightGBM,8.666666666666666,9.0,0.0,0.0,3
ood_primary,n_train,168,G,LightGBM,7.666666666666667,8.0,0.0,0.0,3
ood_primary,n_train,169,E,LightGBM,7.0,6.0,0.0,0.0,3
ood_primary,n_train,169,F,LightGBM,8.666666666666666,9.0,0.0,0.0,3
ood_primary,n_train,169,G,LightGBM,7.333333333333333,8.0,0.0,0.0,3
ood_primary,n_train,169,H,LightGBM,6.666666666666667,6.0,0.0,0.0,9
ood_primary,n_train,170,E,LightGBM,6.0,6.0,0.0,0.0,3
ood_primary,n_train,170,G,LightGBM,8.333333333333334,9.0,0.0,0.0,6
ood_primary,n_train,170,H,LightGBM,5.666666666666667,5.0,0.0,0.0,3
ood_primary,n_train,171,F,LightGBM,8.11111111111111,8.0,0.0,0.0,9
ood_primary,n_train,172,F,LightGBM,6.666666666666667,6.0,0.0,0.0,3
ood_primary,n_train,172,H,LightGBM,5.833333333333333,6.0,0.0,0.0,6
ood_primary,n_train,174,E,LightGBM,6.0,6.0,0.0,0.0,3
ood_primary,n_train,174,F,LightGBM,7.833333333333333,8.0,0.0,0.0,6
ood_primary,n_train,174,G,LightGBM,8.0,8.0,0.0,0.0,3
ood_primary,n_train,174,H,LightGBM,8.0,8.0,0.0,0.0,3
ood_primary,n_train,175,G,LightGBM,7.333333333333333,7.0,0.0,0.0,3
ood_primary,n_train,176,H,LightGBM,8.0,8.0,0.0,0.0,3
ood_primary,n_train,177,F,LightGBM,8.666666666666666,9.0,0.0,0.0,3
ood_primary,n_train,178,E,LightGBM,9.666666666666666,10.0,0.0,0.0,3
ood_primary,n_train,178,F,LightGBM,8.833333333333334,9.0,0.0,0.0,6
ood_primary,n_train,179,G,LightGBM,7.666666666666667,8.0,0.0,0.0,3
ood_primary,n_train,179,H,LightGBM,6.0,5.5,0.0,0.0,6
ood_primary,n_train,180,E,LightGBM,7.666666666666667,7.0,0.0,0.0,3
ood_primary,n_train,181,E,LightGBM,7.0,7.0,0.0,0.0,3
ood_primary,n_train,182,F,LightGBM,8.0,8.0,0.0,0.0,3
ood_primary,n_train,182,G,LightGBM,7.0,7.0,0.0,0.0,3
ood_primary,n_train,182,H,LightGBM,7.666666666666667,8.0,0.0,0.0,3
ood_primary,n_train,185,G,LightGBM,8.666666666666666,9.0,0.0,0.0,3
ood_primary,n_train,186,E,LightGBM,6.0,6.0,0.0,0.0,3
ood_primary,n_train,189,G,LightGBM,7.0,7.0,0.0,0.0,3
ood_primary,noise_features,0,E,LinearRegression,1.6933333333333334,2.0,0.42,1.0,150
ood_primary,noise_features,0,F,LinearRegression,2.433333333333333,2.0,0.12,0.8866666666666667,150
ood_primary,noise_features,0,G,LinearRegression,4.213333333333333,4.0,0.02666666666666667,0.3933333333333333,150
ood_primary,noise_features,0,H,LinearRegression,1.68,2.0,0.46,1.0,150
ood_primary,n_train,131,G,LinearRegression,3.8333333333333335,3.0,0.0,0.6666666666666666,6
ood_primary,n_train,134,E,LinearRegression,2.0,2.0,0.3333333333333333,1.0,3
ood_primary,n_train,134,F,LinearRegression,2.6666666666666665,2.0,0.0,0.6666666666666666,3
ood_primary,n_train,137,F,LinearRegression,1.0,1.0,1.0,1.0,3
ood_primary,n_train,137,H,LinearRegression,1.6666666666666667,2.0,0.3333333333333333,1.0,3
ood_primary,n_train,138,E,LinearRegression,2.3333333333333335,2.0,0.0,1.0,6
ood_primary,n_train,139,H,LinearRegression,1.0,1.0,1.0,1.0,3
ood_primary,n_train,140,G,LinearRegression,3.3333333333333335,3.0,0.0,0.6666666666666666,3
ood_primary,n_train,142,F,LinearRegression,2.3333333333333335,2.0,0.0,1.0,3
ood_primary,n_train,142,G,LinearRegression,2.3333333333333335,2.0,0.3333333333333333,0.6666666666666666,3
ood_primary,n_train,142,H,LinearRegression,2.0,2.0,0.16666666666666666,1.0,6
ood_primary,n_train,143,E,LinearRegression,2.3333333333333335,2.0,0.0,1.0,3
ood_primary,n_train,143,G,LinearRegression,4.666666666666667,5.0,0.0,0.0,3
ood_primary,n_train,144,G,LinearRegression,6.333333333333333,7.0,0.0,0.0,3
ood_primary,n_train,145,F,LinearRegression,2.3333333333333335,2.0,0.0,1.0,3
ood_primary,n_train,145,G,LinearRegression,5.0,6.0,0.0,0.3333333333333333,3
ood_primary,n_train,145,H,LinearRegression,2.0,2.0,0.3333333333333333,1.0,3
ood_primary,n_train,146,E,LinearRegression,1.3333333333333333,1.0,0.6666666666666666,1.0,6
ood_primary,n_train,146,F,LinearRegression,2.6666666666666665,2.0,0.0,0.6666666666666666,3
ood_primary,n_train,146,H,LinearRegression,2.3333333333333335,2.0,0.0,1.0,3
ood_primary,n_train,147,E,LinearRegression,1.1666666666666667,1.0,0.8333333333333334,1.0,6
ood_primary,n_train,147,F,LinearRegression,3.3333333333333335,3.0,0.0,0.6666666666666666,3
ood_primary,n_train,147,G,LinearRegression,3.0,3.0,0.0,1.0,3
ood_primary,n_train,148,E,LinearRegression,2.3333333333333335,2.0,0.0,1.0,3
ood_primary,n_train,148,G,LinearRegression,6.333333333333333,7.0,0.0,0.0,3
ood_primary,n_train,148,H,LinearRegression,1.0,1.0,1.0,1.0,6
ood_primary,n_train,149,E,LinearRegression,1.0,1.0,1.0,1.0,3
ood_primary,n_train,149,F,LinearRegression,1.3333333333333333,1.0,0.6666666666666666,1.0,3
ood_primary,n_train,149,G,LinearRegression,3.0,3.0,0.0,1.0,3
ood_primary,n_train,150,E,LinearRegression,1.75,2.0,0.4166666666666667,1.0,12
ood_primary,n_train,150,F,LinearRegression,2.6666666666666665,2.0,0.06666666666666667,0.8,15
ood_primary,n_train,151,F,LinearRegression,4.555555555555555,6.0,0.0,0.4444444444444444,9
ood_primary,n_train,151,H,LinearRegression,1.8333333333333333,2.0,0.3333333333333333,1.0,6
ood_primary,n_train,152,G,LinearRegression,5.333333333333333,6.0,0.0,0.0,3
ood_primary,n_train,152,H,LinearRegression,1.5,1.5,0.5,1.0,6
ood_primary,n_train,153,E,LinearRegression,1.5555555555555556,1.0,0.5555555555555556,1.0,9
ood_primary,n_train,153,F,LinearRegression,2.0,2.0,0.0,1.0,3
ood_primary,n_train,153,G,LinearRegression,4.166666666666667,5.0,0.0,0.3333333333333333,6
ood_primary,n_train,153,H,LinearRegression,1.3333333333333333,1.0,0.6666666666666666,1.0,6
ood_primary,n_train,154,E,LinearRegression,1.0,1.0,1.0,1.0,6
ood_primary,n_train,154,F,LinearRegression,2.3333333333333335,2.0,0.0,1.0,3
ood_primary,n_train,154,G,LinearRegression,5.333333333333333,5.5,0.0,0.16666666666666666,6
ood_primary,n_train,154,H,LinearRegression,1.0,1.0,1.0,1.0,6
ood_primary,n_train,155,E,LinearRegression,1.3333333333333333,1.0,0.6666666666666666,1.0,3
ood_primary,n_train,155,F,LinearRegression,2.1666666666666665,2.0,0.16666666666666666,1.0,6
ood_primary,n_train,155,G,LinearRegression,4.5,4.0,0.0,0.25,12
ood_primary,n_train,155,H,LinearRegression,1.8333333333333333,2.0,0.3333333333333333,1.0,6
ood_primary,n_train,156,E,LinearRegression,1.8333333333333333,2.0,0.16666666666666666,1.0,6
ood_primary,n_train,156,F,LinearRegression,3.3333333333333335,3.5,0.0,0.5,6
ood_primary,n_train,156,H,LinearRegression,1.0,1.0,1.0,1.0,3
ood_primary,n_train,157,E,LinearRegression,1.3333333333333333,1.0,0.6666666666666666,1.0,6
ood_primary,n_train,157,F,LinearRegression,1.5,1.5,0.5,1.0,6
ood_primary,n_train,157,G,LinearRegression,3.1666666666666665,2.5,0.16666666666666666,0.6666666666666666,6
ood_primary,n_train,157,H,LinearRegression,2.1666666666666665,2.5,0.3333333333333333,1.0,6
ood_primary,n_train,158,E,LinearRegression,1.5,1.5,0.5,1.0,12
ood_primary,n_train,158,F,LinearRegression,2.0833333333333335,2.0,0.0,1.0,12
ood_primary,n_train,158,G,LinearRegression,4.666666666666667,5.0,0.0,0.1111111111111111,9
ood_primary,n_train,158,H,LinearRegression,2.0,2.0,0.5,1.0,6
ood_primary,n_train,159,E,LinearRegression,2.6666666666666665,3.0,0.0,1.0,3
ood_primary,n_train,159,F,LinearRegression,2.0,2.0,0.16666666666666666,1.0,6
ood_primary,n_train,159,G,LinearRegression,3.8333333333333335,4.0,0.16666666666666666,0.5,6
ood_primary,n_train,160,E,LinearRegression,1.3333333333333333,1.0,0.6666666666666666,1.0,3
ood_primary,n_train,160,G,LinearRegression,5.333333333333333,5.0,0.0,0.0,3
ood_primary,n_train,161,G,LinearRegression,6.333333333333333,6.0,0.0,0.0,3
ood_primary,n_train,161,H,LinearRegression,2.0,2.0,0.16666666666666666,1.0,12
ood_primary,n_train,162,E,LinearRegression,2.0,2.0,0.0,1.0,3
ood_primary,n_train,162,F,LinearRegression,2.3333333333333335,2.0,0.0,1.0,9
ood_primary,n_train,162,G,LinearRegression,4.266666666666667,4.0,0.0,0.4666666666666667,15
ood_primary,n_train,162,H,LinearRegression,1.5555555555555556,1.0,0.5555555555555556,1.0,9
ood_primary,n_train,163,E,LinearRegression,1.7777777777777777,2.0,0.2222222222222222,1.0,9
ood_primary,n_train,163,F,LinearRegression,1.7777777777777777,2.0,0.4444444444444444,1.0,9
ood_primary,n_train,163,G,LinearRegression,3.6666666666666665,3.0,0.0,0.5555555555555556,9
ood_primary,n_train,163,H,LinearRegression,1.3333333333333333,1.0,0.8333333333333334,1.0,6
ood_primary,n_train,164,E,LinearRegression,1.6666666666666667,2.0,0.4444444444444444,1.0,9
ood_primary,n_train,164,F,LinearRegression,2.0,2.0,0.0,1.0,3
ood_primary,n_train,164,H,LinearRegression,1.6666666666666667,2.0,0.3333333333333333,1.0,6
ood_primary,n_train,165,G,LinearRegression,4.666666666666667,4.0,0.0,0.16666666666666666,6
ood_primary,n_train,165,H,LinearRegression,1.0,1.0,1.0,1.0,3
ood_primary,n_train,166,E,LinearRegression,1.9333333333333333,2.0,0.3333333333333333,1.0,15
ood_primary,n_train,166,F,LinearRegression,2.5,2.5,0.0,1.0,6
ood_primary,n_train,166,G,LinearRegression,3.0,3.0,0.0,1.0,3
ood_primary,n_train,166,H,LinearRegression,1.4444444444444444,1.0,0.5555555555555556,1.0,9
ood_primary,n_train,167,E,LinearRegression,1.6666666666666667,2.0,0.3333333333333333,1.0,3
ood_primary,n_train,167,G,LinearRegression,6.333333333333333,6.0,0.0,0.0,3
ood_primary,n_train,167,H,LinearRegression,2.0,2.0,0.0,1.0,3
ood_primary,n_train,168,F,LinearRegression,2.0,2.0,0.0,1.0,3
ood_primary,n_train,168,G,LinearRegression,2.6666666666666665,2.0,0.0,0.6666666666666666,3
ood_primary,n_train,169,E,LinearRegression,1.3333333333333333,1.0,0.6666666666666666,1.0,3
ood_primary,n_train,169,F,LinearRegression,2.0,2.0,0.0,1.0,3
ood_primary,n_train,169,G,LinearRegression,3.6666666666666665,4.0,0.0,0.3333333333333333,3
ood_primary,n_train,169,H,LinearRegression,1.8888888888888888,2.0,0.3333333333333333,1.0,9
ood_primary,n_train,170,E,LinearRegression,1.3333333333333333,1.0,0.6666666666666666,1.0,3
ood_primary,n_train,170,G,LinearRegression,3.1666666666666665,3.0,0.0,0.6666666666666666,6
ood_primary,n_train,170,H,LinearRegression,2.0,2.0,0.3333333333333333,1.0,3
ood_primary,n_train,171,F,LinearRegression,2.6666666666666665,3.0,0.1111111111111111,0.7777777777777778,9
ood_primary,n_train,172,F,LinearRegression,1.6666666666666667,1.0,0.6666666666666666,1.0,3
ood_primary,n_train,172,H,LinearRegression,1.8333333333333333,2.0,0.3333333333333333,1.0,6
ood_primary,n_train,174,E,LinearRegression,1.3333333333333333,1.0,0.6666666666666666,1.0,3
ood_primary,n_train,174,F,LinearRegression,2.5,2.5,0.0,1.0,6
ood_primary,n_train,174,G,LinearRegression,2.3333333333333335,3.0,0.3333333333333333,1.0,3
ood_primary,n_train,174,H,LinearRegression,1.6666666666666667,2.0,0.3333333333333333,1.0,3
ood_primary,n_train,175,G,LinearRegression,4.333333333333333,4.0,0.0,0.0,3
ood_primary,n_train,176,H,LinearRegression,1.6666666666666667,2.0,0.3333333333333333,1.0,3
ood_primary,n_train,177,F,LinearRegression,2.6666666666666665,2.0,0.0,0.6666666666666666,3
ood_primary,n_train,178,E,LinearRegression,2.3333333333333335,2.0,0.0,1.0,3
ood_primary,n_train,178,F,LinearRegression,2.5,2.5,0.0,1.0,6
ood_primary,n_train,179,G,LinearRegression,5.333333333333333,5.0,0.0,0.0,3
ood_primary,n_train,179,H,LinearRegression,1.8333333333333333,2.0,0.3333333333333333,1.0,6
ood_primary,n_train,180,E,LinearRegression,2.3333333333333335,2.0,0.0,1.0,3
ood_primary,n_train,181,E,LinearRegression,1.6666666666666667,2.0,0.3333333333333333,1.0,3
ood_primary,n_train,182,F,LinearRegression,2.6666666666666665,3.0,0.0,1.0,3
ood_primary,n_train,182,G,LinearRegression,5.0,5.0,0.0,0.0,3
ood_primary,n_train,182,H,LinearRegression,2.3333333333333335,2.0,0.0,1.0,3
ood_primary,n_train,185,G,LinearRegression,3.6666666666666665,4.0,0.0,0.3333333333333333,3
ood_primary,n_train,186,E,LinearRegression,2.0,2.0,0.0,1.0,3
ood_primary,n_train,189,G,LinearRegression,2.6666666666666665,3.0,0.0,1.0,3
ood_primary,noise_features,0,E,MLP,4.72,4.0,0.0,0.0,150
ood_primary,noise_features,0,F,MLP,9.473333333333333,10.0,0.0,0.0,150
ood_primary,noise_features,0,G,MLP,9.52,10.0,0.0,0.0,150
ood_primary,noise_features,0,H,MLP,4.74,4.0,0.0,0.0,150
ood_primary,n_train,131,G,MLP,9.666666666666666,10.0,0.0,0.0,6
ood_primary,n_train,134,E,MLP,9.666666666666666,10.0,0.0,0.0,3
ood_primary,n_train,134,F,MLP,10.0,10.0,0.0,0.0,3
ood_primary,n_train,137,F,MLP,7.333333333333333,8.0,0.0,0.0,3
ood_primary,n_train,137,H,MLP,4.0,4.0,0.0,0.0,3
ood_primary,n_train,138,E,MLP,4.0,4.0,0.0,0.0,6
ood_primary,n_train,139,H,MLP,4.0,4.0,0.0,0.0,3
ood_primary,n_train,140,G,MLP,10.0,10.0,0.0,0.0,3
ood_primary,n_train,142,F,MLP,10.0,10.0,0.0,0.0,3
ood_primary,n_train,142,G,MLP,9.666666666666666,10.0,0.0,0.0,3
ood_primary,n_train,142,H,MLP,4.0,4.0,0.0,0.0,6
ood_primary,n_train,143,E,MLP,4.0,4.0,0.0,0.0,3
ood_primary,n_train,143,G,MLP,9.666666666666666,10.0,0.0,0.0,3
ood_primary,n_train,144,G,MLP,10.0,10.0,0.0,0.0,3
ood_primary,n_train,145,F,MLP,9.333333333333334,10.0,0.0,0.0,3
ood_primary,n_train,145,G,MLP,10.0,10.0,0.0,0.0,3
ood_primary,n_train,145,H,MLP,4.0,4.0,0.0,0.0,3
ood_primary,n_train,146,E,MLP,4.166666666666667,4.0,0.0,0.0,6
ood_primary,n_train,146,F,MLP,10.0,10.0,0.0,0.0,3
ood_primary,n_train,146,H,MLP,4.0,4.0,0.0,0.0,3
ood_primary,n_train,147,E,MLP,4.166666666666667,4.0,0.0,0.0,6
ood_primary,n_train,147,F,MLP,10.0,10.0,0.0,0.0,3
ood_primary,n_train,147,G,MLP,9.333333333333334,9.0,0.0,0.0,3
ood_primary,n_train,148,E,MLP,4.666666666666667,4.0,0.0,0.0,3
ood_primary,n_train,148,G,MLP,10.0,10.0,0.0,0.0,3
ood_primary,n_train,148,H,MLP,4.0,4.0,0.0,0.0,6
ood_primary,n_train,149,E,MLP,4.0,4.0,0.0,0.0,3
ood_primary,n_train,149,F,MLP,10.0,10.0,0.0,0.0,3
ood_primary,n_train,149,G,MLP,9.666666666666666,10.0,0.0,0.0,3
ood_primary,n_train,150,E,MLP,5.5,4.0,0.0,0.0,12
ood_primary,n_train,150,F,MLP,9.466666666666667,10.0,0.0,0.0,15
ood_primary,n_train,151,F,MLP,10.0,10.0,0.0,0.0,9
ood_primary,n_train,151,H,MLP,4.0,4.0,0.0,0.0,6
ood_primary,n_train,152,G,MLP,9.666666666666666,10.0,0.0,0.0,3
ood_primary,n_train,152,H,MLP,4.0,4.0,0.0,0.0,6
ood_primary,n_train,153,E,MLP,4.111111111111111,4.0,0.0,0.0,9
ood_primary,n_train,153,F,MLP,10.0,10.0,0.0,0.0,3
ood_primary,n_train,153,G,MLP,9.666666666666666,10.0,0.0,0.0,6
ood_primary,n_train,153,H,MLP,5.5,5.0,0.0,0.0,6
ood_primary,n_train,154,E,MLP,4.5,4.0,0.0,0.0,6
ood_primary,n_train,154,F,MLP,10.0,10.0,0.0,0.0,3
ood_primary,n_train,154,G,MLP,9.0,9.5,0.0,0.0,6
ood_primary,n_train,154,H,MLP,4.0,4.0,0.0,0.0,6
ood_primary,n_train,155,E,MLP,4.0,4.0,0.0,0.0,3
ood_primary,n_train,155,F,MLP,8.833333333333334,9.5,0.0,0.0,6
ood_primary,n_train,155,G,MLP,9.25,9.5,0.0,0.0,12
ood_primary,n_train,155,H,MLP,4.5,4.0,0.0,0.0,6
ood_primary,n_train,156,E,MLP,4.333333333333333,4.0,0.0,0.0,6
ood_primary,n_train,156,F,MLP,9.666666666666666,10.0,0.0,0.0,6
ood_primary,n_train,156,H,MLP,4.0,4.0,0.0,0.0,3
ood_primary,n_train,157,E,MLP,4.0,4.0,0.0,0.0,6
ood_primary,n_train,157,F,MLP,7.833333333333333,7.0,0.0,0.0,6
ood_primary,n_train,157,G,MLP,9.333333333333334,9.5,0.0,0.0,6
ood_primary,n_train,157,H,MLP,4.0,4.0,0.0,0.0,6
ood_primary,n_train,158,E,MLP,4.083333333333333,4.0,0.0,0.0,12
ood_primary,n_train,158,F,MLP,9.166666666666666,10.0,0.0,0.0,12
ood_primary,n_train,158,G,MLP,9.0,10.0,0.0,0.0,9
ood_primary,n_train,158,H,MLP,4.0,4.0,0.0,0.0,6
ood_primary,n_train,159,E,MLP,10.0,10.0,0.0,0.0,3
ood_primary,n_train,159,F,MLP,9.0,9.5,0.0,0.0,6
ood_primary,n_train,159,G,MLP,9.833333333333334,10.0,0.0,0.0,6
ood_primary,n_train,160,E,MLP,4.0,4.0,0.0,0.0,3
ood_primary,n_train,160,G,MLP,9.666666666666666,10.0,0.0,0.0,3
ood_primary,n_train,161,G,MLP,9.666666666666666,10.0,0.0,0.0,3
ood_primary,n_train,161,H,MLP,4.166666666666667,4.0,0.0,0.0,12
ood_primary,n_train,162,E,MLP,4.0,4.0,0.0,0.0,3
ood_primary,n_train,162,F,MLP,10.0,10.0,0.0,0.0,9
ood_primary,n_train,162,G,MLP,9.333333333333334,10.0,0.0,0.0,15
ood_primary,n_train,162,H,MLP,4.111111111111111,4.0,0.0,0.0,9
ood_primary,n_train,163,E,MLP,6.888888888888889,6.0,0.0,0.0,9
ood_primary,n_train,163,F,MLP,10.0,10.0,0.0,0.0,9
ood_primary,n_train,163,G,MLP,9.222222222222221,10.0,0.0,0.0,9
ood_primary,n_train,163,H,MLP,4.0,4.0,0.0,0.0,6
ood_primary,n_train,164,E,MLP,4.0,4.0,0.0,0.0,9
ood_primary,n_train,164,F,MLP,6.333333333333333,7.0,0.0,0.0,3
ood_primary,n_train,164,H,MLP,4.166666666666667,4.0,0.0,0.0,6
ood_primary,n_train,165,G,MLP,10.0,10.0,0.0,0.0,6
ood_primary,n_train,165,H,MLP,7.0,7.0,0.0,0.0,3
ood_primary,n_train,166,E,MLP,5.2,4.0,0.0,0.0,15
ood_primary,n_train,166,F,MLP,10.0,10.0,0.0,0.0,6
ood_primary,n_train,166,G,MLP,9.666666666666666,10.0,0.0,0.0,3
ood_primary,n_train,166,H,MLP,4.222222222222222,4.0,0.0,0.0,9
ood_primary,n_train,167,E,MLP,4.0,4.0,0.0,0.0,3
ood_primary,n_train,167,G,MLP,10.0,10.0,0.0,0.0,3
ood_primary,n_train,167,H,MLP,4.0,4.0,0.0,0.0,3
ood_primary,n_train,168,F,MLP,10.0,10.0,0.0,0.0,3
ood_primary,n_train,168,G,MLP,9.666666666666666,10.0,0.0,0.0,3
ood_primary,n_train,169,E,MLP,4.0,4.0,0.0,0.0,3
ood_primary,n_train,169,F,MLP,10.0,10.0,0.0,0.0,3
ood_primary,n_train,169,G,MLP,9.333333333333334,9.0,0.0,0.0,3
ood_primary,n_train,169,H,MLP,5.888888888888889,4.0,0.0,0.0,9
ood_primary,n_train,170,E,MLP,4.0,4.0,0.0,0.0,3
ood_primary,n_train,170,G,MLP,9.666666666666666,10.0,0.0,0.0,6
ood_primary,n_train,170,H,MLP,4.0,4.0,0.0,0.0,3
ood_primary,n_train,171,F,MLP,9.555555555555555,10.0,0.0,0.0,9
ood_primary,n_train,172,F,MLP,7.333333333333333,7.0,0.0,0.0,3
ood_primary,n_train,172,H,MLP,9.333333333333334,10.0,0.0,0.0,6
ood_primary,n_train,174,E,MLP,4.0,4.0,0.0,0.0,3
ood_primary,n_train,174,F,MLP,10.0,10.0,0.0,0.0,6
ood_primary,n_train,174,G,MLP,10.0,10.0,0.0,0.0,3
ood_primary,n_train,174,H,MLP,6.666666666666667,7.0,0.0,0.0,3
ood_primary,n_train,175,G,MLP,9.666666666666666,10.0,0.0,0.0,3
ood_primary,n_train,176,H,MLP,9.666666666666666,10.0,0.0,0.0,3
ood_primary,n_train,177,F,MLP,10.0,10.0,0.0,0.0,3
ood_primary,n_train,178,E,MLP,4.0,4.0,0.0,0.0,3
ood_primary,n_train,178,F,MLP,10.0,10.0,0.0,0.0,6
ood_primary,n_train,179,G,MLP,9.666666666666666,10.0,0.0,0.0,3
ood_primary,n_train,179,H,MLP,5.333333333333333,4.5,0.0,0.0,6
ood_primary,n_train,180,E,MLP,4.0,4.0,0.0,0.0,3
ood_primary,n_train,181,E,MLP,4.0,4.0,0.0,0.0,3
ood_primary,n_train,182,F,MLP,10.0,10.0,0.0,0.0,3
ood_primary,n_train,182,G,MLP,10.0,10.0,0.0,0.0,3
ood_primary,n_train,182,H,MLP,4.666666666666667,4.0,0.0,0.0,3
ood_primary,n_train,185,G,MLP,10.0,10.0,0.0,0.0,3
ood_primary,n_train,186,E,MLP,4.0,4.0,0.0,0.0,3
ood_primary,n_train,189,G,MLP,8.0,8.0,0.0,0.0,3
ood_primary,noise_features,0,E,MODEL3-ICL-MC,2.66,3.0,0.16,1.0,150
ood_primary,noise_features,0,F,MODEL3-ICL-MC,3.3466666666666667,3.0,0.19333333333333333,0.6466666666666666,150
ood_primary,noise_features,0,G,MODEL3-ICL-MC,5.013333333333334,5.0,0.05333333333333334,0.24,150
ood_primary,noise_features,0,H,MODEL3-ICL-MC,2.6266666666666665,3.0,0.15333333333333332,1.0,150
ood_primary,n_train,131,G,MODEL3-ICL-MC,5.5,5.0,0.0,0.0,6
ood_primary,n_train,134,E,MODEL3-ICL-MC,2.3333333333333335,3.0,0.3333333333333333,1.0,3
ood_primary,n_train,134,F,MODEL3-ICL-MC,7.333333333333333,7.0,0.0,0.0,3
ood_primary,n_train,137,F,MODEL3-ICL-MC,3.0,3.0,0.0,1.0,3
ood_primary,n_train,137,H,MODEL3-ICL-MC,2.3333333333333335,3.0,0.3333333333333333,1.0,3
ood_primary,n_train,138,E,MODEL3-ICL-MC,2.3333333333333335,3.0,0.3333333333333333,1.0,6
ood_primary,n_train,139,H,MODEL3-ICL-MC,3.0,3.0,0.0,1.0,3
ood_primary,n_train,140,G,MODEL3-ICL-MC,4.333333333333333,4.0,0.3333333333333333,0.3333333333333333,3
ood_primary,n_train,142,F,MODEL3-ICL-MC,4.0,4.0,0.0,0.3333333333333333,3
ood_primary,n_train,142,G,MODEL3-ICL-MC,5.0,5.0,0.0,0.0,3
ood_primary,n_train,142,H,MODEL3-ICL-MC,2.8333333333333335,3.0,0.0,1.0,6
ood_primary,n_train,143,E,MODEL3-ICL-MC,2.3333333333333335,3.0,0.3333333333333333,1.0,3
ood_primary,n_train,143,G,MODEL3-ICL-MC,5.666666666666667,6.0,0.0,0.0,3
ood_primary,n_train,144,G,MODEL3-ICL-MC,8.0,8.0,0.0,0.0,3
ood_primary,n_train,145,F,MODEL3-ICL-MC,2.6666666666666665,3.0,0.0,1.0,3
ood_primary,n_train,145,G,MODEL3-ICL-MC,6.666666666666667,7.0,0.0,0.0,3
ood_primary,n_train,145,H,MODEL3-ICL-MC,2.3333333333333335,3.0,0.3333333333333333,1.0,3
ood_primary,n_train,146,E,MODEL3-ICL-MC,3.0,3.0,0.0,1.0,6
ood_primary,n_train,146,F,MODEL3-ICL-MC,5.0,5.0,0.0,0.0,3
ood_primary,n_train,146,H,MODEL3-ICL-MC,2.3333333333333335,3.0,0.3333333333333333,1.0,3
ood_primary,n_train,147,E,MODEL3-ICL-MC,3.0,3.0,0.0,1.0,6
ood_primary,n_train,147,F,MODEL3-ICL-MC,2.0,1.0,0.6666666666666666,0.6666666666666666,3
ood_primary,n_train,147,G,MODEL3-ICL-MC,5.0,5.0,0.0,0.0,3
ood_primary,n_train,148,E,MODEL3-ICL-MC,2.6666666666666665,3.0,0.0,1.0,3
ood_primary,n_train,148,G,MODEL3-ICL-MC,7.0,8.0,0.0,0.0,3
ood_primary,n_train,148,H,MODEL3-ICL-MC,3.0,3.0,0.0,1.0,6
ood_primary,n_train,149,E,MODEL3-ICL-MC,3.0,3.0,0.0,1.0,3
ood_primary,n_train,149,F,MODEL3-ICL-MC,3.0,3.0,0.0,1.0,3
ood_primary,n_train,149,G,MODEL3-ICL-MC,3.3333333333333335,4.0,0.3333333333333333,0.3333333333333333,3
ood_primary,n_train,150,E,MODEL3-ICL-MC,2.5,3.0,0.25,1.0,12
ood_primary,n_train,150,F,MODEL3-ICL-MC,3.7333333333333334,3.0,0.13333333333333333,0.5333333333333333,15
ood_primary,n_train,151,F,MODEL3-ICL-MC,4.222222222222222,4.0,0.0,0.3333333333333333,9
ood_primary,n_train,151,H,MODEL3-ICL-MC,2.6666666666666665,3.0,0.16666666666666666,1.0,6
ood_primary,n_train,152,G,MODEL3-ICL-MC,6.666666666666667,7.0,0.0,0.0,3
ood_primary,n_train,152,H,MODEL3-ICL-MC,2.8333333333333335,3.0,0.0,1.0,6
ood_primary,n_train,153,E,MODEL3-ICL-MC,2.6666666666666665,3.0,0.1111111111111111,1.0,9
ood_primary,n_train,153,F,MODEL3-ICL-MC,4.333333333333333,4.0,0.0,0.0,3
ood_primary,n_train,153,G,MODEL3-ICL-MC,6.0,6.5,0.0,0.16666666666666666,6
ood_primary,n_train,153,H,MODEL3-ICL-MC,2.6666666666666665,3.0,0.16666666666666666,1.0,6
ood_primary,n_train,154,E,MODEL3-ICL-MC,3.0,3.0,0.0,1.0,6
ood_primary,n_train,154,F,MODEL3-ICL-MC,2.3333333333333335,3.0,0.3333333333333333,1.0,3
ood_primary,n_train,154,G,MODEL3-ICL-MC,4.666666666666667,4.0,0.16666666666666666,0.3333333333333333,6
ood_primary,n_train,154,H,MODEL3-ICL-MC,3.0,3.0,0.0,1.0,6
ood_primary,n_train,155,E,MODEL3-ICL-MC,3.0,3.0,0.0,1.0,3
ood_primary,n_train,155,F,MODEL3-ICL-MC,2.3333333333333335,3.0,0.3333333333333333,1.0,6
ood_primary,n_train,155,G,MODEL3-ICL-MC,5.75,5.5,0.08333333333333333,0.08333333333333333,12
ood_primary,n_train,155,H,MODEL3-ICL-MC,2.1666666666666665,2.5,0.3333333333333333,1.0,6
ood_primary,n_train,156,E,MODEL3-ICL-MC,3.0,3.0,0.0,1.0,6
ood_primary,n_train,156,F,MODEL3-ICL-MC,5.333333333333333,5.5,0.16666666666666666,0.5,6
ood_primary,n_train,156,H,MODEL3-ICL-MC,3.0,3.0,0.0,1.0,3
ood_primary,n_train,157,E,MODEL3-ICL-MC,3.0,3.0,0.0,1.0,6
ood_primary,n_train,157,F,MODEL3-ICL-MC,2.6666666666666665,3.0,0.16666666666666666,1.0,6
ood_primary,n_train,157,G,MODEL3-ICL-MC,3.5,3.0,0.16666666666666666,0.6666666666666666,6
ood_primary,n_train,157,H,MODEL3-ICL-MC,2.3333333333333335,2.5,0.16666666666666666,1.0,6
ood_primary,n_train,158,E,MODEL3-ICL-MC,2.8333333333333335,3.0,0.08333333333333333,1.0,12
ood_primary,n_train,158,F,MODEL3-ICL-MC,3.5,3.0,0.08333333333333333,0.5833333333333334,12
ood_primary,n_train,158,G,MODEL3-ICL-MC,5.111111111111111,5.0,0.0,0.4444444444444444,9
ood_primary,n_train,158,H,MODEL3-ICL-MC,2.1666666666666665,2.5,0.3333333333333333,1.0,6
ood_primary,n_train,159,E,MODEL3-ICL-MC,1.6666666666666667,1.0,0.6666666666666666,1.0,3
ood_primary,n_train,159,F,MODEL3-ICL-MC,2.3333333333333335,3.0,0.3333333333333333,1.0,6
ood_primary,n_train,159,G,MODEL3-ICL-MC,5.0,5.5,0.0,0.3333333333333333,6
ood_primary,n_train,160,E,MODEL3-ICL-MC,2.3333333333333335,3.0,0.3333333333333333,1.0,3
ood_primary,n_train,160,G,MODEL3-ICL-MC,7.333333333333333,7.0,0.0,0.0,3
ood_primary,n_train,161,G,MODEL3-ICL-MC,6.0,6.0,0.0,0.0,3
ood_primary,n_train,161,H,MODEL3-ICL-MC,2.75,3.0,0.08333333333333333,1.0,12
ood_primary,n_train,162,E,MODEL3-ICL-MC,3.0,3.0,0.0,1.0,3
ood_primary,n_train,162,F,MODEL3-ICL-MC,2.6666666666666665,3.0,0.3333333333333333,0.7777777777777778,9
ood_primary,n_train,162,G,MODEL3-ICL-MC,4.666666666666667,5.0,0.06666666666666667,0.3333333333333333,15
ood_primary,n_train,162,H,MODEL3-ICL-MC,2.7777777777777777,3.0,0.0,1.0,9
ood_primary,n_train,163,E,MODEL3-ICL-MC,2.5555555555555554,3.0,0.2222222222222222,1.0,9
ood_primary,n_train,163,F,MODEL3-ICL-MC,2.3333333333333335,3.0,0.3333333333333333,1.0,9
ood_primary,n_train,163,G,MODEL3-ICL-MC,5.0,5.0,0.0,0.2222222222222222,9
ood_primary,n_train,163,H,MODEL3-ICL-MC,2.6666666666666665,3.0,0.16666666666666666,1.0,6
ood_primary,n_train,164,E,MODEL3-ICL-MC,2.5555555555555554,3.0,0.2222222222222222,1.0,9
ood_primary,n_train,164,F,MODEL3-ICL-MC,3.0,3.0,0.0,1.0,3
ood_primary,n_train,164,H,MODEL3-ICL-MC,3.0,3.0,0.0,1.0,6
ood_primary,n_train,165,G,MODEL3-ICL-MC,6.166666666666667,6.0,0.0,0.0,6
ood_primary,n_train,165,H,MODEL3-ICL-MC,3.0,3.0,0.0,1.0,3
ood_primary,n_train,166,E,MODEL3-ICL-MC,2.466666666666667,3.0,0.26666666666666666,1.0,15
ood_primary,n_train,166,F,MODEL3-ICL-MC,2.0,2.0,0.5,1.0,6
ood_primary,n_train,166,G,MODEL3-ICL-MC,4.0,4.0,0.0,0.0,3
ood_primary,n_train,166,H,MODEL3-ICL-MC,2.7777777777777777,3.0,0.1111111111111111,1.0,9
ood_primary,n_train,167,E,MODEL3-ICL-MC,2.3333333333333335,3.0,0.3333333333333333,1.0,3
ood_primary,n_train,167,G,MODEL3-ICL-MC,7.666666666666667,8.0,0.0,0.0,3
ood_primary,n_train,167,H,MODEL3-ICL-MC,3.0,3.0,0.0,1.0,3
ood_primary,n_train,168,F,MODEL3-ICL-MC,3.6666666666666665,3.0,0.0,0.6666666666666666,3
ood_primary,n_train,168,G,MODEL3-ICL-MC,3.0,3.0,0.0,0.6666666666666666,3
ood_primary,n_train,169,E,MODEL3-ICL-MC,3.0,3.0,0.0,1.0,3
ood_primary,n_train,169,F,MODEL3-ICL-MC,4.0,4.0,0.0,0.3333333333333333,3
ood_primary,n_train,169,G,MODEL3-ICL-MC,2.6666666666666665,2.0,0.3333333333333333,0.6666666666666666,3
ood_primary,n_train,169,H,MODEL3-ICL-MC,2.6666666666666665,3.0,0.1111111111111111,1.0,9
ood_primary,n_train,170,E,MODEL3-ICL-MC,2.0,2.0,0.3333333333333333,1.0,3
ood_primary,n_train,170,G,MODEL3-ICL-MC,3.3333333333333335,3.5,0.0,0.5,6
ood_primary,n_train,170,H,MODEL3-ICL-MC,2.3333333333333335,3.0,0.3333333333333333,1.0,3
ood_primary,n_train,171,F,MODEL3-ICL-MC,2.4444444444444446,3.0,0.4444444444444444,0.7777777777777778,9
ood_primary,n_train,172,F,MODEL3-ICL-MC,2.3333333333333335,3.0,0.3333333333333333,1.0,3
ood_primary,n_train,172,H,MODEL3-ICL-MC,2.3333333333333335,3.0,0.3333333333333333,1.0,6
ood_primary,n_train,174,E,MODEL3-ICL-MC,3.0,3.0,0.0,1.0,3
ood_primary,n_train,174,F,MODEL3-ICL-MC,2.6666666666666665,3.0,0.3333333333333333,0.6666666666666666,6
ood_primary,n_train,174,G,MODEL3-ICL-MC,3.3333333333333335,4.0,0.3333333333333333,0.3333333333333333,3
ood_primary,n_train,174,H,MODEL3-ICL-MC,3.0,3.0,0.0,1.0,3
ood_primary,n_train,175,G,MODEL3-ICL-MC,6.0,6.0,0.0,0.0,3
ood_primary,n_train,176,H,MODEL3-ICL-MC,1.6666666666666667,1.0,0.6666666666666666,1.0,3
ood_primary,n_train,177,F,MODEL3-ICL-MC,4.333333333333333,4.0,0.0,0.0,3
ood_primary,n_train,178,E,MODEL3-ICL-MC,2.3333333333333335,3.0,0.3333333333333333,1.0,3
ood_primary,n_train,178,F,MODEL3-ICL-MC,4.5,5.0,0.16666666666666666,0.16666666666666666,6
ood_primary,n_train,179,G,MODEL3-ICL-MC,3.3333333333333335,3.0,0.0,0.6666666666666666,3
ood_primary,n_train,179,H,MODEL3-ICL-MC,2.0,2.0,0.5,1.0,6
ood_primary,n_train,180,E,MODEL3-ICL-MC,2.3333333333333335,3.0,0.3333333333333333,1.0,3
ood_primary,n_train,181,E,MODEL3-ICL-MC,3.0,3.0,0.0,1.0,3
ood_primary,n_train,182,F,MODEL3-ICL-MC,5.0,5.0,0.0,0.0,3
ood_primary,n_train,182,G,MODEL3-ICL-MC,4.0,4.0,0.0,0.3333333333333333,3
ood_primary,n_train,182,H,MODEL3-ICL-MC,2.3333333333333335,3.0,0.3333333333333333,1.0,3
ood_primary,n_train,185,G,MODEL3-ICL-MC,2.6666666666666665,2.0,0.0,0.6666666666666666,3
ood_primary,n_train,186,E,MODEL3-ICL-MC,3.0,3.0,0.0,1.0,3
ood_primary,n_train,189,G,MODEL3-ICL-MC,4.0,4.0,0.0,0.0,3
ood_primary,noise_features,0,E,RandomForest,7.273333333333333,7.0,0.0,0.0,150
ood_primary,noise_features,0,F,RandomForest,3.54,4.0,0.12666666666666668,0.35333333333333333,150
ood_primary,noise_features,0,G,RandomForest,5.92,6.0,0.0,0.18,150
ood_primary,noise_features,0,H,RandomForest,7.286666666666667,7.0,0.0,0.0,150
ood_primary,n_train,131,G,RandomForest,6.333333333333333,7.0,0.0,0.16666666666666666,6
ood_primary,n_train,134,E,RandomForest,5.0,5.0,0.0,0.0,3
ood_primary,n_train,134,F,RandomForest,2.3333333333333335,3.0,0.3333333333333333,1.0,3
ood_primary,n_train,137,F,RandomForest,4.333333333333333,4.0,0.0,0.0,3
ood_primary,n_train,137,H,RandomForest,5.333333333333333,5.0,0.0,0.0,3
ood_primary,n_train,138,E,RandomForest,7.0,7.0,0.0,0.0,6
ood_primary,n_train,139,H,RandomForest,8.333333333333334,8.0,0.0,0.0,3
ood_primary,n_train,140,G,RandomForest,5.333333333333333,6.0,0.0,0.3333333333333333,3
ood_primary,n_train,142,F,RandomForest,3.3333333333333335,4.0,0.3333333333333333,0.3333333333333333,3
ood_primary,n_train,142,G,RandomForest,4.666666666666667,6.0,0.0,0.3333333333333333,3
ood_primary,n_train,142,H,RandomForest,9.333333333333334,9.5,0.0,0.0,6
ood_primary,n_train,143,E,RandomForest,8.0,8.0,0.0,0.0,3
ood_primary,n_train,143,G,RandomForest,7.666666666666667,8.0,0.0,0.0,3
ood_primary,n_train,144,G,RandomForest,3.0,3.0,0.0,0.6666666666666666,3
ood_primary,n_train,145,F,RandomForest,4.333333333333333,4.0,0.0,0.0,3
ood_primary,n_train,145,G,RandomForest,4.333333333333333,4.0,0.0,0.3333333333333333,3
ood_primary,n_train,145,H,RandomForest,6.0,6.0,0.0,0.0,3
ood_primary,n_train,146,E,RandomForest,7.666666666666667,7.5,0.0,0.0,6
ood_primary,n_train,146,F,RandomForest,2.3333333333333335,3.0,0.3333333333333333,1.0,3
ood_primary,n_train,146,H,RandomForest,7.666666666666667,8.0,0.0,0.0,3
ood_primary,n_train,147,E,RandomForest,7.666666666666667,7.5,0.0,0.0,6
ood_primary,n_train,147,F,RandomForest,2.3333333333333335,2.0,0.3333333333333333,0.6666666666666666,3
ood_primary,n_train,147,G,RandomForest,6.333333333333333,7.0,0.0,0.0,3
ood_primary,n_train,148,E,RandomForest,8.333333333333334,9.0,0.0,0.0,3
ood_primary,n_train,148,G,RandomForest,2.6666666666666665,3.0,0.0,1.0,3
ood_primary,n_train,148,H,RandomForest,6.833333333333333,7.0,0.0,0.0,6
ood_primary,n_train,149,E,RandomForest,7.666666666666667,8.0,0.0,0.0,3
ood_primary,n_train,149,F,RandomForest,4.0,4.0,0.0,0.0,3
ood_primary,n_train,149,G,RandomForest,8.333333333333334,9.0,0.0,0.0,3
ood_primary,n_train,150,E,RandomForest,6.75,6.5,0.0,0.0,12
ood_primary,n_train,150,F,RandomForest,3.2666666666666666,3.0,0.2,0.5333333333333333,15
ood_primary,n_train,151,F,RandomForest,2.4444444444444446,2.0,0.3333333333333333,0.7777777777777778,9
ood_primary,n_train,151,H,RandomForest,7.666666666666667,8.0,0.0,0.0,6
ood_primary,n_train,152,G,RandomForest,5.0,4.0,0.0,0.0,3
ood_primary,n_train,152,H,RandomForest,7.666666666666667,7.5,0.0,0.0,6
ood_primary,n_train,153,E,RandomForest,7.777777777777778,8.0,0.0,0.0,9
ood_primary,n_train,153,F,RandomForest,3.0,3.0,0.0,1.0,3
ood_primary,n_train,153,G,RandomForest,5.833333333333333,6.0,0.0,0.16666666666666666,6
ood_primary,n_train,153,H,RandomForest,7.5,7.0,0.0,0.0,6
ood_primary,n_train,154,E,RandomForest,8.0,8.5,0.0,0.0,6
ood_primary,n_train,154,F,RandomForest,4.0,4.0,0.0,0.0,3
ood_primary,n_train,154,G,RandomForest,6.333333333333333,6.5,0.0,0.16666666666666666,6
ood_primary,n_train,154,H,RandomForest,7.833333333333333,8.0,0.0,0.0,6
ood_primary,n_train,155,E,RandomForest,5.666666666666667,6.0,0.0,0.0,3
ood_primary,n_train,155,F,RandomForest,4.0,4.0,0.0,0.0,6
ood_primary,n_train,155,G,RandomForest,5.916666666666667,6.0,0.0,0.16666666666666666,12
ood_primary,n_train,155,H,RandomForest,6.833333333333333,6.5,0.0,0.0,6
ood_primary,n_train,156,E,RandomForest,7.666666666666667,8.0,0.0,0.0,6
ood_primary,n_train,156,F,RandomForest,2.8333333333333335,3.0,0.3333333333333333,0.5,6
ood_primary,n_train,156,H,RandomForest,7.666666666666667,8.0,0.0,0.0,3
ood_primary,n_train,157,E,RandomForest,8.833333333333334,8.5,0.0,0.0,6
ood_primary,n_train,157,F,RandomForest,4.0,4.0,0.0,0.0,6
ood_primary,n_train,157,G,RandomForest,7.166666666666667,7.5,0.0,0.0,6
ood_primary,n_train,157,H,RandomForest,7.666666666666667,8.0,0.0,0.0,6
ood_primary,n_train,158,E,RandomForest,6.5,6.0,0.0,0.0,12
ood_primary,n_train,158,F,RandomForest,3.5,4.0,0.08333333333333333,0.4166666666666667,12
ood_primary,n_train,158,G,RandomForest,6.333333333333333,6.0,0.0,0.1111111111111111,9
ood_primary,n_train,158,H,RandomForest,7.666666666666667,8.0,0.0,0.0,6
ood_primary,n_train,159,E,RandomForest,4.333333333333333,4.0,0.0,0.0,3
ood_primary,n_train,159,F,RandomForest,4.333333333333333,4.0,0.0,0.0,6
ood_primary,n_train,159,G,RandomForest,5.166666666666667,5.5,0.0,0.3333333333333333,6
ood_primary,n_train,160,E,RandomForest,9.0,9.0,0.0,0.0,3
ood_primary,n_train,160,G,RandomForest,7.666666666666667,8.0,0.0,0.0,3
ood_primary,n_train,161,G,RandomForest,3.0,3.0,0.0,1.0,3
ood_primary,n_train,161,H,RandomForest,7.916666666666667,8.0,0.0,0.0,12
ood_primary,n_train,162,E,RandomForest,8.333333333333334,9.0,0.0,0.0,3
ood_primary,n_train,162,F,RandomForest,4.0,4.0,0.0,0.2222222222222222,9
ood_primary,n_train,162,G,RandomForest,6.2,7.0,0.0,0.06666666666666667,15
ood_primary,n_train,162,H,RandomForest,7.555555555555555,8.0,0.0,0.0,9
ood_primary,n_train,163,E,RandomForest,6.222222222222222,6.0,0.0,0.0,9
ood_primary,n_train,163,F,RandomForest,4.222222222222222,4.0,0.0,0.0,9
ood_primary,n_train,163,G,RandomForest,6.111111111111111,6.0,0.0,0.1111111111111111,9
ood_primary,n_train,163,H,RandomForest,7.666666666666667,7.5,0.0,0.0,6
ood_primary,n_train,164,E,RandomForest,7.777777777777778,8.0,0.0,0.0,9
ood_primary,n_train,164,F,RandomForest,4.0,4.0,0.0,0.0,3
ood_primary,n_train,164,H,RandomForest,7.333333333333333,7.0,0.0,0.0,6
ood_primary,n_train,165,G,RandomForest,5.333333333333333,5.5,0.0,0.3333333333333333,6
ood_primary,n_train,165,H,RandomForest,5.333333333333333,6.0,0.0,0.0,3
ood_primary,n_train,166,E,RandomForest,6.866666666666666,7.0,0.0,0.0,15
ood_primary,n_train,166,F,RandomForest,5.166666666666667,5.0,0.0,0.0,6
ood_primary,n_train,166,G,RandomForest,6.666666666666667,6.0,0.0,0.0,3
ood_primary,n_train,166,H,RandomForest,7.111111111111111,7.0,0.0,0.0,9
ood_primary,n_train,167,E,RandomForest,7.333333333333333,7.0,0.0,0.0,3
ood_primary,n_train,167,G,RandomForest,3.3333333333333335,3.0,0.0,0.6666666666666666,3
ood_primary,n_train,167,H,RandomForest,6.333333333333333,6.0,0.0,0.0,3
ood_primary,n_train,168,F,RandomForest,4.333333333333333,4.0,0.0,0.0,3
ood_primary,n_train,168,G,RandomForest,6.0,6.0,0.0,0.0,3
ood_primary,n_train,169,E,RandomForest,7.333333333333333,7.0,0.0,0.0,3
ood_primary,n_train,169,F,RandomForest,3.3333333333333335,3.0,0.0,0.6666666666666666,3
ood_primary,n_train,169,G,RandomForest,7.333333333333333,7.0,0.0,0.0,3
ood_primary,n_train,169,H,RandomForest,7.111111111111111,7.0,0.0,0.0,9
ood_primary,n_train,170,E,RandomForest,7.0,7.0,0.0,0.0,3
ood_primary,n_train,170,G,RandomForest,5.666666666666667,5.5,0.0,0.16666666666666666,6
ood_primary,n_train,170,H,RandomForest,9.0,9.0,0.0,0.0,3
ood_primary,n_train,171,F,RandomForest,3.6666666666666665,4.0,0.1111111111111111,0.3333333333333333,9
ood_primary,n_train,172,F,RandomForest,4.0,4.0,0.0,0.0,3
ood_primary,n_train,172,H,RandomForest,5.666666666666667,5.5,0.0,0.0,6
ood_primary,n_train,174,E,RandomForest,8.666666666666666,9.0,0.0,0.0,3
ood_primary,n_train,174,F,RandomForest,3.5,4.0,0.16666666666666666,0.3333333333333333,6
ood_primary,n_train,174,G,RandomForest,5.0,5.0,0.0,0.0,3
ood_primary,n_train,174,H,RandomForest,4.0,4.0,0.0,0.0,3
ood_primary,n_train,175,G,RandomForest,7.0,7.0,0.0,0.0,3
ood_primary,n_train,176,H,RandomForest,5.333333333333333,5.0,0.0,0.0,3
ood_primary,n_train,177,F,RandomForest,2.3333333333333335,3.0,0.3333333333333333,1.0,3
ood_primary,n_train,178,E,RandomForest,7.0,7.0,0.0,0.0,3
ood_primary,n_train,178,F,RandomForest,3.1666666666666665,3.5,0.16666666666666666,0.5,6
ood_primary,n_train,179,G,RandomForest,6.333333333333333,6.0,0.0,0.3333333333333333,3
ood_primary,n_train,179,H,RandomForest,7.666666666666667,7.5,0.0,0.0,6
ood_primary,n_train,180,E,RandomForest,8.0,8.0,0.0,0.0,3
ood_primary,n_train,181,E,RandomForest,6.666666666666667,7.0,0.0,0.0,3
ood_primary,n_train,182,F,RandomForest,1.6666666666666667,1.0,0.6666666666666666,1.0,3
ood_primary,n_train,182,G,RandomForest,7.666666666666667,8.0,0.0,0.0,3
ood_primary,n_train,182,H,RandomForest,7.666666666666667,8.0,0.0,0.0,3
ood_primary,n_train,185,G,RandomForest,6.333333333333333,6.0,0.0,0.0,3
ood_primary,n_train,186,E,RandomForest,9.0,9.0,0.0,0.0,3
ood_primary,n_train,189,G,RandomForest,6.666666666666667,6.0,0.0,0.0,3
ood_primary,noise_features,0,E,Ridge,1.6466666666666667,2.0,0.42,1.0,150
ood_primary,noise_features,0,F,Ridge,1.7,1.0,0.5266666666666666,0.9533333333333334,150
ood_primary,noise_features,0,G,Ridge,3.2733333333333334,3.0,0.10666666666666667,0.62,150
ood_primary,noise_features,0,H,Ridge,1.6933333333333334,2.0,0.38666666666666666,1.0,150
ood_primary,n_train,131,G,Ridge,2.8333333333333335,2.0,0.3333333333333333,0.6666666666666666,6
ood_primary,n_train,134,E,Ridge,1.6666666666666667,2.0,0.3333333333333333,1.0,3
ood_primary,n_train,134,F,Ridge,1.6666666666666667,1.0,0.6666666666666666,1.0,3
ood_primary,n_train,137,F,Ridge,2.0,2.0,0.0,1.0,3
ood_primary,n_train,137,H,Ridge,2.0,2.0,0.3333333333333333,1.0,3
ood_primary,n_train,138,E,Ridge,1.3333333333333333,1.0,0.6666666666666666,1.0,6
ood_primary,n_train,139,H,Ridge,2.0,2.0,0.0,1.0,3
ood_primary,n_train,140,G,Ridge,3.0,3.0,0.0,0.6666666666666666,3
ood_primary,n_train,142,F,Ridge,1.3333333333333333,1.0,0.6666666666666666,1.0,3
ood_primary,n_train,142,G,Ridge,2.0,2.0,0.3333333333333333,1.0,3
ood_primary,n_train,142,H,Ridge,1.1666666666666667,1.0,0.8333333333333334,1.0,6
ood_primary,n_train,143,E,Ridge,1.3333333333333333,1.0,0.6666666666666666,1.0,3
ood_primary,n_train,143,G,Ridge,3.6666666666666665,4.0,0.0,0.3333333333333333,3
ood_primary,n_train,144,G,Ridge,5.333333333333333,6.0,0.0,0.0,3
ood_primary,n_train,145,F,Ridge,1.0,1.0,1.0,1.0,3
ood_primary,n_train,145,G,Ridge,4.0,5.0,0.0,0.3333333333333333,3
ood_primary,n_train,145,H,Ridge,1.6666666666666667,2.0,0.3333333333333333,1.0,3
ood_primary,n_train,146,E,Ridge,1.6666666666666667,2.0,0.3333333333333333,1.0,6
ood_primary,n_train,146,F,Ridge,1.6666666666666667,1.0,0.6666666666666666,1.0,3
ood_primary,n_train,146,H,Ridge,1.3333333333333333,1.0,0.6666666666666666,1.0,3
ood_primary,n_train,147,E,Ridge,1.8333333333333333,2.0,0.16666666666666666,1.0,6
ood_primary,n_train,147,F,Ridge,2.3333333333333335,2.0,0.0,1.0,3
ood_primary,n_train,147,G,Ridge,2.0,2.0,0.0,1.0,3
ood_primary,n_train,148,E,Ridge,1.0,1.0,1.0,1.0,3
ood_primary,n_train,148,G,Ridge,5.333333333333333,6.0,0.0,0.0,3
ood_primary,n_train,148,H,Ridge,2.0,2.0,0.0,1.0,6
ood_primary,n_train,149,E,Ridge,2.0,2.0,0.0,1.0,3
ood_primary,n_train,149,F,Ridge,1.6666666666666667,2.0,0.3333333333333333,1.0,3
ood_primary,n_train,149,G,Ridge,2.0,2.0,0.0,1.0,3
ood_primary,n_train,150,E,Ridge,1.75,2.0,0.3333333333333333,1.0,12
ood_primary,n_train,150,F,Ridge,1.6666666666666667,1.0,0.6,0.9333333333333333,15
ood_primary,n_train,151,F,Ridge,3.4444444444444446,5.0,0.3333333333333333,0.4444444444444444,9
ood_primary,n_train,151,H,Ridge,1.5,1.5,0.5,1.0,6
ood_primary,n_train,152,G,Ridge,4.333333333333333,5.0,0.0,0.3333333333333333,3
ood_primary,n_train,152,H,Ridge,1.6666666666666667,1.5,0.5,1.0,6
ood_primary,n_train,153,E,Ridge,1.7777777777777777,2.0,0.3333333333333333,1.0,9
ood_primary,n_train,153,F,Ridge,1.0,1.0,1.0,1.0,3
ood_primary,n_train,153,G,Ridge,3.0,3.5,0.16666666666666666,0.5,6
ood_primary,n_train,153,H,Ridge,2.0,2.0,0.16666666666666666,1.0,6
ood_primary,n_train,154,E,Ridge,2.0,2.0,0.0,1.0,6
ood_primary,n_train,154,F,Ridge,1.3333333333333333,1.0,0.6666666666666666,1.0,3
ood_primary,n_train,154,G,Ridge,4.333333333333333,4.5,0.0,0.3333333333333333,6
ood_primary,n_train,154,H,Ridge,2.0,2.0,0.0,1.0,6
ood_primary,n_train,155,E,Ridge,1.6666666666666667,2.0,0.3333333333333333,1.0,3
ood_primary,n_train,155,F,Ridge,1.5,1.5,0.5,1.0,6
ood_primary,n_train,155,G,Ridge,3.5,3.0,0.0,0.5833333333333334,12
ood_primary,n_train,155,H,Ridge,2.0,2.0,0.3333333333333333,1.0,6
ood_primary,n_train,156,E,Ridge,1.1666666666666667,1.0,0.8333333333333334,1.0,6
ood_primary,n_train,156,F,Ridge,2.3333333333333335,2.5,0.3333333333333333,0.8333333333333334,6
ood_primary,n_train,156,H,Ridge,2.0,2.0,0.0,1.0,3
ood_primary,n_train,157,E,Ridge,1.6666666666666667,2.0,0.3333333333333333,1.0,6
ood_primary,n_train,157,F,Ridge,1.8333333333333333,2.0,0.3333333333333333,1.0,6
ood_primary,n_train,157,G,Ridge,2.6666666666666665,2.5,0.16666666666666666,0.8333333333333334,6
ood_primary,n_train,157,H,Ridge,1.5,1.5,0.5,1.0,6
ood_primary,n_train,158,E,Ridge,1.6666666666666667,2.0,0.4166666666666667,1.0,12
ood_primary,n_train,158,F,Ridge,1.25,1.0,0.8333333333333334,1.0,12
ood_primary,n_train,158,G,Ridge,3.6666666666666665,4.0,0.1111111111111111,0.4444444444444444,9
ood_primary,n_train,158,H,Ridge,1.8333333333333333,2.0,0.16666666666666666,1.0,6
ood_primary,n_train,159,E,Ridge,1.6666666666666667,2.0,0.3333333333333333,1.0,3
ood_primary,n_train,159,F,Ridge,1.6666666666666667,1.5,0.5,1.0,6
ood_primary,n_train,159,G,Ridge,3.0,2.5,0.16666666666666666,0.6666666666666666,6
ood_primary,n_train,160,E,Ridge,2.3333333333333335,2.0,0.0,1.0,3
ood_primary,n_train,160,G,Ridge,4.333333333333333,4.0,0.0,0.0,3
ood_primary,n_train,161,G,Ridge,5.333333333333333,5.0,0.0,0.0,3
ood_primary,n_train,161,H,Ridge,1.25,1.0,0.75,1.0,12
ood_primary,n_train,162,E,Ridge,1.0,1.0,1.0,1.0,3
ood_primary,n_train,162,F,Ridge,1.3333333333333333,1.0,0.6666666666666666,1.0,9
ood_primary,n_train,162,G,Ridge,3.2666666666666666,3.0,0.06666666666666667,0.8,15
ood_primary,n_train,162,H,Ridge,1.6666666666666667,2.0,0.4444444444444444,1.0,9
ood_primary,n_train,163,E,Ridge,1.6666666666666667,1.0,0.5555555555555556,1.0,9
ood_primary,n_train,163,F,Ridge,1.8888888888888888,2.0,0.2222222222222222,1.0,9
ood_primary,n_train,163,G,Ridge,2.6666666666666665,2.0,0.3333333333333333,0.7777777777777778,9
ood_primary,n_train,163,H,Ridge,2.0,2.0,0.0,1.0,6
ood_primary,n_train,164,E,Ridge,1.7777777777777777,2.0,0.3333333333333333,1.0,9
ood_primary,n_train,164,F,Ridge,1.0,1.0,1.0,1.0,3
ood_primary,n_train,164,H,Ridge,1.3333333333333333,1.0,0.6666666666666666,1.0,6
ood_primary,n_train,165,G,Ridge,3.6666666666666665,3.0,0.0,0.6666666666666666,6
ood_primary,n_train,165,H,Ridge,2.0,2.0,0.0,1.0,3
ood_primary,n_train,166,E,Ridge,1.6,2.0,0.4,1.0,15
ood_primary,n_train,166,F,Ridge,1.5,1.5,0.5,1.0,6
ood_primary,n_train,166,G,Ridge,2.0,2.0,0.0,1.0,3
ood_primary,n_train,166,H,Ridge,1.7777777777777777,2.0,0.3333333333333333,1.0,9
ood_primary,n_train,167,E,Ridge,2.0,2.0,0.3333333333333333,1.0,3
ood_primary,n_train,167,G,Ridge,5.333333333333333,5.0,0.0,0.0,3
ood_primary,n_train,167,H,Ridge,1.0,1.0,1.0,1.0,3
ood_primary,n_train,168,F,Ridge,1.0,1.0,1.0,1.0,3
ood_primary,n_train,168,G,Ridge,1.6666666666666667,1.0,0.6666666666666666,1.0,3
ood_primary,n_train,169,E,Ridge,1.6666666666666667,2.0,0.3333333333333333,1.0,3
ood_primary,n_train,169,F,Ridge,1.0,1.0,1.0,1.0,3
ood_primary,n_train,169,G,Ridge,2.6666666666666665,3.0,0.0,1.0,3
ood_primary,n_train,169,H,Ridge,1.4444444444444444,1.0,0.5555555555555556,1.0,9
ood_primary,n_train,170,E,Ridge,2.6666666666666665,3.0,0.0,1.0,3
ood_primary,n_train,170,G,Ridge,2.1666666666666665,2.0,0.3333333333333333,0.8333333333333334,6
ood_primary,n_train,170,H,Ridge,1.6666666666666667,2.0,0.3333333333333333,1.0,3
ood_primary,n_train,171,F,Ridge,1.8888888888888888,2.0,0.3333333333333333,1.0,9
ood_primary,n_train,172,F,Ridge,2.0,2.0,0.0,1.0,3
ood_primary,n_train,172,H,Ridge,1.8333333333333333,2.0,0.3333333333333333,1.0,6
ood_primary,n_train,174,E,Ridge,1.6666666666666667,2.0,0.3333333333333333,1.0,3
ood_primary,n_train,174,F,Ridge,1.5,1.5,0.5,1.0,6
ood_primary,n_train,174,G,Ridge,2.0,2.0,0.0,1.0,3
ood_primary,n_train,174,H,Ridge,1.3333333333333333,1.0,0.6666666666666666,1.0,3
ood_primary,n_train,175,G,Ridge,3.3333333333333335,3.0,0.0,0.6666666666666666,3
ood_primary,n_train,176,H,Ridge,2.6666666666666665,3.0,0.0,1.0,3
ood_primary,n_train,177,F,Ridge,1.6666666666666667,1.0,0.6666666666666666,1.0,3
ood_primary,n_train,178,E,Ridge,1.3333333333333333,1.0,0.6666666666666666,1.0,3
ood_primary,n_train,178,F,Ridge,1.5,1.5,0.5,1.0,6
ood_primary,n_train,179,G,Ridge,4.333333333333333,4.0,0.0,0.3333333333333333,3
ood_primary,n_train,179,H,Ridge,2.1666666666666665,2.0,0.16666666666666666,1.0,6
ood_primary,n_train,180,E,Ridge,1.3333333333333333,1.0,0.6666666666666666,1.0,3
ood_primary,n_train,181,E,Ridge,1.3333333333333333,1.0,0.6666666666666666,1.0,3
ood_primary,n_train,182,F,Ridge,1.6666666666666667,2.0,0.3333333333333333,1.0,3
ood_primary,n_train,182,G,Ridge,4.0,4.0,0.0,0.3333333333333333,3
ood_primary,n_train,182,H,Ridge,1.3333333333333333,1.0,0.6666666666666666,1.0,3
ood_primary,n_train,185,G,Ridge,2.6666666666666665,3.0,0.0,1.0,3
ood_primary,n_train,186,E,Ridge,1.0,1.0,1.0,1.0,3
ood_primary,n_train,189,G,Ridge,1.6666666666666667,2.0,0.3333333333333333,1.0,3
ood_primary,noise_features,0,E,SVR,7.486666666666666,7.5,0.0,0.0,150
ood_primary,noise_features,0,F,SVR,5.466666666666667,5.0,0.03333333333333333,0.09333333333333334,150
ood_primary,noise_features,0,G,SVR,1.56,1.0,0.7933333333333333,0.88,150
ood_primary,noise_features,0,H,SVR,7.273333333333333,7.0,0.0,0.0,150
ood_primary,n_train,131,G,SVR,2.1666666666666665,2.0,0.5,0.8333333333333334,6
ood_primary,n_train,134,E,SVR,6.0,6.0,0.0,0.0,3
ood_primary,n_train,134,F,SVR,4.666666666666667,5.0,0.0,0.0,3
ood_primary,n_train,137,F,SVR,9.0,9.0,0.0,0.0,3
ood_primary,n_train,137,H,SVR,9.333333333333334,9.0,0.0,0.0,3
ood_primary,n_train,138,E,SVR,8.0,7.5,0.0,0.0,6
ood_primary,n_train,139,H,SVR,8.666666666666666,9.0,0.0,0.0,3
ood_primary,n_train,140,G,SVR,2.0,1.0,0.6666666666666666,0.6666666666666666,3
ood_primary,n_train,142,F,SVR,4.333333333333333,4.0,0.0,0.3333333333333333,3
ood_primary,n_train,142,G,SVR,2.3333333333333335,3.0,0.3333333333333333,1.0,3
ood_primary,n_train,142,H,SVR,6.833333333333333,7.0,0.0,0.0,6
ood_primary,n_train,143,E,SVR,7.0,7.0,0.0,0.0,3
ood_primary,n_train,143,G,SVR,1.0,1.0,1.0,1.0,3
ood_primary,n_train,144,G,SVR,1.3333333333333333,1.0,0.6666666666666666,1.0,3
ood_primary,n_train,145,F,SVR,5.333333333333333,5.0,0.0,0.0,3
ood_primary,n_train,145,G,SVR,1.0,1.0,1.0,1.0,3
ood_primary,n_train,145,H,SVR,9.333333333333334,10.0,0.0,0.0,3
ood_primary,n_train,146,E,SVR,6.666666666666667,6.5,0.0,0.0,6
ood_primary,n_train,146,F,SVR,3.6666666666666665,4.0,0.0,0.3333333333333333,3
ood_primary,n_train,146,H,SVR,5.0,5.0,0.0,0.0,3
ood_primary,n_train,147,E,SVR,8.166666666666666,8.5,0.0,0.0,6
ood_primary,n_train,147,F,SVR,6.666666666666667,6.0,0.0,0.0,3
ood_primary,n_train,147,G,SVR,1.0,1.0,1.0,1.0,3
ood_primary,n_train,148,E,SVR,6.0,7.0,0.0,0.0,3
ood_primary,n_train,148,G,SVR,1.0,1.0,1.0,1.0,3
ood_primary,n_train,148,H,SVR,8.0,8.5,0.0,0.0,6
ood_primary,n_train,149,E,SVR,7.333333333333333,7.0,0.0,0.0,3
ood_primary,n_train,149,F,SVR,5.333333333333333,5.0,0.0,0.0,3
ood_primary,n_train,149,G,SVR,2.0,1.0,0.6666666666666666,0.6666666666666666,3
ood_primary,n_train,150,E,SVR,7.083333333333333,7.5,0.0,0.0,12
ood_primary,n_train,150,F,SVR,5.4,5.0,0.0,0.13333333333333333,15
ood_primary,n_train,151,F,SVR,3.111111111111111,4.0,0.3333333333333333,0.4444444444444444,9
ood_primary,n_train,151,H,SVR,8.333333333333334,8.0,0.0,0.0,6
ood_primary,n_train,152,G,SVR,1.0,1.0,1.0,1.0,3
ood_primary,n_train,152,H,SVR,8.5,8.5,0.0,0.0,6
ood_primary,n_train,153,E,SVR,8.555555555555555,9.0,0.0,0.0,9
ood_primary,n_train,153,F,SVR,5.666666666666667,6.0,0.0,0.0,3
ood_primary,n_train,153,G,SVR,1.8333333333333333,1.0,0.8333333333333334,0.8333333333333334,6
ood_primary,n_train,153,H,SVR,7.5,8.0,0.0,0.0,6
ood_primary,n_train,154,E,SVR,7.0,7.5,0.0,0.0,6
ood_primary,n_train,154,F,SVR,5.0,5.0,0.0,0.0,3
ood_primary,n_train,154,G,SVR,1.1666666666666667,1.0,0.8333333333333334,1.0,6
ood_primary,n_train,154,H,SVR,7.166666666666667,7.5,0.0,0.0,6
ood_primary,n_train,155,E,SVR,9.0,9.0,0.0,0.0,3
ood_primary,n_train,155,F,SVR,6.333333333333333,6.5,0.0,0.0,6
ood_primary,n_train,155,G,SVR,1.3333333333333333,1.0,0.8333333333333334,0.9166666666666666,12
ood_primary,n_train,155,H,SVR,7.833333333333333,8.5,0.0,0.0,6
ood_primary,n_train,156,E,SVR,8.0,8.5,0.0,0.0,6
ood_primary,n_train,156,F,SVR,3.8333333333333335,4.5,0.16666666666666666,0.3333333333333333,6
ood_primary,n_train,156,H,SVR,6.666666666666667,5.0,0.0,0.0,3
ood_primary,n_train,157,E,SVR,7.5,7.5,0.0,0.0,6
ood_primary,n_train,157,F,SVR,7.833333333333333,8.0,0.0,0.0,6
ood_primary,n_train,157,G,SVR,2.8333333333333335,2.5,0.5,0.5,6
ood_primary,n_train,157,H,SVR,7.166666666666667,7.0,0.0,0.0,6
ood_primary,n_train,158,E,SVR,8.166666666666666,9.0,0.0,0.0,12
ood_primary,n_train,158,F,SVR,6.5,6.0,0.0,0.0,12
ood_primary,n_train,158,G,SVR,1.3333333333333333,1.0,0.8888888888888888,0.8888888888888888,9
ood_primary,n_train,158,H,SVR,5.5,5.0,0.0,0.0,6
ood_primary,n_train,159,E,SVR,8.0,8.0,0.0,0.0,3
ood_primary,n_train,159,F,SVR,6.166666666666667,6.5,0.0,0.0,6
ood_primary,n_train,159,G,SVR,2.1666666666666665,1.0,0.6666666666666666,0.6666666666666666,6
ood_primary,n_train,160,E,SVR,6.333333333333333,6.0,0.0,0.0,3
ood_primary,n_train,160,G,SVR,1.0,1.0,1.0,1.0,3
ood_primary,n_train,161,G,SVR,1.0,1.0,1.0,1.0,3
ood_primary,n_train,161,H,SVR,7.0,7.0,0.0,0.0,12
ood_primary,n_train,162,E,SVR,7.0,7.0,0.0,0.0,3
ood_primary,n_train,162,F,SVR,5.0,5.0,0.0,0.0,9
ood_primary,n_train,162,G,SVR,1.4,1.0,0.8666666666666667,0.8666666666666667,15
ood_primary,n_train,162,H,SVR,8.333333333333334,9.0,0.0,0.0,9
ood_primary,n_train,163,E,SVR,6.777777777777778,7.0,0.0,0.0,9
ood_primary,n_train,163,F,SVR,5.111111111111111,5.0,0.0,0.0,9
ood_primary,n_train,163,G,SVR,2.2222222222222223,1.0,0.6666666666666666,0.7777777777777778,9
ood_primary,n_train,163,H,SVR,8.0,8.0,0.0,0.0,6
ood_primary,n_train,164,E,SVR,6.666666666666667,7.0,0.0,0.0,9
ood_primary,n_train,164,F,SVR,9.0,9.0,0.0,0.0,3
ood_primary,n_train,164,H,SVR,7.833333333333333,8.0,0.0,0.0,6
ood_primary,n_train,165,G,SVR,1.0,1.0,1.0,1.0,6
ood_primary,n_train,165,H,SVR,5.666666666666667,4.0,0.0,0.0,3
ood_primary,n_train,166,E,SVR,8.133333333333333,8.0,0.0,0.0,15
ood_primary,n_train,166,F,SVR,4.0,4.0,0.0,0.0,6
ood_primary,n_train,166,G,SVR,1.0,1.0,1.0,1.0,3
ood_primary,n_train,166,H,SVR,6.777777777777778,7.0,0.0,0.0,9
ood_primary,n_train,167,E,SVR,8.333333333333334,9.0,0.0,0.0,3
ood_primary,n_train,167,G,SVR,1.0,1.0,1.0,1.0,3
ood_primary,n_train,167,H,SVR,9.0,9.0,0.0,0.0,3
ood_primary,n_train,168,F,SVR,4.0,4.0,0.0,0.3333333333333333,3
ood_primary,n_train,168,G,SVR,2.6666666666666665,3.0,0.3333333333333333,0.6666666666666666,3
ood_primary,n_train,169,E,SVR,7.0,8.0,0.0,0.0,3
ood_primary,n_train,169,F,SVR,5.0,5.0,0.0,0.0,3
ood_primary,n_train,169,G,SVR,1.3333333333333333,1.0,0.6666666666666666,1.0,3
ood_primary,n_train,169,H,SVR,6.777777777777778,7.0,0.0,0.0,9
ood_primary,n_train,170,E,SVR,9.0,9.0,0.0,0.0,3
ood_primary,n_train,170,G,SVR,1.8333333333333333,1.0,0.6666666666666666,0.8333333333333334,6
ood_primary,n_train,170,H,SVR,6.666666666666667,7.0,0.0,0.0,3
ood_primary,n_train,171,F,SVR,5.888888888888889,6.0,0.0,0.1111111111111111,9
ood_primary,n_train,172,F,SVR,9.0,9.0,0.0,0.0,3
ood_primary,n_train,172,H,SVR,5.833333333333333,5.0,0.0,0.0,6
ood_primary,n_train,174,E,SVR,6.666666666666667,7.0,0.0,0.0,3
ood_primary,n_train,174,F,SVR,5.833333333333333,5.5,0.0,0.0,6
ood_primary,n_train,174,G,SVR,2.6666666666666665,3.0,0.3333333333333333,0.6666666666666666,3
ood_primary,n_train,174,H,SVR,9.333333333333334,10.0,0.0,0.0,3
ood_primary,n_train,175,G,SVR,1.0,1.0,1.0,1.0,3
ood_primary,n_train,176,H,SVR,4.0,4.0,0.0,0.0,3
ood_primary,n_train,177,F,SVR,5.333333333333333,5.0,0.0,0.0,3
ood_primary,n_train,178,E,SVR,9.333333333333334,9.0,0.0,0.0,3
ood_primary,n_train,178,F,SVR,4.0,4.0,0.16666666666666666,0.3333333333333333,6
ood_primary,n_train,179,G,SVR,1.0,1.0,1.0,1.0,3
ood_primary,n_train,179,H,SVR,5.833333333333333,5.5,0.0,0.0,6
ood_primary,n_train,180,E,SVR,5.666666666666667,6.0,0.0,0.0,3
ood_primary,n_train,181,E,SVR,7.666666666666667,8.0,0.0,0.0,3
ood_primary,n_train,182,F,SVR,5.0,5.0,0.0,0.0,3
ood_primary,n_train,182,G,SVR,1.0,1.0,1.0,1.0,3
ood_primary,n_train,182,H,SVR,7.666666666666667,7.0,0.0,0.0,3
ood_primary,n_train,185,G,SVR,1.0,1.0,1.0,1.0,3
ood_primary,n_train,186,E,SVR,5.666666666666667,5.0,0.0,0.0,3
ood_primary,n_train,189,G,SVR,1.6666666666666667,1.0,0.6666666666666666,1.0,3
ood_primary,noise_features,0,E,XGBoost,8.393333333333333,8.5,0.0,0.0,150
ood_primary,noise_features,0,F,XGBoost,7.833333333333333,8.0,0.0,0.0,150
ood_primary,noise_features,0,G,XGBoost,6.666666666666667,7.0,0.0,0.20666666666666667,150
ood_primary,noise_features,0,H,XGBoost,8.886666666666667,9.0,0.0,0.0,150
ood_primary,n_train,131,G,XGBoost,7.166666666666667,9.0,0.0,0.3333333333333333,6
ood_primary,n_train,134,E,XGBoost,7.666666666666667,8.0,0.0,0.0,3
ood_primary,n_train,134,F,XGBoost,8.333333333333334,8.0,0.0,0.0,3
ood_primary,n_train,137,F,XGBoost,7.0,7.0,0.0,0.0,3
ood_primary,n_train,137,H,XGBoost,9.0,9.0,0.0,0.0,3
ood_primary,n_train,138,E,XGBoost,8.833333333333334,9.0,0.0,0.0,6
ood_primary,n_train,139,H,XGBoost,9.666666666666666,10.0,0.0,0.0,3
ood_primary,n_train,140,G,XGBoost,7.666666666666667,8.0,0.0,0.0,3
ood_primary,n_train,142,F,XGBoost,8.666666666666666,9.0,0.0,0.0,3
ood_primary,n_train,142,G,XGBoost,8.0,9.0,0.0,0.0,3
ood_primary,n_train,142,H,XGBoost,9.0,9.0,0.0,0.0,6
ood_primary,n_train,143,E,XGBoost,9.666666666666666,10.0,0.0,0.0,3
ood_primary,n_train,143,G,XGBoost,4.666666666666667,2.0,0.0,0.6666666666666666,3
ood_primary,n_train,144,G,XGBoost,3.0,3.0,0.0,0.6666666666666666,3
ood_primary,n_train,145,F,XGBoost,8.0,7.0,0.0,0.0,3
ood_primary,n_train,145,G,XGBoost,4.333333333333333,4.0,0.0,0.3333333333333333,3
ood_primary,n_train,145,H,XGBoost,7.666666666666667,7.0,0.0,0.0,3
ood_primary,n_train,146,E,XGBoost,8.166666666666666,8.0,0.0,0.0,6
ood_primary,n_train,146,F,XGBoost,8.333333333333334,9.0,0.0,0.0,3
ood_primary,n_train,146,H,XGBoost,9.666666666666666,10.0,0.0,0.0,3
ood_primary,n_train,147,E,XGBoost,7.666666666666667,8.0,0.0,0.0,6
ood_primary,n_train,147,F,XGBoost,7.666666666666667,7.0,0.0,0.0,3
ood_primary,n_train,147,G,XGBoost,8.666666666666666,9.0,0.0,0.0,3
ood_primary,n_train,148,E,XGBoost,8.0,9.0,0.0,0.0,3
ood_primary,n_train,148,G,XGBoost,5.0,5.0,0.0,0.0,3
ood_primary,n_train,148,H,XGBoost,8.5,8.5,0.0,0.0,6
ood_primary,n_train,149,E,XGBoost,9.0,10.0,0.0,0.0,3
ood_primary,n_train,149,F,XGBoost,8.666666666666666,9.0,0.0,0.0,3
ood_primary,n_train,149,G,XGBoost,8.0,8.0,0.0,0.0,3
ood_primary,n_train,150,E,XGBoost,8.416666666666666,9.0,0.0,0.0,12
ood_primary,n_train,150,F,XGBoost,7.4,8.0,0.0,0.0,15
ood_primary,n_train,151,F,XGBoost,8.222222222222221,8.0,0.0,0.0,9
ood_primary,n_train,151,H,XGBoost,9.166666666666666,9.0,0.0,0.0,6
ood_primary,n_train,152,G,XGBoost,4.666666666666667,2.0,0.0,0.6666666666666666,3
ood_primary,n_train,152,H,XGBoost,8.666666666666666,8.5,0.0,0.0,6
ood_primary,n_train,153,E,XGBoost,8.222222222222221,9.0,0.0,0.0,9
ood_primary,n_train,153,F,XGBoost,8.333333333333334,8.0,0.0,0.0,3
ood_primary,n_train,153,G,XGBoost,7.5,8.0,0.0,0.16666666666666666,6
ood_primary,n_train,153,H,XGBoost,8.5,8.0,0.0,0.0,6
ood_primary,n_train,154,E,XGBoost,9.166666666666666,9.5,0.0,0.0,6
ood_primary,n_train,154,F,XGBoost,8.0,8.0,0.0,0.0,3
ood_primary,n_train,154,G,XGBoost,8.166666666666666,9.5,0.0,0.0,6
ood_primary,n_train,154,H,XGBoost,9.333333333333334,9.5,0.0,0.0,6
ood_primary,n_train,155,E,XGBoost,8.666666666666666,9.0,0.0,0.0,3
ood_primary,n_train,155,F,XGBoost,8.0,8.5,0.0,0.0,6
ood_primary,n_train,155,G,XGBoost,7.5,9.0,0.0,0.25,12
ood_primary,n_train,155,H,XGBoost,8.333333333333334,8.0,0.0,0.0,6
ood_primary,n_train,156,E,XGBoost,8.666666666666666,9.5,0.0,0.0,6
ood_primary,n_train,156,F,XGBoost,7.5,7.5,0.0,0.0,6
ood_primary,n_train,156,H,XGBoost,8.333333333333334,8.0,0.0,0.0,3
ood_primary,n_train,157,E,XGBoost,8.333333333333334,9.0,0.0,0.0,6
ood_primary,n_train,157,F,XGBoost,7.666666666666667,8.0,0.0,0.0,6
ood_primary,n_train,157,G,XGBoost,8.0,9.0,0.0,0.0,6
ood_primary,n_train,157,H,XGBoost,9.666666666666666,10.0,0.0,0.0,6
ood_primary,n_train,158,E,XGBoost,8.0,8.0,0.0,0.0,12
ood_primary,n_train,158,F,XGBoost,7.5,8.0,0.0,0.0,12
ood_primary,n_train,158,G,XGBoost,5.111111111111111,3.0,0.0,0.5555555555555556,9
ood_primary,n_train,158,H,XGBoost,9.333333333333334,9.5,0.0,0.0,6
ood_primary,n_train,159,E,XGBoost,6.666666666666667,7.0,0.0,0.0,3
ood_primary,n_train,159,F,XGBoost,7.5,8.0,0.0,0.0,6
ood_primary,n_train,159,G,XGBoost,5.5,4.0,0.0,0.16666666666666666,6
ood_primary,n_train,160,E,XGBoost,8.666666666666666,9.0,0.0,0.0,3
ood_primary,n_train,160,G,XGBoost,4.666666666666667,2.0,0.0,0.6666666666666666,3
ood_primary,n_train,161,G,XGBoost,7.0,9.0,0.0,0.3333333333333333,3
ood_primary,n_train,161,H,XGBoost,9.166666666666666,9.0,0.0,0.0,12
ood_primary,n_train,162,E,XGBoost,9.666666666666666,10.0,0.0,0.0,3
ood_primary,n_train,162,F,XGBoost,8.222222222222221,8.0,0.0,0.0,9
ood_primary,n_train,162,G,XGBoost,6.733333333333333,6.0,0.0,0.13333333333333333,15
ood_primary,n_train,162,H,XGBoost,8.88888888888889,9.0,0.0,0.0,9
ood_primary,n_train,163,E,XGBoost,8.11111111111111,8.0,0.0,0.0,9
ood_primary,n_train,163,F,XGBoost,8.0,8.0,0.0,0.0,9
ood_primary,n_train,163,G,XGBoost,8.222222222222221,8.0,0.0,0.0,9
ood_primary,n_train,163,H,XGBoost,9.166666666666666,9.0,0.0,0.0,6
ood_primary,n_train,164,E,XGBoost,8.777777777777779,10.0,0.0,0.0,9
ood_primary,n_train,164,F,XGBoost,7.333333333333333,8.0,0.0,0.0,3
ood_primary,n_train,164,H,XGBoost,8.166666666666666,8.5,0.0,0.0,6
ood_primary,n_train,165,G,XGBoost,3.0,2.0,0.0,0.6666666666666666,6
ood_primary,n_train,165,H,XGBoost,10.0,10.0,0.0,0.0,3
ood_primary,n_train,166,E,XGBoost,8.533333333333333,9.0,0.0,0.0,15
ood_primary,n_train,166,F,XGBoost,8.0,8.0,0.0,0.0,6
ood_primary,n_train,166,G,XGBoost,8.0,9.0,0.0,0.0,3
ood_primary,n_train,166,H,XGBoost,9.555555555555555,10.0,0.0,0.0,9
ood_primary,n_train,167,E,XGBoost,8.0,8.0,0.0,0.0,3
ood_primary,n_train,167,G,XGBoost,2.6666666666666665,2.0,0.0,0.6666666666666666,3
ood_primary,n_train,167,H,XGBoost,8.0,8.0,0.0,0.0,3
ood_primary,n_train,168,F,XGBoost,8.0,8.0,0.0,0.0,3
ood_primary,n_train,168,G,XGBoost,9.0,9.0,0.0,0.0,3
ood_primary,n_train,169,E,XGBoost,7.666666666666667,7.0,0.0,0.0,3
ood_primary,n_train,169,F,XGBoost,8.0,8.0,0.0,0.0,3
ood_primary,n_train,169,G,XGBoost,8.0,10.0,0.0,0.0,3
ood_primary,n_train,169,H,XGBoost,8.88888888888889,9.0,0.0,0.0,9
ood_primary,n_train,170,E,XGBoost,7.666666666666667,8.0,0.0,0.0,3
ood_primary,n_train,170,G,XGBoost,6.833333333333333,6.5,0.0,0.0,6
ood_primary,n_train,170,H,XGBoost,9.0,9.0,0.0,0.0,3
ood_primary,n_train,171,F,XGBoost,7.888888888888889,8.0,0.0,0.0,9
ood_primary,n_train,172,F,XGBoost,5.666666666666667,5.0,0.0,0.0,3
ood_primary,n_train,172,H,XGBoost,7.833333333333333,8.0,0.0,0.0,6
ood_primary,n_train,174,E,XGBoost,8.666666666666666,8.0,0.0,0.0,3
ood_primary,n_train,174,F,XGBoost,8.166666666666666,8.5,0.0,0.0,6
ood_primary,n_train,174,G,XGBoost,6.666666666666667,7.0,0.0,0.0,3
ood_primary,n_train,174,H,XGBoost,6.333333333333333,6.0,0.0,0.0,3
ood_primary,n_train,175,G,XGBoost,8.0,9.0,0.0,0.0,3
ood_primary,n_train,176,H,XGBoost,9.333333333333334,9.0,0.0,0.0,3
ood_primary,n_train,177,F,XGBoost,8.333333333333334,8.0,0.0,0.0,3
ood_primary,n_train,178,E,XGBoost,7.333333333333333,8.0,0.0,0.0,3
ood_primary,n_train,178,F,XGBoost,8.0,8.0,0.0,0.0,6
ood_primary,n_train,179,G,XGBoost,6.333333333333333,7.0,0.0,0.0,3
ood_primary,n_train,179,H,XGBoost,8.833333333333334,9.0,0.0,0.0,6
ood_primary,n_train,180,E,XGBoost,9.333333333333334,10.0,0.0,0.0,3
ood_primary,n_train,181,E,XGBoost,8.333333333333334,8.0,0.0,0.0,3
ood_primary,n_train,182,F,XGBoost,7.666666666666667,7.0,0.0,0.0,3
ood_primary,n_train,182,G,XGBoost,6.333333333333333,8.0,0.0,0.3333333333333333,3
ood_primary,n_train,182,H,XGBoost,9.666666666666666,10.0,0.0,0.0,3
ood_primary,n_train,185,G,XGBoost,7.0,7.0,0.0,0.0,3
ood_primary,n_train,186,E,XGBoost,9.333333333333334,10.0,0.0,0.0,3
ood_primary,n_train,189,G,XGBoost,9.666666666666666,10.0,0.0,0.0,3
primary,noise_features,0,A,CatBoost,5.433333333333334,5.0,0.0,0.0,150
primary,noise_features,0,B,CatBoost,5.633333333333334,5.0,0.0,0.0,150
primary,noise_features,0,C,CatBoost,5.373333333333333,5.0,0.0,0.0,150
primary,noise_features,0,D,CatBoost,5.413333333333333,5.0,0.0,0.0,150
primary,n_train,128,B,CatBoost,7.0,7.0,0.0,0.0,3
primary,n_train,133,A,CatBoost,4.0,4.0,0.0,0.0,3
primary,n_train,133,D,CatBoost,5.666666666666667,6.0,0.0,0.0,3
primary,n_train,134,A,CatBoost,5.333333333333333,5.0,0.0,0.0,3
primary,n_train,135,A,CatBoost,5.333333333333333,5.0,0.0,0.0,3
primary,n_train,138,B,CatBoost,5.666666666666667,5.0,0.0,0.0,3
primary,n_train,139,B,CatBoost,6.0,6.0,0.0,0.0,3
primary,n_train,140,D,CatBoost,5.333333333333333,5.0,0.0,0.0,3
primary,n_train,142,B,CatBoost,6.0,6.0,0.0,0.0,6
primary,n_train,142,C,CatBoost,7.0,7.0,0.0,0.0,3
primary,n_train,142,D,CatBoost,6.0,6.0,0.0,0.0,3
primary,n_train,143,A,CatBoost,4.666666666666667,5.0,0.0,0.0,3
primary,n_train,143,B,CatBoost,5.666666666666667,5.0,0.0,0.0,3
primary,n_train,144,A,CatBoost,4.666666666666667,5.0,0.0,0.0,3
primary,n_train,144,B,CatBoost,5.666666666666667,6.0,0.0,0.0,3
primary,n_train,145,B,CatBoost,5.833333333333333,6.0,0.0,0.0,6
primary,n_train,145,C,CatBoost,4.666666666666667,5.0,0.0,0.0,3
primary,n_train,146,B,CatBoost,6.333333333333333,7.0,0.0,0.0,3
primary,n_train,146,C,CatBoost,5.666666666666667,6.0,0.0,0.0,3
primary,n_train,147,C,CatBoost,5.833333333333333,6.0,0.0,0.0,6
primary,n_train,147,D,CatBoost,5.666666666666667,6.0,0.0,0.0,3
primary,n_train,148,A,CatBoost,5.333333333333333,5.0,0.0,0.0,3
primary,n_train,148,B,CatBoost,6.0,5.0,0.0,0.0,3
primary,n_train,148,C,CatBoost,5.666666666666667,5.0,0.0,0.0,3
primary,n_train,148,D,CatBoost,4.666666666666667,4.0,0.0,0.0,3
primary,n_train,149,B,CatBoost,5.666666666666667,5.5,0.0,0.0,6
primary,n_train,149,D,CatBoost,6.0,6.0,0.0,0.0,3
primary,n_train,150,A,CatBoost,6.666666666666667,7.0,0.0,0.0,3
primary,n_train,150,B,CatBoost,5.444444444444445,6.0,0.0,0.0,9
primary,n_train,150,C,CatBoost,5.166666666666667,5.0,0.0,0.0,6
primary,n_train,150,D,CatBoost,6.333333333333333,6.0,0.0,0.0,3
primary,n_train,151,B,CatBoost,6.0,6.0,0.0,0.0,3
primary,n_train,151,C,CatBoost,4.0,4.0,0.0,0.0,3
primary,n_train,151,D,CatBoost,5.0,5.0,0.0,0.0,3
primary,n_train,152,A,CatBoost,5.0,5.0,0.0,0.0,6
primary,n_train,152,B,CatBoost,5.166666666666667,5.0,0.0,0.0,6
primary,n_train,152,C,CatBoost,6.333333333333333,6.0,0.0,0.0,3
primary,n_train,152,D,CatBoost,5.666666666666667,5.0,0.0,0.0,3
primary,n_train,153,B,CatBoost,5.666666666666667,5.0,0.0,0.0,3
primary,n_train,153,C,CatBoost,5.666666666666667,6.0,0.0,0.0,6
primary,n_train,154,A,CatBoost,4.666666666666667,5.0,0.0,0.0,3
primary,n_train,154,B,CatBoost,6.166666666666667,6.0,0.0,0.0,12
primary,n_train,154,C,CatBoost,5.666666666666667,5.5,0.0,0.0,6
primary,n_train,155,A,CatBoost,6.0,6.0,0.0,0.0,3
primary,n_train,155,C,CatBoost,5.666666666666667,6.0,0.0,0.0,6
primary,n_train,155,D,CatBoost,5.583333333333333,5.5,0.0,0.0,12
primary,n_train,156,A,CatBoost,5.333333333333333,4.0,0.0,0.0,3
primary,n_train,156,B,CatBoost,5.166666666666667,5.0,0.0,0.0,6
primary,n_train,156,C,CatBoost,5.333333333333333,5.0,0.0,0.0,6
primary,n_train,156,D,CatBoost,5.333333333333333,5.0,0.0,0.0,6
primary,n_train,157,B,CatBoost,5.666666666666667,6.0,0.0,0.0,3
primary,n_train,157,C,CatBoost,5.5,6.0,0.0,0.0,6
primary,n_train,157,D,CatBoost,5.333333333333333,5.5,0.0,0.0,6
primary,n_train,158,A,CatBoost,6.0,6.0,0.0,0.0,9
primary,n_train,158,B,CatBoost,5.523809523809524,5.0,0.0,0.0,21
primary,n_train,158,D,CatBoost,5.166666666666667,5.0,0.0,0.0,12
primary,n_train,159,A,CatBoost,5.666666666666667,6.0,0.0,0.0,15
primary,n_train,159,B,CatBoost,4.666666666666667,5.0,0.0,0.0,3
primary,n_train,159,D,CatBoost,5.333333333333333,5.0,0.0,0.0,3
primary,n_train,160,A,CatBoost,5.0,5.0,0.0,0.0,6
primary,n_train,160,B,CatBoost,5.333333333333333,5.0,0.0,0.0,3
primary,n_train,160,D,CatBoost,5.888888888888889,6.0,0.0,0.0,9
primary,n_train,161,A,CatBoost,5.5,6.0,0.0,0.0,6
primary,n_train,161,B,CatBoost,6.0,6.0,0.0,0.0,3
primary,n_train,161,D,CatBoost,5.666666666666667,6.0,0.0,0.0,9
primary,n_train,162,A,CatBoost,5.444444444444445,5.0,0.0,0.0,9
primary,n_train,162,B,CatBoost,5.666666666666667,6.0,0.0,0.0,3
primary,n_train,162,C,CatBoost,5.166666666666667,5.0,0.0,0.0,12
primary,n_train,162,D,CatBoost,5.5,5.5,0.0,0.0,6
primary,n_train,163,A,CatBoost,5.777777777777778,6.0,0.0,0.0,9
primary,n_train,163,B,CatBoost,5.0,5.0,0.0,0.0,3
primary,n_train,163,C,CatBoost,5.166666666666667,5.0,0.0,0.0,6
primary,n_train,163,D,CatBoost,4.333333333333333,4.0,0.0,0.0,3
primary,n_train,164,A,CatBoost,5.111111111111111,5.0,0.0,0.0,9
primary,n_train,164,C,CatBoost,5.0,5.0,0.0,0.0,3
primary,n_train,164,D,CatBoost,6.333333333333333,6.0,0.0,0.0,3
primary,n_train,165,A,CatBoost,5.666666666666667,6.0,0.0,0.0,6
primary,n_train,165,B,CatBoost,4.666666666666667,5.0,0.0,0.0,3
primary,n_train,165,C,CatBoost,6.333333333333333,6.0,0.0,0.0,3
primary,n_train,166,A,CatBoost,6.0,6.0,0.0,0.0,6
primary,n_train,166,B,CatBoost,5.666666666666667,5.0,0.0,0.0,3
primary,n_train,166,C,CatBoost,4.916666666666667,5.0,0.0,0.0,12
primary,n_train,166,D,CatBoost,6.333333333333333,7.0,0.0,0.0,3
primary,n_train,167,A,CatBoost,6.0,6.0,0.0,0.0,6
primary,n_train,167,C,CatBoost,5.666666666666667,6.0,0.0,0.0,3
primary,n_train,167,D,CatBoost,5.0,5.0,0.0,0.0,6
primary,n_train,168,B,CatBoost,5.333333333333333,5.0,0.0,0.0,3
primary,n_train,168,C,CatBoost,5.333333333333333,5.0,0.0,0.0,6
primary,n_train,168,D,CatBoost,5.833333333333333,6.0,0.0,0.0,6
primary,n_train,169,A,CatBoost,6.0,6.0,0.0,0.0,3
primary,n_train,169,B,CatBoost,5.666666666666667,5.0,0.0,0.0,3
primary,n_train,169,D,CatBoost,5.222222222222222,5.0,0.0,0.0,9
primary,n_train,170,A,CatBoost,5.333333333333333,5.5,0.0,0.0,6
primary,n_train,170,B,CatBoost,5.0,5.0,0.0,0.0,3
primary,n_train,170,C,CatBoost,5.666666666666667,6.0,0.0,0.0,6
primary,n_train,170,D,CatBoost,5.166666666666667,5.0,0.0,0.0,6
primary,n_train,171,C,CatBoost,5.0,5.0,0.0,0.0,3
primary,n_train,172,B,CatBoost,5.666666666666667,6.0,0.0,0.0,3
primary,n_train,172,C,CatBoost,5.333333333333333,5.0,0.0,0.0,3
primary,n_train,173,A,CatBoost,5.0,5.0,0.0,0.0,9
primary,n_train,173,C,CatBoost,4.833333333333333,5.0,0.0,0.0,6
primary,n_train,173,D,CatBoost,5.555555555555555,5.0,0.0,0.0,9
primary,n_train,174,B,CatBoost,5.0,5.0,0.0,0.0,3
primary,n_train,174,C,CatBoost,5.666666666666667,6.0,0.0,0.0,9
primary,n_train,174,D,CatBoost,4.333333333333333,4.0,0.0,0.0,3
primary,n_train,175,C,CatBoost,5.666666666666667,6.0,0.0,0.0,3
primary,n_train,176,A,CatBoost,6.333333333333333,6.0,0.0,0.0,3
primary,n_train,176,B,CatBoost,5.75,5.5,0.0,0.0,12
primary,n_train,177,A,CatBoost,5.0,5.0,0.0,0.0,3
primary,n_train,177,D,CatBoost,5.0,5.0,0.0,0.0,3
primary,n_train,178,C,CatBoost,6.0,6.0,0.0,0.0,3
primary,n_train,178,D,CatBoost,5.0,5.0,0.0,0.0,3
primary,n_train,180,C,CatBoost,4.0,4.0,0.0,0.0,3
primary,n_train,182,C,CatBoost,5.5,5.5,0.0,0.0,6
primary,n_train,183,A,CatBoost,5.333333333333333,5.0,0.0,0.0,3
primary,n_train,184,D,CatBoost,4.666666666666667,5.0,0.0,0.0,3
primary,n_train,186,C,CatBoost,4.333333333333333,4.0,0.0,0.0,3
primary,n_train,187,A,CatBoost,5.333333333333333,6.0,0.0,0.0,3
primary,n_train,188,D,CatBoost,4.666666666666667,5.0,0.0,0.0,3
primary,n_train,190,A,CatBoost,4.333333333333333,4.0,0.0,0.0,3
primary,noise_features,0,A,FixedRidgeLambda1,1.6266666666666667,2.0,0.44666666666666666,1.0,150
primary,noise_features,0,B,FixedRidgeLambda1,1.5666666666666667,2.0,0.49333333333333335,1.0,150
primary,noise_features,0,C,FixedRidgeLambda1,1.6133333333333333,2.0,0.4666666666666667,1.0,150
primary,noise_features,0,D,FixedRidgeLambda1,1.6133333333333333,2.0,0.48,1.0,150
primary,n_train,128,B,FixedRidgeLambda1,1.6666666666666667,2.0,0.3333333333333333,1.0,3
primary,n_train,133,A,FixedRidgeLambda1,2.0,2.0,0.0,1.0,3
primary,n_train,133,D,FixedRidgeLambda1,1.6666666666666667,2.0,0.3333333333333333,1.0,3
primary,n_train,134,A,FixedRidgeLambda1,1.6666666666666667,1.0,0.6666666666666666,1.0,3
primary,n_train,135,A,FixedRidgeLambda1,1.0,1.0,1.0,1.0,3
primary,n_train,138,B,FixedRidgeLambda1,1.3333333333333333,1.0,0.6666666666666666,1.0,3
primary,n_train,139,B,FixedRidgeLambda1,2.0,2.0,0.0,1.0,3
primary,n_train,140,D,FixedRidgeLambda1,1.6666666666666667,2.0,0.3333333333333333,1.0,3
primary,n_train,142,B,FixedRidgeLambda1,1.3333333333333333,1.0,0.6666666666666666,1.0,6
primary,n_train,142,C,FixedRidgeLambda1,2.0,2.0,0.0,1.0,3
primary,n_train,142,D,FixedRidgeLambda1,1.0,1.0,1.0,1.0,3
primary,n_train,143,A,FixedRidgeLambda1,1.0,1.0,1.0,1.0,3
primary,n_train,143,B,FixedRidgeLambda1,1.0,1.0,1.0,1.0,3
primary,n_train,144,A,FixedRidgeLambda1,1.6666666666666667,1.0,0.6666666666666666,1.0,3
primary,n_train,144,B,FixedRidgeLambda1,1.6666666666666667,2.0,0.3333333333333333,1.0,3
primary,n_train,145,B,FixedRidgeLambda1,1.3333333333333333,1.0,0.6666666666666666,1.0,6
primary,n_train,145,C,FixedRidgeLambda1,1.3333333333333333,1.0,0.6666666666666666,1.0,3
primary,n_train,146,B,FixedRidgeLambda1,1.0,1.0,1.0,1.0,3
primary,n_train,146,C,FixedRidgeLambda1,1.6666666666666667,2.0,0.3333333333333333,1.0,3
primary,n_train,147,C,FixedRidgeLambda1,1.6666666666666667,1.5,0.5,1.0,6
primary,n_train,147,D,FixedRidgeLambda1,1.3333333333333333,1.0,0.6666666666666666,1.0,3
primary,n_train,148,A,FixedRidgeLambda1,2.6666666666666665,3.0,0.0,1.0,3
primary,n_train,148,B,FixedRidgeLambda1,2.0,2.0,0.0,1.0,3
primary,n_train,148,C,FixedRidgeLambda1,2.3333333333333335,2.0,0.0,1.0,3
primary,n_train,148,D,FixedRidgeLambda1,1.3333333333333333,1.0,0.6666666666666666,1.0,3
primary,n_train,149,B,FixedRidgeLambda1,1.6666666666666667,2.0,0.3333333333333333,1.0,6
primary,n_train,149,D,FixedRidgeLambda1,1.0,1.0,1.0,1.0,3
primary,n_train,150,A,FixedRidgeLambda1,2.3333333333333335,2.0,0.0,1.0,3
primary,n_train,150,B,FixedRidgeLambda1,1.3333333333333333,1.0,0.6666666666666666,1.0,9
primary,n_train,150,C,FixedRidgeLambda1,1.3333333333333333,1.0,0.6666666666666666,1.0,6
primary,n_train,150,D,FixedRidgeLambda1,1.3333333333333333,1.0,0.6666666666666666,1.0,3
primary,n_train,151,B,FixedRidgeLambda1,1.3333333333333333,1.0,0.6666666666666666,1.0,3
primary,n_train,151,C,FixedRidgeLambda1,1.6666666666666667,2.0,0.3333333333333333,1.0,3
primary,n_train,151,D,FixedRidgeLambda1,1.0,1.0,1.0,1.0,3
primary,n_train,152,A,FixedRidgeLambda1,1.6666666666666667,2.0,0.3333333333333333,1.0,6
primary,n_train,152,B,FixedRidgeLambda1,1.5,1.0,0.6666666666666666,1.0,6
primary,n_train,152,C,FixedRidgeLambda1,1.0,1.0,1.0,1.0,3
primary,n_train,152,D,FixedRidgeLambda1,1.3333333333333333,1.0,0.6666666666666666,1.0,3
primary,n_train,153,B,FixedRidgeLambda1,1.6666666666666667,2.0,0.3333333333333333,1.0,3
primary,n_train,153,C,FixedRidgeLambda1,1.3333333333333333,1.0,0.6666666666666666,1.0,6
primary,n_train,154,A,FixedRidgeLambda1,1.6666666666666667,1.0,0.6666666666666666,1.0,3
primary,n_train,154,B,FixedRidgeLambda1,1.6666666666666667,1.0,0.5833333333333334,1.0,12
primary,n_train,154,C,FixedRidgeLambda1,1.3333333333333333,1.0,0.6666666666666666,1.0,6
primary,n_train,155,A,FixedRidgeLambda1,1.0,1.0,1.0,1.0,3
primary,n_train,155,C,FixedRidgeLambda1,1.1666666666666667,1.0,0.8333333333333334,1.0,6
primary,n_train,155,D,FixedRidgeLambda1,1.8333333333333333,2.0,0.25,1.0,12
primary,n_train,156,A,FixedRidgeLambda1,1.3333333333333333,1.0,0.6666666666666666,1.0,3
primary,n_train,156,B,FixedRidgeLambda1,1.6666666666666667,1.5,0.5,1.0,6
primary,n_train,156,C,FixedRidgeLambda1,1.8333333333333333,1.5,0.5,1.0,6
primary,n_train,156,D,FixedRidgeLambda1,1.6666666666666667,1.5,0.5,1.0,6
primary,n_train,157,B,FixedRidgeLambda1,1.3333333333333333,1.0,0.6666666666666666,1.0,3
primary,n_train,157,C,FixedRidgeLambda1,2.1666666666666665,2.0,0.0,1.0,6
primary,n_train,157,D,FixedRidgeLambda1,1.6666666666666667,2.0,0.3333333333333333,1.0,6
primary,n_train,158,A,FixedRidgeLambda1,1.3333333333333333,1.0,0.6666666666666666,1.0,9
primary,n_train,158,B,FixedRidgeLambda1,1.7142857142857142,2.0,0.38095238095238093,1.0,21
primary,n_train,158,D,FixedRidgeLambda1,1.8333333333333333,2.0,0.3333333333333333,1.0,12
primary,n_train,159,A,FixedRidgeLambda1,1.6,2.0,0.4666666666666667,1.0,15
primary,n_train,159,B,FixedRidgeLambda1,1.0,1.0,1.0,1.0,3
primary,n_train,159,D,FixedRidgeLambda1,2.0,2.0,0.0,1.0,3
primary,n_train,160,A,FixedRidgeLambda1,2.0,2.0,0.16666666666666666,1.0,6
primary,n_train,160,B,FixedRidgeLambda1,2.0,2.0,0.0,1.0,3
primary,n_train,160,D,FixedRidgeLambda1,1.8888888888888888,2.0,0.3333333333333333,1.0,9
primary,n_train,161,A,FixedRidgeLambda1,1.1666666666666667,1.0,0.8333333333333334,1.0,6
primary,n_train,161,B,FixedRidgeLambda1,2.3333333333333335,2.0,0.0,1.0,3
primary,n_train,161,D,FixedRidgeLambda1,1.5555555555555556,2.0,0.4444444444444444,1.0,9
primary,n_train,162,A,FixedRidgeLambda1,1.4444444444444444,1.0,0.5555555555555556,1.0,9
primary,n_train,162,B,FixedRidgeLambda1,2.0,2.0,0.0,1.0,3
primary,n_train,162,C,FixedRidgeLambda1,1.5833333333333333,2.0,0.4166666666666667,1.0,12
primary,n_train,162,D,FixedRidgeLambda1,1.6666666666666667,1.5,0.5,1.0,6
primary,n_train,163,A,FixedRidgeLambda1,1.7777777777777777,2.0,0.3333333333333333,1.0,9
primary,n_train,163,B,FixedRidgeLambda1,1.6666666666666667,2.0,0.3333333333333333,1.0,3
primary,n_train,163,C,FixedRidgeLambda1,1.6666666666666667,2.0,0.3333333333333333,1.0,6
primary,n_train,163,D,FixedRidgeLambda1,2.3333333333333335,3.0,0.3333333333333333,1.0,3
primary,n_train,164,A,FixedRidgeLambda1,1.5555555555555556,2.0,0.4444444444444444,1.0,9
primary,n_train,164,C,FixedRidgeLambda1,1.0,1.0,1.0,1.0,3
primary,n_train,164,D,FixedRidgeLambda1,1.3333333333333333,1.0,0.6666666666666666,1.0,3
primary,n_train,165,A,FixedRidgeLambda1,1.3333333333333333,1.0,0.6666666666666666,1.0,6
primary,n_train,165,B,FixedRidgeLambda1,1.0,1.0,1.0,1.0,3
primary,n_train,165,C,FixedRidgeLambda1,1.6666666666666667,2.0,0.3333333333333333,1.0,3
primary,n_train,166,A,FixedRidgeLambda1,1.5,1.5,0.5,1.0,6
primary,n_train,166,B,FixedRidgeLambda1,1.6666666666666667,2.0,0.3333333333333333,1.0,3
primary,n_train,166,C,FixedRidgeLambda1,1.6666666666666667,2.0,0.3333333333333333,1.0,12
primary,n_train,166,D,FixedRidgeLambda1,1.6666666666666667,1.0,0.6666666666666666,1.0,3
primary,n_train,167,A,FixedRidgeLambda1,1.8333333333333333,2.0,0.16666666666666666,1.0,6
primary,n_train,167,C,FixedRidgeLambda1,1.6666666666666667,2.0,0.3333333333333333,1.0,3
primary,n_train,167,D,FixedRidgeLambda1,1.3333333333333333,1.0,0.6666666666666666,1.0,6
primary,n_train,168,B,FixedRidgeLambda1,1.6666666666666667,2.0,0.3333333333333333,1.0,3
primary,n_train,168,C,FixedRidgeLambda1,2.0,2.0,0.3333333333333333,1.0,6
primary,n_train,168,D,FixedRidgeLambda1,1.5,1.5,0.5,1.0,6
primary,n_train,169,A,FixedRidgeLambda1,1.6666666666666667,2.0,0.3333333333333333,1.0,3
primary,n_train,169,B,FixedRidgeLambda1,2.0,2.0,0.3333333333333333,1.0,3
primary,n_train,169,D,FixedRidgeLambda1,1.6666666666666667,1.0,0.5555555555555556,1.0,9
primary,n_train,170,A,FixedRidgeLambda1,1.6666666666666667,2.0,0.3333333333333333,1.0,6
primary,n_train,170,B,FixedRidgeLambda1,1.6666666666666667,2.0,0.3333333333333333,1.0,3
primary,n_train,170,C,FixedRidgeLambda1,1.8333333333333333,1.5,0.5,1.0,6
primary,n_train,170,D,FixedRidgeLambda1,2.0,2.0,0.0,1.0,6
primary,n_train,171,C,FixedRidgeLambda1,2.0,2.0,0.3333333333333333,1.0,3
primary,n_train,172,B,FixedRidgeLambda1,1.0,1.0,1.0,1.0,3
primary,n_train,172,C,FixedRidgeLambda1,1.0,1.0,1.0,1.0,3
primary,n_train,173,A,FixedRidgeLambda1,2.2222222222222223,2.0,0.0,1.0,9
primary,n_train,173,C,FixedRidgeLambda1,1.5,1.0,0.6666666666666666,1.0,6
primary,n_train,173,D,FixedRidgeLambda1,1.8888888888888888,2.0,0.3333333333333333,1.0,9
primary,n_train,174,B,FixedRidgeLambda1,1.3333333333333333,1.0,0.6666666666666666,1.0,3
primary,n_train,174,C,FixedRidgeLambda1,1.5555555555555556,2.0,0.4444444444444444,1.0,9
primary,n_train,174,D,FixedRidgeLambda1,1.3333333333333333,1.0,0.6666666666666666,1.0,3
primary,n_train,175,C,FixedRidgeLambda1,1.6666666666666667,2.0,0.3333333333333333,1.0,3
primary,n_train,176,A,FixedRidgeLambda1,1.3333333333333333,1.0,0.6666666666666666,1.0,3
primary,n_train,176,B,FixedRidgeLambda1,1.5833333333333333,2.0,0.4166666666666667,1.0,12
primary,n_train,177,A,FixedRidgeLambda1,1.3333333333333333,1.0,0.6666666666666666,1.0,3
primary,n_train,177,D,FixedRidgeLambda1,1.3333333333333333,1.0,0.6666666666666666,1.0,3
primary,n_train,178,C,FixedRidgeLambda1,1.6666666666666667,2.0,0.3333333333333333,1.0,3
primary,n_train,178,D,FixedRidgeLambda1,1.3333333333333333,1.0,0.6666666666666666,1.0,3
primary,n_train,180,C,FixedRidgeLambda1,1.6666666666666667,2.0,0.3333333333333333,1.0,3
primary,n_train,182,C,FixedRidgeLambda1,1.8333333333333333,2.0,0.3333333333333333,1.0,6
primary,n_train,183,A,FixedRidgeLambda1,1.6666666666666667,2.0,0.3333333333333333,1.0,3
primary,n_train,184,D,FixedRidgeLambda1,1.3333333333333333,1.0,0.6666666666666666,1.0,3
primary,n_train,186,C,FixedRidgeLambda1,1.3333333333333333,1.0,0.6666666666666666,1.0,3
primary,n_train,187,A,FixedRidgeLambda1,1.6666666666666667,2.0,0.3333333333333333,1.0,3
primary,n_train,188,D,FixedRidgeLambda1,1.0,1.0,1.0,1.0,3
primary,n_train,190,A,FixedRidgeLambda1,2.0,2.0,0.0,1.0,3
primary,noise_features,0,A,KNN,9.226666666666667,10.0,0.0,0.0,150
primary,noise_features,0,B,KNN,9.38,10.0,0.0,0.0,150
primary,noise_features,0,C,KNN,8.586666666666666,9.0,0.0,0.0,150
primary,noise_features,0,D,KNN,8.986666666666666,9.0,0.0,0.0,150
primary,n_train,128,B,KNN,9.0,9.0,0.0,0.0,3
primary,n_train,133,A,KNN,9.333333333333334,9.0,0.0,0.0,3
primary,n_train,133,D,KNN,9.0,10.0,0.0,0.0,3
primary,n_train,134,A,KNN,10.0,10.0,0.0,0.0,3
primary,n_train,135,A,KNN,10.0,10.0,0.0,0.0,3
primary,n_train,138,B,KNN,8.333333333333334,9.0,0.0,0.0,3
primary,n_train,139,B,KNN,8.333333333333334,8.0,0.0,0.0,3
primary,n_train,140,D,KNN,9.333333333333334,10.0,0.0,0.0,3
primary,n_train,142,B,KNN,9.333333333333334,9.0,0.0,0.0,6
primary,n_train,142,C,KNN,5.666666666666667,6.0,0.0,0.0,3
primary,n_train,142,D,KNN,8.666666666666666,8.0,0.0,0.0,3
primary,n_train,143,A,KNN,10.0,10.0,0.0,0.0,3
primary,n_train,143,B,KNN,9.666666666666666,10.0,0.0,0.0,3
primary,n_train,144,A,KNN,9.0,10.0,0.0,0.0,3
primary,n_train,144,B,KNN,10.0,10.0,0.0,0.0,3
primary,n_train,145,B,KNN,9.833333333333334,10.0,0.0,0.0,6
primary,n_train,145,C,KNN,8.666666666666666,10.0,0.0,0.0,3
primary,n_train,146,B,KNN,7.333333333333333,8.0,0.0,0.0,3
primary,n_train,146,C,KNN,7.0,8.0,0.0,0.0,3
primary,n_train,147,C,KNN,9.5,9.5,0.0,0.0,6
primary,n_train,147,D,KNN,8.666666666666666,8.0,0.0,0.0,3
primary,n_train,148,A,KNN,8.666666666666666,9.0,0.0,0.0,3
primary,n_train,148,B,KNN,10.0,10.0,0.0,0.0,3
primary,n_train,148,C,KNN,9.333333333333334,9.0,0.0,0.0,3
primary,n_train,148,D,KNN,8.333333333333334,8.0,0.0,0.0,3
primary,n_train,149,B,KNN,9.833333333333334,10.0,0.0,0.0,6
primary,n_train,149,D,KNN,9.0,9.0,0.0,0.0,3
primary,n_train,150,A,KNN,9.666666666666666,10.0,0.0,0.0,3
primary,n_train,150,B,KNN,9.777777777777779,10.0,0.0,0.0,9
primary,n_train,150,C,KNN,10.0,10.0,0.0,0.0,6
primary,n_train,150,D,KNN,10.0,10.0,0.0,0.0,3
primary,n_train,151,B,KNN,5.666666666666667,6.0,0.0,0.0,3
primary,n_train,151,C,KNN,9.333333333333334,10.0,0.0,0.0,3
primary,n_train,151,D,KNN,10.0,10.0,0.0,0.0,3
primary,n_train,152,A,KNN,9.5,9.5,0.0,0.0,6
primary,n_train,152,B,KNN,9.833333333333334,10.0,0.0,0.0,6
primary,n_train,152,C,KNN,8.0,8.0,0.0,0.0,3
primary,n_train,152,D,KNN,10.0,10.0,0.0,0.0,3
primary,n_train,153,B,KNN,10.0,10.0,0.0,0.0,3
primary,n_train,153,C,KNN,9.0,9.0,0.0,0.0,6
primary,n_train,154,A,KNN,10.0,10.0,0.0,0.0,3
primary,n_train,154,B,KNN,9.25,10.0,0.0,0.0,12
primary,n_train,154,C,KNN,6.833333333333333,7.0,0.0,0.0,6
primary,n_train,155,A,KNN,9.0,9.0,0.0,0.0,3
primary,n_train,155,C,KNN,9.333333333333334,9.0,0.0,0.0,6
primary,n_train,155,D,KNN,8.416666666666666,9.0,0.0,0.0,12
primary,n_train,156,A,KNN,8.333333333333334,9.0,0.0,0.0,3
primary,n_train,156,B,KNN,9.5,10.0,0.0,0.0,6
primary,n_train,156,C,KNN,8.666666666666666,9.5,0.0,0.0,6
primary,n_train,156,D,KNN,7.833333333333333,8.0,0.0,0.0,6
primary,n_train,157,B,KNN,7.333333333333333,8.0,0.0,0.0,3
primary,n_train,157,C,KNN,8.0,9.5,0.0,0.0,6
primary,n_train,157,D,KNN,9.5,9.5,0.0,0.0,6
primary,n_train,158,A,KNN,8.666666666666666,8.0,0.0,0.0,9
primary,n_train,158,B,KNN,10.0,10.0,0.0,0.0,21
primary,n_train,158,D,KNN,9.083333333333334,9.0,0.0,0.0,12
primary,n_train,159,A,KNN,9.266666666666667,9.0,0.0,0.0,15
primary,n_train,159,B,KNN,9.666666666666666,10.0,0.0,0.0,3
primary,n_train,159,D,KNN,9.0,9.0,0.0,0.0,3
primary,n_train,160,A,KNN,9.333333333333334,9.5,0.0,0.0,6
primary,n_train,160,B,KNN,10.0,10.0,0.0,0.0,3
primary,n_train,160,D,KNN,9.333333333333334,10.0,0.0,0.0,9
primary,n_train,161,A,KNN,8.666666666666666,8.5,0.0,0.0,6
primary,n_train,161,B,KNN,10.0,10.0,0.0,0.0,3
primary,n_train,161,D,KNN,8.88888888888889,9.0,0.0,0.0,9
primary,n_train,162,A,KNN,9.444444444444445,10.0,0.0,0.0,9
primary,n_train,162,B,KNN,10.0,10.0,0.0,0.0,3
primary,n_train,162,C,KNN,8.0,8.0,0.0,0.0,12
primary,n_train,162,D,KNN,9.333333333333334,9.5,0.0,0.0,6
primary,n_train,163,A,KNN,8.666666666666666,8.0,0.0,0.0,9
primary,n_train,163,B,KNN,10.0,10.0,0.0,0.0,3
primary,n_train,163,C,KNN,9.333333333333334,10.0,0.0,0.0,6
primary,n_train,163,D,KNN,7.333333333333333,7.0,0.0,0.0,3
primary,n_train,164,A,KNN,8.444444444444445,9.0,0.0,0.0,9
primary,n_train,164,C,KNN,8.333333333333334,8.0,0.0,0.0,3
primary,n_train,164,D,KNN,10.0,10.0,0.0,0.0,3
primary,n_train,165,A,KNN,9.5,10.0,0.0,0.0,6
primary,n_train,165,B,KNN,8.0,7.0,0.0,0.0,3
primary,n_train,165,C,KNN,9.666666666666666,10.0,0.0,0.0,3
primary,n_train,166,A,KNN,9.333333333333334,10.0,0.0,0.0,6
primary,n_train,166,B,KNN,8.333333333333334,9.0,0.0,0.0,3
primary,n_train,166,C,KNN,8.416666666666666,8.5,0.0,0.0,12
primary,n_train,166,D,KNN,8.333333333333334,8.0,0.0,0.0,3
primary,n_train,167,A,KNN,10.0,10.0,0.0,0.0,6
primary,n_train,167,C,KNN,6.333333333333333,6.0,0.0,0.0,3
primary,n_train,167,D,KNN,9.166666666666666,9.5,0.0,0.0,6
primary,n_train,168,B,KNN,10.0,10.0,0.0,0.0,3
primary,n_train,168,C,KNN,8.833333333333334,9.0,0.0,0.0,6
primary,n_train,168,D,KNN,9.0,9.0,0.0,0.0,6
primary,n_train,169,A,KNN,9.0,9.0,0.0,0.0,3
primary,n_train,169,B,KNN,9.666666666666666,10.0,0.0,0.0,3
primary,n_train,169,D,KNN,9.333333333333334,10.0,0.0,0.0,9
primary,n_train,170,A,KNN,9.833333333333334,10.0,0.0,0.0,6
primary,n_train,170,B,KNN,9.333333333333334,9.0,0.0,0.0,3
primary,n_train,170,C,KNN,8.666666666666666,9.0,0.0,0.0,6
primary,n_train,170,D,KNN,9.5,10.0,0.0,0.0,6
primary,n_train,171,C,KNN,9.666666666666666,10.0,0.0,0.0,3
primary,n_train,172,B,KNN,9.666666666666666,10.0,0.0,0.0,3
primary,n_train,172,C,KNN,9.333333333333334,9.0,0.0,0.0,3
primary,n_train,173,A,KNN,9.222222222222221,9.0,0.0,0.0,9
primary,n_train,173,C,KNN,9.166666666666666,10.0,0.0,0.0,6
primary,n_train,173,D,KNN,9.555555555555555,10.0,0.0,0.0,9
primary,n_train,174,B,KNN,10.0,10.0,0.0,0.0,3
primary,n_train,174,C,KNN,7.666666666666667,8.0,0.0,0.0,9
primary,n_train,174,D,KNN,7.666666666666667,8.0,0.0,0.0,3
primary,n_train,175,C,KNN,10.0,10.0,0.0,0.0,3
primary,n_train,176,A,KNN,9.0,10.0,0.0,0.0,3
primary,n_train,176,B,KNN,8.916666666666666,9.5,0.0,0.0,12
primary,n_train,177,A,KNN,10.0,10.0,0.0,0.0,3
primary,n_train,177,D,KNN,9.0,9.0,0.0,0.0,3
primary,n_train,178,C,KNN,9.333333333333334,9.0,0.0,0.0,3
primary,n_train,178,D,KNN,8.0,8.0,0.0,0.0,3
primary,n_train,180,C,KNN,8.666666666666666,9.0,0.0,0.0,3
primary,n_train,182,C,KNN,9.5,10.0,0.0,0.0,6
primary,n_train,183,A,KNN,8.666666666666666,8.0,0.0,0.0,3
primary,n_train,184,D,KNN,10.0,10.0,0.0,0.0,3
primary,n_train,186,C,KNN,7.666666666666667,8.0,0.0,0.0,3
primary,n_train,187,A,KNN,9.666666666666666,10.0,0.0,0.0,3
primary,n_train,188,D,KNN,7.0,6.0,0.0,0.0,3
primary,n_train,190,A,KNN,9.0,9.0,0.0,0.0,3
primary,noise_features,0,A,LightGBM,6.193333333333333,6.0,0.0,0.0,150
primary,noise_features,0,B,LightGBM,7.153333333333333,7.0,0.0,0.0,150
primary,noise_features,0,C,LightGBM,6.52,6.0,0.0,0.0,150
primary,noise_features,0,D,LightGBM,6.173333333333333,6.0,0.0,0.0,150
primary,n_train,128,B,LightGBM,8.0,8.0,0.0,0.0,3
primary,n_train,133,A,LightGBM,7.333333333333333,7.0,0.0,0.0,3
primary,n_train,133,D,LightGBM,6.666666666666667,7.0,0.0,0.0,3
primary,n_train,134,A,LightGBM,6.333333333333333,6.0,0.0,0.0,3
primary,n_train,135,A,LightGBM,6.333333333333333,6.0,0.0,0.0,3
primary,n_train,138,B,LightGBM,8.333333333333334,8.0,0.0,0.0,3
primary,n_train,139,B,LightGBM,5.0,5.0,0.0,0.0,3
primary,n_train,140,D,LightGBM,5.666666666666667,6.0,0.0,0.0,3
primary,n_train,142,B,LightGBM,5.833333333333333,5.5,0.0,0.0,6
primary,n_train,142,C,LightGBM,8.333333333333334,8.0,0.0,0.0,3
primary,n_train,142,D,LightGBM,5.0,5.0,0.0,0.0,3
primary,n_train,143,A,LightGBM,6.0,6.0,0.0,0.0,3
primary,n_train,143,B,LightGBM,5.666666666666667,6.0,0.0,0.0,3
primary,n_train,144,A,LightGBM,6.333333333333333,6.0,0.0,0.0,3
primary,n_train,144,B,LightGBM,5.666666666666667,5.0,0.0,0.0,3
primary,n_train,145,B,LightGBM,6.833333333333333,7.0,0.0,0.0,6
primary,n_train,145,C,LightGBM,7.333333333333333,8.0,0.0,0.0,3
primary,n_train,146,B,LightGBM,8.666666666666666,9.0,0.0,0.0,3
primary,n_train,146,C,LightGBM,5.666666666666667,6.0,0.0,0.0,3
primary,n_train,147,C,LightGBM,6.166666666666667,6.5,0.0,0.0,6
primary,n_train,147,D,LightGBM,5.333333333333333,5.0,0.0,0.0,3
primary,n_train,148,A,LightGBM,7.0,7.0,0.0,0.0,3
primary,n_train,148,B,LightGBM,7.333333333333333,7.0,0.0,0.0,3
primary,n_train,148,C,LightGBM,5.666666666666667,6.0,0.0,0.0,3
primary,n_train,148,D,LightGBM,8.333333333333334,9.0,0.0,0.0,3
primary,n_train,149,B,LightGBM,7.5,8.0,0.0,0.0,6
primary,n_train,149,D,LightGBM,6.0,6.0,0.0,0.0,3
primary,n_train,150,A,LightGBM,5.333333333333333,5.0,0.0,0.0,3
primary,n_train,150,B,LightGBM,6.333333333333333,6.0,0.0,0.0,9
primary,n_train,150,C,LightGBM,6.5,6.0,0.0,0.0,6
primary,n_train,150,D,LightGBM,5.0,5.0,0.0,0.0,3
primary,n_train,151,B,LightGBM,9.0,9.0,0.0,0.0,3
primary,n_train,151,C,LightGBM,6.666666666666667,7.0,0.0,0.0,3
primary,n_train,151,D,LightGBM,6.0,6.0,0.0,0.0,3
primary,n_train,152,A,LightGBM,7.333333333333333,7.0,0.0,0.0,6
primary,n_train,152,B,LightGBM,7.166666666666667,7.5,0.0,0.0,6
primary,n_train,152,C,LightGBM,6.0,6.0,0.0,0.0,3
primary,n_train,152,D,LightGBM,5.666666666666667,6.0,0.0,0.0,3
primary,n_train,153,B,LightGBM,5.666666666666667,6.0,0.0,0.0,3
primary,n_train,153,C,LightGBM,5.5,5.0,0.0,0.0,6
primary,n_train,154,A,LightGBM,6.666666666666667,7.0,0.0,0.0,3
primary,n_train,154,B,LightGBM,6.916666666666667,7.5,0.0,0.0,12
primary,n_train,154,C,LightGBM,8.0,8.0,0.0,0.0,6
primary,n_train,155,A,LightGBM,6.333333333333333,7.0,0.0,0.0,3
primary,n_train,155,C,LightGBM,5.5,5.5,0.0,0.0,6
primary,n_train,155,D,LightGBM,6.666666666666667,6.0,0.0,0.0,12
primary,n_train,156,A,LightGBM,6.666666666666667,7.0,0.0,0.0,3
primary,n_train,156,B,LightGBM,6.666666666666667,6.5,0.0,0.0,6
primary,n_train,156,C,LightGBM,6.0,6.0,0.0,0.0,6
primary,n_train,156,D,LightGBM,6.333333333333333,7.0,0.0,0.0,6
primary,n_train,157,B,LightGBM,9.0,9.0,0.0,0.0,3
primary,n_train,157,C,LightGBM,7.833333333333333,8.0,0.0,0.0,6
primary,n_train,157,D,LightGBM,5.666666666666667,5.5,0.0,0.0,6
primary,n_train,158,A,LightGBM,5.0,5.0,0.0,0.0,9
primary,n_train,158,B,LightGBM,7.142857142857143,7.0,0.0,0.0,21
primary,n_train,158,D,LightGBM,6.25,6.0,0.0,0.0,12
primary,n_train,159,A,LightGBM,6.2,6.0,0.0,0.0,15
primary,n_train,159,B,LightGBM,8.333333333333334,8.0,0.0,0.0,3
primary,n_train,159,D,LightGBM,5.666666666666667,6.0,0.0,0.0,3
primary,n_train,160,A,LightGBM,6.666666666666667,7.0,0.0,0.0,6
primary,n_train,160,B,LightGBM,6.666666666666667,7.0,0.0,0.0,3
primary,n_train,160,D,LightGBM,6.444444444444445,6.0,0.0,0.0,9
primary,n_train,161,A,LightGBM,6.833333333333333,7.0,0.0,0.0,6
primary,n_train,161,B,LightGBM,7.666666666666667,8.0,0.0,0.0,3
primary,n_train,161,D,LightGBM,6.555555555555555,7.0,0.0,0.0,9
primary,n_train,162,A,LightGBM,6.111111111111111,6.0,0.0,0.0,9
primary,n_train,162,B,LightGBM,8.0,8.0,0.0,0.0,3
primary,n_train,162,C,LightGBM,7.166666666666667,7.0,0.0,0.0,12
primary,n_train,162,D,LightGBM,5.5,5.5,0.0,0.0,6
primary,n_train,163,A,LightGBM,5.444444444444445,5.0,0.0,0.0,9
primary,n_train,163,B,LightGBM,7.333333333333333,7.0,0.0,0.0,3
primary,n_train,163,C,LightGBM,7.166666666666667,7.0,0.0,0.0,6
primary,n_train,163,D,LightGBM,8.666666666666666,8.0,0.0,0.0,3
primary,n_train,164,A,LightGBM,6.666666666666667,7.0,0.0,0.0,9
primary,n_train,164,C,LightGBM,6.666666666666667,6.0,0.0,0.0,3
primary,n_train,164,D,LightGBM,5.0,5.0,0.0,0.0,3
primary,n_train,165,A,LightGBM,5.333333333333333,5.0,0.0,0.0,6
primary,n_train,165,B,LightGBM,8.0,8.0,0.0,0.0,3
primary,n_train,165,C,LightGBM,5.0,5.0,0.0,0.0,3
primary,n_train,166,A,LightGBM,5.833333333333333,6.0,0.0,0.0,6
primary,n_train,166,B,LightGBM,8.0,8.0,0.0,0.0,3
primary,n_train,166,C,LightGBM,6.25,6.0,0.0,0.0,12
primary,n_train,166,D,LightGBM,5.666666666666667,6.0,0.0,0.0,3
primary,n_train,167,A,LightGBM,6.0,6.0,0.0,0.0,6
primary,n_train,167,C,LightGBM,8.333333333333334,8.0,0.0,0.0,3
primary,n_train,167,D,LightGBM,6.0,6.0,0.0,0.0,6
primary,n_train,168,B,LightGBM,8.0,8.0,0.0,0.0,3
primary,n_train,168,C,LightGBM,7.5,8.0,0.0,0.0,6
primary,n_train,168,D,LightGBM,5.666666666666667,5.5,0.0,0.0,6
primary,n_train,169,A,LightGBM,5.666666666666667,6.0,0.0,0.0,3
primary,n_train,169,B,LightGBM,7.0,7.0,0.0,0.0,3
primary,n_train,169,D,LightGBM,6.0,6.0,0.0,0.0,9
primary,n_train,170,A,LightGBM,6.166666666666667,5.5,0.0,0.0,6
primary,n_train,170,B,LightGBM,7.333333333333333,7.0,0.0,0.0,3
primary,n_train,170,C,LightGBM,6.833333333333333,7.0,0.0,0.0,6
primary,n_train,170,D,LightGBM,5.666666666666667,5.5,0.0,0.0,6
primary,n_train,171,C,LightGBM,7.666666666666667,7.0,0.0,0.0,3
primary,n_train,172,B,LightGBM,8.0,8.0,0.0,0.0,3
primary,n_train,172,C,LightGBM,5.0,5.0,0.0,0.0,3
primary,n_train,173,A,LightGBM,6.666666666666667,7.0,0.0,0.0,9
primary,n_train,173,C,LightGBM,7.166666666666667,7.0,0.0,0.0,6
primary,n_train,173,D,LightGBM,6.111111111111111,6.0,0.0,0.0,9
primary,n_train,174,B,LightGBM,8.0,8.0,0.0,0.0,3
primary,n_train,174,C,LightGBM,5.555555555555555,5.0,0.0,0.0,9
primary,n_train,174,D,LightGBM,6.666666666666667,7.0,0.0,0.0,3
primary,n_train,175,C,LightGBM,5.333333333333333,5.0,0.0,0.0,3
primary,n_train,176,A,LightGBM,5.0,5.0,0.0,0.0,3
primary,n_train,176,B,LightGBM,7.083333333333333,7.0,0.0,0.0,12
primary,n_train,177,A,LightGBM,6.333333333333333,6.0,0.0,0.0,3
primary,n_train,177,D,LightGBM,6.666666666666667,7.0,0.0,0.0,3
primary,n_train,178,C,LightGBM,4.666666666666667,5.0,0.0,0.0,3
primary,n_train,178,D,LightGBM,8.0,8.0,0.0,0.0,3
primary,n_train,180,C,LightGBM,6.0,6.0,0.0,0.0,3
primary,n_train,182,C,LightGBM,6.0,6.0,0.0,0.0,6
primary,n_train,183,A,LightGBM,5.666666666666667,6.0,0.0,0.0,3
primary,n_train,184,D,LightGBM,7.666666666666667,8.0,0.0,0.0,3
primary,n_train,186,C,LightGBM,7.0,7.0,0.0,0.0,3
primary,n_train,187,A,LightGBM,5.333333333333333,5.0,0.0,0.0,3
primary,n_train,188,D,LightGBM,4.333333333333333,4.0,0.0,0.0,3
primary,n_train,190,A,LightGBM,8.333333333333334,8.0,0.0,0.0,3
primary,noise_features,0,A,LinearRegression,1.8333333333333333,2.0,0.3466666666666667,1.0,150
primary,noise_features,0,B,LinearRegression,1.7666666666666666,2.0,0.36666666666666664,0.9933333333333333,150
primary,noise_features,0,C,LinearRegression,1.8466666666666667,2.0,0.30666666666666664,1.0,150
primary,noise_features,0,D,LinearRegression,1.8066666666666666,2.0,0.32666666666666666,1.0,150
primary,n_train,128,B,LinearRegression,2.6666666666666665,3.0,0.0,1.0,3
primary,n_train,133,A,LinearRegression,1.0,1.0,1.0,1.0,3
primary,n_train,133,D,LinearRegression,1.3333333333333333,1.0,0.6666666666666666,1.0,3
primary,n_train,134,A,LinearRegression,2.0,2.0,0.0,1.0,3
primary,n_train,135,A,LinearRegression,2.0,2.0,0.0,1.0,3
primary,n_train,138,B,LinearRegression,3.0,3.0,0.0,1.0,3
primary,n_train,139,B,LinearRegression,1.0,1.0,1.0,1.0,3
primary,n_train,140,D,LinearRegression,1.3333333333333333,1.0,0.6666666666666666,1.0,3
primary,n_train,142,B,LinearRegression,1.6666666666666667,2.0,0.3333333333333333,1.0,6
primary,n_train,142,C,LinearRegression,2.3333333333333335,3.0,0.3333333333333333,1.0,3
primary,n_train,142,D,LinearRegression,2.0,2.0,0.0,1.0,3
primary,n_train,143,A,LinearRegression,2.0,2.0,0.0,1.0,3
primary,n_train,143,B,LinearRegression,2.0,2.0,0.0,1.0,3
primary,n_train,144,A,LinearRegression,2.0,2.0,0.0,1.0,3
primary,n_train,144,B,LinearRegression,1.3333333333333333,1.0,0.6666666666666666,1.0,3
primary,n_train,145,B,LinearRegression,1.6666666666666667,2.0,0.3333333333333333,1.0,6
primary,n_train,145,C,LinearRegression,2.3333333333333335,2.0,0.0,1.0,3
primary,n_train,146,B,LinearRegression,2.0,2.0,0.0,1.0,3
primary,n_train,146,C,LinearRegression,1.3333333333333333,1.0,0.6666666666666666,1.0,3
primary,n_train,147,C,LinearRegression,1.6666666666666667,2.0,0.3333333333333333,1.0,6
primary,n_train,147,D,LinearRegression,1.6666666666666667,2.0,0.3333333333333333,1.0,3
primary,n_train,148,A,LinearRegression,1.0,1.0,1.0,1.0,3
primary,n_train,148,B,LinearRegression,1.0,1.0,1.0,1.0,3
primary,n_train,148,C,LinearRegression,1.3333333333333333,1.0,0.6666666666666666,1.0,3
primary,n_train,148,D,LinearRegression,1.6666666666666667,2.0,0.3333333333333333,1.0,3
primary,n_train,149,B,LinearRegression,2.1666666666666665,2.5,0.3333333333333333,1.0,6
primary,n_train,149,D,LinearRegression,2.0,2.0,0.0,1.0,3
primary,n_train,150,A,LinearRegression,1.3333333333333333,1.0,0.6666666666666666,1.0,3
primary,n_train,150,B,LinearRegression,2.3333333333333335,2.0,0.0,1.0,9
primary,n_train,150,C,LinearRegression,1.6666666666666667,2.0,0.3333333333333333,1.0,6
primary,n_train,150,D,LinearRegression,1.6666666666666667,2.0,0.3333333333333333,1.0,3
primary,n_train,151,B,LinearRegression,2.3333333333333335,2.0,0.0,1.0,3
primary,n_train,151,C,LinearRegression,2.0,2.0,0.3333333333333333,1.0,3
primary,n_train,151,D,LinearRegression,2.0,2.0,0.0,1.0,3
primary,n_train,152,A,LinearRegression,1.6666666666666667,1.5,0.5,1.0,6
primary,n_train,152,B,LinearRegression,1.6666666666666667,2.0,0.3333333333333333,1.0,6
primary,n_train,152,C,LinearRegression,2.0,2.0,0.0,1.0,3
primary,n_train,152,D,LinearRegression,2.3333333333333335,2.0,0.0,1.0,3
primary,n_train,153,B,LinearRegression,1.3333333333333333,1.0,0.6666666666666666,1.0,3
primary,n_train,153,C,LinearRegression,2.3333333333333335,2.0,0.0,1.0,6
primary,n_train,154,A,LinearRegression,2.3333333333333335,2.0,0.0,1.0,3
primary,n_train,154,B,LinearRegression,1.9166666666666667,2.0,0.25,0.9166666666666666,12
primary,n_train,154,C,LinearRegression,2.0,2.0,0.16666666666666666,1.0,6
primary,n_train,155,A,LinearRegression,2.0,2.0,0.0,1.0,3
primary,n_train,155,C,LinearRegression,1.8333333333333333,2.0,0.16666666666666666,1.0,6
primary,n_train,155,D,LinearRegression,1.6666666666666667,1.5,0.5,1.0,12
primary,n_train,156,A,LinearRegression,2.3333333333333335,2.0,0.0,1.0,3
primary,n_train,156,B,LinearRegression,1.6666666666666667,2.0,0.3333333333333333,1.0,6
primary,n_train,156,C,LinearRegression,1.8333333333333333,2.0,0.16666666666666666,1.0,6
primary,n_train,156,D,LinearRegression,2.0,2.0,0.16666666666666666,1.0,6
primary,n_train,157,B,LinearRegression,2.3333333333333335,2.0,0.0,1.0,3
primary,n_train,157,C,LinearRegression,1.5,1.0,0.6666666666666666,1.0,6
primary,n_train,157,D,LinearRegression,2.0,2.0,0.3333333333333333,1.0,6
primary,n_train,158,A,LinearRegression,2.111111111111111,2.0,0.1111111111111111,1.0,9
primary,n_train,158,B,LinearRegression,1.4761904761904763,1.0,0.5238095238095238,1.0,21
primary,n_train,158,D,LinearRegression,1.5833333333333333,1.5,0.5,1.0,12
primary,n_train,159,A,LinearRegression,1.6666666666666667,2.0,0.4,1.0,15
primary,n_train,159,B,LinearRegression,2.0,2.0,0.0,1.0,3
primary,n_train,159,D,LinearRegression,1.0,1.0,1.0,1.0,3
primary,n_train,160,A,LinearRegression,1.6666666666666667,1.5,0.5,1.0,6
primary,n_train,160,B,LinearRegression,1.0,1.0,1.0,1.0,3
primary,n_train,160,D,LinearRegression,1.7777777777777777,2.0,0.3333333333333333,1.0,9
primary,n_train,161,A,LinearRegression,1.8333333333333333,2.0,0.16666666666666666,1.0,6
primary,n_train,161,B,LinearRegression,1.3333333333333333,1.0,0.6666666666666666,1.0,3
primary,n_train,161,D,LinearRegression,2.0,2.0,0.3333333333333333,1.0,9
primary,n_train,162,A,LinearRegression,1.5555555555555556,2.0,0.4444444444444444,1.0,9
primary,n_train,162,B,LinearRegression,1.6666666666666667,1.0,0.6666666666666666,1.0,3
primary,n_train,162,C,LinearRegression,1.5833333333333333,1.5,0.5,1.0,12
primary,n_train,162,D,LinearRegression,2.1666666666666665,2.0,0.16666666666666666,1.0,6
primary,n_train,163,A,LinearRegression,2.0,2.0,0.3333333333333333,1.0,9
primary,n_train,163,B,LinearRegression,2.6666666666666665,3.0,0.0,1.0,3
primary,n_train,163,C,LinearRegression,2.0,2.0,0.3333333333333333,1.0,6
primary,n_train,163,D,LinearRegression,2.0,2.0,0.0,1.0,3
primary,n_train,164,A,LinearRegression,1.8888888888888888,2.0,0.4444444444444444,1.0,9
primary,n_train,164,C,LinearRegression,2.0,2.0,0.0,1.0,3
primary,n_train,164,D,LinearRegression,2.3333333333333335,2.0,0.0,1.0,3
primary,n_train,165,A,LinearRegression,2.0,2.0,0.16666666666666666,1.0,6
primary,n_train,165,B,LinearRegression,2.0,2.0,0.0,1.0,3
primary,n_train,165,C,LinearRegression,1.3333333333333333,1.0,0.6666666666666666,1.0,3
primary,n_train,166,A,LinearRegression,1.8333333333333333,2.0,0.3333333333333333,1.0,6
primary,n_train,166,B,LinearRegression,2.0,2.0,0.3333333333333333,1.0,3
primary,n_train,166,C,LinearRegression,1.75,1.5,0.5,1.0,12
primary,n_train,166,D,LinearRegression,2.0,2.0,0.0,1.0,3
primary,n_train,167,A,LinearRegression,1.8333333333333333,1.5,0.5,1.0,6
primary,n_train,167,C,LinearRegression,2.0,2.0,0.3333333333333333,1.0,3
primary,n_train,167,D,LinearRegression,2.3333333333333335,2.0,0.0,1.0,6
primary,n_train,168,B,LinearRegression,1.3333333333333333,1.0,0.6666666666666666,1.0,3
primary,n_train,168,C,LinearRegression,2.3333333333333335,2.0,0.0,1.0,6
primary,n_train,168,D,LinearRegression,1.8333333333333333,2.0,0.3333333333333333,1.0,6
primary,n_train,169,A,LinearRegression,1.3333333333333333,1.0,0.6666666666666666,1.0,3
primary,n_train,169,B,LinearRegression,2.0,2.0,0.3333333333333333,1.0,3
primary,n_train,169,D,LinearRegression,1.6666666666666667,2.0,0.3333333333333333,1.0,9
primary,n_train,170,A,LinearRegression,2.0,2.0,0.3333333333333333,1.0,6
primary,n_train,170,B,LinearRegression,1.3333333333333333,1.0,0.6666666666666666,1.0,3
primary,n_train,170,C,LinearRegression,1.8333333333333333,2.0,0.16666666666666666,1.0,6
primary,n_train,170,D,LinearRegression,1.0,1.0,1.0,1.0,6
primary,n_train,171,C,LinearRegression,1.6666666666666667,2.0,0.3333333333333333,1.0,3
primary,n_train,172,B,LinearRegression,2.0,2.0,0.0,1.0,3
primary,n_train,172,C,LinearRegression,2.0,2.0,0.0,1.0,3
primary,n_train,173,A,LinearRegression,1.3333333333333333,1.0,0.7777777777777778,1.0,9
primary,n_train,173,C,LinearRegression,1.8333333333333333,2.0,0.16666666666666666,1.0,6
primary,n_train,173,D,LinearRegression,1.5555555555555556,2.0,0.4444444444444444,1.0,9
primary,n_train,174,B,LinearRegression,1.6666666666666667,2.0,0.3333333333333333,1.0,3
primary,n_train,174,C,LinearRegression,1.6666666666666667,2.0,0.4444444444444444,1.0,9
primary,n_train,174,D,LinearRegression,1.6666666666666667,2.0,0.3333333333333333,1.0,3
primary,n_train,175,C,LinearRegression,2.0,2.0,0.3333333333333333,1.0,3
primary,n_train,176,A,LinearRegression,2.3333333333333335,2.0,0.0,1.0,3
primary,n_train,176,B,LinearRegression,1.4166666666666667,1.0,0.5833333333333334,1.0,12
primary,n_train,177,A,LinearRegression,2.3333333333333335,2.0,0.0,1.0,3
primary,n_train,177,D,LinearRegression,2.3333333333333335,2.0,0.0,1.0,3
primary,n_train,178,C,LinearRegression,1.3333333333333333,1.0,0.6666666666666666,1.0,3
primary,n_train,178,D,LinearRegression,2.6666666666666665,3.0,0.0,1.0,3
primary,n_train,180,C,LinearRegression,2.6666666666666665,3.0,0.0,1.0,3
primary,n_train,182,C,LinearRegression,1.8333333333333333,2.0,0.3333333333333333,1.0,6
primary,n_train,183,A,LinearRegression,2.0,2.0,0.3333333333333333,1.0,3
primary,n_train,184,D,LinearRegression,1.6666666666666667,2.0,0.3333333333333333,1.0,3
primary,n_train,186,C,LinearRegression,2.3333333333333335,2.0,0.0,1.0,3
primary,n_train,187,A,LinearRegression,2.0,2.0,0.3333333333333333,1.0,3
primary,n_train,188,D,LinearRegression,2.0,2.0,0.0,1.0,3
primary,n_train,190,A,LinearRegression,3.0,3.0,0.0,1.0,3
primary,noise_features,0,A,MLP,4.626666666666667,4.0,0.0,0.0,150
primary,noise_features,0,B,MLP,6.233333333333333,6.0,0.0,0.0,150
primary,noise_features,0,C,MLP,6.753333333333333,7.0,0.0,0.02,150
primary,noise_features,0,D,MLP,4.773333333333333,4.0,0.0,0.02,150
primary,n_train,128,B,MLP,4.0,4.0,0.0,0.0,3
primary,n_train,133,A,MLP,6.333333333333333,6.0,0.0,0.0,3
primary,n_train,133,D,MLP,4.0,4.0,0.0,0.0,3
primary,n_train,134,A,MLP,4.0,4.0,0.0,0.0,3
primary,n_train,135,A,MLP,4.0,4.0,0.0,0.0,3
primary,n_train,138,B,MLP,4.0,4.0,0.0,0.0,3
primary,n_train,139,B,MLP,4.0,4.0,0.0,0.0,3
primary,n_train,140,D,MLP,4.0,4.0,0.0,0.0,3
primary,n_train,142,B,MLP,4.166666666666667,4.0,0.0,0.0,6
primary,n_train,142,C,MLP,10.0,10.0,0.0,0.0,3
primary,n_train,142,D,MLP,4.0,4.0,0.0,0.0,3
primary,n_train,143,A,MLP,4.333333333333333,4.0,0.0,0.0,3
primary,n_train,143,B,MLP,4.0,4.0,0.0,0.0,3
primary,n_train,144,A,MLP,4.333333333333333,4.0,0.0,0.0,3
primary,n_train,144,B,MLP,4.0,4.0,0.0,0.0,3
primary,n_train,145,B,MLP,6.5,7.0,0.0,0.0,6
primary,n_train,145,C,MLP,5.0,4.0,0.0,0.0,3
primary,n_train,146,B,MLP,10.0,10.0,0.0,0.0,3
primary,n_train,146,C,MLP,4.666666666666667,5.0,0.0,0.0,3
primary,n_train,147,C,MLP,7.166666666666667,7.5,0.0,0.0,6
primary,n_train,147,D,MLP,4.0,4.0,0.0,0.0,3
primary,n_train,148,A,MLP,4.0,4.0,0.0,0.0,3
primary,n_train,148,B,MLP,4.0,4.0,0.0,0.0,3
primary,n_train,148,C,MLP,5.666666666666667,4.0,0.0,0.0,3
primary,n_train,148,D,MLP,8.333333333333334,10.0,0.0,0.0,3
primary,n_train,149,B,MLP,5.0,4.5,0.0,0.0,6
primary,n_train,149,D,MLP,4.0,4.0,0.0,0.0,3
primary,n_train,150,A,MLP,4.0,4.0,0.0,0.0,3
primary,n_train,150,B,MLP,4.111111111111111,4.0,0.0,0.0,9
primary,n_train,150,C,MLP,4.5,4.0,0.0,0.0,6
primary,n_train,150,D,MLP,4.0,4.0,0.0,0.0,3
primary,n_train,151,B,MLP,10.0,10.0,0.0,0.0,3
primary,n_train,151,C,MLP,7.666666666666667,9.0,0.0,0.0,3
primary,n_train,151,D,MLP,4.0,4.0,0.0,0.0,3
primary,n_train,152,A,MLP,5.333333333333333,4.5,0.0,0.0,6
primary,n_train,152,B,MLP,6.5,6.0,0.0,0.0,6
primary,n_train,152,C,MLP,4.0,4.0,0.0,0.0,3
primary,n_train,152,D,MLP,4.0,4.0,0.0,0.0,3
primary,n_train,153,B,MLP,4.0,4.0,0.0,0.0,3
primary,n_train,153,C,MLP,4.833333333333333,4.5,0.0,0.0,6
primary,n_train,154,A,MLP,4.333333333333333,4.0,0.0,0.0,3
primary,n_train,154,B,MLP,5.916666666666667,4.0,0.0,0.0,12
primary,n_train,154,C,MLP,8.5,9.0,0.0,0.0,6
primary,n_train,155,A,MLP,4.0,4.0,0.0,0.0,3
primary,n_train,155,C,MLP,4.5,4.0,0.0,0.0,6
primary,n_train,155,D,MLP,4.416666666666667,4.0,0.0,0.0,12
primary,n_train,156,A,MLP,7.0,7.0,0.0,0.0,3
primary,n_train,156,B,MLP,6.666666666666667,6.5,0.0,0.0,6
primary,n_train,156,C,MLP,4.833333333333333,4.5,0.0,0.0,6
primary,n_train,156,D,MLP,4.5,4.0,0.0,0.0,6
primary,n_train,157,B,MLP,10.0,10.0,0.0,0.0,3
primary,n_train,157,C,MLP,8.333333333333334,9.5,0.0,0.0,6
primary,n_train,157,D,MLP,4.166666666666667,4.0,0.0,0.0,6
primary,n_train,158,A,MLP,4.0,4.0,0.0,0.0,9
primary,n_train,158,B,MLP,5.9523809523809526,6.0,0.0,0.0,21
primary,n_train,158,D,MLP,5.166666666666667,4.0,0.0,0.0,12
primary,n_train,159,A,MLP,4.133333333333334,4.0,0.0,0.0,15
primary,n_train,159,B,MLP,7.666666666666667,8.0,0.0,0.0,3
primary,n_train,159,D,MLP,4.0,4.0,0.0,0.0,3
primary,n_train,160,A,MLP,4.5,4.0,0.0,0.0,6
primary,n_train,160,B,MLP,7.333333333333333,7.0,0.0,0.0,3
primary,n_train,160,D,MLP,4.777777777777778,4.0,0.0,0.0,9
primary,n_train,161,A,MLP,6.833333333333333,6.5,0.0,0.0,6
primary,n_train,161,B,MLP,7.0,8.0,0.0,0.0,3
primary,n_train,161,D,MLP,5.444444444444445,4.0,0.0,0.0,9
primary,n_train,162,A,MLP,4.333333333333333,4.0,0.0,0.0,9
primary,n_train,162,B,MLP,5.0,5.0,0.0,0.0,3
primary,n_train,162,C,MLP,7.5,8.5,0.0,0.0,12
primary,n_train,162,D,MLP,4.0,4.0,0.0,0.0,6
primary,n_train,163,A,MLP,4.0,4.0,0.0,0.0,9
primary,n_train,163,B,MLP,7.666666666666667,8.0,0.0,0.0,3
primary,n_train,163,C,MLP,6.166666666666667,5.0,0.0,0.0,6
primary,n_train,163,D,MLP,7.666666666666667,7.0,0.0,0.0,3
primary,n_train,164,A,MLP,4.444444444444445,4.0,0.0,0.0,9
primary,n_train,164,C,MLP,6.333333333333333,7.0,0.0,0.0,3
primary,n_train,164,D,MLP,4.0,4.0,0.0,0.0,3
primary,n_train,165,A,MLP,4.0,4.0,0.0,0.0,6
primary,n_train,165,B,MLP,9.333333333333334,9.0,0.0,0.0,3
primary,n_train,165,C,MLP,4.0,4.0,0.0,0.0,3
primary,n_train,166,A,MLP,4.0,4.0,0.0,0.0,6
primary,n_train,166,B,MLP,8.333333333333334,10.0,0.0,0.0,3
primary,n_train,166,C,MLP,8.666666666666666,9.5,0.0,0.0,12
primary,n_train,166,D,MLP,4.0,4.0,0.0,0.0,3
primary,n_train,167,A,MLP,4.0,4.0,0.0,0.0,6
primary,n_train,167,C,MLP,10.0,10.0,0.0,0.0,3
primary,n_train,167,D,MLP,5.166666666666667,4.5,0.0,0.0,6
primary,n_train,168,B,MLP,6.0,6.0,0.0,0.0,3
primary,n_train,168,C,MLP,7.5,8.5,0.0,0.0,6
primary,n_train,168,D,MLP,4.0,4.0,0.0,0.0,6
primary,n_train,169,A,MLP,4.0,4.0,0.0,0.0,3
primary,n_train,169,B,MLP,6.666666666666667,8.0,0.0,0.0,3
primary,n_train,169,D,MLP,5.888888888888889,4.0,0.0,0.0,9
primary,n_train,170,A,MLP,5.833333333333333,5.5,0.0,0.0,6
primary,n_train,170,B,MLP,9.666666666666666,10.0,0.0,0.0,3
primary,n_train,170,C,MLP,9.333333333333334,9.5,0.0,0.0,6
primary,n_train,170,D,MLP,4.333333333333333,4.0,0.0,0.0,6
primary,n_train,171,C,MLP,6.666666666666667,8.0,0.0,0.0,3
primary,n_train,172,B,MLP,6.666666666666667,7.0,0.0,0.0,3
primary,n_train,172,C,MLP,4.666666666666667,4.0,0.0,0.0,3
primary,n_train,173,A,MLP,5.666666666666667,4.0,0.0,0.0,9
primary,n_train,173,C,MLP,8.166666666666666,9.0,0.0,0.0,6
primary,n_train,173,D,MLP,4.111111111111111,4.0,0.0,0.0,9
primary,n_train,174,B,MLP,6.666666666666667,7.0,0.0,0.0,3
primary,n_train,174,C,MLP,6.0,4.0,0.0,0.3333333333333333,9
primary,n_train,174,D,MLP,4.666666666666667,5.0,0.0,0.0,3
primary,n_train,175,C,MLP,4.0,4.0,0.0,0.0,3
primary,n_train,176,A,MLP,4.0,4.0,0.0,0.0,3
primary,n_train,176,B,MLP,7.583333333333333,8.0,0.0,0.0,12
primary,n_train,177,A,MLP,4.0,4.0,0.0,0.0,3
primary,n_train,177,D,MLP,4.0,4.0,0.0,0.0,3
primary,n_train,178,C,MLP,6.0,7.0,0.0,0.0,3
primary,n_train,178,D,MLP,10.0,10.0,0.0,0.0,3
primary,n_train,180,C,MLP,8.666666666666666,8.0,0.0,0.0,3
primary,n_train,182,C,MLP,5.0,4.0,0.0,0.0,6
primary,n_train,183,A,MLP,4.0,4.0,0.0,0.0,3
primary,n_train,184,D,MLP,5.666666666666667,4.0,0.0,0.0,3
primary,n_train,186,C,MLP,10.0,10.0,0.0,0.0,3
primary,n_train,187,A,MLP,4.333333333333333,4.0,0.0,0.0,3
primary,n_train,188,D,MLP,3.0,3.0,0.0,1.0,3
primary,n_train,190,A,MLP,7.666666666666667,7.0,0.0,0.0,3
primary,noise_features,0,A,MODEL3-ICL-MC,2.54,3.0,0.20666666666666667,1.0,150
primary,noise_features,0,B,MODEL3-ICL-MC,2.76,3.0,0.12666666666666668,0.96,150
primary,noise_features,0,C,MODEL3-ICL-MC,2.557823129251701,3.0,0.22448979591836735,0.9863945578231292,147
primary,noise_features,0,D,MODEL3-ICL-MC,2.5714285714285716,3.0,0.19727891156462585,1.0,147
primary,n_train,128,B,MODEL3-ICL-MC,1.6666666666666667,1.0,0.6666666666666666,1.0,3
primary,n_train,133,A,MODEL3-ICL-MC,3.0,3.0,0.0,1.0,3
primary,n_train,133,D,MODEL3-ICL-MC,3.0,3.0,0.0,1.0,3
primary,n_train,134,A,MODEL3-ICL-MC,2.3333333333333335,3.0,0.3333333333333333,1.0,3
primary,n_train,135,A,MODEL3-ICL-MC,3.0,3.0,0.0,1.0,3
primary,n_train,138,B,MODEL3-ICL-MC,1.6666666666666667,2.0,0.3333333333333333,1.0,3
primary,n_train,139,B,MODEL3-ICL-MC,3.0,3.0,0.0,1.0,3
primary,n_train,140,D,MODEL3-ICL-MC,3.0,3.0,0.0,1.0,3
primary,n_train,142,B,MODEL3-ICL-MC,3.0,3.0,0.0,1.0,6
primary,n_train,142,C,MODEL3-ICL-MC,1.6666666666666667,1.0,0.6666666666666666,1.0,3
primary,n_train,142,D,MODEL3-ICL-MC,3.0,3.0,0.0,1.0,3
primary,n_train,143,A,MODEL3-ICL-MC,3.0,3.0,0.0,1.0,3
primary,n_train,143,B,MODEL3-ICL-MC,3.0,3.0,0.0,1.0,3
primary,n_train,144,A,MODEL3-ICL-MC,2.3333333333333335,3.0,0.3333333333333333,1.0,3
primary,n_train,144,B,MODEL3-ICL-MC,3.0,3.0,0.0,1.0,3
primary,n_train,145,B,MODEL3-ICL-MC,3.0,3.0,0.0,1.0,6
primary,n_train,145,C,MODEL3-ICL-MC,2.3333333333333335,3.0,0.3333333333333333,1.0,3
primary,n_train,146,B,MODEL3-ICL-MC,3.3333333333333335,3.0,0.0,0.6666666666666666,3
primary,n_train,146,C,MODEL3-ICL-MC,3.0,3.0,0.0,1.0,3
primary,n_train,147,C,MODEL3-ICL-MC,2.6666666666666665,3.0,0.16666666666666666,1.0,6
primary,n_train,147,D,MODEL3-ICL-MC,3.0,3.0,0.0,1.0,3
primary,n_train,148,A,MODEL3-ICL-MC,2.3333333333333335,2.0,0.0,1.0,3
primary,n_train,148,B,MODEL3-ICL-MC,3.0,3.0,0.0,1.0,3
primary,n_train,148,C,MODEL3-ICL-MC,2.3333333333333335,3.0,0.3333333333333333,1.0,3
primary,n_train,148,D,MODEL3-ICL-MC,3.0,3.0,0.0,1.0,3
primary,n_train,149,B,MODEL3-ICL-MC,2.1666666666666665,2.5,0.3333333333333333,1.0,6
primary,n_train,149,D,MODEL3-ICL-MC,3.0,3.0,0.0,1.0,3
primary,n_train,150,A,MODEL3-ICL-MC,2.3333333333333335,3.0,0.3333333333333333,1.0,3
primary,n_train,150,B,MODEL3-ICL-MC,2.3333333333333335,3.0,0.3333333333333333,1.0,9
primary,n_train,150,C,MODEL3-ICL-MC,3.0,3.0,0.0,1.0,6
primary,n_train,150,D,MODEL3-ICL-MC,3.0,3.0,0.0,1.0,3
primary,n_train,151,B,MODEL3-ICL-MC,2.3333333333333335,3.0,0.3333333333333333,1.0,3
primary,n_train,151,C,MODEL3-ICL-MC,2.3333333333333335,3.0,0.3333333333333333,1.0,3
primary,n_train,151,D,MODEL3-ICL-MC,3.0,3.0,0.0,1.0,3
primary,n_train,152,A,MODEL3-ICL-MC,2.6666666666666665,3.0,0.16666666666666666,1.0,6
primary,n_train,152,B,MODEL3-ICL-MC,2.8333333333333335,3.0,0.0,1.0,6
primary,n_train,152,C,MODEL3-ICL-MC,3.0,3.0,0.0,1.0,3
primary,n_train,152,D,MODEL3-ICL-MC,2.3333333333333335,3.0,0.3333333333333333,1.0,3
primary,n_train,153,B,MODEL3-ICL-MC,3.0,3.0,0.0,1.0,3
primary,n_train,153,C,MODEL3-ICL-MC,2.3333333333333335,3.0,0.3333333333333333,1.0,6
primary,n_train,154,A,MODEL3-ICL-MC,2.0,2.0,0.3333333333333333,1.0,3
primary,n_train,154,B,MODEL3-ICL-MC,2.75,3.0,0.08333333333333333,0.9166666666666666,12
primary,n_train,154,C,MODEL3-ICL-MC,2.6666666666666665,3.0,0.16666666666666666,1.0,6
primary,n_train,155,A,MODEL3-ICL-MC,3.0,3.0,0.0,1.0,3
primary,n_train,155,C,MODEL3-ICL-MC,3.0,3.0,0.0,1.0,6
primary,n_train,155,D,MODEL3-ICL-MC,2.5,3.0,0.25,1.0,12
primary,n_train,156,A,MODEL3-ICL-MC,2.3333333333333335,3.0,0.3333333333333333,1.0,3
primary,n_train,156,B,MODEL3-ICL-MC,2.6666666666666665,3.0,0.16666666666666666,1.0,6
primary,n_train,156,C,MODEL3-ICL-MC,2.3333333333333335,3.0,0.3333333333333333,1.0,6
primary,n_train,156,D,MODEL3-ICL-MC,2.3333333333333335,3.0,0.3333333333333333,1.0,6
primary,n_train,157,B,MODEL3-ICL-MC,5.0,5.0,0.0,0.0,3
primary,n_train,157,C,MODEL3-ICL-MC,2.3333333333333335,3.0,0.3333333333333333,1.0,6
primary,n_train,157,D,MODEL3-ICL-MC,2.3333333333333335,3.0,0.3333333333333333,1.0,6
primary,n_train,158,A,MODEL3-ICL-MC,2.5555555555555554,3.0,0.2222222222222222,1.0,9
primary,n_train,158,B,MODEL3-ICL-MC,2.8095238095238093,3.0,0.09523809523809523,1.0,21
primary,n_train,158,D,MODEL3-ICL-MC,2.5833333333333335,3.0,0.16666666666666666,1.0,12
primary,n_train,159,A,MODEL3-ICL-MC,2.7333333333333334,3.0,0.13333333333333333,1.0,15
primary,n_train,159,B,MODEL3-ICL-MC,3.0,3.0,0.0,1.0,3
primary,n_train,159,D,MODEL3-ICL-MC,3.0,3.0,0.0,1.0,3
primary,n_train,160,A,MODEL3-ICL-MC,2.3333333333333335,3.0,0.3333333333333333,1.0,6
primary,n_train,160,B,MODEL3-ICL-MC,3.0,3.0,0.0,1.0,3
primary,n_train,160,D,MODEL3-ICL-MC,2.3333333333333335,3.0,0.3333333333333333,1.0,9
primary,n_train,161,A,MODEL3-ICL-MC,3.0,3.0,0.0,1.0,6
primary,n_train,161,B,MODEL3-ICL-MC,2.3333333333333335,3.0,0.3333333333333333,1.0,3
primary,n_train,161,D,MODEL3-ICL-MC,2.4444444444444446,3.0,0.2222222222222222,1.0,9
primary,n_train,162,A,MODEL3-ICL-MC,3.0,3.0,0.0,1.0,9
primary,n_train,162,B,MODEL3-ICL-MC,2.3333333333333335,3.0,0.3333333333333333,1.0,3
primary,n_train,162,C,MODEL3-ICL-MC,3.0833333333333335,3.0,0.0,0.9166666666666666,12
primary,n_train,162,D,MODEL3-ICL-MC,2.1666666666666665,2.5,0.3333333333333333,1.0,6
primary,n_train,163,A,MODEL3-ICL-MC,2.2222222222222223,3.0,0.3333333333333333,1.0,9
primary,n_train,163,B,MODEL3-ICL-MC,1.6666666666666667,1.0,0.6666666666666666,1.0,3
primary,n_train,163,C,MODEL3-ICL-MC,2.3333333333333335,3.0,0.3333333333333333,1.0,6
primary,n_train,163,D,MODEL3-ICL-MC,1.6666666666666667,1.0,0.6666666666666666,1.0,3
primary,n_train,164,A,MODEL3-ICL-MC,2.5555555555555554,3.0,0.1111111111111111,1.0,9
primary,n_train,164,C,MODEL3-ICL-MC,3.0,3.0,0.0,1.0,3
primary,n_train,164,D,MODEL3-ICL-MC,2.3333333333333335,3.0,0.3333333333333333,1.0,3
primary,n_train,165,A,MODEL3-ICL-MC,2.6666666666666665,3.0,0.16666666666666666,1.0,6
primary,n_train,165,B,MODEL3-ICL-MC,3.0,3.0,0.0,1.0,3
primary,n_train,165,C,MODEL3-ICL-MC,3.0,3.0,0.0,1.0,3
primary,n_train,166,A,MODEL3-ICL-MC,2.6666666666666665,3.0,0.16666666666666666,1.0,6
primary,n_train,166,B,MODEL3-ICL-MC,2.3333333333333335,3.0,0.3333333333333333,1.0,3
primary,n_train,166,C,MODEL3-ICL-MC,2.5833333333333335,3.0,0.16666666666666666,1.0,12
primary,n_train,166,D,MODEL3-ICL-MC,2.3333333333333335,3.0,0.3333333333333333,1.0,3
primary,n_train,167,A,MODEL3-ICL-MC,2.3333333333333335,3.0,0.3333333333333333,1.0,6
primary,n_train,167,C,MODEL3-ICL-MC,2.3333333333333335,3.0,0.3333333333333333,1.0,3
primary,n_train,167,D,MODEL3-ICL-MC,2.3333333333333335,3.0,0.3333333333333333,1.0,6
primary,n_train,168,B,MODEL3-ICL-MC,3.0,3.0,0.0,1.0,3
primary,n_train,168,C,MODEL3-ICL-MC,1.6666666666666667,1.0,0.6666666666666666,1.0,6
primary,n_train,168,D,MODEL3-ICL-MC,2.6666666666666665,3.0,0.16666666666666666,1.0,6
primary,n_train,169,A,MODEL3-ICL-MC,3.0,3.0,0.0,1.0,3
primary,n_train,169,B,MODEL3-ICL-MC,2.0,2.0,0.3333333333333333,1.0,3
primary,n_train,169,D,MODEL3-ICL-MC,2.6666666666666665,3.0,0.1111111111111111,1.0,9
primary,n_train,170,A,MODEL3-ICL-MC,2.3333333333333335,3.0,0.3333333333333333,1.0,6
primary,n_train,170,B,MODEL3-ICL-MC,3.0,3.0,0.0,1.0,3
primary,n_train,170,C,MODEL3-ICL-MC,2.3333333333333335,3.0,0.3333333333333333,1.0,6
primary,n_train,170,D,MODEL3-ICL-MC,3.0,3.0,0.0,1.0,6
primary,n_train,171,C,MODEL3-ICL-MC,2.3333333333333335,3.0,0.3333333333333333,1.0,3
primary,n_train,172,B,MODEL3-ICL-MC,3.0,3.0,0.0,1.0,3
primary,n_train,172,C,MODEL3-ICL-MC,3.0,3.0,0.0,1.0,3
primary,n_train,173,A,MODEL3-ICL-MC,2.4444444444444446,3.0,0.2222222222222222,1.0,9
primary,n_train,173,C,MODEL3-ICL-MC,2.6666666666666665,3.0,0.16666666666666666,1.0,6
primary,n_train,173,D,MODEL3-ICL-MC,2.5555555555555554,3.0,0.2222222222222222,1.0,9
primary,n_train,174,B,MODEL3-ICL-MC,3.0,3.0,0.0,1.0,3
primary,n_train,174,C,MODEL3-ICL-MC,2.8333333333333335,3.0,0.16666666666666666,0.8333333333333334,6
primary,n_train,174,D,MODEL3-ICL-MC,3.0,3.0,0.0,1.0,3
primary,n_train,175,C,MODEL3-ICL-MC,2.3333333333333335,3.0,0.3333333333333333,1.0,3
primary,n_train,176,A,MODEL3-ICL-MC,2.3333333333333335,3.0,0.3333333333333333,1.0,3
primary,n_train,176,B,MODEL3-ICL-MC,3.0833333333333335,3.0,0.0,0.9166666666666666,12
primary,n_train,177,A,MODEL3-ICL-MC,2.3333333333333335,3.0,0.3333333333333333,1.0,3
primary,n_train,177,D,MODEL3-ICL-MC,2.3333333333333335,3.0,0.3333333333333333,1.0,3
primary,n_train,178,C,MODEL3-ICL-MC,3.0,3.0,0.0,1.0,3
primary,n_train,178,D,MODEL3-ICL-MC,2.0,2.0,0.3333333333333333,1.0,3
primary,n_train,180,C,MODEL3-ICL-MC,1.6666666666666667,1.0,0.6666666666666666,1.0,3
primary,n_train,182,C,MODEL3-ICL-MC,2.3333333333333335,3.0,0.3333333333333333,1.0,6
primary,n_train,183,A,MODEL3-ICL-MC,2.3333333333333335,3.0,0.3333333333333333,1.0,3
primary,n_train,184,D,MODEL3-ICL-MC,3.0,3.0,0.0,1.0,3
primary,n_train,186,C,MODEL3-ICL-MC,2.3333333333333335,3.0,0.3333333333333333,1.0,3
primary,n_train,187,A,MODEL3-ICL-MC,2.3333333333333335,3.0,0.3333333333333333,1.0,3
primary,n_train,190,A,MODEL3-ICL-MC,1.0,1.0,1.0,1.0,3
primary,noise_features,0,A,RandomForest,7.78,8.0,0.0,0.0,150
primary,noise_features,0,B,RandomForest,5.246666666666667,5.0,0.013333333333333334,0.04,150
primary,noise_features,0,C,RandomForest,6.886666666666667,7.0,0.0,0.0,150
primary,noise_features,0,D,RandomForest,7.726666666666667,8.0,0.0,0.0,150
primary,n_train,128,B,RandomForest,5.666666666666667,6.0,0.0,0.0,3
primary,n_train,133,A,RandomForest,6.333333333333333,6.0,0.0,0.0,3
primary,n_train,133,D,RandomForest,8.666666666666666,9.0,0.0,0.0,3
primary,n_train,134,A,RandomForest,7.333333333333333,7.0,0.0,0.0,3
primary,n_train,135,A,RandomForest,7.666666666666667,7.0,0.0,0.0,3
primary,n_train,138,B,RandomForest,5.666666666666667,6.0,0.0,0.0,3
primary,n_train,139,B,RandomForest,7.333333333333333,7.0,0.0,0.0,3
primary,n_train,140,D,RandomForest,8.333333333333334,8.0,0.0,0.0,3
primary,n_train,142,B,RandomForest,7.5,7.5,0.0,0.0,6
primary,n_train,142,C,RandomForest,5.333333333333333,5.0,0.0,0.0,3
primary,n_train,142,D,RandomForest,8.333333333333334,8.0,0.0,0.0,3
primary,n_train,143,A,RandomForest,8.0,8.0,0.0,0.0,3
primary,n_train,143,B,RandomForest,7.666666666666667,8.0,0.0,0.0,3
primary,n_train,144,A,RandomForest,7.333333333333333,8.0,0.0,0.0,3
primary,n_train,144,B,RandomForest,6.666666666666667,7.0,0.0,0.0,3
primary,n_train,145,B,RandomForest,4.5,4.5,0.0,0.0,6
primary,n_train,145,C,RandomForest,6.666666666666667,6.0,0.0,0.0,3
primary,n_train,146,B,RandomForest,3.6666666666666665,4.0,0.0,0.3333333333333333,3
primary,n_train,146,C,RandomForest,8.666666666666666,9.0,0.0,0.0,3
primary,n_train,147,C,RandomForest,6.166666666666667,5.5,0.0,0.0,6
primary,n_train,147,D,RandomForest,9.333333333333334,10.0,0.0,0.0,3
primary,n_train,148,A,RandomForest,8.0,8.0,0.0,0.0,3
primary,n_train,148,B,RandomForest,6.333333333333333,6.0,0.0,0.0,3
primary,n_train,148,C,RandomForest,7.333333333333333,8.0,0.0,0.0,3
primary,n_train,148,D,RandomForest,5.666666666666667,6.0,0.0,0.0,3
primary,n_train,149,B,RandomForest,5.666666666666667,5.5,0.0,0.0,6
primary,n_train,149,D,RandomForest,8.0,8.0,0.0,0.0,3
primary,n_train,150,A,RandomForest,9.0,9.0,0.0,0.0,3
primary,n_train,150,B,RandomForest,7.333333333333333,7.0,0.0,0.0,9
primary,n_train,150,C,RandomForest,6.833333333333333,7.0,0.0,0.0,6
primary,n_train,150,D,RandomForest,7.333333333333333,7.0,0.0,0.0,3
primary,n_train,151,B,RandomForest,6.0,6.0,0.0,0.0,3
primary,n_train,151,C,RandomForest,6.0,6.0,0.0,0.0,3
primary,n_train,151,D,RandomForest,7.666666666666667,8.0,0.0,0.0,3
primary,n_train,152,A,RandomForest,7.0,7.0,0.0,0.0,6
primary,n_train,152,B,RandomForest,5.333333333333333,6.0,0.0,0.0,6
primary,n_train,152,C,RandomForest,8.666666666666666,9.0,0.0,0.0,3
primary,n_train,152,D,RandomForest,7.666666666666667,8.0,0.0,0.0,3
primary,n_train,153,B,RandomForest,7.333333333333333,7.0,0.0,0.0,3
primary,n_train,153,C,RandomForest,8.0,8.0,0.0,0.0,6
primary,n_train,154,A,RandomForest,7.0,7.0,0.0,0.0,3
primary,n_train,154,B,RandomForest,5.083333333333333,5.0,0.08333333333333333,0.16666666666666666,12
primary,n_train,154,C,RandomForest,5.833333333333333,6.0,0.0,0.0,6
primary,n_train,155,A,RandomForest,8.333333333333334,8.0,0.0,0.0,3
primary,n_train,155,C,RandomForest,7.666666666666667,8.0,0.0,0.0,6
primary,n_train,155,D,RandomForest,7.75,8.0,0.0,0.0,12
primary,n_train,156,A,RandomForest,4.666666666666667,5.0,0.0,0.0,3
primary,n_train,156,B,RandomForest,6.0,6.0,0.0,0.0,6
primary,n_train,156,C,RandomForest,8.333333333333334,8.5,0.0,0.0,6
primary,n_train,156,D,RandomForest,8.333333333333334,8.5,0.0,0.0,6
primary,n_train,157,B,RandomForest,2.6666666666666665,3.0,0.3333333333333333,0.6666666666666666,3
primary,n_train,157,C,RandomForest,6.166666666666667,6.0,0.0,0.0,6
primary,n_train,157,D,RandomForest,7.666666666666667,8.0,0.0,0.0,6
primary,n_train,158,A,RandomForest,8.666666666666666,9.0,0.0,0.0,9
primary,n_train,158,B,RandomForest,4.809523809523809,4.0,0.0,0.0,21
primary,n_train,158,D,RandomForest,6.75,7.5,0.0,0.0,12
primary,n_train,159,A,RandomForest,8.0,8.0,0.0,0.0,15
primary,n_train,159,B,RandomForest,4.333333333333333,4.0,0.0,0.0,3
primary,n_train,159,D,RandomForest,9.0,9.0,0.0,0.0,3
primary,n_train,160,A,RandomForest,8.333333333333334,8.0,0.0,0.0,6
primary,n_train,160,B,RandomForest,4.0,4.0,0.0,0.0,3
primary,n_train,160,D,RandomForest,7.222222222222222,7.0,0.0,0.0,9
primary,n_train,161,A,RandomForest,6.833333333333333,7.0,0.0,0.0,6
primary,n_train,161,B,RandomForest,4.0,4.0,0.0,0.0,3
primary,n_train,161,D,RandomForest,7.555555555555555,8.0,0.0,0.0,9
primary,n_train,162,A,RandomForest,8.11111111111111,8.0,0.0,0.0,9
primary,n_train,162,B,RandomForest,4.666666666666667,5.0,0.0,0.0,3
primary,n_train,162,C,RandomForest,7.416666666666667,7.5,0.0,0.0,12
primary,n_train,162,D,RandomForest,8.5,8.5,0.0,0.0,6
primary,n_train,163,A,RandomForest,8.777777777777779,9.0,0.0,0.0,9
primary,n_train,163,B,RandomForest,4.0,4.0,0.0,0.0,3
primary,n_train,163,C,RandomForest,7.166666666666667,7.5,0.0,0.0,6
primary,n_train,163,D,RandomForest,8.0,8.0,0.0,0.0,3
primary,n_train,164,A,RandomForest,8.222222222222221,8.0,0.0,0.0,9
primary,n_train,164,C,RandomForest,9.0,9.0,0.0,0.0,3
primary,n_train,164,D,RandomForest,7.333333333333333,8.0,0.0,0.0,3
primary,n_train,165,A,RandomForest,7.833333333333333,8.0,0.0,0.0,6
primary,n_train,165,B,RandomForest,4.333333333333333,4.0,0.0,0.0,3
primary,n_train,165,C,RandomForest,8.666666666666666,8.0,0.0,0.0,3
primary,n_train,166,A,RandomForest,8.833333333333334,9.0,0.0,0.0,6
primary,n_train,166,B,RandomForest,4.0,4.0,0.0,0.0,3
primary,n_train,166,C,RandomForest,6.333333333333333,6.0,0.0,0.0,12
primary,n_train,166,D,RandomForest,9.333333333333334,9.0,0.0,0.0,3
primary,n_train,167,A,RandomForest,7.666666666666667,8.0,0.0,0.0,6
primary,n_train,167,C,RandomForest,5.333333333333333,5.0,0.0,0.0,3
primary,n_train,167,D,RandomForest,8.166666666666666,8.0,0.0,0.0,6
primary,n_train,168,B,RandomForest,4.0,4.0,0.0,0.0,3
primary,n_train,168,C,RandomForest,5.166666666666667,5.0,0.0,0.0,6
primary,n_train,168,D,RandomForest,8.166666666666666,8.0,0.0,0.0,6
primary,n_train,169,A,RandomForest,9.0,9.0,0.0,0.0,3
primary,n_train,169,B,RandomForest,4.666666666666667,5.0,0.0,0.0,3
primary,n_train,169,D,RandomForest,7.0,8.0,0.0,0.0,9
primary,n_train,170,A,RandomForest,6.0,6.5,0.0,0.0,6
primary,n_train,170,B,RandomForest,4.0,4.0,0.0,0.0,3
primary,n_train,170,C,RandomForest,4.833333333333333,5.0,0.0,0.0,6
primary,n_train,170,D,RandomForest,8.166666666666666,8.0,0.0,0.0,6
primary,n_train,171,C,RandomForest,6.0,5.0,0.0,0.0,3
primary,n_train,172,B,RandomForest,4.0,4.0,0.0,0.0,3
primary,n_train,172,C,RandomForest,7.333333333333333,7.0,0.0,0.0,3
primary,n_train,173,A,RandomForest,7.333333333333333,8.0,0.0,0.0,9
primary,n_train,173,C,RandomForest,6.0,5.5,0.0,0.0,6
primary,n_train,173,D,RandomForest,8.11111111111111,8.0,0.0,0.0,9
primary,n_train,174,B,RandomForest,4.666666666666667,4.0,0.0,0.0,3
primary,n_train,174,C,RandomForest,7.444444444444445,8.0,0.0,0.0,9
primary,n_train,174,D,RandomForest,8.0,8.0,0.0,0.0,3
primary,n_train,175,C,RandomForest,7.333333333333333,7.0,0.0,0.0,3
primary,n_train,176,A,RandomForest,8.666666666666666,9.0,0.0,0.0,3
primary,n_train,176,B,RandomForest,4.666666666666667,4.0,0.0,0.08333333333333333,12
primary,n_train,177,A,RandomForest,7.666666666666667,8.0,0.0,0.0,3
primary,n_train,177,D,RandomForest,7.666666666666667,8.0,0.0,0.0,3
primary,n_train,178,C,RandomForest,8.0,8.0,0.0,0.0,3
primary,n_train,178,D,RandomForest,4.666666666666667,4.0,0.0,0.0,3
primary,n_train,180,C,RandomForest,6.666666666666667,7.0,0.0,0.0,3
primary,n_train,182,C,RandomForest,8.0,8.0,0.0,0.0,6
primary,n_train,183,A,RandomForest,9.0,9.0,0.0,0.0,3
primary,n_train,184,D,RandomForest,7.0,7.0,0.0,0.0,3
primary,n_train,186,C,RandomForest,5.666666666666667,6.0,0.0,0.0,3
primary,n_train,187,A,RandomForest,8.0,8.0,0.0,0.0,3
primary,n_train,188,D,RandomForest,8.666666666666666,9.0,0.0,0.0,3
primary,n_train,190,A,RandomForest,4.666666666666667,5.0,0.0,0.0,3
primary,noise_features,0,A,Ridge,1.6266666666666667,2.0,0.44666666666666666,1.0,150
primary,noise_features,0,B,Ridge,1.5666666666666667,2.0,0.49333333333333335,1.0,150
primary,noise_features,0,C,Ridge,1.6133333333333333,2.0,0.4666666666666667,1.0,150
primary,noise_features,0,D,Ridge,1.6133333333333333,2.0,0.48,1.0,150
primary,n_train,128,B,Ridge,1.6666666666666667,2.0,0.3333333333333333,1.0,3
primary,n_train,133,A,Ridge,2.0,2.0,0.0,1.0,3
primary,n_train,133,D,Ridge,1.6666666666666667,2.0,0.3333333333333333,1.0,3
primary,n_train,134,A,Ridge,1.6666666666666667,1.0,0.6666666666666666,1.0,3
primary,n_train,135,A,Ridge,1.0,1.0,1.0,1.0,3
primary,n_train,138,B,Ridge,1.3333333333333333,1.0,0.6666666666666666,1.0,3
primary,n_train,139,B,Ridge,2.0,2.0,0.0,1.0,3
primary,n_train,140,D,Ridge,1.6666666666666667,2.0,0.3333333333333333,1.0,3
primary,n_train,142,B,Ridge,1.3333333333333333,1.0,0.6666666666666666,1.0,6
primary,n_train,142,C,Ridge,2.0,2.0,0.0,1.0,3
primary,n_train,142,D,Ridge,1.0,1.0,1.0,1.0,3
primary,n_train,143,A,Ridge,1.0,1.0,1.0,1.0,3
primary,n_train,143,B,Ridge,1.0,1.0,1.0,1.0,3
primary,n_train,144,A,Ridge,1.6666666666666667,1.0,0.6666666666666666,1.0,3
primary,n_train,144,B,Ridge,1.6666666666666667,2.0,0.3333333333333333,1.0,3
primary,n_train,145,B,Ridge,1.3333333333333333,1.0,0.6666666666666666,1.0,6
primary,n_train,145,C,Ridge,1.3333333333333333,1.0,0.6666666666666666,1.0,3
primary,n_train,146,B,Ridge,1.0,1.0,1.0,1.0,3
primary,n_train,146,C,Ridge,1.6666666666666667,2.0,0.3333333333333333,1.0,3
primary,n_train,147,C,Ridge,1.6666666666666667,1.5,0.5,1.0,6
primary,n_train,147,D,Ridge,1.3333333333333333,1.0,0.6666666666666666,1.0,3
primary,n_train,148,A,Ridge,2.6666666666666665,3.0,0.0,1.0,3
primary,n_train,148,B,Ridge,2.0,2.0,0.0,1.0,3
primary,n_train,148,C,Ridge,2.3333333333333335,2.0,0.0,1.0,3
primary,n_train,148,D,Ridge,1.3333333333333333,1.0,0.6666666666666666,1.0,3
primary,n_train,149,B,Ridge,1.6666666666666667,2.0,0.3333333333333333,1.0,6
primary,n_train,149,D,Ridge,1.0,1.0,1.0,1.0,3
primary,n_train,150,A,Ridge,2.3333333333333335,2.0,0.0,1.0,3
primary,n_train,150,B,Ridge,1.3333333333333333,1.0,0.6666666666666666,1.0,9
primary,n_train,150,C,Ridge,1.3333333333333333,1.0,0.6666666666666666,1.0,6
primary,n_train,150,D,Ridge,1.3333333333333333,1.0,0.6666666666666666,1.0,3
primary,n_train,151,B,Ridge,1.3333333333333333,1.0,0.6666666666666666,1.0,3
primary,n_train,151,C,Ridge,1.6666666666666667,2.0,0.3333333333333333,1.0,3
primary,n_train,151,D,Ridge,1.0,1.0,1.0,1.0,3
primary,n_train,152,A,Ridge,1.6666666666666667,2.0,0.3333333333333333,1.0,6
primary,n_train,152,B,Ridge,1.5,1.0,0.6666666666666666,1.0,6
primary,n_train,152,C,Ridge,1.0,1.0,1.0,1.0,3
primary,n_train,152,D,Ridge,1.3333333333333333,1.0,0.6666666666666666,1.0,3
primary,n_train,153,B,Ridge,1.6666666666666667,2.0,0.3333333333333333,1.0,3
primary,n_train,153,C,Ridge,1.3333333333333333,1.0,0.6666666666666666,1.0,6
primary,n_train,154,A,Ridge,1.6666666666666667,1.0,0.6666666666666666,1.0,3
primary,n_train,154,B,Ridge,1.6666666666666667,1.0,0.5833333333333334,1.0,12
primary,n_train,154,C,Ridge,1.3333333333333333,1.0,0.6666666666666666,1.0,6
primary,n_train,155,A,Ridge,1.0,1.0,1.0,1.0,3
primary,n_train,155,C,Ridge,1.1666666666666667,1.0,0.8333333333333334,1.0,6
primary,n_train,155,D,Ridge,1.8333333333333333,2.0,0.25,1.0,12
primary,n_train,156,A,Ridge,1.3333333333333333,1.0,0.6666666666666666,1.0,3
primary,n_train,156,B,Ridge,1.6666666666666667,1.5,0.5,1.0,6
primary,n_train,156,C,Ridge,1.8333333333333333,1.5,0.5,1.0,6
primary,n_train,156,D,Ridge,1.6666666666666667,1.5,0.5,1.0,6
primary,n_train,157,B,Ridge,1.3333333333333333,1.0,0.6666666666666666,1.0,3
primary,n_train,157,C,Ridge,2.1666666666666665,2.0,0.0,1.0,6
primary,n_train,157,D,Ridge,1.6666666666666667,2.0,0.3333333333333333,1.0,6
primary,n_train,158,A,Ridge,1.3333333333333333,1.0,0.6666666666666666,1.0,9
primary,n_train,158,B,Ridge,1.7142857142857142,2.0,0.38095238095238093,1.0,21
primary,n_train,158,D,Ridge,1.8333333333333333,2.0,0.3333333333333333,1.0,12
primary,n_train,159,A,Ridge,1.6,2.0,0.4666666666666667,1.0,15
primary,n_train,159,B,Ridge,1.0,1.0,1.0,1.0,3
primary,n_train,159,D,Ridge,2.0,2.0,0.0,1.0,3
primary,n_train,160,A,Ridge,2.0,2.0,0.16666666666666666,1.0,6
primary,n_train,160,B,Ridge,2.0,2.0,0.0,1.0,3
primary,n_train,160,D,Ridge,1.8888888888888888,2.0,0.3333333333333333,1.0,9
primary,n_train,161,A,Ridge,1.1666666666666667,1.0,0.8333333333333334,1.0,6
primary,n_train,161,B,Ridge,2.3333333333333335,2.0,0.0,1.0,3
primary,n_train,161,D,Ridge,1.5555555555555556,2.0,0.4444444444444444,1.0,9
primary,n_train,162,A,Ridge,1.4444444444444444,1.0,0.5555555555555556,1.0,9
primary,n_train,162,B,Ridge,2.0,2.0,0.0,1.0,3
primary,n_train,162,C,Ridge,1.5833333333333333,2.0,0.4166666666666667,1.0,12
primary,n_train,162,D,Ridge,1.6666666666666667,1.5,0.5,1.0,6
primary,n_train,163,A,Ridge,1.7777777777777777,2.0,0.3333333333333333,1.0,9
primary,n_train,163,B,Ridge,1.6666666666666667,2.0,0.3333333333333333,1.0,3
primary,n_train,163,C,Ridge,1.6666666666666667,2.0,0.3333333333333333,1.0,6
primary,n_train,163,D,Ridge,2.3333333333333335,3.0,0.3333333333333333,1.0,3
primary,n_train,164,A,Ridge,1.5555555555555556,2.0,0.4444444444444444,1.0,9
primary,n_train,164,C,Ridge,1.0,1.0,1.0,1.0,3
primary,n_train,164,D,Ridge,1.3333333333333333,1.0,0.6666666666666666,1.0,3
primary,n_train,165,A,Ridge,1.3333333333333333,1.0,0.6666666666666666,1.0,6
primary,n_train,165,B,Ridge,1.0,1.0,1.0,1.0,3
primary,n_train,165,C,Ridge,1.6666666666666667,2.0,0.3333333333333333,1.0,3
primary,n_train,166,A,Ridge,1.5,1.5,0.5,1.0,6
primary,n_train,166,B,Ridge,1.6666666666666667,2.0,0.3333333333333333,1.0,3
primary,n_train,166,C,Ridge,1.6666666666666667,2.0,0.3333333333333333,1.0,12
primary,n_train,166,D,Ridge,1.6666666666666667,1.0,0.6666666666666666,1.0,3
primary,n_train,167,A,Ridge,1.8333333333333333,2.0,0.16666666666666666,1.0,6
primary,n_train,167,C,Ridge,1.6666666666666667,2.0,0.3333333333333333,1.0,3
primary,n_train,167,D,Ridge,1.3333333333333333,1.0,0.6666666666666666,1.0,6
primary,n_train,168,B,Ridge,1.6666666666666667,2.0,0.3333333333333333,1.0,3
primary,n_train,168,C,Ridge,2.0,2.0,0.3333333333333333,1.0,6
primary,n_train,168,D,Ridge,1.5,1.5,0.5,1.0,6
primary,n_train,169,A,Ridge,1.6666666666666667,2.0,0.3333333333333333,1.0,3
primary,n_train,169,B,Ridge,2.0,2.0,0.3333333333333333,1.0,3
primary,n_train,169,D,Ridge,1.6666666666666667,1.0,0.5555555555555556,1.0,9
primary,n_train,170,A,Ridge,1.6666666666666667,2.0,0.3333333333333333,1.0,6
primary,n_train,170,B,Ridge,1.6666666666666667,2.0,0.3333333333333333,1.0,3
primary,n_train,170,C,Ridge,1.8333333333333333,1.5,0.5,1.0,6
primary,n_train,170,D,Ridge,2.0,2.0,0.0,1.0,6
primary,n_train,171,C,Ridge,2.0,2.0,0.3333333333333333,1.0,3
primary,n_train,172,B,Ridge,1.0,1.0,1.0,1.0,3
primary,n_train,172,C,Ridge,1.0,1.0,1.0,1.0,3
primary,n_train,173,A,Ridge,2.2222222222222223,2.0,0.0,1.0,9
primary,n_train,173,C,Ridge,1.5,1.0,0.6666666666666666,1.0,6
primary,n_train,173,D,Ridge,1.8888888888888888,2.0,0.3333333333333333,1.0,9
primary,n_train,174,B,Ridge,1.3333333333333333,1.0,0.6666666666666666,1.0,3
primary,n_train,174,C,Ridge,1.5555555555555556,2.0,0.4444444444444444,1.0,9
primary,n_train,174,D,Ridge,1.3333333333333333,1.0,0.6666666666666666,1.0,3
primary,n_train,175,C,Ridge,1.6666666666666667,2.0,0.3333333333333333,1.0,3
primary,n_train,176,A,Ridge,1.3333333333333333,1.0,0.6666666666666666,1.0,3
primary,n_train,176,B,Ridge,1.5833333333333333,2.0,0.4166666666666667,1.0,12
primary,n_train,177,A,Ridge,1.3333333333333333,1.0,0.6666666666666666,1.0,3
primary,n_train,177,D,Ridge,1.3333333333333333,1.0,0.6666666666666666,1.0,3
primary,n_train,178,C,Ridge,1.6666666666666667,2.0,0.3333333333333333,1.0,3
primary,n_train,178,D,Ridge,1.3333333333333333,1.0,0.6666666666666666,1.0,3
primary,n_train,180,C,Ridge,1.6666666666666667,2.0,0.3333333333333333,1.0,3
primary,n_train,182,C,Ridge,1.8333333333333333,2.0,0.3333333333333333,1.0,6
primary,n_train,183,A,Ridge,1.6666666666666667,2.0,0.3333333333333333,1.0,3
primary,n_train,184,D,Ridge,1.3333333333333333,1.0,0.6666666666666666,1.0,3
primary,n_train,186,C,Ridge,1.3333333333333333,1.0,0.6666666666666666,1.0,3
primary,n_train,187,A,Ridge,1.6666666666666667,2.0,0.3333333333333333,1.0,3
primary,n_train,188,D,Ridge,1.0,1.0,1.0,1.0,3
primary,n_train,190,A,Ridge,2.0,2.0,0.0,1.0,3
primary,noise_features,0,A,SVR,6.8933333333333335,7.0,0.0,0.0,150
primary,noise_features,0,B,SVR,8.173333333333334,9.0,0.0,0.006666666666666667,150
primary,noise_features,0,C,SVR,6.113333333333333,6.0,0.006666666666666667,0.013333333333333334,150
primary,noise_features,0,D,SVR,7.166666666666667,7.0,0.0,0.0,150
primary,n_train,128,B,SVR,10.0,10.0,0.0,0.0,3
primary,n_train,133,A,SVR,6.666666666666667,5.0,0.0,0.0,3
primary,n_train,133,D,SVR,6.0,6.0,0.0,0.0,3
primary,n_train,134,A,SVR,8.666666666666666,9.0,0.0,0.0,3
primary,n_train,135,A,SVR,7.333333333333333,8.0,0.0,0.0,3
primary,n_train,138,B,SVR,10.0,10.0,0.0,0.0,3
primary,n_train,139,B,SVR,10.0,10.0,0.0,0.0,3
primary,n_train,140,D,SVR,7.333333333333333,7.0,0.0,0.0,3
primary,n_train,142,B,SVR,8.333333333333334,9.5,0.0,0.0,6
primary,n_train,142,C,SVR,4.0,4.0,0.0,0.0,3
primary,n_train,142,D,SVR,8.333333333333334,9.0,0.0,0.0,3
primary,n_train,143,A,SVR,7.0,7.0,0.0,0.0,3
primary,n_train,143,B,SVR,8.666666666666666,9.0,0.0,0.0,3
primary,n_train,144,A,SVR,9.333333333333334,9.0,0.0,0.0,3
primary,n_train,144,B,SVR,8.666666666666666,9.0,0.0,0.0,3
primary,n_train,145,B,SVR,8.5,9.0,0.0,0.0,6
primary,n_train,145,C,SVR,8.333333333333334,8.0,0.0,0.0,3
primary,n_train,146,B,SVR,6.666666666666667,6.0,0.0,0.0,3
primary,n_train,146,C,SVR,7.333333333333333,7.0,0.0,0.0,3
primary,n_train,147,C,SVR,6.166666666666667,6.0,0.0,0.0,6
primary,n_train,147,D,SVR,7.666666666666667,7.0,0.0,0.0,3
primary,n_train,148,A,SVR,6.0,6.0,0.0,0.0,3
primary,n_train,148,B,SVR,9.0,9.0,0.0,0.0,3
primary,n_train,148,C,SVR,6.666666666666667,7.0,0.0,0.0,3
primary,n_train,148,D,SVR,6.0,5.0,0.0,0.0,3
primary,n_train,149,B,SVR,9.166666666666666,9.0,0.0,0.0,6
primary,n_train,149,D,SVR,6.333333333333333,6.0,0.0,0.0,3
primary,n_train,150,A,SVR,6.333333333333333,6.0,0.0,0.0,3
primary,n_train,150,B,SVR,8.0,9.0,0.0,0.0,9
primary,n_train,150,C,SVR,8.0,9.0,0.0,0.0,6
primary,n_train,150,D,SVR,8.333333333333334,9.0,0.0,0.0,3
primary,n_train,151,B,SVR,4.333333333333333,4.0,0.0,0.0,3
primary,n_train,151,C,SVR,6.333333333333333,6.0,0.0,0.0,3
primary,n_train,151,D,SVR,8.333333333333334,9.0,0.0,0.0,3
primary,n_train,152,A,SVR,6.666666666666667,6.5,0.0,0.0,6
primary,n_train,152,B,SVR,7.5,8.0,0.0,0.0,6
primary,n_train,152,C,SVR,6.0,5.0,0.0,0.0,3
primary,n_train,152,D,SVR,7.333333333333333,7.0,0.0,0.0,3
primary,n_train,153,B,SVR,8.333333333333334,9.0,0.0,0.0,3
primary,n_train,153,C,SVR,6.833333333333333,7.0,0.0,0.0,6
primary,n_train,154,A,SVR,7.666666666666667,8.0,0.0,0.0,3
primary,n_train,154,B,SVR,8.166666666666666,9.0,0.0,0.0,12
primary,n_train,154,C,SVR,4.666666666666667,4.5,0.0,0.0,6
primary,n_train,155,A,SVR,5.666666666666667,5.0,0.0,0.0,3
primary,n_train,155,C,SVR,7.0,7.0,0.0,0.0,6
primary,n_train,155,D,SVR,7.666666666666667,7.5,0.0,0.0,12
primary,n_train,156,A,SVR,8.666666666666666,10.0,0.0,0.0,3
primary,n_train,156,B,SVR,7.0,7.0,0.0,0.0,6
primary,n_train,156,C,SVR,7.0,7.0,0.0,0.0,6
primary,n_train,156,D,SVR,6.666666666666667,6.0,0.0,0.0,6
primary,n_train,157,B,SVR,4.333333333333333,5.0,0.0,0.3333333333333333,3
primary,n_train,157,C,SVR,4.833333333333333,5.0,0.0,0.0,6
primary,n_train,157,D,SVR,7.5,7.5,0.0,0.0,6
primary,n_train,158,A,SVR,7.666666666666667,7.0,0.0,0.0,9
primary,n_train,158,B,SVR,8.857142857142858,9.0,0.0,0.0,21
primary,n_train,158,D,SVR,7.916666666666667,9.0,0.0,0.0,12
primary,n_train,159,A,SVR,6.866666666666666,7.0,0.0,0.0,15
primary,n_train,159,B,SVR,7.333333333333333,7.0,0.0,0.0,3
primary,n_train,159,D,SVR,8.333333333333334,8.0,0.0,0.0,3
primary,n_train,160,A,SVR,6.666666666666667,6.0,0.0,0.0,6
primary,n_train,160,B,SVR,9.0,9.0,0.0,0.0,3
primary,n_train,160,D,SVR,7.333333333333333,7.0,0.0,0.0,9
primary,n_train,161,A,SVR,5.0,5.0,0.0,0.0,6
primary,n_train,161,B,SVR,8.333333333333334,9.0,0.0,0.0,3
primary,n_train,161,D,SVR,5.888888888888889,6.0,0.0,0.0,9
primary,n_train,162,A,SVR,6.555555555555555,7.0,0.0,0.0,9
primary,n_train,162,B,SVR,9.0,9.0,0.0,0.0,3
primary,n_train,162,C,SVR,4.75,4.0,0.08333333333333333,0.08333333333333333,12
primary,n_train,162,D,SVR,7.166666666666667,7.0,0.0,0.0,6
primary,n_train,163,A,SVR,7.0,7.0,0.0,0.0,9
primary,n_train,163,B,SVR,9.0,9.0,0.0,0.0,3
primary,n_train,163,C,SVR,5.833333333333333,6.0,0.0,0.0,6
primary,n_train,163,D,SVR,4.666666666666667,5.0,0.0,0.0,3
primary,n_train,164,A,SVR,6.555555555555555,7.0,0.0,0.0,9
primary,n_train,164,C,SVR,4.333333333333333,4.0,0.0,0.0,3
primary,n_train,164,D,SVR,7.333333333333333,7.0,0.0,0.0,3
primary,n_train,165,A,SVR,7.833333333333333,7.5,0.0,0.0,6
primary,n_train,165,B,SVR,7.666666666666667,7.0,0.0,0.0,3
primary,n_train,165,C,SVR,6.666666666666667,7.0,0.0,0.0,3
primary,n_train,166,A,SVR,6.166666666666667,6.5,0.0,0.0,6
primary,n_train,166,B,SVR,7.666666666666667,7.0,0.0,0.0,3
primary,n_train,166,C,SVR,6.083333333333333,7.0,0.0,0.0,12
primary,n_train,166,D,SVR,6.0,6.0,0.0,0.0,3
primary,n_train,167,A,SVR,6.833333333333333,7.0,0.0,0.0,6
primary,n_train,167,C,SVR,5.0,5.0,0.0,0.0,3
primary,n_train,167,D,SVR,6.0,6.5,0.0,0.0,6
primary,n_train,168,B,SVR,9.0,9.0,0.0,0.0,3
primary,n_train,168,C,SVR,6.333333333333333,6.0,0.0,0.0,6
primary,n_train,168,D,SVR,7.666666666666667,7.5,0.0,0.0,6
primary,n_train,169,A,SVR,6.333333333333333,7.0,0.0,0.0,3
primary,n_train,169,B,SVR,8.0,9.0,0.0,0.0,3
primary,n_train,169,D,SVR,7.555555555555555,7.0,0.0,0.0,9
primary,n_train,170,A,SVR,7.166666666666667,7.5,0.0,0.0,6
primary,n_train,170,B,SVR,7.333333333333333,8.0,0.0,0.0,3
primary,n_train,170,C,SVR,5.0,4.5,0.0,0.0,6
primary,n_train,170,D,SVR,7.5,7.0,0.0,0.0,6
primary,n_train,171,C,SVR,6.333333333333333,6.0,0.0,0.0,3
primary,n_train,172,B,SVR,9.333333333333334,9.0,0.0,0.0,3
primary,n_train,172,C,SVR,9.333333333333334,10.0,0.0,0.0,3
primary,n_train,173,A,SVR,6.0,6.0,0.0,0.0,9
primary,n_train,173,C,SVR,6.666666666666667,7.5,0.0,0.0,6
primary,n_train,173,D,SVR,7.333333333333333,7.0,0.0,0.0,9
primary,n_train,174,B,SVR,7.333333333333333,7.0,0.0,0.0,3
primary,n_train,174,C,SVR,5.888888888888889,7.0,0.0,0.1111111111111111,9
primary,n_train,174,D,SVR,9.0,10.0,0.0,0.0,3
primary,n_train,175,C,SVR,8.666666666666666,9.0,0.0,0.0,3
primary,n_train,176,A,SVR,8.333333333333334,8.0,0.0,0.0,3
primary,n_train,176,B,SVR,7.5,8.5,0.0,0.0,12
primary,n_train,177,A,SVR,7.333333333333333,7.0,0.0,0.0,3
primary,n_train,177,D,SVR,7.0,6.0,0.0,0.0,3
primary,n_train,178,C,SVR,5.333333333333333,5.0,0.0,0.0,3
primary,n_train,178,D,SVR,5.333333333333333,6.0,0.0,0.0,3
primary,n_train,180,C,SVR,6.666666666666667,5.0,0.0,0.0,3
primary,n_train,182,C,SVR,5.833333333333333,6.0,0.0,0.0,6
primary,n_train,183,A,SVR,7.0,7.0,0.0,0.0,3
primary,n_train,184,D,SVR,6.666666666666667,6.0,0.0,0.0,3
primary,n_train,186,C,SVR,5.333333333333333,5.0,0.0,0.0,3
primary,n_train,187,A,SVR,7.0,7.0,0.0,0.0,3
primary,n_train,188,D,SVR,6.666666666666667,7.0,0.0,0.0,3
primary,n_train,190,A,SVR,7.0,7.0,0.0,0.0,3
primary,noise_features,0,A,XGBoost,8.846666666666666,9.0,0.0,0.0,150
primary,noise_features,0,B,XGBoost,7.086666666666667,7.0,0.0,0.0,150
primary,noise_features,0,C,XGBoost,8.6,9.0,0.0,0.0,150
primary,noise_features,0,D,XGBoost,8.62,9.0,0.0,0.0,150
primary,n_train,128,B,XGBoost,5.333333333333333,5.0,0.0,0.0,3
primary,n_train,133,A,XGBoost,9.0,9.0,0.0,0.0,3
primary,n_train,133,D,XGBoost,9.0,9.0,0.0,0.0,3
primary,n_train,134,A,XGBoost,7.333333333333333,8.0,0.0,0.0,3
primary,n_train,135,A,XGBoost,8.333333333333334,9.0,0.0,0.0,3
primary,n_train,138,B,XGBoost,7.0,7.0,0.0,0.0,3
primary,n_train,139,B,XGBoost,8.333333333333334,9.0,0.0,0.0,3
primary,n_train,140,D,XGBoost,9.0,9.0,0.0,0.0,3
primary,n_train,142,B,XGBoost,7.833333333333333,8.0,0.0,0.0,6
primary,n_train,142,C,XGBoost,8.666666666666666,9.0,0.0,0.0,3
primary,n_train,142,D,XGBoost,8.666666666666666,9.0,0.0,0.0,3
primary,n_train,143,A,XGBoost,9.0,9.0,0.0,0.0,3
primary,n_train,143,B,XGBoost,7.666666666666667,8.0,0.0,0.0,3
primary,n_train,144,A,XGBoost,8.0,8.0,0.0,0.0,3
primary,n_train,144,B,XGBoost,8.333333333333334,8.0,0.0,0.0,3
primary,n_train,145,B,XGBoost,7.0,7.0,0.0,0.0,6
primary,n_train,145,C,XGBoost,8.333333333333334,9.0,0.0,0.0,3
primary,n_train,146,B,XGBoost,6.0,6.0,0.0,0.0,3
primary,n_train,146,C,XGBoost,10.0,10.0,0.0,0.0,3
primary,n_train,147,C,XGBoost,8.0,8.0,0.0,0.0,6
primary,n_train,147,D,XGBoost,8.333333333333334,9.0,0.0,0.0,3
primary,n_train,148,A,XGBoost,10.0,10.0,0.0,0.0,3
primary,n_train,148,B,XGBoost,6.333333333333333,6.0,0.0,0.0,3
primary,n_train,148,C,XGBoost,8.666666666666666,8.0,0.0,0.0,3
primary,n_train,148,D,XGBoost,7.666666666666667,8.0,0.0,0.0,3
primary,n_train,149,B,XGBoost,6.166666666666667,7.0,0.0,0.0,6
primary,n_train,149,D,XGBoost,9.666666666666666,10.0,0.0,0.0,3
primary,n_train,150,A,XGBoost,8.0,8.0,0.0,0.0,3
primary,n_train,150,B,XGBoost,8.0,8.0,0.0,0.0,9
primary,n_train,150,C,XGBoost,8.0,8.0,0.0,0.0,6
primary,n_train,150,D,XGBoost,8.0,8.0,0.0,0.0,3
primary,n_train,151,B,XGBoost,8.0,8.0,0.0,0.0,3
primary,n_train,151,C,XGBoost,9.0,9.0,0.0,0.0,3
primary,n_train,151,D,XGBoost,8.0,8.0,0.0,0.0,3
primary,n_train,152,A,XGBoost,8.166666666666666,8.0,0.0,0.0,6
primary,n_train,152,B,XGBoost,7.5,7.5,0.0,0.0,6
primary,n_train,152,C,XGBoost,10.0,10.0,0.0,0.0,3
primary,n_train,152,D,XGBoost,8.666666666666666,9.0,0.0,0.0,3
primary,n_train,153,B,XGBoost,8.0,8.0,0.0,0.0,3
primary,n_train,153,C,XGBoost,9.166666666666666,9.0,0.0,0.0,6
primary,n_train,154,A,XGBoost,8.666666666666666,9.0,0.0,0.0,3
primary,n_train,154,B,XGBoost,7.166666666666667,7.0,0.0,0.0,12
primary,n_train,154,C,XGBoost,9.5,10.0,0.0,0.0,6
primary,n_train,155,A,XGBoost,9.666666666666666,10.0,0.0,0.0,3
primary,n_train,155,C,XGBoost,9.333333333333334,9.5,0.0,0.0,6
primary,n_train,155,D,XGBoost,8.5,8.0,0.0,0.0,12
primary,n_train,156,A,XGBoost,8.333333333333334,9.0,0.0,0.0,3
primary,n_train,156,B,XGBoost,8.0,8.0,0.0,0.0,6
primary,n_train,156,C,XGBoost,8.833333333333334,8.5,0.0,0.0,6
primary,n_train,156,D,XGBoost,10.0,10.0,0.0,0.0,6
primary,n_train,157,B,XGBoost,7.333333333333333,7.0,0.0,0.0,3
primary,n_train,157,C,XGBoost,8.333333333333334,9.0,0.0,0.0,6
primary,n_train,157,D,XGBoost,9.166666666666666,9.5,0.0,0.0,6
primary,n_train,158,A,XGBoost,9.0,10.0,0.0,0.0,9
primary,n_train,158,B,XGBoost,6.714285714285714,7.0,0.0,0.0,21
primary,n_train,158,D,XGBoost,8.666666666666666,8.5,0.0,0.0,12
primary,n_train,159,A,XGBoost,8.866666666666667,9.0,0.0,0.0,15
primary,n_train,159,B,XGBoost,7.0,6.0,0.0,0.0,3
primary,n_train,159,D,XGBoost,7.666666666666667,7.0,0.0,0.0,3
primary,n_train,160,A,XGBoost,8.5,9.0,0.0,0.0,6
primary,n_train,160,B,XGBoost,6.666666666666667,6.0,0.0,0.0,3
primary,n_train,160,D,XGBoost,8.0,9.0,0.0,0.0,9
primary,n_train,161,A,XGBoost,9.333333333333334,9.5,0.0,0.0,6
primary,n_train,161,B,XGBoost,6.0,6.0,0.0,0.0,3
primary,n_train,161,D,XGBoost,9.0,9.0,0.0,0.0,9
primary,n_train,162,A,XGBoost,9.0,9.0,0.0,0.0,9
primary,n_train,162,B,XGBoost,6.666666666666667,7.0,0.0,0.0,3
primary,n_train,162,C,XGBoost,8.75,9.0,0.0,0.0,12
primary,n_train,162,D,XGBoost,9.0,9.0,0.0,0.0,6
primary,n_train,163,A,XGBoost,9.333333333333334,10.0,0.0,0.0,9
primary,n_train,163,B,XGBoost,6.0,6.0,0.0,0.0,3
primary,n_train,163,C,XGBoost,8.166666666666666,8.5,0.0,0.0,6
primary,n_train,163,D,XGBoost,8.333333333333334,9.0,0.0,0.0,3
primary,n_train,164,A,XGBoost,9.555555555555555,10.0,0.0,0.0,9
primary,n_train,164,C,XGBoost,9.333333333333334,10.0,0.0,0.0,3
primary,n_train,164,D,XGBoost,9.0,9.0,0.0,0.0,3
primary,n_train,165,A,XGBoost,8.833333333333334,9.0,0.0,0.0,6
primary,n_train,165,B,XGBoost,7.0,6.0,0.0,0.0,3
primary,n_train,165,C,XGBoost,8.666666666666666,9.0,0.0,0.0,3
primary,n_train,166,A,XGBoost,8.833333333333334,8.5,0.0,0.0,6
primary,n_train,166,B,XGBoost,7.0,6.0,0.0,0.0,3
primary,n_train,166,C,XGBoost,8.333333333333334,8.5,0.0,0.0,12
primary,n_train,166,D,XGBoost,9.333333333333334,10.0,0.0,0.0,3
primary,n_train,167,A,XGBoost,8.5,9.0,0.0,0.0,6
primary,n_train,167,C,XGBoost,8.333333333333334,9.0,0.0,0.0,3
primary,n_train,167,D,XGBoost,9.5,9.5,0.0,0.0,6
primary,n_train,168,B,XGBoost,6.666666666666667,7.0,0.0,0.0,3
primary,n_train,168,C,XGBoost,8.333333333333334,8.5,0.0,0.0,6
primary,n_train,168,D,XGBoost,8.666666666666666,9.0,0.0,0.0,6
primary,n_train,169,A,XGBoost,9.0,9.0,0.0,0.0,3
primary,n_train,169,B,XGBoost,7.333333333333333,6.0,0.0,0.0,3
primary,n_train,169,D,XGBoost,8.0,8.0,0.0,0.0,9
primary,n_train,170,A,XGBoost,8.666666666666666,8.5,0.0,0.0,6
primary,n_train,170,B,XGBoost,6.333333333333333,6.0,0.0,0.0,3
primary,n_train,170,C,XGBoost,8.666666666666666,9.0,0.0,0.0,6
primary,n_train,170,D,XGBoost,8.666666666666666,9.0,0.0,0.0,6
primary,n_train,171,C,XGBoost,7.666666666666667,7.0,0.0,0.0,3
primary,n_train,172,B,XGBoost,5.666666666666667,5.0,0.0,0.0,3
primary,n_train,172,C,XGBoost,8.0,8.0,0.0,0.0,3
primary,n_train,173,A,XGBoost,9.11111111111111,9.0,0.0,0.0,9
primary,n_train,173,C,XGBoost,7.0,6.5,0.0,0.0,6
primary,n_train,173,D,XGBoost,8.222222222222221,9.0,0.0,0.0,9
primary,n_train,174,B,XGBoost,7.333333333333333,8.0,0.0,0.0,3
primary,n_train,174,C,XGBoost,8.333333333333334,9.0,0.0,0.0,9
primary,n_train,174,D,XGBoost,8.666666666666666,9.0,0.0,0.0,3
primary,n_train,175,C,XGBoost,8.0,8.0,0.0,0.0,3
primary,n_train,176,A,XGBoost,7.666666666666667,7.0,0.0,0.0,3
primary,n_train,176,B,XGBoost,7.416666666666667,7.0,0.0,0.0,12
primary,n_train,177,A,XGBoost,8.666666666666666,9.0,0.0,0.0,3
primary,n_train,177,D,XGBoost,9.666666666666666,10.0,0.0,0.0,3
primary,n_train,178,C,XGBoost,9.666666666666666,10.0,0.0,0.0,3
primary,n_train,178,D,XGBoost,8.0,8.0,0.0,0.0,3
primary,n_train,180,C,XGBoost,8.333333333333334,9.0,0.0,0.0,3
primary,n_train,182,C,XGBoost,9.166666666666666,9.0,0.0,0.0,6
primary,n_train,183,A,XGBoost,9.333333333333334,10.0,0.0,0.0,3
primary,n_train,184,D,XGBoost,7.333333333333333,7.0,0.0,0.0,3
primary,n_train,186,C,XGBoost,9.0,9.0,0.0,0.0,3
primary,n_train,187,A,XGBoost,9.333333333333334,9.0,0.0,0.0,3
primary,n_train,188,D,XGBoost,7.666666666666667,8.0,0.0,0.0,3
primary,n_train,190,A,XGBoost,8.0,8.0,0.0,0.0,3
