n_train,prior_regime,method,valid_count,n_holdout,mean_mse_betaX,median_mse_betaX,std_mse_betaX,mean_rmse_betaX,mean_r2_betaX,mean_rank_mse_betaX,mean_context_window_size,mean_context_windows,base25_mse,base25_rmse,base25_r2,mse_improvement_vs_25,rmse_improvement_vs_25,r2_improvement_vs_25,relative_mse_improvement_pct,is_tabpfn_anchor
128,B,AutoGluon,3,32,0.661531115413643,0.6638523426643,0.33792596471695197,0.7939211622576213,0.9807434877634688,3.3333333333333335,,,,,,,,,,False
128,B,CatBoost,3,32,3.0105963013905885,2.919527294429999,1.666636479172487,1.6869951795462124,0.9128120980144449,7.0,,,,,,,,,,False
128,B,DeepSetModel-MC,3,32,34.314986282162046,36.24548394423269,8.114060669492126,5.828979850959282,-0.0446128987453582,11.0,200.0,5.0,,,,,,,,False
128,B,FixedRidgeLambda1,3,32,0.06649571880015746,0.0685744559568962,0.020772466504752028,0.2556506631953175,0.9977864271103897,1.0,,,,,,,,,,False
128,B,KNN,3,32,10.432160087146322,11.232058920047818,1.5028992996253534,3.2240287408689983,0.6772917473481429,9.0,,,,,,,,,,False
128,B,LightGBM,3,32,3.5332728045406143,3.958556937373768,1.8299760052647533,1.8290019911524684,0.8979252998722798,8.0,,,,,,,,,,False
128,B,LinearRegression,3,32,0.07941376413054223,0.0785977393198668,0.017965807119293183,0.28059242301976034,0.9973845488233725,2.0,,,,,,,,,,False
128,B,MLP,3,32,0.867274451490621,0.8877128821973044,0.04096565349818607,0.9311001381300246,0.9726937180288209,3.6666666666666665,,,,,,,,,,False
128,B,RandomForest,3,32,1.8324792863782589,1.7054155219802165,0.7456587111439859,1.3350225602056927,0.9453638402425658,5.666666666666667,,,,,,,,,,False
128,B,Ridge,3,32,0.06649571880015746,0.0685744559568962,0.020772466504752028,0.2556506631953175,0.9977864271103897,1.0,,,,,,,,,,False
128,B,SVR,3,32,12.109074130835802,11.77253312295776,2.300414881053452,3.469442757682326,0.6266294902245285,10.0,,,,,,,,,,False
128,B,XGBoost,3,32,1.611749238913166,1.4723068479401935,0.34980340515602154,1.264769658089774,0.9502377646772423,5.333333333333333,,,,,,,,,,False
131,G,AutoGluon,6,33,18.16078376748125,16.320691477313797,17.96511828597509,3.693573587049786,-3.3114263357861873,3.6666666666666665,,,,,,,,,,False
131,G,CatBoost,6,33,44.01431469685044,21.782217440971056,54.97621714598032,5.517076342874532,-9.716455731689924,5.0,,,,,,,,,,False
131,G,DeepSetModel-MC,6,33,17.665551125779047,14.910035350332016,6.653850263629108,4.142813284236859,-2.0427603342000507,4.666666666666667,200.0,5.0,,,,,,,,False
131,G,FixedRidgeLambda1,6,33,20.25393667555832,20.353457354335426,17.03426897032807,4.069789773563973,-3.627968242710377,3.8333333333333335,,,,,,,,,,False
131,G,KNN,6,33,38.54976361257104,22.359379910785464,40.01581015657843,5.64402839300389,-7.401672607956718,6.666666666666667,,,,,,,,,,False
131,G,LightGBM,6,33,105.6385844954466,73.69597284999995,110.13161498025045,8.974201233885495,-24.474040599020228,8.833333333333334,,,,,,,,,,False
131,G,LinearRegression,6,33,20.474061927173313,20.579446253709886,17.17580131721883,4.094819495371961,-3.674124735018348,4.833333333333333,,,,,,,,,,False
131,G,MLP,6,33,231.01371877186975,184.3338394425122,210.66505524741214,13.75065876250541,-52.10288192944307,10.666666666666666,,,,,,,,,,False
131,G,RandomForest,6,33,71.22365173633655,32.05785056648363,86.66082984373321,7.063686098171256,-15.813546378169681,7.166666666666667,,,,,,,,,,False
131,G,Ridge,6,33,20.25393667555832,20.353457354335426,17.03426897032807,4.069789773563973,-3.627968242710377,3.8333333333333335,,,,,,,,,,False
131,G,SVR,6,33,3.0949212223502527,3.009229202140952,2.2404064076264927,1.646083711334725,0.6907159020114508,2.5,,,,,,,,,,False
131,G,XGBoost,6,33,486.72927078599713,27.16879389744896,817.9430141354323,14.985460857849487,-120.56648624275935,8.166666666666666,,,,,,,,,,False
133,A,AutoGluon,3,33,0.2030856713846031,0.1810858724745472,0.06405849026572605,0.4470791645294175,0.9625424072076548,3.0,,,,,,,,,,False
133,A,CatBoost,3,33,0.602110420330377,0.4635634888177775,0.2606182032656483,0.7647757625184858,0.8905005310612056,4.0,,,,,,,,,,False
133,A,DeepSetModel-MC,3,33,5.422997263782661,4.948232504234833,0.8709358602280464,2.323922054885605,-0.014462576312425666,11.0,200.0,5.0,,,,,,,,False
133,A,FixedRidgeLambda1,3,33,0.028295694317409133,0.0162856690249265,0.02139131306831419,0.16091691658088528,0.9950349681214115,2.0,,,,,,,,,,False
133,A,KNN,3,33,1.283139188499293,1.127032164951225,0.35538237160201125,1.125898953976525,0.7626393217604549,9.333333333333334,,,,,,,,,,False
133,A,LightGBM,3,33,0.9701323864082759,0.9177116641158144,0.3705565395523386,0.9729172804028036,0.8216497514886386,7.333333333333333,,,,,,,,,,False
133,A,LinearRegression,3,33,0.024232177396941168,0.0140099200170944,0.018428649247324787,0.1488303305665176,0.9957504684559829,1.0,,,,,,,,,,False
133,A,MLP,3,33,0.8086955977896446,0.7769656898435165,0.2452379393890041,0.8923888895902478,0.8502406946501438,6.333333333333333,,,,,,,,,,False
133,A,RandomForest,3,33,0.7801499488282501,0.7348140021535758,0.15489654588916674,0.8804418665763357,0.8543865445242752,6.333333333333333,,,,,,,,,,False
133,A,Ridge,3,33,0.028295694317409133,0.0162856690249265,0.02139131306831419,0.16091691658088528,0.9950349681214115,2.0,,,,,,,,,,False
133,A,SVR,3,33,0.9683857894932034,0.6187201436222831,0.7630469923432406,0.9366127361668731,0.8302653281679099,6.666666666666667,,,,,,,,,,False
133,A,XGBoost,3,33,1.1609022015537018,1.1518483147436989,0.24532753846546462,1.073408862629534,0.7837657298618591,9.0,,,,,,,,,,False
133,D,AutoGluon,3,33,0.2993756308310118,0.2550100199193816,0.17329993886791795,0.5319928470551268,0.9651193303454036,3.0,,,,,,,,,,False
133,D,CatBoost,3,33,1.7255275625222464,1.6489678804794927,0.5158720309323637,1.3038627621116259,0.7831515361632969,5.666666666666667,,,,,,,,,,False
133,D,DeepSetModel-MC,3,33,8.512185463619417,8.267180498176263,3.2692663053321347,2.880769194823342,-0.04469969086567143,11.0,200.0,5.0,,,,,,,,False
133,D,FixedRidgeLambda1,3,33,0.057166469473936866,0.0565006345598775,0.011313632362403089,0.23831195675007363,0.9924076888985431,1.6666666666666667,,,,,,,,,,False
133,D,KNN,3,33,3.0172656901679904,2.809422261850057,1.3864388594046433,1.7060101854905148,0.6371715032558963,9.0,,,,,,,,,,False
133,D,LightGBM,3,33,2.009643015184636,1.976478482413052,0.20907110105135063,1.4163514016310244,0.7342075555052127,6.666666666666667,,,,,,,,,,False
133,D,LinearRegression,3,33,0.0555930504411134,0.054030476651106,0.01500581652095609,0.23434784721019844,0.992658322907403,1.3333333333333333,,,,,,,,,,False
133,D,MLP,3,33,0.971053597064639,0.8379921529036327,0.27565795425310835,0.9791817223295607,0.8688639286600216,4.0,,,,,,,,,,False
133,D,RandomForest,3,33,2.652477167846686,2.5007341060018016,0.5193541953546794,1.6235858796684433,0.6524978959309684,8.666666666666666,,,,,,,,,,False
133,D,Ridge,3,33,0.057166469473936866,0.0565006345598775,0.011313632362403089,0.23831195675007363,0.9924076888985431,1.6666666666666667,,,,,,,,,,False
133,D,SVR,3,33,1.7039088432524843,1.7071970527432985,0.6046214711896163,1.2910423094272085,0.7892072804964015,6.0,,,,,,,,,,False
133,D,XGBoost,3,33,2.7733034378299712,2.7820352259356693,0.4367559700229431,1.6618466025129084,0.608627567831156,9.0,,,,,,,,,,False
134,E,AutoGluon,3,33,0.16479072903745887,0.1749009751124188,0.049399365887847865,0.4026708999791126,0.8801576010615726,3.0,,,,,,,,,,False
134,E,CatBoost,3,33,0.48992518602784846,0.5005900096244379,0.04911164926195647,0.6993493941430121,0.6468278912525686,5.333333333333333,,,,,,,,,,False
134,E,DeepSetModel-MC,3,33,1.4358284419294707,1.4569573535909974,0.24703468440667845,1.1952438700469277,-0.026600436739764265,10.666666666666666,200.0,5.0,,,,,,,,False
134,E,FixedRidgeLambda1,3,33,0.0388078280562261,0.0317226211659674,0.015574572696108895,0.19453045990591245,0.9703815449176557,1.3333333333333333,,,,,,,,,,False
134,E,KNN,3,33,0.5316902631971949,0.6288091908104256,0.169718605725177,0.7221515256805754,0.6085308940226951,6.0,,,,,,,,,,False
134,E,LightGBM,3,33,0.9103321285571221,0.8960017026339493,0.10115079340911973,0.953139263858774,0.33925563149921123,9.333333333333334,,,,,,,,,,False
134,E,LinearRegression,3,33,0.0385897707821629,0.0324062263347934,0.016028946111888483,0.19377895035847348,0.9704925341356566,1.6666666666666667,,,,,,,,,,False
134,E,MLP,3,33,1.0836378043427874,0.9073728176238384,0.34944846715368016,1.0325324043148656,0.1814960620603845,10.0,,,,,,,,,,False
134,E,RandomForest,3,33,0.42522019996418114,0.4254413474295808,0.05785432777468529,0.6510768958087061,0.6863806810941129,5.0,,,,,,,,,,False
134,E,Ridge,3,33,0.0388078280562261,0.0317226211659674,0.015574572696108895,0.19453045990591245,0.9703815449176557,1.3333333333333333,,,,,,,,,,False
134,E,SVR,3,33,0.564778924000999,0.5378439057628668,0.3165374462059896,0.7304230167461755,0.5969477455427757,6.0,,,,,,,,,,False
134,E,XGBoost,3,33,0.6728182794858735,0.6558915865459266,0.052310333215410225,0.8198480489310835,0.5053518046758754,7.666666666666667,,,,,,,,,,False
134,F,AutoGluon,3,33,0.08221122821763334,0.0344301710795763,0.09433212678799384,0.25616399731815304,0.0,4.333333333333333,,,,,,,,,,False
134,F,CatBoost,3,33,0.09923704921566423,0.0881426564144282,0.03547722884908827,0.3117991351424236,0.0,5.333333333333333,,,,,,,,,,False
134,F,DeepSetModel-MC,3,33,0.005475266561502334,0.0062293630413743,0.0032757937908978662,0.0711763873578344,0.0,1.0,200.0,5.0,,,,,,,,False
134,F,FixedRidgeLambda1,3,33,0.07245932672787721,0.0565582978284069,0.040893907816270315,0.26245544750189725,0.0,3.3333333333333335,,,,,,,,,,False
134,F,KNN,3,33,0.14275276280989188,0.1407835503132121,0.01597008508598766,0.3774348116107138,0.0,7.666666666666667,,,,,,,,,,False
134,F,LightGBM,3,33,0.2929874435648569,0.3425562722962028,0.09863366165059079,0.5354465435308913,0.0,9.333333333333334,,,,,,,,,,False
134,F,LinearRegression,3,33,0.07384095678341034,0.0579531923170482,0.041417941653964944,0.2650188024247815,0.0,4.333333333333333,,,,,,,,,,False
134,F,MLP,3,33,0.6304699637566764,0.6829592204562157,0.12078522939766478,0.791437912091808,0.0,11.0,,,,,,,,,,False
134,F,RandomForest,3,33,0.053433021229392606,0.0519310556926378,0.01146676820535667,0.2302746392343784,0.0,4.0,,,,,,,,,,False
134,F,Ridge,3,33,0.07245932672787721,0.0565582978284069,0.040893907816270315,0.26245544750189725,0.0,3.3333333333333335,,,,,,,,,,False
134,F,SVR,3,33,0.11732858880317455,0.1034099494726387,0.03345424373322235,0.3403313874728398,0.0,6.333333333333333,,,,,,,,,,False
134,F,XGBoost,3,33,0.2798880354287396,0.2902942082866463,0.03637568914859167,0.5282765101661347,0.0,9.333333333333334,,,,,,,,,,False
135,A,AutoGluon,3,33,0.45875458744938696,0.5180508523919711,0.15599481440661406,0.6699420884201824,0.9584743766979554,3.0,,,,,,,,,,False
135,A,CatBoost,3,33,1.4758166577805305,1.2557325134475108,0.4924292767619776,1.2042379285901774,0.8638746521239579,5.0,,,,,,,,,,False
135,A,DeepSetModel-MC,3,33,12.050318105973751,12.04470983887904,3.298393465662279,3.4491630659897083,-0.10536487793224697,11.0,200.0,5.0,,,,,,,,False
135,A,FixedRidgeLambda1,3,33,0.08180263015603723,0.0674397359943237,0.04511222014304417,0.2790258086894945,0.9924523811137117,1.3333333333333333,,,,,,,,,,False
135,A,KNN,3,33,3.4856398772814123,3.321745522707898,0.8918116567420951,1.8569506543673457,0.6786071821411298,10.0,,,,,,,,,,False
135,A,LightGBM,3,33,1.7861090300491977,1.6807376144042112,0.6124253299196263,1.3234610628720123,0.8367299184088889,6.0,,,,,,,,,,False
135,A,LinearRegression,3,33,0.0816243577073061,0.0710822333362442,0.04749864680205446,0.27756846493048115,0.9924320797606884,1.6666666666666667,,,,,,,,,,False
135,A,MLP,3,33,0.972133329072153,1.1085716342602714,0.347592313173661,0.9739746447517038,0.9122995438900255,4.0,,,,,,,,,,False
135,A,RandomForest,3,33,2.233005044936447,2.218647423944292,0.6025059035357596,1.485090094247937,0.7950045147441482,7.666666666666667,,,,,,,,,,False
135,A,Ridge,3,33,0.08180263015603723,0.0674397359943237,0.04511222014304417,0.2790258086894945,0.9924523811137117,1.3333333333333333,,,,,,,,,,False
135,A,SVR,3,33,3.056125121295562,2.8414757915279725,1.2000907437433879,1.7258216897995597,0.7219303546009689,8.666666666666666,,,,,,,,,,False
135,A,XGBoost,3,33,2.4266717281222405,2.499847281495042,0.7909499988040434,1.5431655201802459,0.7795464860530393,7.666666666666667,,,,,,,,,,False
136,A,AutoGluon,3,33,0.3651240003547884,0.2706923874490156,0.1828280913684767,0.5926514864902052,0.9607736474301859,3.0,,,,,,,,,,False
136,A,CatBoost,3,33,1.9245120217853227,2.0618686318704373,0.8146608721124742,1.3640200960023359,0.8026130344464809,5.666666666666667,,,,,,,,,,False
136,A,DeepSetModel-MC,3,33,9.975571087612947,9.293006372231718,2.279632586530206,3.1451040956715812,-0.02628356314564517,11.0,200.0,5.0,,,,,,,,False
136,A,FixedRidgeLambda1,3,33,0.07702001368252313,0.0833727033692064,0.015933045980917313,0.27646832830271867,0.9919859150793565,1.0,,,,,,,,,,False
136,A,KNN,3,33,4.138370228943128,3.537616931351036,1.4358099122990624,2.0150725791645865,0.5813375572578128,9.666666666666666,,,,,,,,,,False
136,A,LightGBM,3,33,1.9257381082521665,1.627554007254133,0.7928855324148397,1.3691797617821628,0.7966441133558165,6.0,,,,,,,,,,False
136,A,LinearRegression,3,33,0.08555832238543033,0.0929555446037615,0.017982237874723615,0.2913515694896239,0.9911031177748377,2.0,,,,,,,,,,False
136,A,MLP,3,33,0.9499819018218935,0.7181618900333775,0.49519573453474247,0.9542759286694839,0.8975378099197157,4.0,,,,,,,,,,False
136,A,RandomForest,3,33,2.658738969788387,2.903335545579385,0.7245962808017242,1.6195736700603944,0.7278335732392612,8.0,,,,,,,,,,False
136,A,Ridge,3,33,0.07702001368252313,0.0833727033692064,0.015933045980917313,0.27646832830271867,0.9919859150793565,1.0,,,,,,,,,,False
136,A,SVR,3,33,2.6248572564863433,2.532552289521338,0.5488414607166401,1.6143120267948226,0.7293006192008651,7.0,,,,,,,,,,False
136,A,XGBoost,3,33,3.3442947623184622,3.039719943664899,0.956342632047407,1.8167582440605958,0.6467359288494764,8.666666666666666,,,,,,,,,,False
137,F,AutoGluon,3,34,0.16093154240544175,0.1874278065144191,0.04710641610650159,0.3979591608052034,0.9864011834161998,3.0,,,,,,,,,,False
137,F,CatBoost,3,34,0.39815264355010943,0.3889144115159602,0.08037381632020675,0.6288606472735022,0.966218204332582,4.666666666666667,,,,,,,,,,False
137,F,DeepSetModel-MC,3,34,13.01372046761959,13.23821705779858,1.8353021749387999,3.6013595301805927,-0.07282832786000526,11.0,200.0,5.0,,,,,,,,False
137,F,FixedRidgeLambda1,3,34,0.06094264917815103,0.0462939658724751,0.025632045333847404,0.243507134296,0.9947173469208991,2.0,,,,,,,,,,False
137,F,KNN,3,34,3.2083765058045812,3.393030318679868,0.809473141441457,1.781088645680228,0.738243822244387,10.0,,,,,,,,,,False
137,F,LightGBM,3,34,0.545890390189195,0.5707825228267236,0.08242531732568992,0.7373857269647704,0.9539935353844847,6.666666666666667,,,,,,,,,,False
137,F,LinearRegression,3,34,0.0593988320419911,0.0455953110123581,0.02517048418399562,0.2403523378165252,0.9948498865023256,1.0,,,,,,,,,,False
137,F,MLP,3,34,0.657477355622738,0.6736928209567377,0.29065405039509634,0.7964576781969891,0.9450758741961115,7.333333333333333,,,,,,,,,,False
137,F,RandomForest,3,34,0.31637098724663454,0.3577698691140374,0.07727628584102034,0.5594132695141648,0.9741974207309324,4.333333333333333,,,,,,,,,,False
137,F,Ridge,3,34,0.06094264917815103,0.0462939658724751,0.025632045333847404,0.243507134296,0.9947173469208991,2.0,,,,,,,,,,False
137,F,SVR,3,34,1.9577689066542927,1.8371515372429748,0.2589432167208989,1.3972266447974124,0.8378534559911993,9.0,,,,,,,,,,False
137,F,XGBoost,3,34,0.6433417370565815,0.6369151493805404,0.11831587771929065,0.7998181558120744,0.9470963896055454,7.0,,,,,,,,,,False
137,H,AutoGluon,3,34,0.4134261092159092,0.3382557874104121,0.14087801851561108,0.6371799339015781,0.9584160034029733,3.0,,,,,,,,,,False
137,H,CatBoost,3,34,1.3337724797837422,1.341379325895221,0.41625248743538856,1.1451729493776355,0.8666954367762981,5.666666666666667,,,,,,,,,,False
137,H,DeepSetModel-MC,3,34,10.268389279441141,10.331887805119704,0.9246761446861155,3.202251756278615,-0.036528786655545,11.0,200.0,5.0,,,,,,,,False
137,H,FixedRidgeLambda1,3,34,0.09575878204839429,0.0790959350260702,0.05721210966220866,0.30043299731822226,0.990374825357026,1.6666666666666667,,,,,,,,,,False
137,H,KNN,3,34,2.114549317478483,2.2089154198447543,0.31026369902170975,1.4514418363544574,0.7846127921431992,8.333333333333334,,,,,,,,,,False
137,H,LightGBM,3,34,1.75734044083803,1.5157976223578589,0.46353576438383726,1.3183944245171648,0.8230080620733591,7.333333333333333,,,,,,,,,,False
137,H,LinearRegression,3,34,0.09835466790491747,0.0894808210010814,0.05654113877097019,0.3046387806250214,0.9900775729333091,1.3333333333333333,,,,,,,,,,False
137,H,MLP,3,34,0.7786700899049981,0.6621693739531799,0.22810376932911552,0.8764919636206091,0.9217491475110449,4.0,,,,,,,,,,False
137,H,RandomForest,3,34,1.2404308215511675,1.300388100580182,0.12802241180259064,1.112726163558679,0.8739146948656612,5.333333333333333,,,,,,,,,,False
137,H,Ridge,3,34,0.09575878204839429,0.0790959350260702,0.05721210966220866,0.30043299731822226,0.990374825357026,1.6666666666666667,,,,,,,,,,False
137,H,SVR,3,34,2.3381307899058466,1.945285025476534,0.9121308164614199,1.5109239414563558,0.7659771903201439,9.333333333333334,,,,,,,,,,False
137,H,XGBoost,3,34,2.092743149996276,2.0279155466299583,0.5627833754566218,1.4379194812457043,0.7902631843763585,9.0,,,,,,,,,,False
138,B,AutoGluon,3,34,0.5041320267066134,0.4777533227960517,0.049026447379453185,0.7094770195960342,0.9781203212907744,3.0,,,,,,,,,,False
138,B,CatBoost,3,34,1.6287721650347595,1.5057814930185884,0.37841348592146345,1.2706956221694803,0.9293452023216098,5.666666666666667,,,,,,,,,,False
138,B,DeepSetModel-MC,3,34,23.512894980600816,22.64476025156017,1.6759874711670522,4.846995115499451,-0.014565727885047466,11.0,200.0,5.0,,,,,,,,False
138,B,FixedRidgeLambda1,3,34,0.024481526671175032,0.0173372965869523,0.021585537129337556,0.14609955227347107,0.9989000116912181,1.0,,,,,,,,,,False
138,B,KNN,3,34,4.127798314720869,4.00928094943517,1.2776100677427153,2.0153394560574727,0.8214523686986911,8.333333333333334,,,,,,,,,,False
138,B,LightGBM,3,34,3.0144736068138456,3.0155648637957078,0.0728258618089897,1.7361394675361368,0.8695626471173922,8.333333333333334,,,,,,,,,,False
138,B,LinearRegression,3,34,0.0312663747649764,0.0233811602145664,0.025543156849082507,0.16680997575624149,0.9985981656596848,2.0,,,,,,,,,,False
138,B,MLP,3,34,0.9107863516373245,1.09735486182427,0.36687263701901573,0.9390436015227778,0.9597073906560101,4.0,,,,,,,,,,False
138,B,RandomForest,3,34,1.7508462672950726,1.9524123544289969,0.5640232945630627,1.3104229141426356,0.9229511958016241,5.666666666666667,,,,,,,,,,False
138,B,Ridge,3,34,0.024481526671175032,0.0173372965869523,0.021585537129337556,0.14609955227347107,0.9989000116912181,1.0,,,,,,,,,,False
138,B,SVR,3,34,5.370530561094744,5.157943480482079,1.189396954867268,2.3081015583922277,0.7655538147707542,10.0,,,,,,,,,,False
138,B,XGBoost,3,34,2.329851741709572,2.511401995834771,0.7860110315872543,1.51048283726335,0.8972946742968504,7.0,,,,,,,,,,False
138,E,AutoGluon,6,34,0.4964045287397725,0.40343760665918016,0.30244975893003107,0.6775548062305595,0.942760657370579,3.1666666666666665,,,,,,,,,,False
138,E,CatBoost,6,34,2.0099844056185883,1.729489118994141,0.8793336635018315,1.394575209040352,0.7669021013758899,5.166666666666667,,,,,,,,,,False
138,E,DeepSetModel-MC,6,34,8.597300726394085,8.70797631380296,1.756220394551562,2.919103584457567,-0.02033110118778365,11.0,200.0,5.0,,,,,,,,False
138,E,FixedRidgeLambda1,6,34,0.1034354028893691,0.1116471948753308,0.018840359577856645,0.32040415167627395,0.987150211992483,1.0,,,,,,,,,,False
138,E,KNN,6,34,3.2660772204518693,3.2147319867474833,0.7162043297952688,1.7984958263096071,0.602197374307992,8.166666666666666,,,,,,,,,,False
138,E,LightGBM,6,34,3.134403178423805,3.198044085217589,0.5388228682196078,1.7648960218101575,0.6188279144527337,8.333333333333334,,,,,,,,,,False
138,E,LinearRegression,6,34,0.11102959197169925,0.1167911348378321,0.017828893675524482,0.33225697867522447,0.9862307736444224,2.0,,,,,,,,,,False
138,E,MLP,6,34,0.9847495599406434,1.0317923538860967,0.20169393325487642,0.9878550500359923,0.8768312981566208,3.8333333333333335,,,,,,,,,,False
138,E,RandomForest,6,34,2.511635028805016,2.397255323790551,0.8875532621170362,1.5656989631426972,0.7076967028666051,6.833333333333333,,,,,,,,,,False
138,E,Ridge,6,34,0.1034354028893691,0.1116471948753308,0.018840359577856645,0.32040415167627395,0.987150211992483,1.0,,,,,,,,,,False
138,E,SVR,6,34,2.961906398545852,2.7509165021107345,1.3406436783573559,1.6869043880229402,0.6603308183658161,7.833333333333333,,,,,,,,,,False
138,E,XGBoost,6,34,3.1955358387839037,3.182201393591261,1.1063391394337894,1.7640001564392886,0.6202299547032769,8.666666666666666,,,,,,,,,,False
139,H,AutoGluon,3,35,1.2090478350422877,1.2964245468030071,0.7177494048267927,1.06047724556431,0.9582725291767301,3.6666666666666665,,,,,,,,,,False
139,H,CatBoost,3,35,5.045697049593225,4.929481864491389,1.627662306658259,2.226475688088814,0.8231524361464545,5.0,,,,,,,,,,False
139,H,DeepSetModel-MC,3,35,28.581137879649532,29.766067097471307,5.050547510233703,5.331664902294493,-0.019357943813681666,11.0,200.0,5.0,,,,,,,,False
139,H,FixedRidgeLambda1,3,35,0.17120481024415513,0.1672424754824281,0.017090914365430105,0.41343002155547404,0.9937464727586031,2.0,,,,,,,,,,False
139,H,KNN,3,35,6.683118511135849,7.256251549342648,2.62887046762609,2.5477635765667173,0.7681964472016055,6.666666666666667,,,,,,,,,,False
139,H,LightGBM,3,35,5.940279923463859,5.966853174819083,1.8132349061294748,2.4176969473378347,0.7914728573319233,6.666666666666667,,,,,,,,,,False
139,H,LinearRegression,3,35,0.16596251215126936,0.1669145278031008,0.012757799307167328,0.407183123139007,0.9939255133409185,1.0,,,,,,,,,,False
139,H,MLP,3,35,0.8988699212881083,0.7676728859298529,0.35250063481387356,0.9365843770323586,0.9678141076264195,3.3333333333333335,,,,,,,,,,False
139,H,RandomForest,3,35,8.374882502992078,7.792157005203043,2.9354513794521258,2.86472228779159,0.7070560039405621,8.333333333333334,,,,,,,,,,False
139,H,Ridge,3,35,0.17120481024415513,0.1672424754824281,0.017090914365430105,0.41343002155547404,0.9937464727586031,2.0,,,,,,,,,,False
139,H,SVR,3,35,9.826163707447215,12.450425227220023,4.998646692299696,3.0482629527168243,0.663379728861295,8.666666666666666,,,,,,,,,,False
139,H,XGBoost,3,35,9.655868414047744,8.220502819076774,3.3974666732351304,3.0772165815576273,0.6609343302079099,9.666666666666666,,,,,,,,,,False
140,B,AutoGluon,3,34,0.8966611579036163,0.7856419098086567,0.6045132320034617,0.9090209145739374,0.9795121487309549,3.3333333333333335,,,,,,,,,,False
140,B,CatBoost,3,34,11.188955668051747,11.071396764402676,1.7465558134156172,3.338199461061588,0.7464929708907517,5.666666666666667,,,,,,,,,,False
140,B,DeepSetModel-MC,3,34,45.40962381446392,46.13299678932541,1.3426824454762698,6.738171066038725,-0.025675503321754733,11.0,200.0,5.0,,,,,,,,False
140,B,FixedRidgeLambda1,3,34,0.15128409086366265,0.118450332347099,0.06266962219999284,0.38380676628910987,0.9965645491855005,2.0,,,,,,,,,,False
140,B,KNN,3,34,17.18325361154876,15.473557991797732,3.3533976594421326,4.132699507617786,0.6108185134016636,8.333333333333334,,,,,,,,,,False
140,B,LightGBM,3,34,9.506316732506159,8.090793633398716,3.6557600286549423,3.0473492288181103,0.7840351696107772,5.333333333333333,,,,,,,,,,False
140,B,LinearRegression,3,34,0.13189906967948403,0.1107085797583351,0.045719760356608866,0.3597723100809569,0.9970062572307086,1.0,,,,,,,,,,False
140,B,MLP,3,34,0.998864936230257,1.0778758304468308,0.42286233151353153,0.9825896268055349,0.9772519704633321,3.6666666666666665,,,,,,,,,,False
140,B,RandomForest,3,34,15.57066885654739,15.578576420522996,1.5170111230870336,3.9428368829109974,0.647565244303443,7.333333333333333,,,,,,,,,,False
140,B,Ridge,3,34,0.15128409086366265,0.118450332347099,0.06266962219999284,0.38380676628910987,0.9965645491855005,2.0,,,,,,,,,,False
140,B,SVR,3,34,21.033442461179117,20.55080069032529,3.1314256133147627,4.577837335345905,0.524492648631785,10.0,,,,,,,,,,False
140,B,XGBoost,3,34,16.35517844043125,15.746461488849672,1.857896096481742,4.039896441390744,0.6298410926357237,8.333333333333334,,,,,,,,,,False
140,D,AutoGluon,3,35,0.3457826937111137,0.2063481381114983,0.2710786136813919,0.5604148017287334,0.9761432171029377,3.0,,,,,,,,,,False
140,D,CatBoost,3,35,1.8028705542084582,1.7030179409326478,0.20741136213961464,1.3412707573541665,0.8818325327744273,5.333333333333333,,,,,,,,,,False
140,D,DeepSetModel-MC,3,35,15.415985238403238,15.513808455056637,1.6581261861942131,3.922502408762934,-0.0023849234450282666,11.0,200.0,5.0,,,,,,,,False
140,D,FixedRidgeLambda1,3,35,0.11065040157164424,0.1061792703783868,0.020128452349681834,0.3317416715673153,0.9926802765537076,1.6666666666666667,,,,,,,,,,False
140,D,KNN,3,35,4.189594838581862,4.448306209881606,0.6004132726914607,2.043189900313809,0.7256231920885364,9.333333333333334,,,,,,,,,,False
140,D,LightGBM,3,35,1.886083173873298,1.9279659893387284,0.16065116777759464,1.372502266457648,0.876959707205399,5.666666666666667,,,,,,,,,,False
140,D,LinearRegression,3,35,0.10909255846422676,0.102322699362566,0.01913457592388351,0.32947183564215704,0.9927786768003223,1.3333333333333333,,,,,,,,,,False
140,D,MLP,3,35,0.7279920458593345,0.7533962210656567,0.13957816062089015,0.8505121331048882,0.9516449004056787,4.0,,,,,,,,,,False
140,D,RandomForest,3,35,2.8398248118643052,3.0249622131676825,0.9457258872331736,1.6682303411799901,0.8170286895243835,8.333333333333334,,,,,,,,,,False
140,D,Ridge,3,35,0.11065040157164424,0.1061792703783868,0.020128452349681834,0.3317416715673153,0.9926802765537076,1.6666666666666667,,,,,,,,,,False
140,D,SVR,3,35,2.764482966590753,2.811616715455379,0.1702842033797673,1.6621408798054496,0.8196307982126777,7.333333333333333,,,,,,,,,,False
140,D,XGBoost,3,35,3.3336591621996283,3.5527161775277034,0.6672411999902961,1.819381384191271,0.7846365283886229,9.0,,,,,,,,,,False
140,G,AutoGluon,3,35,10.691029572359676,5.980345382801316,12.16725794634773,2.8848346258952713,-0.5371247807405191,2.6666666666666665,,,,,,,,,,False
140,G,CatBoost,3,35,73.92464807962563,6.390495874743327,120.01937439268215,6.268116974769787,-9.636545621545292,4.666666666666667,,,,,,,,,,False
140,G,DeepSetModel-MC,3,35,15.301126294084503,17.611895834302096,6.609737564934719,3.839802571843853,-1.1688395123153983,5.666666666666667,200.0,5.0,,,,,,,,False
140,G,FixedRidgeLambda1,3,35,48.99566345762429,49.60137663569321,47.049361487605516,6.036859047537841,-6.060150565819838,4.333333333333333,,,,,,,,,,False
140,G,KNN,3,35,191.55941763143497,216.6445438568353,175.89398848701984,11.878763735354118,-26.617726784937435,8.666666666666666,,,,,,,,,,False
140,G,LightGBM,3,35,85.35094401123222,82.5307534135118,79.53729125210221,8.224510731669726,-11.275897871091672,8.0,,,,,,,,,,False
140,G,LinearRegression,3,35,49.63603865304055,50.18992018750249,47.726953550803394,6.072028230208537,-6.152583239468796,4.666666666666667,,,,,,,,,,False
140,G,MLP,3,35,1024.5237232280358,832.4687704361733,1124.2644275769935,26.347906566836034,-146.7201437492341,11.0,,,,,,,,,,False
140,G,RandomForest,3,35,115.8265525030249,8.386568302223585,190.8047398649692,7.650682040709981,-15.673076233507432,5.666666666666667,,,,,,,,,,False
140,G,Ridge,3,35,48.99566345762429,49.60137663569321,47.049361487605516,6.036859047537841,-6.060150565819838,4.333333333333333,,,,,,,,,,False
140,G,SVR,3,35,2.3236991860458636,2.208161456751577,0.28417188302967006,1.5225194668752782,0.6781781906094076,2.0,,,,,,,,,,False
140,G,XGBoost,3,35,342.3164628778176,51.76178239954378,544.5874847084939,13.499656117592588,-48.30233110410301,8.666666666666666,,,,,,,,,,False
142,B,AutoGluon,6,35,0.7598166029039333,0.7151747476637027,0.48906240772913256,0.827928590466278,0.9573694471988743,3.0,,,,,,,,,,False
142,B,CatBoost,6,35,3.908516721179803,3.6680053752648223,3.2098277891937173,1.8153673289805567,0.8454707937917787,6.0,,,,,,,,,,False
142,B,DeepSetModel-MC,6,35,41.95355780502239,36.36956088051999,41.917788104082256,5.546838565019885,-0.009005945680349967,11.0,200.0,5.0,,,,,,,,False
142,B,FixedRidgeLambda1,6,35,0.14989492559802173,0.1430942155602412,0.03403547579547007,0.3851204311945892,0.9836644678495491,1.3333333333333333,,,,,,,,,,False
142,B,KNN,6,35,19.221453524139953,15.633477347548151,19.362748013083277,3.785827467204045,0.5056960874561357,9.333333333333334,,,,,,,,,,False
142,B,LightGBM,6,35,3.8588647620935532,3.04852111799104,3.1868336350221327,1.8063341199980496,0.8373107982591704,5.833333333333333,,,,,,,,,,False
142,B,LinearRegression,6,35,0.15799891283270598,0.15579530410190862,0.03369957535110986,0.3955811185615857,0.9833017292272329,1.6666666666666667,,,,,,,,,,False
142,B,MLP,6,35,1.23609402749481,1.2519780656163675,0.5205183921786738,1.089973421263636,0.909728777090959,4.166666666666667,,,,,,,,,,False
142,B,RandomForest,6,35,5.377662313566183,5.371549626596402,4.097135687261345,2.1492908093897345,0.7692033827660528,7.5,,,,,,,,,,False
142,B,Ridge,6,35,0.14989492559802173,0.1430942155602412,0.03403547579547007,0.3851204311945892,0.9836644678495491,1.3333333333333333,,,,,,,,,,False
142,B,SVR,6,35,26.40265669937361,22.449311411127628,28.185731573094976,4.174830457764341,0.5261435223383361,8.333333333333334,,,,,,,,,,False
142,B,XGBoost,6,35,5.462542608774015,4.884096534101368,4.0678840449821205,2.179366342272621,0.7494594617974455,7.833333333333333,,,,,,,,,,False
142,D,AutoGluon,3,35,0.6507196236344818,0.6913731046940705,0.08634771375616725,0.8054379588487549,0.961139101915269,3.0,,,,,,,,,,False
142,D,CatBoost,3,35,4.471668427316555,4.546274843151502,0.7554165520185152,2.1094937282325756,0.7326697682539024,6.0,,,,,,,,,,False
142,D,DeepSetModel-MC,3,35,17.47847936328918,17.84405678585739,1.3485523769558083,4.178619034389171,-0.04737371657444473,11.0,200.0,5.0,,,,,,,,False
142,D,FixedRidgeLambda1,3,35,0.12321515613750038,0.0993277823990354,0.05581308575438969,0.34541603392365844,0.9927801632871232,1.0,,,,,,,,,,False
142,D,KNN,3,35,7.799412006655769,8.0480922909946,1.0133090707080965,2.7887040860068644,0.5332886037281542,8.666666666666666,,,,,,,,,,False
142,D,LightGBM,3,35,3.499115468469833,3.5653833817652387,0.5116357796009381,1.867189715231449,0.7913201770548083,5.0,,,,,,,,,,False
142,D,LinearRegression,3,35,0.1283789573079781,0.1043200628483806,0.05716148952486671,0.352763441582266,0.9924747159572912,2.0,,,,,,,,,,False
142,D,MLP,3,35,0.9741747639279178,0.9753021993182104,0.16803101052412997,0.9845305885912253,0.9410355540883025,4.0,,,,,,,,,,False
142,D,RandomForest,3,35,7.02671895542169,6.794646169516622,1.349387748700227,2.6427549801069645,0.5820814692141737,8.333333333333334,,,,,,,,,,False
142,D,Ridge,3,35,0.12321515613750038,0.0993277823990354,0.05581308575438969,0.34541603392365844,0.9927801632871232,1.0,,,,,,,,,,False
142,D,SVR,3,35,7.094734312759976,7.06706168421226,0.41011116772754874,2.662853954253747,0.5742917955001555,8.333333333333334,,,,,,,,,,False
142,D,XGBoost,3,35,7.199242008080414,6.954583068528192,1.1258782228110382,2.6777646259464283,0.5689703114957356,8.666666666666666,,,,,,,,,,False
142,F,AutoGluon,3,36,0.09975721136480542,0.115693533156873,0.057887779304783116,0.30448552495270137,0.0,3.3333333333333335,,,,,,,,,,False
142,F,CatBoost,3,36,0.1824258859531804,0.1850702773980609,0.023453547875754995,0.4265156668612488,0.0,6.666666666666667,,,,,,,,,,False
142,F,DeepSetModel-MC,3,36,0.006537102687883101,0.0072450776236245,0.003294924358962853,0.0788173000852723,0.0,1.0,200.0,5.0,,,,,,,,False
142,F,FixedRidgeLambda1,3,36,0.1066621579459861,0.0837678626117341,0.04300724721228157,0.32249561341436234,0.0,3.0,,,,,,,,,,False
142,F,KNN,3,36,0.21500063137649375,0.2030146041928397,0.04194127531670544,0.46225137643238234,0.0,8.0,,,,,,,,,,False
142,F,LightGBM,3,36,0.3572831747654219,0.3515848148972484,0.07754773053741722,0.5953785777882082,0.0,9.333333333333334,,,,,,,,,,False
142,F,LinearRegression,3,36,0.10821967375955287,0.084798679429978,0.04372877123176608,0.32482506493983704,0.0,4.0,,,,,,,,,,False
142,F,MLP,3,36,0.6214856678669975,0.6106336353579789,0.10584202569336071,0.786445897156327,0.0,11.0,,,,,,,,,,False
142,F,RandomForest,3,36,0.12423452809481794,0.1210901379698766,0.019700045280391355,0.35173865501059787,0.0,4.666666666666667,,,,,,,,,,False
142,F,Ridge,3,36,0.1066621579459861,0.0837678626117341,0.04300724721228157,0.32249561341436234,0.0,3.0,,,,,,,,,,False
142,F,SVR,3,36,0.1557310395075206,0.1333066887435836,0.07033424631175644,0.38819868658030504,0.0,5.333333333333333,,,,,,,,,,False
142,F,XGBoost,3,36,0.3153130304709044,0.307485008159806,0.050004589637946656,0.5603629444067786,0.0,9.666666666666666,,,,,,,,,,False
142,G,AutoGluon,3,35,4.027924637935929,4.13036927309464,0.3190714680013035,2.0058994377666735,0.7894456165065943,1.0,,,,,,,,,,False
142,G,CatBoost,3,35,11.271631619246984,12.533595114363774,3.5686794591878583,3.3261195853861296,0.43799617384395556,6.0,,,,,,,,,,False
142,G,DeepSetModel-MC,3,35,19.859869489618617,19.385271605427373,3.9656772624888625,4.441714506573618,-0.0038816083555471,7.333333333333333,200.0,5.0,,,,,,,,False
142,G,FixedRidgeLambda1,3,35,5.005202869910306,5.235759923472791,0.7592265841314941,2.232773250410015,0.7353538567623952,3.0,,,,,,,,,,False
142,G,KNN,3,35,33.494554292588056,30.392046992230732,6.9411214026298085,5.767639324899263,-0.7440567766533001,9.333333333333334,,,,,,,,,,False
142,G,LightGBM,3,35,21.775845314628082,18.83721062194566,5.5016856930866105,4.64300429818703,-0.13165995373057504,8.0,,,,,,,,,,False
142,G,LinearRegression,3,35,5.012046675163959,5.236247057305956,0.776926307918324,2.2341027330833794,0.7348657526836707,3.3333333333333335,,,,,,,,,,False
142,G,MLP,3,35,82.95042418470679,78.50089426264054,10.489773393233895,9.095918921959365,-3.3591506836545606,10.666666666666666,,,,,,,,,,False
142,G,RandomForest,3,35,14.624769767055163,13.4732860726616,9.797208124776885,3.6668994496850034,0.2678567959732173,5.333333333333333,,,,,,,,,,False
142,G,Ridge,3,35,5.005202869910306,5.235759923472791,0.7592265841314941,2.232773250410015,0.7353538567623952,3.0,,,,,,,,,,False
142,G,SVR,3,35,6.649049480423535,6.644924620269103,1.3184273197842076,2.570024390397643,0.6593804449840812,3.3333333333333335,,,,,,,,,,False
142,G,XGBoost,3,35,98.83461964620675,38.96007311874347,128.94383227486122,8.408592911211437,-4.227945201847875,8.666666666666666,,,,,,,,,,False
142,H,AutoGluon,6,36,0.2953416026754897,0.23945605894678657,0.1382176937549905,0.5329790534403839,0.964105025577969,3.0,,,,,,,,,,False
142,H,CatBoost,6,36,1.4141336880727386,1.3560221323495774,0.25882255290229,1.185090605046445,0.827421513543218,6.0,,,,,,,,,,False
142,H,DeepSetModel-MC,6,36,9.030337811890718,8.762358095089784,1.567633977235299,2.9956363524174816,-0.05490694167865235,11.0,200.0,5.0,,,,,,,,False
142,H,FixedRidgeLambda1,6,36,0.05587594622669705,0.05492190666943895,0.0340008300960583,0.22684110972941043,0.9931381587217558,1.1666666666666667,,,,,,,,,,False
142,H,KNN,6,36,2.311858766620626,2.2963569603672593,0.6164921591112719,1.5090630634999498,0.721565276936892,8.166666666666666,,,,,,,,,,False
142,H,LightGBM,6,36,1.3235361569953297,1.3669699146536851,0.35594393936040436,1.1412429657660967,0.8396189132371817,5.666666666666667,,,,,,,,,,False
142,H,LinearRegression,6,36,0.0601868353571409,0.06060577632131795,0.032087948518647894,0.23748254071677968,0.9926961520784431,1.8333333333333333,,,,,,,,,,False
142,H,MLP,6,36,0.5748734521650026,0.5184772598845465,0.2196831496120421,0.7474510080241495,0.9334052256024509,4.0,,,,,,,,,,False
142,H,RandomForest,6,36,2.4281085306316808,2.4902673858933855,0.41548128835758164,1.5531573684066666,0.7032428688128619,9.333333333333334,,,,,,,,,,False
142,H,Ridge,6,36,0.05587594622669705,0.05492190666943895,0.0340008300960583,0.22684110972941043,0.9931381587217558,1.1666666666666667,,,,,,,,,,False
142,H,SVR,6,36,1.543311056933975,1.5687304742661852,0.2569252274985599,1.23860982565923,0.8120254677440736,6.833333333333333,,,,,,,,,,False
142,H,XGBoost,6,36,2.6961591782443075,2.398605754211168,0.9809397895752535,1.619169717119128,0.6633569791491033,9.0,,,,,,,,,,False
143,C,AutoGluon,3,35,0.32488430710053706,0.3088630260724653,0.05417941405481429,0.5686990998263491,0.6542679288812749,4.333333333333333,,,,,,,,,,False
143,C,CatBoost,3,35,0.7658268233212725,0.7195618004314249,0.22359804856487997,0.8690123225632842,0.18099016199155873,7.0,,,,,,,,,,False
143,C,DeepSetModel-MC,3,35,0.9884884930443331,1.0420036973845754,0.14394720007622105,0.9923963590106247,-0.04435703852864147,8.666666666666666,200.0,5.0,,,,,,,,False
143,C,FixedRidgeLambda1,3,35,0.15814093819993388,0.1646144540136697,0.027353305809611275,0.39663912437432125,0.8298196845175406,1.3333333333333333,,,,,,,,,,False
143,C,KNN,3,35,0.5361678537582543,0.422576698490649,0.2634555973053605,0.7185090250098488,0.4385920090454409,5.666666666666667,,,,,,,,,,False
143,C,LightGBM,3,35,1.060050631013387,0.8513804670860806,0.4941349561993384,1.012171030764869,-0.12394730770192809,9.333333333333334,,,,,,,,,,False
143,C,LinearRegression,3,35,0.15874136715708856,0.1655960861717342,0.02829085282250874,0.39732545894995813,0.8291334426000563,1.6666666666666667,,,,,,,,,,False
143,C,MLP,3,35,2.805614679730976,2.466043729836098,1.2706959284031223,1.6471233771236182,-1.9278092816489998,11.0,,,,,,,,,,False
143,C,RandomForest,3,35,0.404728746642294,0.3746636028800187,0.10855409330725839,0.632486721303115,0.557302197175625,5.0,,,,,,,,,,False
143,C,Ridge,3,35,0.15814093819993388,0.1646144540136697,0.027353305809611275,0.39663912437432125,0.8298196845175406,1.3333333333333333,,,,,,,,,,False
143,C,SVR,3,35,0.2398441565194637,0.2593814318506707,0.04716002295850863,0.4880592756072941,0.747774885219933,3.0,,,,,,,,,,False
143,C,XGBoost,3,35,0.8976370344923961,0.9056799255788206,0.21499237316869596,0.9427925052586934,0.035511559725481236,9.0,,,,,,,,,,False
143,E,AutoGluon,3,36,0.22052771191637374,0.2316394206115393,0.03872785377184332,0.46834221845581653,0.95424230746909,3.0,,,,,,,,,,False
143,E,CatBoost,3,36,0.8484281719867427,0.8171848954508675,0.07148692471233871,0.9205676917471403,0.8220691458720997,5.0,,,,,,,,,,False
143,E,DeepSetModel-MC,3,36,4.85098112863563,4.610568111245334,0.9757226759187598,2.195239834671367,-0.0018860073672307667,11.0,200.0,5.0,,,,,,,,False
143,E,FixedRidgeLambda1,3,36,0.11223312957243203,0.0881435537230556,0.06217024792390276,0.3269453771309699,0.9775983683884526,1.0,,,,,,,,,,False
143,E,KNN,3,36,1.6872997402600218,1.8393189524037976,0.4474851863137224,1.290692825046387,0.6328566656556548,8.0,,,,,,,,,,False
143,E,LightGBM,3,36,1.3269461775539173,1.1506032625827023,0.4868757724066423,1.1396579319483324,0.7294656351599914,7.333333333333333,,,,,,,,,,False
143,E,LinearRegression,3,36,0.11643605685783527,0.09029764150615,0.06501793209735632,0.33291265521693925,0.9767839137631878,2.0,,,,,,,,,,False
143,E,MLP,3,36,0.4910688093645304,0.4611470577790546,0.07606747019322203,0.6994062375263201,0.8979280600437045,4.0,,,,,,,,,,False
143,E,RandomForest,3,36,1.603641336353606,1.4799518563602907,0.2567845137763784,1.2637442753075099,0.6543178241648869,8.0,,,,,,,,,,False
143,E,Ridge,3,36,0.11223312957243203,0.0881435537230556,0.06217024792390276,0.3269453771309699,0.9775983683884526,1.0,,,,,,,,,,False
143,E,SVR,3,36,1.2850210957783417,1.3714658809717029,0.3311070656343644,1.1268706552787322,0.7360780135044395,7.0,,,,,,,,,,False
143,E,XGBoost,3,36,2.2451572305224716,2.0548730387292022,0.3703941731631062,1.4951192733517449,0.5330957891871778,9.666666666666666,,,,,,,,,,False
143,G,AutoGluon,3,36,183.30363234120057,132.7970910795962,142.44768377717682,12.872593694485673,-47.454470947800495,4.0,,,,,,,,,,False
143,G,CatBoost,3,36,298.02149328733486,273.7607938654652,42.403952475999105,17.235201806727748,-85.67087206513106,4.333333333333333,,,,,,,,,,False
143,G,DeepSetModel-MC,3,36,46.453187650613586,57.0130306664532,19.752846754077833,6.691916685273391,-11.714536918590644,2.3333333333333335,200.0,5.0,,,,,,,,False
143,G,FixedRidgeLambda1,3,36,665.2880127504276,591.55060929813,172.45362637470197,25.655903827215937,-189.57227636432762,5.666666666666667,,,,,,,,,,False
143,G,KNN,3,36,2208.4921934466843,1791.0756039001983,881.4155841285173,46.41394725352885,-622.4581536389514,8.666666666666666,,,,,,,,,,False
143,G,LightGBM,3,36,2542.345657465392,2676.3528741495948,1138.9199672208713,49.480328860380105,-692.8941878007419,8.666666666666666,,,,,,,,,,False
143,G,LinearRegression,3,36,674.9753661963122,600.1431100295658,175.54406208964642,25.841099780337743,-192.34083945009556,6.666666666666667,,,,,,,,,,False
143,G,MLP,3,36,11021.572195728995,9956.809176830751,4913.608732444544,103.26381096871289,-3142.612958909763,10.666666666666666,,,,,,,,,,False
143,G,RandomForest,3,36,2175.054429087623,1664.983615274796,1363.5262412144732,45.18734376374038,-627.9721942132468,8.666666666666666,,,,,,,,,,False
143,G,Ridge,3,36,665.2880127504276,591.55060929813,172.45362637470197,25.655903827215937,-189.57227636432762,5.666666666666667,,,,,,,,,,False
143,G,SVR,3,36,1.1220085442508012,1.1681664485735357,0.2871804199348889,1.0531609056301297,0.6842470775942892,1.0,,,,,,,,,,False
143,G,XGBoost,3,36,13013.839193779053,35.032409272904914,22492.800690821805,69.28750886210885,-3130.8536698738258,5.333333333333333,,,,,,,,,,False
144,A,AutoGluon,6,35,0.3515415043729653,0.3715547713396944,0.1366748412669614,0.5827759816358099,0.950792186861159,3.1666666666666665,,,,,,,,,,False
144,A,CatBoost,6,35,0.7648336407318853,0.7858520419429228,0.1886861790840966,0.8682704419604977,0.878932346747094,4.5,,,,,,,,,,False
144,A,DeepSetModel-MC,6,36,7.386126705505336,7.148824555961136,2.4726985899884713,2.6874924133339384,-0.04025119449309137,11.0,200.0,5.0,,,,,,,,False
144,A,FixedRidgeLambda1,6,35,0.05078604290827372,0.0270802345821353,0.05366648987420377,0.19425113283106624,0.9910058189728744,1.1666666666666667,,,,,,,,,,False
144,A,KNN,6,35,1.8990193443089025,1.9220901338693928,0.35474817892601046,1.3727213598543144,0.6963454907662161,9.5,,,,,,,,,,False
144,A,LightGBM,6,35,1.2175523016864596,1.1917424263786227,0.10390916645292363,1.102596889563526,0.8118543070418108,6.333333333333333,,,,,,,,,,False
144,A,LinearRegression,6,35,0.05220088524809035,0.029703501767809497,0.05474750250500104,0.19727751544955754,0.9907744343625019,1.8333333333333333,,,,,,,,,,False
144,A,MLP,6,35,0.62026613119679,0.5424120456688741,0.2158194673037611,0.7790613366104404,0.9000241096683412,4.333333333333333,,,,,,,,,,False
144,A,RandomForest,6,35,1.4674542102020791,1.6082758695207466,0.37175380752938464,1.2014674276616704,0.7665526677039817,7.666666666666667,,,,,,,,,,False
144,A,Ridge,6,35,0.05078604290827372,0.0270802345821353,0.05366648987420377,0.19425113283106624,0.9910058189728744,1.1666666666666667,,,,,,,,,,False
144,A,SVR,6,35,1.6370936761532804,1.4495428141885207,0.6007843735692855,1.2640631495854022,0.7633140644606146,8.0,,,,,,,,,,False
144,A,XGBoost,6,35,1.6008635657005723,1.59230967795588,0.28985897386075293,1.2609085262472512,0.7461610188158377,8.5,,,,,,,,,,False
144,B,AutoGluon,6,36,0.7371712343824784,0.4168812817857316,0.8096651216891124,0.7680184192738594,0.975164513230527,3.3333333333333335,,,,,,,,,,False
144,B,CatBoost,6,36,4.202579948934331,3.586842288682203,3.8073054579059784,1.9028586649635242,0.8469236924051252,5.5,,,,,,,,,,False
144,B,DeepSetModel-MC,6,36,29.04858380627576,22.30751644969057,21.966063918346116,5.0610660965482355,-0.05605873927882867,11.0,200.0,5.0,,,,,,,,False
144,B,FixedRidgeLambda1,6,36,0.09735281526685248,0.08656103879750965,0.027932575356064325,0.30949019781891385,0.9946035681753512,1.3333333333333333,,,,,,,,,,False
144,B,KNN,6,36,11.585507130062515,10.112644725347394,7.969217383446859,3.2174775995081717,0.5665175715238799,9.833333333333334,,,,,,,,,,False
144,B,LightGBM,6,36,4.263266312521616,3.1896408197103954,3.3391716078506777,1.936759750138183,0.8404131974701733,5.666666666666667,,,,,,,,,,False
144,B,LinearRegression,6,36,0.09903624447323107,0.0872059391680446,0.029610020637528968,0.31187063203123716,0.9946175414434296,1.6666666666666667,,,,,,,,,,False
144,B,MLP,6,36,0.758063127987168,0.7899050672164426,0.11508914866588797,0.8685131208407556,0.9524260532617531,3.6666666666666665,,,,,,,,,,False
144,B,RandomForest,6,36,5.538177340113602,4.5685544804776255,4.4743307833485755,2.200627655329406,0.7962431389340084,7.0,,,,,,,,,,False
144,B,Ridge,6,36,0.09735281526685248,0.08656103879750965,0.027932575356064325,0.30949019781891385,0.9946035681753512,1.3333333333333333,,,,,,,,,,False
144,B,SVR,6,36,10.616806188690084,6.4241507081943,10.440359454997205,2.9534816592144537,0.6579052933262571,8.833333333333334,,,,,,,,,,False
144,B,XGBoost,6,36,5.987550195705247,4.82820502094983,4.061334851036505,2.333750159952665,0.7593261218923572,8.166666666666666,,,,,,,,,,False
144,G,AutoGluon,3,36,5.605433597538514,5.211647003777536,5.14317986232493,2.1361371111356084,0.5138703671154193,2.3333333333333335,,,,,,,,,,False
144,G,CatBoost,3,36,14.003740683510395,3.4239628992789197,18.404673207228818,3.2044429548711544,-0.20907181539255046,4.333333333333333,,,,,,,,,,False
144,G,DeepSetModel-MC,3,36,14.008697062319442,14.191896300276062,2.775096821497534,3.7303031254561883,-0.3172706522671004,6.666666666666667,200.0,5.0,,,,,,,,False
144,G,FixedRidgeLambda1,3,36,18.953161079886254,14.915647160564957,11.508241899834752,4.225593816592218,-0.7511011424169186,7.0,,,,,,,,,,False
144,G,KNN,3,36,27.019664618210836,9.957299348293953,34.568298508841686,4.467456224742926,-1.3182915878098593,7.0,,,,,,,,,,False
144,G,LightGBM,3,36,95.75250761021614,48.863986732798494,103.91657377372492,8.83337724112012,-7.521007539127002,10.0,,,,,,,,,,False
144,G,LinearRegression,3,36,19.232351341609164,15.150464466177546,11.672930757150636,4.256654356878681,-0.7770297692812411,8.0,,,,,,,,,,False
144,G,MLP,3,36,395.83116751703886,121.99000962506658,520.5115471237126,16.978962503857026,-32.96987914955847,11.0,,,,,,,,,,False
144,G,RandomForest,3,36,8.550369169846805,7.471371214583816,5.842196059076556,2.8035726577847186,0.2368169400318301,4.333333333333333,,,,,,,,,,False
144,G,Ridge,3,36,18.953161079886254,14.915647160564957,11.508241899834752,4.225593816592218,-0.7511011424169186,7.0,,,,,,,,,,False
144,G,SVR,3,36,2.3664470684322754,2.364198797086376,1.3858638050875554,1.4885951141023182,0.7842104560627973,1.6666666666666667,,,,,,,,,,False
144,G,XGBoost,3,36,6.357230284689663,6.930750090314864,1.9887749587880392,2.498749657509396,0.41276751077754154,3.6666666666666665,,,,,,,,,,False
145,B,AutoGluon,6,36,0.24963766796015804,0.22777091760523116,0.08628702426047606,0.49418174249152386,0.9457648241390588,3.1666666666666665,,,,,,,,,,False
145,B,CatBoost,6,36,0.662414190786193,0.6573383559283084,0.33249562031482965,0.7907027418772876,0.8786975978112004,5.833333333333333,,,,,,,,,,False
145,B,DeepSetModel-MC,6,36,7.5712370151675294,6.8876274543729,5.397139869932389,2.592007533612787,-0.0110430128100944,11.0,200.0,5.0,,,,,,,,False
145,B,FixedRidgeLambda1,6,36,0.06880480300081872,0.06718009004863154,0.02485173746062558,0.258577813503664,0.9822376127437121,1.3333333333333333,,,,,,,,,,False
145,B,KNN,6,36,2.7497862160600417,2.663145722372514,1.3962498100930827,1.6107108401025798,0.5604429133455456,9.833333333333334,,,,,,,,,,False
145,B,LightGBM,6,36,0.8655234745550038,0.7555495707938853,0.3444004843804143,0.9149712024699707,0.8425416902780744,6.833333333333333,,,,,,,,,,False
145,B,LinearRegression,6,36,0.07023926341366442,0.06807761101033855,0.024142265859757744,0.2616714066456572,0.9819471148082077,1.6666666666666667,,,,,,,,,,False
145,B,MLP,6,36,0.7954898810446233,0.772935885914139,0.2165299217114439,0.8850338063585186,0.8301534838647181,6.5,,,,,,,,,,False
145,B,RandomForest,6,36,0.43628575444926715,0.39547109533950353,0.2299869010516977,0.6399098022192442,0.916419204072359,4.333333333333333,,,,,,,,,,False
145,B,Ridge,6,36,0.06880480300081872,0.06718009004863154,0.02485173746062558,0.258577813503664,0.9822376127437121,1.3333333333333333,,,,,,,,,,False
145,B,SVR,6,36,2.021640470699355,1.719548881020835,1.4778781052936785,1.338837301256449,0.7201421753628651,8.5,,,,,,,,,,False
145,B,XGBoost,6,36,0.8594569147824939,0.8626711322585527,0.40516443164304045,0.9044572815836256,0.8043739291173951,7.0,,,,,,,,,,False
145,C,AutoGluon,3,36,0.7516185728676531,0.7205123619702625,0.22515491779252442,0.8604964187098156,0.9289375464948603,3.0,,,,,,,,,,False
145,C,CatBoost,3,36,1.5504326798166463,1.8332022273319104,0.5193897875532218,1.2318563989308677,0.8505155258076059,4.666666666666667,,,,,,,,,,False
145,C,DeepSetModel-MC,3,36,11.302815649813232,11.656390845243129,0.7198168470419826,3.3608080356643377,-0.08772755458549981,11.0,200.0,5.0,,,,,,,,False
145,C,FixedRidgeLambda1,3,36,0.22759982609219018,0.2346403474536618,0.07747867424559086,0.4721732883848604,0.9776781596822485,1.0,,,,,,,,,,False
145,C,KNN,3,36,2.8346783861723597,2.82992070765799,0.6225381056573024,1.676787506862156,0.7217825119580201,8.666666666666666,,,,,,,,,,False
145,C,LightGBM,3,36,2.1277679179042965,2.5822063790234187,1.0259026551594266,1.4236005963832519,0.7938901768424205,7.333333333333333,,,,,,,,,,False
145,C,LinearRegression,3,36,0.2361217261345738,0.2394136748474535,0.07797653074955349,0.4812975184985449,0.9768709827208234,2.0,,,,,,,,,,False
145,C,MLP,3,36,1.4710144320108505,1.4481217596026414,0.1969180119631833,1.2110535366784223,0.8587271307896279,5.0,,,,,,,,,,False
145,C,RandomForest,3,36,1.8791793078214836,1.9949596650658636,0.5501688649885533,1.3603027774039873,0.8199073533412538,6.666666666666667,,,,,,,,,,False
145,C,Ridge,3,36,0.22759982609219018,0.2346403474536618,0.07747867424559086,0.4721732883848604,0.9776781596822485,1.0,,,,,,,,,,False
145,C,SVR,3,36,2.4620698279843745,2.6109068816929817,0.8424142862283872,1.552455264490641,0.764532164566385,8.333333333333334,,,,,,,,,,False
145,C,XGBoost,3,36,2.4084538223542524,2.350510329164545,0.719099169343855,1.5402743666723637,0.7647322220883864,8.333333333333334,,,,,,,,,,False
145,F,AutoGluon,3,36,0.15928401980526313,0.1791753279885755,0.06074780634943964,0.39357196399724037,0.9321506373384518,2.3333333333333335,,,,,,,,,,False
145,F,CatBoost,3,36,0.36581768953629884,0.3129798092395111,0.13001605202840685,0.5988239088556014,0.8454919283715805,5.333333333333333,,,,,,,,,,False
145,F,DeepSetModel-MC,3,36,2.527335355358852,2.5291088025154966,0.0763232255767373,1.5896386097486772,-0.0670291701391753,11.0,200.0,5.0,,,,,,,,False
145,F,FixedRidgeLambda1,3,36,0.07033559580472021,0.0517439025197163,0.04229645756564932,0.2577863121182155,0.9707639195801473,1.3333333333333333,,,,,,,,,,False
145,F,KNN,3,36,0.6650156878914997,0.6258037915821547,0.12636674535345532,0.8131035906670908,0.7179927988070225,9.0,,,,,,,,,,False
145,F,LightGBM,3,36,0.6039290537217029,0.5876198304378246,0.06823641596142783,0.7763145922377558,0.7443547279024028,7.666666666666667,,,,,,,,,,False
145,F,LinearRegression,3,36,0.0745023115397666,0.0553003583978009,0.04390638292650253,0.2656111622663217,0.9690219299546644,2.3333333333333335,,,,,,,,,,False
145,F,MLP,3,36,0.6736920598168538,0.6154679795004944,0.12602462582889842,0.8184924103445358,0.7144454907108786,9.333333333333334,,,,,,,,,,False
145,F,RandomForest,3,36,0.27824340867519887,0.2942809213621199,0.06846889851791327,0.5246601010787599,0.8818961878986901,4.333333333333333,,,,,,,,,,False
145,F,Ridge,3,36,0.07033559580472021,0.0517439025197163,0.04229645756564932,0.2577863121182155,0.9707639195801473,1.3333333333333333,,,,,,,,,,False
145,F,SVR,3,36,0.37947421997575553,0.3738560137289974,0.07651190897885066,0.6139245370369655,0.8389621953909865,5.333333333333333,,,,,,,,,,False
145,F,XGBoost,3,36,0.5773446780746596,0.6389468086186509,0.18839977417980425,0.7523267007330722,0.7543942930613822,8.0,,,,,,,,,,False
145,G,AutoGluon,3,36,11.656785747320628,11.946755959049334,0.9707458141691837,3.4121923815277526,0.3260027727706693,3.6666666666666665,,,,,,,,,,False
145,G,CatBoost,3,36,9.678880442883065,8.559362407780746,3.4709700814623434,3.0791593173472336,0.4682436635972071,3.3333333333333335,,,,,,,,,,False
145,G,DeepSetModel-MC,3,36,23.151922688799356,23.39780886151444,2.930511768226987,4.805136344597945,-0.3219257573091757,7.333333333333333,200.0,5.0,,,,,,,,False
145,G,FixedRidgeLambda1,3,36,17.082304871069237,20.34565619140272,6.488841110892328,4.0749461304238945,-0.02230461601870637,5.0,,,,,,,,,,False
145,G,KNN,3,36,82.83641938320704,80.63668327962971,10.344716690479004,9.089792518022064,-3.7243541826407767,10.0,,,,,,,,,,False
145,G,LightGBM,3,36,50.147390239811244,51.46271023153519,7.672447611881981,7.067297664721317,-1.8225475852469994,9.0,,,,,,,,,,False
145,G,LinearRegression,3,36,17.36353034853541,20.72196325928312,6.6383162796507795,4.107494516132892,-0.039331913848665155,6.0,,,,,,,,,,False
145,G,MLP,3,36,275.1771899991076,205.8704698305864,233.52139874090938,15.554259618813184,-15.091420322714987,11.0,,,,,,,,,,False
145,G,RandomForest,3,36,17.270646026875383,19.26212295389142,9.677606498356827,4.022166738736735,0.08020853428752583,4.666666666666667,,,,,,,,,,False
145,G,Ridge,3,36,17.082304871069237,20.34565619140272,6.488841110892328,4.0749461304238945,-0.02230461601870637,5.0,,,,,,,,,,False
145,G,SVR,3,36,6.119064266295482,6.917061855446293,1.48270917435845,2.4604613645555076,0.6588539482629776,1.0,,,,,,,,,,False
145,G,XGBoost,3,36,18.04099293475907,18.32403122239364,4.431571347347828,4.225433913512231,-0.024008114648945894,5.0,,,,,,,,,,False
145,H,AutoGluon,3,36,0.4755527914840461,0.5026407208580639,0.13975302749968424,0.684281731818711,0.9686386741245556,3.0,,,,,,,,,,False
145,H,CatBoost,3,36,2.5680014918028395,3.018441045629176,0.8725352705131273,1.584854086857283,0.8336574737228041,5.333333333333333,,,,,,,,,,False
145,H,DeepSetModel-MC,3,36,15.418727014793214,15.588155136906888,4.262588151733468,3.9008193086471117,-0.007342029768453766,11.0,200.0,5.0,,,,,,,,False
145,H,FixedRidgeLambda1,3,36,0.11534596794455393,0.1127572081852101,0.007750888842056031,0.3395001584032646,0.9920996363506465,1.3333333333333333,,,,,,,,,,False
145,H,KNN,3,36,5.061281099317552,4.926649195203511,1.0624583036367,2.2415187902188083,0.6588450492527609,9.333333333333334,,,,,,,,,,False
145,H,LightGBM,3,36,3.2527144015315543,3.4818473257455373,1.221085068515491,1.7801291199157763,0.7882122298554818,7.333333333333333,,,,,,,,,,False
145,H,LinearRegression,3,36,0.12114039184471559,0.1288833103890602,0.014697795120012076,0.3476083899888262,0.9915906335057487,1.6666666666666667,,,,,,,,,,False
145,H,MLP,3,36,0.686511973897547,0.6993829918604644,0.13712970798156304,0.8257306066609321,0.9544571757236987,4.0,,,,,,,,,,False
145,H,RandomForest,3,36,3.106835137449318,3.1329050510158925,0.11013965912481657,1.7624358969740916,0.784183281644849,6.0,,,,,,,,,,False
145,H,Ridge,3,36,0.11534596794455393,0.1127572081852101,0.007750888842056031,0.3395001584032646,0.9920996363506465,1.3333333333333333,,,,,,,,,,False
145,H,SVR,3,36,5.390411062038285,6.1149530855441085,1.7139978843555148,2.2997539202941026,0.6485005355940342,9.333333333333334,,,,,,,,,,False
145,H,XGBoost,3,36,3.428547306955586,3.2055824291167365,0.44770966606974544,1.8490860763438859,0.7577927714083551,7.666666666666667,,,,,,,,,,False
146,E,AutoGluon,6,36,0.32488069896319477,0.2965384590137473,0.11081185207049739,0.5632767156122702,0.9339399583201367,3.0,,,,,,,,,,False
146,E,CatBoost,6,36,0.9219750978055717,0.8821329382060675,0.18451850212598633,0.9564324099507086,0.8150502044389635,5.0,,,,,,,,,,False
146,E,DeepSetModel-MC,6,36,5.124922842378911,5.105575955125596,0.5316020699205566,2.2612609309653817,-0.014847088933044558,11.0,200.0,5.0,,,,,,,,False
146,E,FixedRidgeLambda1,6,36,0.09295831435844966,0.0940686861059579,0.0706260622590296,0.2801720386286589,0.9809961648200511,1.6666666666666667,,,,,,,,,,False
146,E,KNN,6,36,1.8355820340854099,1.7875383889203311,0.415339496408407,1.3477284691264517,0.6351178123127214,9.333333333333334,,,,,,,,,,False
146,E,LightGBM,6,36,1.6869456690004807,1.537430779152362,0.3959558353460035,1.2922775225556888,0.6652268836598868,8.5,,,,,,,,,,False
146,E,LinearRegression,6,36,0.09160963436688017,0.0939586313653645,0.07113161001203228,0.27677495623479914,0.9812065009527776,1.3333333333333333,,,,,,,,,,False
146,E,MLP,6,36,0.6496068364582667,0.7308192218948202,0.24134282717032618,0.7900978375003161,0.8685825483372928,4.166666666666667,,,,,,,,,,False
146,E,RandomForest,6,36,1.4527552817649976,1.5112793223140095,0.26005875261318884,1.2009722202183168,0.7112849084913114,7.5,,,,,,,,,,False
146,E,Ridge,6,36,0.09295831435844966,0.0940686861059579,0.0706260622590296,0.2801720386286589,0.9809961648200511,1.6666666666666667,,,,,,,,,,False
146,E,SVR,6,36,1.2819817695391376,1.3499381539040352,0.3424314936817718,1.1234766123533066,0.7440363236755047,6.5,,,,,,,,,,False
146,E,XGBoost,6,36,1.6022678142665494,1.7023138109905909,0.25953106107532725,1.261954488058623,0.6768350355955425,8.0,,,,,,,,,,False
146,F,AutoGluon,3,36,0.0205967370026253,0.0228491836058189,0.011370490300464185,0.1390755854049681,0.0,2.0,,,,,,,,,,False
146,F,CatBoost,3,36,0.11187480797662153,0.0966468480731923,0.03647326392307439,0.33167981352155523,0.0,7.0,,,,,,,,,,False
146,F,DeepSetModel-MC,3,36,0.0020053592127837667,0.0023421228877833,0.0014945252066420377,0.041710456487316305,0.0,1.0,200.0,5.0,,,,,,,,False
146,F,FixedRidgeLambda1,3,36,0.05698106027692523,0.0487649447867957,0.016503571442301627,0.23713676389399288,0.0,3.6666666666666665,,,,,,,,,,False
146,F,KNN,3,36,0.15683772879834457,0.1692092302270822,0.03305140230291675,0.39446383673097146,0.0,8.333333333333334,,,,,,,,,,False
146,F,LightGBM,3,36,0.19832541728180186,0.1965939277440282,0.049456883620586464,0.442999022550229,0.0,9.333333333333334,,,,,,,,,,False
146,F,LinearRegression,3,36,0.05792876539044767,0.0494610981597727,0.016882080450151386,0.23908174581220829,0.0,4.666666666666667,,,,,,,,,,False
146,F,MLP,3,36,0.4578248354691011,0.4013101576269725,0.12131216879919171,0.6728802492509215,0.0,11.0,,,,,,,,,,False
146,F,RandomForest,3,36,0.06243476128180386,0.0690107711786335,0.012724920852207706,0.24894135642095186,0.0,4.333333333333333,,,,,,,,,,False
146,F,Ridge,3,36,0.05698106027692523,0.0487649447867957,0.016503571442301627,0.23713676389399288,0.0,3.6666666666666665,,,,,,,,,,False
146,F,SVR,3,36,0.08167519165222803,0.0761236941596042,0.011692071450595387,0.2853170633105271,0.0,5.333333333333333,,,,,,,,,,False
146,F,XGBoost,3,36,0.19137800368875743,0.1576164868750968,0.07788077366916116,0.43182033687296734,0.0,9.333333333333334,,,,,,,,,,False
146,H,AutoGluon,3,36,0.2964101749915893,0.3664920747512413,0.13338343762310337,0.5331868957562177,0.9502673925762012,3.0,,,,,,,,,,False
146,H,CatBoost,3,36,1.9141738731494782,1.7222833326188711,0.39342310515671125,1.3788882066481296,0.6428061969576274,7.333333333333333,,,,,,,,,,False
146,H,DeepSetModel-MC,3,36,5.861356394317372,6.26776849739699,2.1110872327515717,2.3922579532847714,-0.014358676847751535,11.0,200.0,5.0,,,,,,,,False
146,H,FixedRidgeLambda1,3,36,0.039341615681206234,0.0349882000556779,0.00847059193267778,0.19761796295160328,0.9919192918992893,1.0,,,,,,,,,,False
146,H,KNN,3,36,2.6456959797758124,2.305405466676776,0.7625014444332213,1.6159186214067074,0.5121067890825227,9.0,,,,,,,,,,False
146,H,LightGBM,3,36,1.795025567674129,1.6151472112831669,0.48351127027775326,1.332046736064168,0.674525411031459,6.333333333333333,,,,,,,,,,False
146,H,LinearRegression,3,36,0.04238038187628143,0.036447401373202,0.011035887964486202,0.20476727926595772,0.9911765183706424,2.0,,,,,,,,,,False
146,H,MLP,3,36,0.6447121025302028,0.6276718433250861,0.07096587204481636,0.8021411350129973,0.8778105073377686,4.0,,,,,,,,,,False
146,H,RandomForest,3,36,2.124956999391039,2.2298861675685213,0.2673024248499466,1.4557305006217216,0.5813819561323377,7.666666666666667,,,,,,,,,,False
146,H,Ridge,3,36,0.039341615681206234,0.0349882000556779,0.00847059193267778,0.19761796295160328,0.9919192918992893,1.0,,,,,,,,,,False
146,H,SVR,3,36,1.5909895967832692,1.6048046662383948,0.4770346194080406,1.251550029312984,0.7182825741521306,5.0,,,,,,,,,,False
146,H,XGBoost,3,36,2.8631149414913257,2.867811194529548,0.3467147345616381,1.6899942491938191,0.42764244050756917,9.666666666666666,,,,,,,,,,False
147,B,AutoGluon,3,36,0.1831658536290077,0.1253354072778348,0.1451824052390349,0.4065259127485943,0.16664573390899476,4.666666666666667,,,,,,,,,,False
147,B,CatBoost,3,36,0.2360835099219136,0.2375541469103159,0.0038517548395259425,0.48587343378102776,-0.091675661650843,5.333333333333333,,,,,,,,,,False
147,B,DeepSetModel-MC,3,36,0.23441339287422158,0.2455976636446924,0.05825623581679267,0.48153090536208315,-0.03487334186844093,6.0,200.0,5.0,,,,,,,,False
147,B,FixedRidgeLambda1,3,36,0.046075692377909434,0.0384076913288161,0.029739397906016724,0.20716954230047172,0.8003298625368381,1.0,,,,,,,,,,False
147,B,KNN,3,36,0.2815845810142608,0.2991999173526697,0.08530896619653161,0.5262683801507663,-0.3277457506721499,8.0,,,,,,,,,,False
147,B,LightGBM,3,36,0.34126693473262987,0.3589021243309048,0.043330196462757944,0.5833660935839426,-0.5425282776602842,9.666666666666666,,,,,,,,,,False
147,B,LinearRegression,3,36,0.0474252306632252,0.0396554363546532,0.03064186448741837,0.21014757956889854,0.7945737790640344,2.0,,,,,,,,,,False
147,B,MLP,3,36,0.7905008458454216,0.7821725289664954,0.14071647485940603,0.8867486567596572,-2.5702972078482405,11.0,,,,,,,,,,False
147,B,RandomForest,3,36,0.11705993138081437,0.1127365713894308,0.03277741290582543,0.33991217337856944,0.4843630099764986,3.3333333333333335,,,,,,,,,,False
147,B,Ridge,3,36,0.046075692377909434,0.0384076913288161,0.029739397906016724,0.20716954230047172,0.8003298625368381,1.0,,,,,,,,,,False
147,B,SVR,3,36,0.2614522456795998,0.2489709495218045,0.026935382377696184,0.5108830691679273,-0.19281376790645302,6.666666666666667,,,,,,,,,,False
147,B,XGBoost,3,36,0.3049835526568683,0.3017379368836899,0.04927163495982339,0.5510518043122274,-0.3803580107345006,8.333333333333334,,,,,,,,,,False
147,C,AutoGluon,3,36,1.020667218333614,1.1185442339861924,0.17939429181293867,1.0075199181204801,0.9057397822841478,3.0,,,,,,,,,,False
147,C,CatBoost,3,36,3.291416496133238,3.4104933583560704,0.646046951740159,1.8081726961266693,0.6950717211476501,6.333333333333333,,,,,,,,,,False
147,C,DeepSetModel-MC,3,36,11.603526255650928,11.534144155140917,0.9465319221012453,3.404510551011389,-0.0724298531126006,11.0,200.0,5.0,,,,,,,,False
147,C,FixedRidgeLambda1,3,36,0.5454100367893784,0.4601489065613924,0.3099505528439345,0.7189943619581055,0.95125200044181,1.6666666666666667,,,,,,,,,,False
147,C,KNN,3,36,3.90947195607206,3.96286775062759,1.2462325491910216,1.9597480463450776,0.6433457863546492,7.333333333333333,,,,,,,,,,False
147,C,LightGBM,3,36,3.0557660290729474,3.1411467829676964,0.285554342593948,1.746774945412202,0.7174672341422778,5.666666666666667,,,,,,,,,,False
147,C,LinearRegression,3,36,0.5400210491191475,0.4473628756086997,0.3045079011971475,0.7159719304575726,0.9517302334759407,1.3333333333333333,,,,,,,,,,False
147,C,MLP,3,36,2.515218822120558,2.6395416819220614,0.6303057197901799,1.577165749339639,0.7672034676551526,4.333333333333333,,,,,,,,,,False
147,C,RandomForest,3,36,4.343247578018789,4.19971326066103,0.6254470126785187,2.0805067586352606,0.6003514608933302,8.333333333333334,,,,,,,,,,False
147,C,Ridge,3,36,0.5454100367893784,0.4601489065613924,0.3099505528439345,0.7189943619581055,0.95125200044181,1.6666666666666667,,,,,,,,,,False
147,C,SVR,3,36,3.949086686452571,3.744459144714188,0.7600174138097804,1.9812519359467853,0.6378371205996304,7.0,,,,,,,,,,False
147,C,XGBoost,3,36,5.1541714326125385,4.302470159897245,1.5063700442970813,2.2551170113651904,0.5307705803114439,10.0,,,,,,,,,,False
147,E,AutoGluon,6,37,0.6371288537061787,0.6152109542899267,0.3264869773039388,0.7753025422774812,0.92781732955547,3.0,,,,,,,,,,False
147,E,CatBoost,6,37,1.9545522587322097,1.660227796797275,1.3283052343414405,1.3313327419638528,0.783426692734471,4.833333333333333,,,,,,,,,,False
147,E,DeepSetModel-MC,6,37,9.237155469372597,8.791223349266458,4.49006899086704,2.9595862842815692,-0.052286571979797726,11.0,200.0,5.0,,,,,,,,False
147,E,FixedRidgeLambda1,6,37,0.11204308118463611,0.11018552349705625,0.06802151490260792,0.3199749067726528,0.9862614782243023,1.8333333333333333,,,,,,,,,,False
147,E,KNN,6,37,4.046860662939662,3.8315006800697553,2.856750581404607,1.891025620934733,0.5916165733866762,8.166666666666666,,,,,,,,,,False
147,E,LightGBM,6,37,3.085899141973892,2.6123645007924177,1.6449747869288436,1.7079619038806924,0.6239464505975983,8.333333333333334,,,,,,,,,,False
147,E,LinearRegression,6,37,0.10706288423521042,0.1082065393218702,0.06407134871689991,0.3131465302724142,0.9866794439405973,1.1666666666666667,,,,,,,,,,False
147,E,MLP,6,37,0.949779275066351,0.8787503053104265,0.3026681107469097,0.9655808235208414,0.8749915803253518,4.166666666666667,,,,,,,,,,False
147,E,RandomForest,6,37,3.0531601268142285,2.816021617713038,1.9219358244296232,1.6738560697699387,0.6536871898941712,7.666666666666667,,,,,,,,,,False
147,E,Ridge,6,37,0.11204308118463611,0.11018552349705625,0.06802151490260792,0.3199749067726528,0.9862614782243023,1.8333333333333333,,,,,,,,,,False
147,E,SVR,6,37,3.403156590171639,3.2218117269831112,2.4544536526858987,1.7344984402544288,0.6469031741853398,8.166666666666666,,,,,,,,,,False
147,E,XGBoost,6,37,3.3064974857373586,2.991565603027704,2.1071396861800107,1.733579275414167,0.6472172394264074,7.666666666666667,,,,,,,,,,False
147,F,AutoGluon,3,37,0.13044342677580475,0.1461607909696744,0.038285473826498814,0.35829504667232454,0.818071234097513,4.333333333333333,,,,,,,,,,False
147,F,CatBoost,3,37,0.13122060024061208,0.1377875405143385,0.02386166360609481,0.3611996386418606,0.8198643454348403,4.666666666666667,,,,,,,,,,False
147,F,DeepSetModel-MC,3,37,0.7483865182729855,0.8158766567849657,0.11700872094245819,0.8632364522746454,-0.003949855542416167,10.666666666666666,200.0,5.0,,,,,,,,False
147,F,FixedRidgeLambda1,3,37,0.08276197173924914,0.0877677008753164,0.010305346543257684,0.28729725117950905,0.8860564369056939,1.6666666666666667,,,,,,,,,,False
147,F,KNN,3,37,0.3548844957762756,0.3530882144528531,0.13018914261822034,0.5887663258254171,0.5151142350427986,8.333333333333334,,,,,,,,,,False
147,F,LightGBM,3,37,0.24381795781752413,0.2263772339338734,0.07127255009666174,0.49035362645765607,0.6568265252717023,7.333333333333333,,,,,,,,,,False
147,F,LinearRegression,3,37,0.08382494875907594,0.0889929837654047,0.011027235975885395,0.28909030914505784,0.8845172378868168,2.6666666666666665,,,,,,,,,,False
147,F,MLP,3,37,0.5803448283676437,0.5374809526654061,0.1590493797317086,0.7571777058449861,0.184120891719419,10.333333333333334,,,,,,,,,,False
147,F,RandomForest,3,37,0.09358131947479063,0.0792584667792733,0.0323802288702138,0.3030440348127684,0.8673041697086394,1.6666666666666667,,,,,,,,,,False
147,F,Ridge,3,37,0.08276197173924914,0.0877677008753164,0.010305346543257684,0.28729725117950905,0.8860564369056939,1.6666666666666667,,,,,,,,,,False
147,F,SVR,3,37,0.18264881096705463,0.1991574505209145,0.044921055152147164,0.42504562756321795,0.7482449254421333,6.666666666666667,,,,,,,,,,False
147,F,XGBoost,3,37,0.27054137232178677,0.3009456377224258,0.052969509140495,0.5183573127439572,0.6267920778552737,7.666666666666667,,,,,,,,,,False
147,G,AutoGluon,3,37,11.104006988374378,9.348630633699472,3.6938396071400352,3.3034649425928184,-0.8272544645283301,2.0,,,,,,,,,,False
147,G,CatBoost,3,37,75.32028257457979,86.0007062327541,21.37379033808968,8.61400128675051,-11.29249158631355,6.666666666666667,,,,,,,,,,False
147,G,DeepSetModel-MC,3,37,12.112445850654675,10.778328790403108,3.3391506606934063,3.459323522912925,-0.9930545799952429,3.0,200.0,5.0,,,,,,,,False
147,G,FixedRidgeLambda1,3,37,37.0595431810746,34.39567013761191,12.027289933274426,6.035321617148877,-5.140689923100283,4.0,,,,,,,,,,False
147,G,KNN,3,37,376.24835511145284,296.23243938542686,190.21558478848863,19.011489508445766,-61.626926724262056,9.333333333333334,,,,,,,,,,False
147,G,LightGBM,3,37,103.64835339156419,66.75069582559438,74.4606855159809,9.778723934242853,-16.29245864686406,7.333333333333333,,,,,,,,,,False
147,G,LinearRegression,3,37,37.50119824874442,34.840776849239816,12.176618901926371,6.0710895510243335,-5.213996884060623,5.0,,,,,,,,,,False
147,G,MLP,3,37,1446.0918855303423,1859.5820844607888,747.77970860074,36.935584855062615,-232.52000136243248,10.333333333333334,,,,,,,,,,False
147,G,RandomForest,3,37,260.1661892572511,168.5796911537783,253.9308081604088,14.807181661244785,-41.70135007387274,7.666666666666667,,,,,,,,,,False
147,G,Ridge,3,37,37.0595431810746,34.39567013761191,12.027289933274426,6.035321617148877,-5.140689923100283,4.0,,,,,,,,,,False
147,G,SVR,3,37,2.218257896315231,2.2365533488298337,0.13832640337188779,1.4888955607226857,0.6374732230188455,1.0,,,,,,,,,,False
147,G,XGBoost,3,37,982.7717496068318,463.14079216222063,1176.3014703362237,27.421793024775877,-160.94437806626118,9.666666666666666,,,,,,,,,,False
148,A,AutoGluon,3,37,0.13233684696709455,0.1667671301178361,0.06317384453852103,0.35514921347245815,0.948633375648951,3.0,,,,,,,,,,False
148,A,CatBoost,3,37,0.6031170131804487,0.6006521410270136,0.019415855999446223,0.7765391967448464,0.7459532764439164,5.333333333333333,,,,,,,,,,False
148,A,DeepSetModel-MC,3,37,2.5229266173004237,2.6468742689932525,0.5030305945155941,1.5828558594274476,-0.029984945167331533,11.0,200.0,5.0,,,,,,,,False
148,A,FixedRidgeLambda1,3,37,0.04480390386604951,0.0502760845777144,0.009904045058233637,0.21073692056195614,0.9817746464500902,2.0,,,,,,,,,,False
148,A,KNN,3,37,0.9391427980811389,0.8598021391532423,0.13805774406535185,0.967411905396229,0.6093283115368044,8.666666666666666,,,,,,,,,,False
148,A,LightGBM,3,37,0.7400887659851253,0.73384094270721,0.05305107924520465,0.8599174671812206,0.686779131500205,7.0,,,,,,,,,,False
148,A,LinearRegression,3,37,0.04139772904876663,0.0463703672033118,0.009276007338251938,0.20254248721813725,0.9831763239378222,1.0,,,,,,,,,,False
148,A,MLP,3,37,0.517048914559431,0.5633549578565875,0.09154598720935989,0.7170678095121259,0.7879517156355565,4.0,,,,,,,,,,False
148,A,RandomForest,3,37,0.8160890790930179,0.8468253347680292,0.12407114192986092,0.901576806487955,0.6630844601807865,8.0,,,,,,,,,,False
148,A,Ridge,3,37,0.04480390386604951,0.0502760845777144,0.009904045058233637,0.21073692056195614,0.9817746464500902,2.0,,,,,,,,,,False
148,A,SVR,3,37,0.6457183268709634,0.6529868173257328,0.1963054212222277,0.7971330541647074,0.7384758248895111,6.0,,,,,,,,,,False
148,A,XGBoost,3,37,1.1579149742894848,1.2358608294811122,0.20363547594835718,1.0731415964037538,0.5254348794997723,10.0,,,,,,,,,,False
148,B,AutoGluon,3,37,0.6116243670184524,0.27507720996115,0.5892842595840723,0.7261997544112481,0.9699755697678359,3.3333333333333335,,,,,,,,,,False
148,B,CatBoost,3,37,3.3929811524936953,2.4275514712601542,2.258629482959774,1.7784821416817709,0.8287053229006821,6.0,,,,,,,,,,False
148,B,DeepSetModel-MC,3,37,21.597452124899803,20.928668131403597,3.004971589862666,4.639930770911287,-0.13130423736865585,11.0,200.0,5.0,,,,,,,,False
148,B,FixedRidgeLambda1,3,37,0.08665526265279457,0.1017240157345505,0.038969995379474015,0.2884036061736283,0.9955903760008303,2.0,,,,,,,,,,False
148,B,KNN,3,37,8.318654551596508,6.872480078292466,2.8627791713093527,2.857630120078504,0.5713705445303279,10.0,,,,,,,,,,False
148,B,LightGBM,3,37,4.369834498628878,3.9885615794105287,1.3687005693904908,2.0738810327118324,0.7735137691131357,7.333333333333333,,,,,,,,,,False
148,B,LinearRegression,3,37,0.0794902522683396,0.0943465645681298,0.038078811988095165,0.27532169609712276,0.9959646258268778,1.0,,,,,,,,,,False
148,B,MLP,3,37,0.7124325840943847,0.7205191782474457,0.08752506572665558,0.8429814907859728,0.9620095175389434,3.6666666666666665,,,,,,,,,,False
148,B,RandomForest,3,37,3.9883155045325887,3.263193234696803,1.3546020771416127,1.9791715283214455,0.7947869134874314,6.333333333333333,,,,,,,,,,False
148,B,Ridge,3,37,0.08665526265279457,0.1017240157345505,0.038969995379474015,0.2884036061736283,0.9955903760008303,2.0,,,,,,,,,,False
148,B,SVR,3,37,6.341627688376215,5.919733522930314,2.795319026429408,2.4770329338660075,0.6727016873388624,9.0,,,,,,,,,,False
148,B,XGBoost,3,37,4.082699190473885,3.5014209710328115,1.327100934200723,2.0038130060697665,0.7891245475689285,6.333333333333333,,,,,,,,,,False
148,C,AutoGluon,9,36,0.6486798192814507,0.6581540369200601,0.28022675036778666,0.7876635521387079,0.8976172837251206,2.7777777777777777,,,,,,,,,,False
148,C,CatBoost,9,36,1.7324691683925233,1.975596307877368,0.7446413632707074,1.2838965834547251,0.7282004489866158,5.0,,,,,,,,,,False
148,C,DeepSetModel-MC,9,36,7.691675184232813,6.384796888525884,4.6211947055903195,2.6552094571649243,-0.05571030077449864,10.88888888888889,200.0,5.0,,,,,,,,False
148,C,FixedRidgeLambda1,9,36,0.24921093516536846,0.157962677379343,0.2054907607141206,0.4729186539934388,0.9537352015912057,1.8888888888888888,,,,,,,,,,False
148,C,KNN,9,36,3.264543313439339,3.5566865602412423,1.3966813867921273,1.7622001812742827,0.5070049217439585,9.333333333333334,,,,,,,,,,False
148,C,LightGBM,9,36,1.9703756464477955,2.1060785414599583,0.6993547016092899,1.381614294495364,0.6764841436323332,6.333333333333333,,,,,,,,,,False
148,C,LinearRegression,9,36,0.24553619517345623,0.1562210222528663,0.20100096915793336,0.4699317829842613,0.9542426494855063,1.3333333333333333,,,,,,,,,,False
148,C,MLP,9,36,2.1907883462235915,2.0202742973545225,0.5525602819190933,1.4706625793508463,0.5378153554215722,6.777777777777778,,,,,,,,,,False
148,C,RandomForest,9,36,2.3784228305839403,2.454212095656702,1.4094657443423355,1.4749271810632947,0.6541378402378152,7.111111111111111,,,,,,,,,,False
148,C,Ridge,9,36,0.24921093516536846,0.157962677379343,0.2054907607141206,0.4729186539934388,0.9537352015912057,1.8888888888888888,,,,,,,,,,False
148,C,SVR,9,36,2.3508795078343088,2.5053288211250915,1.2974564101761727,1.4652948892904496,0.675904233785307,6.555555555555555,,,,,,,,,,False
148,C,XGBoost,9,36,2.7189313495490897,2.6782374121968786,1.4269251429864733,1.5945110737968458,0.5717098303958509,8.0,,,,,,,,,,False
148,D,AutoGluon,6,37,0.2847718209489119,0.3489604612705094,0.1328258893539432,0.518247910650872,0.9531959458222059,3.1666666666666665,,,,,,,,,,False
148,D,CatBoost,6,36,2.295387943897597,1.6780857161270037,2.1927803878392274,1.336575070945191,0.7808650897506054,5.166666666666667,,,,,,,,,,False
148,D,DeepSetModel-MC,6,36,8.846439455944894,8.126617655233318,6.849634643887768,2.759820699703061,-0.013276024161510032,11.0,200.0,5.0,,,,,,,,False
148,D,FixedRidgeLambda1,6,36,0.04892507323089812,0.0517102217545194,0.02276908788221653,0.21549036578773306,0.9920448058012772,1.3333333333333333,,,,,,,,,,False
148,D,KNN,6,36,3.0656310400919824,2.638593519228607,2.841727992981762,1.5508059058259247,0.7069343416613779,8.5,,,,,,,,,,False
148,D,LightGBM,6,36,2.1631236358444728,2.066070535820838,1.6867573064334744,1.3576319032806357,0.7565352192379177,6.833333333333333,,,,,,,,,,False
148,D,LinearRegression,6,36,0.05172173840317742,0.05691546133562945,0.024089726196911285,0.22131023608797348,0.991845829772107,1.6666666666666667,,,,,,,,,,False
148,D,MLP,6,36,0.627371115537134,0.6215015157856907,0.20455654652035876,0.7830100207401314,0.8523645398757868,6.0,,,,,,,,,,False
148,D,RandomForest,6,36,3.114712278799271,2.8832049007959073,2.9764412728611007,1.524104456319212,0.7245737776037188,7.666666666666667,,,,,,,,,,False
148,D,Ridge,6,36,0.04892507323089812,0.0517102217545194,0.02276908788221653,0.21549036578773306,0.9920448058012772,1.3333333333333333,,,,,,,,,,False
148,D,SVR,6,36,2.626515385413978,2.1357688014732905,2.5510322050756185,1.4103544272633102,0.7608613210274967,6.666666666666667,,,,,,,,,,False
148,D,XGBoost,6,36,3.1036947527066805,2.9547392837173745,2.7804775995417006,1.5634435537982883,0.6995552184872557,8.0,,,,,,,,,,False
148,E,AutoGluon,3,37,0.3636169328348588,0.3797546910940804,0.19928067492029278,0.5855693467726424,0.928538653644661,3.0,,,,,,,,,,False
148,E,CatBoost,3,37,1.6417007894518447,1.754869238422844,0.7325856791707467,1.2572786050768674,0.7336036056522349,5.333333333333333,,,,,,,,,,False
148,E,DeepSetModel-MC,3,37,5.974319930752194,5.983646948371403,1.695617612682597,2.427382860073522,-0.003907957258941151,11.0,200.0,5.0,,,,,,,,False
148,E,FixedRidgeLambda1,3,37,0.08231342648188167,0.0946123487823491,0.02391123906602589,0.2846520931666711,0.9851879164313967,1.0,,,,,,,,,,False
148,E,KNN,3,37,2.1155590897860956,2.1016708919277205,0.5461747312085939,1.446284780286289,0.6425532150707695,7.333333333333333,,,,,,,,,,False
148,E,LightGBM,3,37,2.785418316660921,2.978525579629865,0.3949275575453294,1.6660313207044222,0.501440010736941,9.333333333333334,,,,,,,,,,False
148,E,LinearRegression,3,37,0.08588632917939097,0.0970841970319117,0.0256454757970419,0.29063747750776553,0.9844757972780291,2.0,,,,,,,,,,False
148,E,MLP,3,37,0.8960578308853834,0.8358944774155106,0.20635731977890553,0.9425486720024735,0.8334784675736918,4.666666666666667,,,,,,,,,,False
148,E,RandomForest,3,37,2.1809100319859467,2.395791191722397,0.7288894838176995,1.4615194829603173,0.6374232022881833,8.333333333333334,,,,,,,,,,False
148,E,Ridge,3,37,0.08231342648188167,0.0946123487823491,0.02391123906602589,0.2846520931666711,0.9851879164313967,1.0,,,,,,,,,,False
148,E,SVR,3,37,1.8508720576819915,2.209629937183309,0.9931628558914273,1.3189509789345786,0.7049947129423115,6.0,,,,,,,,,,False
148,E,XGBoost,3,37,2.411211011034433,2.44862882635566,0.23676455373810681,1.5515417542057566,0.5671128464774943,8.0,,,,,,,,,,False
148,G,AutoGluon,3,37,3.832168744499052,2.9985120751917504,1.618759944296321,1.9306674014426735,0.5505456601982986,3.3333333333333335,,,,,,,,,,False
148,G,CatBoost,3,37,3.8614257540045807,2.934023878770112,2.0126158225831126,1.9238888260709412,0.5572326317468761,2.6666666666666665,,,,,,,,,,False
148,G,DeepSetModel-MC,3,37,11.276366618964978,12.749275152449249,3.1887178900006306,3.333232037670307,-0.30406568397591655,9.333333333333334,200.0,5.0,,,,,,,,False
148,G,FixedRidgeLambda1,3,37,8.929828964542232,10.019466038929975,2.1329756937625772,2.9728083085227044,-0.03664364220694933,6.0,,,,,,,,,,False
148,G,KNN,3,37,8.311889100517414,7.2867069176846915,3.990874643670713,2.8288075466582616,0.03132830505430454,7.0,,,,,,,,,,False
148,G,LightGBM,3,37,17.968634249645444,15.649245062325813,7.452372757729577,4.180624777998379,-1.0954467961497694,9.666666666666666,,,,,,,,,,False
148,G,LinearRegression,3,37,9.159163365508524,10.26621219127246,2.2107570134935535,3.0103973212121016,-0.06301742407352397,7.0,,,,,,,,,,False
148,G,MLP,3,37,35.43883374974218,30.7769084396148,16.692381811664298,5.846188361152696,-3.0595389169637532,11.0,,,,,,,,,,False
148,G,RandomForest,3,37,4.674482247524403,4.230738278071549,1.0642833473457456,2.1531300950654644,0.4365552734992473,3.3333333333333335,,,,,,,,,,False
148,G,Ridge,3,37,8.929828964542232,10.019466038929975,2.1329756937625772,2.9728083085227044,-0.03664364220694933,6.0,,,,,,,,,,False
148,G,SVR,3,37,2.701607287975337,2.5449305776738544,0.7070184676035711,1.6344753916148596,0.6860691487794194,1.3333333333333333,,,,,,,,,,False
148,G,XGBoost,3,37,7.132198118994537,6.847265404007456,2.5224369342674287,2.6425201850135855,0.16232460038705102,5.333333333333333,,,,,,,,,,False
148,H,AutoGluon,6,37,0.4572897977888177,0.44266000889209883,0.16108167092937228,0.6670918993012416,0.961675980902522,3.1666666666666665,,,,,,,,,,False
148,H,CatBoost,6,37,2.2996492163216424,2.367210672873817,0.3248093019230167,1.5129901068785774,0.79154853522291,5.5,,,,,,,,,,False
148,H,DeepSetModel-MC,6,37,12.512024690956508,13.262434537284786,3.4467146167316223,3.506659330661885,-0.04144870240232094,11.0,200.0,5.0,,,,,,,,False
148,H,FixedRidgeLambda1,6,37,0.10160116497511822,0.10491538796295105,0.04017476998239344,0.31329199161389765,0.9907140239592099,2.0,,,,,,,,,,False
148,H,KNN,6,37,4.260098069433133,4.149093481426361,0.9762970243711776,2.0524938070968233,0.6340634033002907,9.5,,,,,,,,,,False
148,H,LightGBM,6,37,2.6132885681810847,2.633227096635336,0.6533125008888847,1.605340977326309,0.7564077000682027,6.666666666666667,,,,,,,,,,False
148,H,LinearRegression,6,37,0.09693211409192488,0.10087605136206271,0.038144551587195145,0.30598191220076826,0.9911063927993964,1.0,,,,,,,,,,False
148,H,MLP,6,37,0.6612139915085865,0.594751003783557,0.21555175941808286,0.8045399100666999,0.9417057387351461,3.8333333333333335,,,,,,,,,,False
148,H,RandomForest,6,37,2.7993258998268367,2.828851347683744,0.2150473481673405,1.6720860091512961,0.7444298128181152,6.833333333333333,,,,,,,,,,False
148,H,Ridge,6,37,0.10160116497511822,0.10491538796295105,0.04017476998239344,0.31329199161389765,0.9907140239592099,2.0,,,,,,,,,,False
148,H,SVR,6,37,3.193795281646464,3.1755044110948996,0.5536029904186233,1.7814638551229935,0.7187402243819708,8.0,,,,,,,,,,False
148,H,XGBoost,6,37,3.7770322769564433,3.7264349601156366,0.6575484534743694,1.9371021259816423,0.6525788702018197,8.5,,,,,,,,,,False
149,B,AutoGluon,6,37,0.6284965356142711,0.5628941339888085,0.3114522892525964,0.7717871987608816,0.9660471816536963,3.1666666666666665,,,,,,,,,,False
149,B,CatBoost,6,37,1.9964614691109854,1.1478330035805775,1.530487774616995,1.3332425223386561,0.909710395358475,5.666666666666667,,,,,,,,,,False
149,B,DeepSetModel-MC,6,37,22.604503624377873,17.348644143582426,13.62301257388693,4.583633469401035,-0.0572671329999222,11.0,200.0,5.0,,,,,,,,False
149,B,FixedRidgeLambda1,6,37,0.05782427749010155,0.0508685508006428,0.029927615565837395,0.23368500420391988,0.9958865457033891,1.3333333333333333,,,,,,,,,,False
149,B,KNN,6,37,7.179595309019644,6.511092429500514,3.635241682409375,2.6045263109118606,0.648050830884,9.833333333333334,,,,,,,,,,False
149,B,LightGBM,6,37,2.8349914160330507,1.9883221276936895,1.6778349922306364,1.6340674670402244,0.8569254997156337,7.5,,,,,,,,,,False
149,B,LinearRegression,6,37,0.06298004864646738,0.052848911123285006,0.035463997427841495,0.24260216722111297,0.9953790508293352,1.6666666666666667,,,,,,,,,,False
149,B,MLP,6,37,0.9379167761146908,1.005961169014948,0.29141269984001666,0.9564437009660477,0.9364270631873715,4.833333333333333,,,,,,,,,,False
149,B,RandomForest,6,37,2.0574370290070463,1.7588186468529443,1.1964771219061503,1.382157213316838,0.9034915248685135,5.666666666666667,,,,,,,,,,False
149,B,Ridge,6,37,0.05782427749010155,0.0508685508006428,0.029927615565837395,0.23368500420391988,0.9958865457033891,1.3333333333333333,,,,,,,,,,False
149,B,SVR,6,37,5.687695733284275,4.141527298825027,3.9947595980917767,2.272763304114918,0.7457407640747048,9.166666666666666,,,,,,,,,,False
149,B,XGBoost,6,37,2.2811158155874898,1.9302133955505647,1.4853762538326414,1.4531578804946614,0.8928804153105349,6.166666666666667,,,,,,,,,,False
149,D,AutoGluon,3,37,0.32886952939135544,0.3474270134800262,0.04653364280665124,0.5724740614397943,0.9659362192183023,3.0,,,,,,,,,,False
149,D,CatBoost,3,37,1.8693979086157526,1.954424615822316,0.38347532889776,1.3622397618843334,0.8085299214302252,6.0,,,,,,,,,,False
149,D,DeepSetModel-MC,3,37,9.893491416963956,10.029962987554416,1.8286982345095584,3.136244953410537,-0.0161793441141233,11.0,200.0,5.0,,,,,,,,False
149,D,FixedRidgeLambda1,3,37,0.12688903164585094,0.1346934720545481,0.03979555088430307,0.35306046479479164,0.9870568675070629,1.0,,,,,,,,,,False
149,D,KNN,3,37,3.185658338417536,3.4345439808477227,0.8211012894646385,1.774193693249706,0.6738785586442347,9.0,,,,,,,,,,False
149,D,LightGBM,3,37,1.9569130650973106,2.0559882939923835,0.222600733289081,1.3973361787736696,0.7967284484297873,6.0,,,,,,,,,,False
149,D,LinearRegression,3,37,0.1382046906963729,0.149767308016897,0.044186270634753284,0.3682844781606653,0.9859339457508898,2.0,,,,,,,,,,False
149,D,MLP,3,37,0.7846858850696942,0.7934644991096425,0.1930577751504543,0.8812301181209993,0.9200570986329638,4.0,,,,,,,,,,False
149,D,RandomForest,3,37,2.6163216041948814,2.4634715165688688,0.320527732034911,1.6155413300581303,0.7277796119585632,8.0,,,,,,,,,,False
149,D,Ridge,3,37,0.12688903164585094,0.1346934720545481,0.03979555088430307,0.35306046479479164,0.9870568675070629,1.0,,,,,,,,,,False
149,D,SVR,3,37,2.00421745789234,2.169211769138288,0.7888498039352893,1.3952379775582482,0.7973062941962213,6.333333333333333,,,,,,,,,,False
149,D,XGBoost,3,37,3.23788128451827,3.0803560530005414,0.4850084187848767,1.7961345659055468,0.6652598189343415,9.666666666666666,,,,,,,,,,False
149,E,AutoGluon,3,37,0.36514897465084273,0.3556470916410315,0.13496925692590206,0.5972272352263511,0.9601269311398334,3.3333333333333335,,,,,,,,,,False
149,E,CatBoost,3,37,2.7635889500890864,2.9635520782601663,0.9115213461353093,1.6459410104589611,0.7029888293856045,5.666666666666667,,,,,,,,,,False
149,E,DeepSetModel-MC,3,37,10.095962117547815,11.71264606896798,3.2915791854890433,3.145482122608856,-0.0860177821314056,11.0,200.0,5.0,,,,,,,,False
149,E,FixedRidgeLambda1,3,37,0.07585017100636643,0.0780913435969909,0.017509210905608575,0.27413741289705734,0.9909244013570951,2.0,,,,,,,,,,False
149,E,KNN,3,37,4.14374327245078,4.383397702984203,0.8851534766302628,2.0274429203078044,0.5426566434991441,9.0,,,,,,,,,,False
149,E,LightGBM,3,37,3.0470591217589935,3.00777129051903,0.5809860435181479,1.740285323626928,0.6511487235778769,6.333333333333333,,,,,,,,,,False
149,E,LinearRegression,3,37,0.07270105405453124,0.0757453074676121,0.01951969058597927,0.26792116073918093,0.9912642045328576,1.0,,,,,,,,,,False
149,E,MLP,3,37,0.6327055960743947,0.6872355545225421,0.191356764925903,0.7887954522555735,0.9265589183103652,3.6666666666666665,,,,,,,,,,False
149,E,RandomForest,3,37,3.5356064571416415,3.3904635883654644,0.8331735884985074,1.8717343721526518,0.6095560874904221,7.666666666666667,,,,,,,,,,False
149,E,Ridge,3,37,0.07585017100636643,0.0780913435969909,0.017509210905608575,0.27413741289705734,0.9909244013570951,2.0,,,,,,,,,,False
149,E,SVR,3,37,3.648644354784052,4.372042039001632,1.6928845572916218,1.8682318260142734,0.6178510058628888,7.333333333333333,,,,,,,,,,False
149,E,XGBoost,3,37,4.398779790568808,3.688564478714696,1.8842556753544324,2.0670361383331106,0.515372850475829,9.0,,,,,,,,,,False
149,F,AutoGluon,3,37,0.0850801067325776,0.0671853120822028,0.03515692016031786,0.2878404551490364,0.7101409142568839,3.3333333333333335,,,,,,,,,,False
149,F,CatBoost,3,37,0.1828158713538278,0.1879074791113787,0.012792944053583671,0.42739190358837664,0.3782932740817446,5.666666666666667,,,,,,,,,,False
149,F,DeepSetModel-MC,3,37,0.30012023500443946,0.2910134649718954,0.016693119630323033,0.5476931937193359,-0.0168224002017684,8.333333333333334,200.0,5.0,,,,,,,,False
149,F,FixedRidgeLambda1,3,37,0.0355996700413928,0.0354618983055259,0.010105872483074131,0.1873822637265381,0.8790382330350429,1.6666666666666667,,,,,,,,,,False
149,F,KNN,3,37,0.22803346339101696,0.2041713799364199,0.04163503752719913,0.47625943762300454,0.22455359244793657,7.0,,,,,,,,,,False
149,F,LightGBM,3,37,0.34319158432485647,0.3645714386334207,0.07067733679773999,0.5836362147391196,-0.15896401631239718,9.0,,,,,,,,,,False
149,F,LinearRegression,3,37,0.0353371372700041,0.0350230008329515,0.010390768571614513,0.18659856050341497,0.879909945880109,1.3333333333333333,,,,,,,,,,False
149,F,MLP,3,37,0.5923806935704612,0.6230751628719122,0.12953186744325743,0.7664323486027323,-1.02325716558048,11.0,,,,,,,,,,False
149,F,RandomForest,3,37,0.12450124186673867,0.1236819391592062,0.014979911176125437,0.3524218379109603,0.5772141463721439,3.6666666666666665,,,,,,,,,,False
149,F,Ridge,3,37,0.0355996700413928,0.0354618983055259,0.010105872483074131,0.1873822637265381,0.8790382330350429,1.6666666666666667,,,,,,,,,,False
149,F,SVR,3,37,0.16867412392584366,0.1596245051836373,0.0357905163360759,0.40919639255746804,0.4252647136739453,5.333333333333333,,,,,,,,,,False
149,F,XGBoost,3,37,0.34336965214708387,0.350145182823291,0.03470696298983395,0.5854698663285044,-0.1642094274893081,9.666666666666666,,,,,,,,,,False
149,G,AutoGluon,3,37,0.9571693734398247,0.8164648067088155,0.3378965640421822,0.9687803497075592,0.7686422464417729,1.6666666666666667,,,,,,,,,,False
149,G,CatBoost,3,37,2.9535443309225307,3.141043733506419,0.3681296119279717,1.7162727564010922,0.2550658911731778,5.333333333333333,,,,,,,,,,False
149,G,DeepSetModel-MC,3,37,4.578173103518693,4.289634640963532,1.1178867466823026,2.129320902394701,-0.10613860875869911,7.333333333333333,200.0,5.0,,,,,,,,False
149,G,FixedRidgeLambda1,3,37,1.1307302622043878,1.142324433637553,0.12127786409127428,1.0623270944608794,0.7202657044715545,2.3333333333333335,,,,,,,,,,False
149,G,KNN,3,37,3.506866823301563,3.8010689546961487,1.2126778402497744,1.8520411903939762,0.09483501580479133,6.333333333333333,,,,,,,,,,False
149,G,LightGBM,3,37,5.199243205486785,5.056348964203288,1.9556997661726143,2.2526285724364006,-0.36264588136594794,8.0,,,,,,,,,,False
149,G,LinearRegression,3,37,1.1452960990076118,1.1466418917514885,0.13083295323897767,1.0690154681301507,0.7166292751376152,3.3333333333333335,,,,,,,,,,False
149,G,MLP,3,37,12.062043394564379,13.590757422331514,4.883237584025611,3.418282362321501,-2.1175318187895296,10.666666666666666,,,,,,,,,,False
149,G,RandomForest,3,37,6.371011289400935,6.692799674510443,1.9030888782412032,2.5040282938202165,-0.5352862337882378,9.333333333333334,,,,,,,,,,False
149,G,Ridge,3,37,1.1307302622043878,1.142324433637553,0.12127786409127428,1.0623270944608794,0.7202657044715545,2.3333333333333335,,,,,,,,,,False
149,G,SVR,3,37,1.2012044436529214,0.8930548686997939,0.632977757236055,1.0726355211607823,0.716312719900909,2.6666666666666665,,,,,,,,,,False
149,G,XGBoost,3,37,6.164826496519491,6.481961954739778,0.8246428656695638,2.479060325561537,-0.5593152383728152,9.0,,,,,,,,,,False
150,C,AutoGluon,3,37,0.4785053293288574,0.4843583489390555,0.18878976778432244,0.682198450005513,0.9688899259865617,3.0,,,,,,,,,,False
150,C,CatBoost,3,37,2.494592506581552,2.1569344577737293,0.6011824238416815,1.5721943876410254,0.8357902923966458,5.333333333333333,,,,,,,,,,False
150,C,DeepSetModel-MC,3,37,15.869816476128662,15.992311578938189,0.2959805272504229,3.9835777816159776,-0.049655269018683966,11.0,200.0,5.0,,,,,,,,False
150,C,FixedRidgeLambda1,3,37,0.12069656950621926,0.1259035379792677,0.022136304963847574,0.3463993280211895,0.9919899297517261,1.0,,,,,,,,,,False
150,C,KNN,3,37,7.715363681899551,7.721974242453792,1.0923041102865447,2.772982452406269,0.48933464456107134,10.0,,,,,,,,,,False
150,C,LightGBM,3,37,2.9458111911085543,2.7619170471699577,0.9471612481341982,1.7017642909238724,0.8074401083451872,6.333333333333333,,,,,,,,,,False
150,C,LinearRegression,3,37,0.12424567972040468,0.1319385718074366,0.022841478109282488,0.35143963399330813,0.9917473548131607,2.0,,,,,,,,,,False
150,C,MLP,3,37,1.0003123338482538,0.9354892670676797,0.15556987196811287,0.9982072203627766,0.933991822414113,4.0,,,,,,,,,,False
150,C,RandomForest,3,37,3.4785269195556396,3.648540378925426,0.3563010419992941,1.8633983927076614,0.7709502834883821,6.666666666666667,,,,,,,,,,False
150,C,Ridge,3,37,0.12069656950621926,0.1259035379792677,0.022136304963847574,0.3463993280211895,0.9919899297517261,1.0,,,,,,,,,,False
150,C,SVR,3,37,4.681358492363443,4.812234850659306,1.2824038288908561,2.1494865528249183,0.6940711726944571,9.0,,,,,,,,,,False
150,C,XGBoost,3,37,3.8039192449075983,3.8221987708791816,0.5784419981230086,1.946564317385059,0.7499853272331398,7.666666666666667,,,,,,,,,,False
150,E,AutoGluon,12,37,0.38286986783882115,0.4224092012185421,0.25451488562529695,0.5853545633453359,0.8894103226545949,3.1666666666666665,,,,,,,,,,False
150,E,CatBoost,12,37,2.4640204431630894,2.2744782604752642,1.904089861265548,1.4236210905879803,0.6306152527863816,5.916666666666667,,,,,,,,,,False
150,E,DeepSetModel-MC,12,37,9.36929344439808,10.751917144148477,6.130971930930763,2.764629211947568,-0.06106037117299607,10.333333333333334,200.0,5.0,,,,,,,,False
150,E,FixedRidgeLambda1,12,37,0.049587975531440454,0.06087370731512651,0.030745693538540834,0.20726406711404022,0.9897798123726904,1.5,,,,,,,,,,False
150,E,KNN,12,37,3.6584511728192903,3.9087554293822704,2.5561676666156217,1.7427820674458419,0.49137092053683756,7.916666666666667,,,,,,,,,,False
150,E,LightGBM,12,37,3.269782035645148,3.6809837500548497,2.1091156247237812,1.6676809071956236,0.4740129152838671,7.666666666666667,,,,,,,,,,False
150,E,LinearRegression,12,37,0.05104930187988305,0.0611767031184373,0.03257732257579257,0.2094999931673975,0.9898147080732899,1.5,,,,,,,,,,False
150,E,MLP,12,37,0.8427309600160595,0.8685985111143947,0.1939921830615566,0.9122001632824831,0.20782178296889064,5.75,,,,,,,,,,False
150,E,RandomForest,12,37,3.2715357716799893,2.844425744109513,2.7842446603596707,1.5893644163560918,0.6344076633045838,6.75,,,,,,,,,,False
150,E,Ridge,12,37,0.049587975531440454,0.06087370731512651,0.030745693538540834,0.20726406711404022,0.9897798123726904,1.5,,,,,,,,,,False
150,E,SVR,12,37,3.7355017422830326,3.491795105542188,2.942921121641454,1.7141453727552314,0.5977437178876791,6.916666666666667,,,,,,,,,,False
150,E,XGBoost,12,37,3.8751993450576916,3.2432376588724763,3.0853181087160166,1.7913621146406087,0.3641670251967361,8.583333333333334,,,,,,,,,,False
150,F,AutoGluon,15,38,0.14839805616842447,0.1480515123531643,0.1047538137625814,0.3628624917926346,0.19758722646082943,3.533333333333333,,,,,,,,,,False
150,F,CatBoost,15,38,0.3629695281579792,0.2091382733527854,0.3914433107470301,0.5522924802068143,0.19138531981621795,6.733333333333333,,,,,,,,,,False
150,F,DeepSetModel-MC,15,38,4.774781783727989,0.0021320488707109,10.123030065076621,1.0064416768716282,-0.022771251884497377,3.0,200.0,5.0,,,,,,,,False
150,F,FixedRidgeLambda1,15,38,0.12110310625975386,0.1104151355289358,0.0596201001915548,0.3385978683627903,0.19827538258072835,2.8,,,,,,,,,,False
150,F,KNN,15,38,2.0272878361295907,0.2539331657553028,3.88225338648488,0.9999080621038332,0.11734248176821124,8.133333333333333,,,,,,,,,,False
150,F,LightGBM,15,38,0.4726655125916594,0.469429121340737,0.15552979209955403,0.6791279369169074,0.19363741543297094,9.066666666666666,,,,,,,,,,False
150,F,LinearRegression,15,38,0.12141766961347417,0.1121508610131551,0.05635759943584453,0.3397155105780652,0.19831562748162163,3.7333333333333334,,,,,,,,,,False
150,F,MLP,15,38,0.9206611970207932,0.8732875653423132,0.28849474902600797,0.9490029309432156,0.18681543075688742,10.266666666666667,,,,,,,,,,False
150,F,RandomForest,15,38,0.16529288798808942,0.1531144832297893,0.09226400374100857,0.39243885591221594,0.19707230849943377,4.266666666666667,,,,,,,,,,False
150,F,Ridge,15,38,0.12110310625975386,0.1104151355289358,0.0596201001915548,0.3385978683627903,0.19827538258072835,2.8,,,,,,,,,,False
150,F,SVR,15,38,1.9233719809862135,0.1698408219175354,3.783594497942764,0.9175221804539301,0.11774537665423376,6.2,,,,,,,,,,False
150,F,XGBoost,15,38,0.4343327326054375,0.3922583985406074,0.17606255846817256,0.6474420924765785,0.19518134051899363,8.266666666666667,,,,,,,,,,False
151,A,AutoGluon,3,37,0.32270010940170485,0.3166511561660334,0.08053637062329709,0.5651023021917333,0.937736469467386,3.0,,,,,,,,,,False
151,A,CatBoost,3,37,1.1700568650325829,1.3212937735024397,0.43091312693765743,1.0677450986218924,0.7779230075961037,6.333333333333333,,,,,,,,,,False
151,A,DeepSetModel-MC,3,37,5.623846113999016,5.690998224389236,0.518760268745326,2.3697640615027553,-0.06585566080211276,11.0,200.0,5.0,,,,,,,,False
151,A,FixedRidgeLambda1,3,37,0.11296028061270047,0.0996781812683511,0.05286601410675296,0.3300847888923794,0.9784697422191814,2.0,,,,,,,,,,False
151,A,KNN,3,37,1.7991587410581698,1.9959939200951735,0.4179864569053201,1.3347876417682232,0.6587641692707703,9.333333333333334,,,,,,,,,,False
151,A,LightGBM,3,37,1.0301882634517825,1.0219818805937702,0.1252676644257559,1.0137329899620302,0.8021830320515805,5.666666666666667,,,,,,,,,,False
151,A,LinearRegression,3,37,0.10936033011923833,0.0974423715311943,0.05125300257612582,0.3247269690945007,0.9791679792175474,1.0,,,,,,,,,,False
151,A,MLP,3,37,0.554274890777811,0.593139123189329,0.07723057786687984,0.7432365110702158,0.8933637566386664,4.0,,,,,,,,,,False
151,A,RandomForest,3,37,1.5440864012032194,1.563519252790956,0.19616824887447393,1.2409170656815196,0.7056877617741186,8.666666666666666,,,,,,,,,,False
151,A,Ridge,3,37,0.11296028061270047,0.0996781812683511,0.05286601410675296,0.3300847888923794,0.9784697422191814,2.0,,,,,,,,,,False
151,A,SVR,3,37,1.1951659634326044,1.1956366924113873,0.09621779744786249,1.0926446318982832,0.7737184439816792,6.0,,,,,,,,,,False
151,A,XGBoost,3,37,1.574266663095132,1.5448996898731389,0.210250358375121,1.2528482792536908,0.6993130558990112,9.0,,,,,,,,,,False
151,B,AutoGluon,9,37,0.38570405056997575,0.2743124923988815,0.35696054091372975,0.5726352941995917,0.9708442849856532,3.0,,,,,,,,,,False
151,B,CatBoost,9,37,2.185206459637959,1.039462732207698,1.872308862886473,1.3690161964052312,0.8422783983853435,5.555555555555555,,,,,,,,,,False
151,B,DeepSetModel-MC,9,37,12.743027040079149,8.561209215666118,7.177215049480286,3.4556819537103225,-0.05801801451230188,11.0,200.0,5.0,,,,,,,,False
151,B,FixedRidgeLambda1,9,37,0.06654334214513254,0.0488153678837026,0.047726564428913584,0.24380312760321576,0.9947852092369632,1.0,,,,,,,,,,False
151,B,KNN,9,37,4.450947813245301,2.62203631827436,3.5765054161212952,1.982113349680695,0.6596011453182681,9.777777777777779,,,,,,,,,,False
151,B,LightGBM,9,37,2.0689887632464146,1.346007536147562,1.293130457325857,1.3824348783540765,0.8316285646983761,6.333333333333333,,,,,,,,,,False
151,B,LinearRegression,9,37,0.06986295244997529,0.0502098355550664,0.04859157209229491,0.25066592280003963,0.9944645552836118,2.0,,,,,,,,,,False
151,B,MLP,9,37,0.7641362959447563,0.6426585002720632,0.379499294142142,0.8523217626336909,0.9293186634155295,4.111111111111111,,,,,,,,,,False
151,B,RandomForest,9,37,2.9649739368915915,1.3667866930050607,2.565513074972024,1.5934836992246146,0.7868065570446486,7.444444444444445,,,,,,,,,,False
151,B,Ridge,9,37,0.06654334214513254,0.0488153678837026,0.047726564428913584,0.24380312760321576,0.9947852092369632,1.0,,,,,,,,,,False
151,B,SVR,9,37,3.485177237947015,1.853232722136931,3.0671698568275723,1.71195027079582,0.7527882004952503,7.888888888888889,,,,,,,,,,False
151,B,XGBoost,9,37,2.9726938294915626,1.4410167611157352,2.52600610220861,1.6000339207544643,0.7835313122512364,7.888888888888889,,,,,,,,,,False
151,C,AutoGluon,3,37,0.4401699707102133,0.4277188335763313,0.23546363193104114,0.6463807710876933,0.9529622778514178,3.0,,,,,,,,,,False
151,C,CatBoost,3,37,1.6555356488615038,1.6479681775842565,0.21686482151901934,1.284832747273162,0.8267267451279229,5.0,,,,,,,,,,False
151,C,DeepSetModel-MC,3,37,10.049397925275615,9.44199472333186,1.9923103861157208,3.1600045622742683,-0.011019292851107332,11.0,200.0,5.0,,,,,,,,False
151,C,FixedRidgeLambda1,3,37,0.0621564454334921,0.0589537321282697,0.016664229694662937,0.24784233126634755,0.9933961881722845,1.6666666666666667,,,,,,,,,,False
151,C,KNN,3,37,4.012857556767292,3.6923133575058986,0.7309749404301786,1.9978887044521771,0.5864960003161636,10.0,,,,,,,,,,False
151,C,LightGBM,3,37,2.09303842146321,2.129952469479824,0.2844068129236023,1.444465350034023,0.7807653022449311,6.333333333333333,,,,,,,,,,False
151,C,LinearRegression,3,37,0.06178158199017653,0.0567190892906498,0.01589790552461683,0.24723753135350068,0.9934516466718399,1.3333333333333333,,,,,,,,,,False
151,C,MLP,3,37,1.6640076325299737,1.408875207278029,0.7377186249541189,1.2698636758211581,0.8375740865358138,5.0,,,,,,,,,,False
151,C,RandomForest,3,37,2.3401852327448442,2.1589172959390184,0.5289944319202977,1.52349209444831,0.7565596612000708,7.0,,,,,,,,,,False
151,C,Ridge,3,37,0.0621564454334921,0.0589537321282697,0.016664229694662937,0.24784233126634755,0.9933961881722845,1.6666666666666667,,,,,,,,,,False
151,C,SVR,3,37,2.229551789079189,2.230007480284427,1.0031696678572375,1.4661843867180426,0.7826310567062396,7.0,,,,,,,,,,False
151,C,XGBoost,3,37,3.013587568284121,2.991973723824388,0.04491486753550914,1.735936765375764,0.6890335105423443,8.666666666666666,,,,,,,,,,False
151,D,AutoGluon,3,37,0.3408795946511587,0.2954556960192988,0.13475175014324653,0.5765971034013224,0.9812857232432143,3.0,,,,,,,,,,False
151,D,CatBoost,3,37,2.6507910475626546,2.5689583366817383,0.8219385917612623,1.6149887565857262,0.858786360818142,6.333333333333333,,,,,,,,,,False
151,D,DeepSetModel-MC,3,37,18.92328276328084,20.569431132811268,4.299171003804779,4.329984697344374,-0.008763896924903633,11.0,200.0,5.0,,,,,,,,False
151,D,FixedRidgeLambda1,3,37,0.0891691389958687,0.0888576577440839,0.0287608197065268,0.2959414691187278,0.9947774143114388,1.0,,,,,,,,,,False
151,D,KNN,3,37,6.555112275007505,6.545352823067312,1.177220232335637,2.553351468238162,0.6464965979424828,10.0,,,,,,,,,,False
151,D,LightGBM,3,37,2.288152827284056,2.188463931416225,0.6231980287481947,1.5034023714492788,0.8772360377082401,5.0,,,,,,,,,,False
151,D,LinearRegression,3,37,0.09186775530161322,0.0890055834290991,0.03216644930382639,0.2999522652474888,0.9945882385608704,2.0,,,,,,,,,,False
151,D,MLP,3,37,0.8467573084699632,0.7684519914430897,0.21271471769801142,0.9155599240224269,0.9541389324894497,4.0,,,,,,,,,,False
151,D,RandomForest,3,37,3.4269289170962405,3.2655692632470243,0.8291642265468633,1.8423153088333475,0.8165283303113336,7.0,,,,,,,,,,False
151,D,Ridge,3,37,0.0891691389958687,0.0888576577440839,0.0287608197065268,0.2959414691187278,0.9947774143114388,1.0,,,,,,,,,,False
151,D,SVR,3,37,4.5313701825966275,5.343650353775902,1.7306688225636762,2.0984810563746508,0.7654852316704432,8.333333333333334,,,,,,,,,,False
151,D,XGBoost,3,37,4.036147250023974,4.2546317860186464,0.850567483112314,2.001184101447787,0.7840617451170573,8.333333333333334,,,,,,,,,,False
151,F,AutoGluon,9,38,0.07395783223541266,0.0517346596485233,0.058531957842353724,0.2587049246804142,-0.7598341429483418,3.2222222222222223,,,,,,,,,,False
151,F,CatBoost,9,38,0.14628064066966123,0.1543386940657087,0.03710409835779631,0.37966059573224903,-0.8668942819459109,6.0,,,,,,,,,,False
151,F,DeepSetModel-MC,9,38,0.020064633529804074,0.0168706922347986,0.015966694546535366,0.13013665568987698,-0.05556129792192572,1.0,200.0,5.0,,,,,,,,False
151,F,FixedRidgeLambda1,9,38,0.13137319381031654,0.1406215984089042,0.06770997164593519,0.3498947840844979,-1.4916281697088927,4.666666666666667,,,,,,,,,,False
151,F,KNN,9,38,0.18148993123867363,0.1724834060520543,0.04378555097137258,0.4232171982667588,-1.56762295337053,7.0,,,,,,,,,,False
151,F,LightGBM,9,38,0.3862738877415774,0.3766444645293476,0.09752071045527323,0.617274594847208,-3.452732868485306,9.666666666666666,,,,,,,,,,False
151,F,LinearRegression,9,38,0.1336360004810887,0.1431673287860467,0.06906719102312378,0.3528230270851909,-1.5251696472564182,5.666666666666667,,,,,,,,,,False
151,F,MLP,9,38,0.567838873593042,0.5481063992069859,0.09303881898834418,0.751261373183665,-5.3594682399312825,11.0,,,,,,,,,,False
151,F,RandomForest,9,38,0.10204955197037847,0.0949187093894832,0.02441078783857794,0.3175283985648123,-0.6904199140717604,4.0,,,,,,,,,,False
151,F,Ridge,9,38,0.13137319381031654,0.1406215984089042,0.06770997164593519,0.3498947840844979,-1.4916281697088927,4.666666666666667,,,,,,,,,,False
151,F,SVR,9,38,0.10618917460474742,0.1093209818495251,0.016896306224738127,0.3249377527251652,-0.674669541677338,4.555555555555555,,,,,,,,,,False
151,F,XGBoost,9,38,0.34983144558861395,0.331552641197414,0.10221818869026483,0.5862339524330517,-2.4246604604297883,9.222222222222221,,,,,,,,,,False
151,H,AutoGluon,6,38,0.47641845813619854,0.37327042426525875,0.3979507055161973,0.6444647297572128,0.9708086152282424,3.0,,,,,,,,,,False
151,H,CatBoost,6,38,2.4359071021364973,1.9028072559410996,1.831044501044942,1.46082380830048,0.8520864175635251,5.5,,,,,,,,,,False
151,H,DeepSetModel-MC,6,38,17.344227543405093,15.209097307925413,12.459438253963999,3.924611663096838,-0.06642253173553087,11.0,200.0,5.0,,,,,,,,False
151,H,FixedRidgeLambda1,6,38,0.10566682052040731,0.0964586626305842,0.08193414291313886,0.3016831121472691,0.9934406916896584,1.3333333333333333,,,,,,,,,,False
151,H,KNN,6,38,4.10111716984758,3.8219061709764537,2.5127152349507464,1.9406880933726554,0.7257047223102786,8.5,,,,,,,,,,False
151,H,LightGBM,6,38,2.6071385404947183,1.9444829003445907,1.9222549023212567,1.5219904180509138,0.8372129897132377,5.833333333333333,,,,,,,,,,False
151,H,LinearRegression,6,38,0.10888646869710732,0.10498569695549835,0.07773005528088754,0.3091026371138371,0.9927966008370022,1.6666666666666667,,,,,,,,,,False
151,H,MLP,6,38,0.83526477646684,0.6945260066868477,0.4460125025408497,0.8895167746630864,0.9363434907899001,4.0,,,,,,,,,,False
151,H,RandomForest,6,38,4.256582957580237,3.9118737805056516,3.3322398624399767,1.9072865836110304,0.7566905672712051,7.666666666666667,,,,,,,,,,False
151,H,Ridge,6,38,0.10566682052040731,0.0964586626305842,0.08193414291313886,0.3016831121472691,0.9934406916896584,1.3333333333333333,,,,,,,,,,False
151,H,SVR,6,38,5.640366029780741,3.6269239291601125,5.573315160740859,2.1092609625814127,0.7141183302119658,8.333333333333334,,,,,,,,,,False
151,H,XGBoost,6,38,5.020689957845649,4.6000253479499325,3.6862850609900595,2.0944405280862117,0.7011214121808728,9.166666666666666,,,,,,,,,,False
152,A,AutoGluon,6,38,0.42922720816181,0.2304732707220963,0.3893152871746547,0.606877555466031,0.9140422442782771,3.0,,,,,,,,,,False
152,A,CatBoost,6,38,0.9754593148842704,0.6557239541448132,0.6832941004444153,0.9394101949772654,0.7982144068269986,5.0,,,,,,,,,,False
152,A,DeepSetModel-MC,6,38,4.6252259258428845,3.7035502024123073,2.1241124592736704,2.1061648576120624,-0.03811044465155872,11.0,200.0,5.0,,,,,,,,False
152,A,FixedRidgeLambda1,6,38,0.11755983854864728,0.0887024251300357,0.05969619230392274,0.33429022049473084,0.9739697192077776,1.5,,,,,,,,,,False
152,A,KNN,6,38,1.9068498407797005,1.335466046805719,1.2859832699143185,1.3179750131437125,0.6026019928482875,9.5,,,,,,,,,,False
152,A,LightGBM,6,38,1.231314546829734,1.0199986073743887,0.5694115476089608,1.0856085812940046,0.7223238226857743,7.333333333333333,,,,,,,,,,False
152,A,LinearRegression,6,38,0.11685160715921906,0.0884254706532953,0.05646656339356349,0.33412013006952085,0.9738980974844211,1.5,,,,,,,,,,False
152,A,MLP,6,38,0.7742462854452682,0.8204779210216497,0.311363335749879,0.8641522855509889,0.8187414702404682,5.333333333333333,,,,,,,,,,False
152,A,RandomForest,6,38,1.3383420316239711,1.0616280824333615,0.8535864792110143,1.1068894174698254,0.7164977737281855,7.0,,,,,,,,,,False
152,A,Ridge,6,38,0.11755983854864728,0.0887024251300357,0.05969619230392274,0.33429022049473084,0.9739697192077776,1.5,,,,,,,,,,False
152,A,SVR,6,38,1.5129884072308573,0.6106473229663001,1.543017185049973,1.1127765415720108,0.712433589046998,6.666666666666667,,,,,,,,,,False
152,A,XGBoost,6,38,1.4981779623712193,1.3194426933409862,0.7309576336858763,1.1935035934612832,0.6638969740147428,8.166666666666666,,,,,,,,,,False
152,B,AutoGluon,9,38,0.2267485107076701,0.1843307696088565,0.17001078413234225,0.4451289545256352,0.5927236287084727,3.0,,,,,,,,,,False
152,B,CatBoost,9,37,0.7957337253961974,0.3041766793714597,0.9822408572422345,0.7736654177423403,0.5321685989516022,5.888888888888889,,,,,,,,,,False
152,B,DeepSetModel-MC,9,38,8.39878093849646,1.0389994348318297,12.301829490432025,1.9845027085913804,-0.02337883790814631,7.666666666666667,200.0,5.0,,,,,,,,False
152,B,FixedRidgeLambda1,9,37,0.05102778075635614,0.0494885359835052,0.020045491337370935,0.22208998213477096,0.6538900472047701,1.7777777777777777,,,,,,,,,,False
152,B,KNN,9,37,3.222592530075974,0.5618885846126616,4.446713902095417,1.3812283875365277,0.3341147044248591,8.777777777777779,,,,,,,,,,False
152,B,LightGBM,9,37,1.0291655213569968,0.4283977194405124,0.981784592088353,0.9204454460718267,0.4812986721522308,8.0,,,,,,,,,,False
152,B,LinearRegression,9,37,0.05081510035343643,0.0422555318403427,0.021240342697552397,0.22109596452265468,0.6536479254769821,2.3333333333333335,,,,,,,,,,False
152,B,MLP,9,37,0.6434813252251677,0.5922494735122644,0.18056568879393806,0.7948539048451329,0.48393306586699986,8.0,,,,,,,,,,False
152,B,RandomForest,9,37,0.8634292788330652,0.2310082437805405,0.9831366628511162,0.7964822351907956,0.5463387301572112,5.666666666666667,,,,,,,,,,False
152,B,Ridge,9,37,0.05102778075635614,0.0494885359835052,0.020045491337370935,0.22208998213477096,0.6538900472047701,1.7777777777777777,,,,,,,,,,False
152,B,SVR,9,37,2.5630924020306747,0.3866984004477301,3.5804398142846066,1.2200340702996162,0.4319683854160409,6.777777777777778,,,,,,,,,,False
152,B,XGBoost,9,37,1.1566455854927662,0.4236082160724558,1.1994984578975543,0.9533489285676963,0.4844661947410301,8.11111111111111,,,,,,,,,,False
152,C,AutoGluon,6,37,0.30214323045920116,0.3002103718803157,0.06480542083130973,0.5471264684632663,0.9658184183509305,3.0,,,,,,,,,,False
152,C,CatBoost,6,38,2.6760069526639945,2.243722835153699,1.8371382818313238,1.547914109071048,0.8085193359344044,5.166666666666667,,,,,,,,,,False
152,C,DeepSetModel-MC,6,37,13.28057996781304,12.428953200930764,7.041633646168318,3.53025712577101,-0.04007004763658464,11.0,200.0,5.0,,,,,,,,False
152,C,FixedRidgeLambda1,6,38,0.15101818068895598,0.1579696006906227,0.04383319711289421,0.3850025197429184,0.9848684944771714,1.3333333333333333,,,,,,,,,,False
152,C,KNN,6,38,4.417424160873619,4.621944669106926,2.0451491789044685,2.0504260702678985,0.6400263706708552,8.5,,,,,,,,,,False
152,C,LightGBM,6,38,2.634683916840513,2.4980929214532788,1.2894712770298455,1.5800426447757083,0.7881189503915215,6.333333333333333,,,,,,,,,,False
152,C,LinearRegression,6,38,0.15258717951773082,0.1552842295522538,0.04549260708857025,0.38682920776887436,0.9848325251154492,1.6666666666666667,,,,,,,,,,False
152,C,MLP,6,38,1.820289129980787,1.8005548824522766,0.6306361259175796,1.330595948240539,0.801240775634188,5.833333333333333,,,,,,,,,,False
152,C,RandomForest,6,38,4.14743272540657,3.911593793373318,2.9380405356626387,1.908801835456649,0.7096246900251563,7.5,,,,,,,,,,False
152,C,Ridge,6,38,0.15101818068895598,0.1579696006906227,0.04383319711289421,0.3850025197429184,0.9848684944771714,1.3333333333333333,,,,,,,,,,False
152,C,SVR,6,38,3.100774772119303,2.530074561940645,2.208230096400832,1.6786579399530128,0.7646994253897592,6.166666666666667,,,,,,,,,,False
152,C,XGBoost,6,38,5.716388394343074,5.572176250594362,3.738969528411632,2.2669403998183872,0.5830157950520372,9.5,,,,,,,,,,False
152,D,AutoGluon,6,38,0.5508173352779361,0.4001124408515485,0.4022953086795108,0.7084379983493004,0.9612216573305769,3.3333333333333335,,,,,,,,,,False
152,D,CatBoost,6,38,2.2167188088955863,1.9259308053474227,1.0161761683403474,1.4628737088621422,0.8394395859840277,5.333333333333333,,,,,,,,,,False
152,D,DeepSetModel-MC,6,38,14.931840693761998,12.385708207535497,6.609703262116038,3.790577138906901,-0.03318614966322932,11.0,200.0,5.0,,,,,,,,False
152,D,FixedRidgeLambda1,6,38,0.06219455512727717,0.0560987474724274,0.02575150211641261,0.24485724560785083,0.9946032572645627,1.0,,,,,,,,,,False
152,D,KNN,6,38,5.269381027507751,4.831670566693278,1.8017428690090311,2.2707862664970446,0.6130156697775737,10.0,,,,,,,,,,False
152,D,LightGBM,6,38,2.487206370556159,2.167605247850404,1.168411709877065,1.5466925685074724,0.8259948839534471,5.833333333333333,,,,,,,,,,False
152,D,LinearRegression,6,38,0.06842610742099198,0.059116524850085,0.02931216714038199,0.2566619860282188,0.9940217549451088,2.0,,,,,,,,,,False
152,D,MLP,6,38,0.6145690484737601,0.5168672166886943,0.28549582478989205,0.7674237174050846,0.949712747667964,3.6666666666666665,,,,,,,,,,False
152,D,RandomForest,6,38,3.5136262923855344,3.311107930255305,1.2333215081480322,1.850192643617241,0.7484885780787806,7.666666666666667,,,,,,,,,,False
152,D,Ridge,6,38,0.06219455512727717,0.0560987474724274,0.02575150211641261,0.24485724560785083,0.9946032572645627,1.0,,,,,,,,,,False
152,D,SVR,6,38,3.841372325552,2.7040089970549075,2.2342466880241596,1.9012712312507205,0.7406563136957893,7.833333333333333,,,,,,,,,,False
152,D,XGBoost,6,38,4.029569847322724,4.087189466290665,0.7045957884119415,2.0008938107120744,0.6924685512187637,8.333333333333334,,,,,,,,,,False
152,G,AutoGluon,3,38,2.3230442439870953,2.366964407691274,0.3240076682855206,1.5216327162805545,0.1809814132244485,2.0,,,,,,,,,,False
152,G,CatBoost,3,38,8.83489940085357,6.059902321546847,6.3356028267748385,2.8534553340328226,-2.3774163486674276,4.666666666666667,,,,,,,,,,False
152,G,DeepSetModel-MC,3,38,3.778812048704362,3.5468553103786515,1.0642947140611525,1.9313313530981358,-0.29008628593801955,3.3333333333333335,200.0,5.0,,,,,,,,False
152,G,FixedRidgeLambda1,3,38,16.78456888695335,18.253811279227588,3.934856918498943,4.076695992633555,-5.21346373191102,6.333333333333333,,,,,,,,,,False
152,G,KNN,3,38,225.7328600894085,250.51822800457705,106.01143338216248,14.700677880001898,-85.01102175405732,9.666666666666666,,,,,,,,,,False
152,G,LightGBM,3,38,40.149684128016844,39.96551424420796,11.548914397512695,6.291666757346564,-13.531203403601753,8.333333333333334,,,,,,,,,,False
152,G,LinearRegression,3,38,17.058754932630745,18.572872827366577,4.000962379522142,4.109829146575483,-5.31551019800633,7.333333333333333,,,,,,,,,,False
152,G,MLP,3,38,914.646551168265,822.684038766471,268.7009920400981,30.034887287090996,-333.8703010882652,10.666666666666666,,,,,,,,,,False
152,G,RandomForest,3,38,49.83658589511419,9.84639980747196,71.82366051226045,5.762781802386857,-19.656236980762763,6.666666666666667,,,,,,,,,,False
152,G,Ridge,3,38,16.78456888695335,18.253811279227588,3.934856918498943,4.076695992633555,-5.21346373191102,6.333333333333333,,,,,,,,,,False
152,G,SVR,3,38,0.5717975327103993,0.3835792347862626,0.34650289564596404,0.7350628616977363,0.8149188308271119,1.0,,,,,,,,,,False
152,G,XGBoost,3,38,394.4126105058596,4.167189181875932,676.749626097137,12.708393653480295,-167.35012618873725,6.0,,,,,,,,,,False
152,H,AutoGluon,6,38,0.617493071881754,0.47342691726573694,0.2698204049547747,0.7713799134559872,0.958297725694838,3.3333333333333335,,,,,,,,,,False
152,H,CatBoost,6,38,2.3851701273219157,2.1448950840254533,0.982803383341744,1.5172582402377268,0.8418227884145315,5.333333333333333,,,,,,,,,,False
152,H,DeepSetModel-MC,6,38,15.804152631160804,15.31251663415638,3.7589695289103684,3.9528609332821447,-0.01911924094604718,11.0,200.0,5.0,,,,,,,,False
152,H,FixedRidgeLambda1,6,38,0.09522820761703467,0.1026754633960306,0.029810015279615357,0.304970831087086,0.9934791407753759,1.5,,,,,,,,,,False
152,H,KNN,6,38,4.374132646930741,4.556532985067493,1.3253741963615069,2.0714097778298775,0.7021116254191012,9.166666666666666,,,,,,,,,,False
152,H,LightGBM,6,38,2.5311653170263595,2.5625043481093375,0.33252729446842616,1.5880756224333823,0.8310819589294455,5.666666666666667,,,,,,,,,,False
152,H,LinearRegression,6,38,0.09669451997938648,0.1011048018285135,0.03185226799937143,0.30678235012807137,0.9934362354456917,1.5,,,,,,,,,,False
152,H,MLP,6,38,0.6865333113745473,0.5902449572777467,0.31068461846532286,0.8110068332728654,0.952284679506191,3.6666666666666665,,,,,,,,,,False
152,H,RandomForest,6,38,3.3537196919910977,3.0851458857634695,0.7870184596022627,1.821255085958006,0.7761533450797818,7.666666666666667,,,,,,,,,,False
152,H,Ridge,6,38,0.09522820761703467,0.1026754633960306,0.029810015279615357,0.304970831087086,0.9934791407753759,1.5,,,,,,,,,,False
152,H,SVR,6,38,4.172407679379254,4.691175563418916,1.4244267553167396,2.014291994687484,0.7297164056858194,8.5,,,,,,,,,,False
152,H,XGBoost,6,38,4.2140128834172605,3.9875221208745906,1.0737847815604031,2.040262670408805,0.7142490099320634,8.666666666666666,,,,,,,,,,False
153,B,AutoGluon,3,38,0.3996637618060401,0.3485997374184486,0.15795981575596205,0.6243150195601936,0.9770401840310005,3.0,,,,,,,,,,False
153,B,CatBoost,3,38,2.0958921678881843,2.195346015129899,1.018952840649782,1.415562803070145,0.8776598392269421,5.666666666666667,,,,,,,,,,False
153,B,DeepSetModel-MC,3,38,18.6724701829352,18.268412876789085,2.8113644405427425,4.313075745216381,-0.0802305167060041,11.0,200.0,5.0,,,,,,,,False
153,B,FixedRidgeLambda1,3,38,0.09395893987729291,0.0958750694044707,0.04480064360276451,0.3001424566728807,0.994649401715377,1.6666666666666667,,,,,,,,,,False
153,B,KNN,3,38,6.5446371139778305,6.555200958162326,0.7675581099416281,2.555300225608299,0.6191013526978617,10.0,,,,,,,,,,False
153,B,LightGBM,3,38,2.0536402390092996,2.311173195556945,0.4994443672443526,1.4253439524306195,0.8796764285665738,5.666666666666667,,,,,,,,,,False
153,B,LinearRegression,3,38,0.090123505411052,0.0858940813537878,0.04398207603909213,0.2939901667833064,0.9948633388773374,1.3333333333333333,,,,,,,,,,False
153,B,MLP,3,38,0.6976056739071739,0.7013221217091051,0.03437854258949971,0.8350580844099523,0.9595014719037475,4.0,,,,,,,,,,False
153,B,RandomForest,3,38,2.96328709597146,2.8232242926370423,1.063276585793356,1.7028623059276748,0.8247688115005003,7.333333333333333,,,,,,,,,,False
153,B,Ridge,3,38,0.09395893987729291,0.0958750694044707,0.04480064360276451,0.3001424566728807,0.994649401715377,1.6666666666666667,,,,,,,,,,False
153,B,SVR,3,38,4.265025113956097,3.5665793948947933,1.599480066076872,2.0425056637254855,0.7533511687020747,8.333333333333334,,,,,,,,,,False
153,B,XGBoost,3,38,3.036119702366197,3.2758188296973656,0.761740612287868,1.7326082741740902,0.8217729908281703,8.0,,,,,,,,,,False
153,C,AutoGluon,6,38,0.5625555271831381,0.5827912001014363,0.18714755180688056,0.7409011008126116,0.9392661620789212,3.0,,,,,,,,,,False
153,C,CatBoost,6,38,2.152515340461218,2.1746390133109896,0.398288453125527,1.4618190568061618,0.7711684964285891,5.666666666666667,,,,,,,,,,False
153,C,DeepSetModel-MC,6,38,9.715987034368938,9.436465244956462,1.3037820428216085,3.111223246917169,-0.032058863365916034,11.0,200.0,5.0,,,,,,,,False
153,C,FixedRidgeLambda1,6,38,0.2669807714498139,0.28189353415700247,0.11066911673673946,0.506925659705419,0.9704773565148178,1.0,,,,,,,,,,False
153,C,KNN,6,38,3.4938363719137278,3.449327716376236,0.6779059876905333,1.861956315891356,0.6240501764451796,9.0,,,,,,,,,,False
153,C,LightGBM,6,38,2.13783231535091,1.8733076958955244,1.091891191263794,1.4258996934491701,0.7712500236553117,5.5,,,,,,,,,,False
153,C,LinearRegression,6,38,0.27514721790961344,0.2896372559165352,0.11492247522052215,0.514596161014108,0.9696014754017147,2.0,,,,,,,,,,False
153,C,MLP,6,38,1.9685433378246593,1.932053280716806,0.47701749046907943,1.3945543747698224,0.7865120933720623,4.833333333333333,,,,,,,,,,False
153,C,RandomForest,6,38,3.1356047109359273,2.90636775674355,0.591785370198145,1.7645692043724734,0.6675539012413032,8.0,,,,,,,,,,False
153,C,Ridge,6,38,0.2669807714498139,0.28189353415700247,0.11066911673673946,0.506925659705419,0.9704773565148178,1.0,,,,,,,,,,False
153,C,SVR,6,38,2.584311370068232,2.3853278578816624,0.5836934886138174,1.5999482173028614,0.7201968112363112,6.833333333333333,,,,,,,,,,False
153,C,XGBoost,6,38,3.4816299854786563,3.33087535470294,0.49113108876115397,1.8621489739507593,0.6295211576912273,9.166666666666666,,,,,,,,,,False
153,E,AutoGluon,9,38,0.8591595124713826,0.6043134103602752,0.5386707988342662,0.8870105398711647,0.9383092071234547,3.3333333333333335,,,,,,,,,,False
153,E,CatBoost,9,38,3.558341591741249,2.4651774672489446,2.206949716974301,1.799297491323955,0.7682714029561235,5.222222222222222,,,,,,,,,,False
153,E,DeepSetModel-MC,9,38,14.8326117491206,10.918961274478963,7.052725748170817,3.7525241087413477,-0.0278701178657528,11.0,200.0,5.0,,,,,,,,False
153,E,FixedRidgeLambda1,9,38,0.10096481646011436,0.1100763576299804,0.02902360125007895,0.3146709193667686,0.991275733642246,1.6666666666666667,,,,,,,,,,False
153,E,KNN,9,38,5.745638522371346,5.12707839115779,3.4600363284405753,2.28778722745253,0.6271020327545455,8.444444444444445,,,,,,,,,,False
153,E,LightGBM,9,38,3.9247627179522135,3.728715404660438,1.6727216573192,1.9356640799876574,0.7195433848864182,6.666666666666667,,,,,,,,,,False
153,E,LinearRegression,9,38,0.09919855003503396,0.0984065704944246,0.03339519149658597,0.31084503596249224,0.9912685976057192,1.3333333333333333,,,,,,,,,,False
153,E,MLP,9,38,0.9002280291797532,0.8762269155611064,0.19230696060285,0.9442107165854501,0.9212976582176338,3.7777777777777777,,,,,,,,,,False
153,E,RandomForest,9,38,4.86496985632988,3.627547391745801,2.872094948657305,2.1133942727694848,0.6783781884734466,7.777777777777778,,,,,,,,,,False
153,E,Ridge,9,38,0.10096481646011436,0.1100763576299804,0.02902360125007895,0.3146709193667686,0.991275733642246,1.6666666666666667,,,,,,,,,,False
153,E,SVR,9,38,5.739869878962371,4.296518232719945,3.5316944227400535,2.285361886825568,0.6235987026249634,8.555555555555555,,,,,,,,,,False
153,E,XGBoost,9,38,4.901462592570504,4.312900472048435,2.097853317478381,2.164623606690153,0.6493080989028661,8.222222222222221,,,,,,,,,,False
153,F,AutoGluon,3,38,0.05507542329068593,0.0320148771116567,0.045095621673668616,0.2226251750303336,0.0,3.0,,,,,,,,,,False
153,F,CatBoost,3,38,0.14977030519543924,0.1503150540309318,0.025985959600737213,0.3860188362771235,0.0,7.0,,,,,,,,,,False
153,F,DeepSetModel-MC,3,38,0.0064874950848445,0.0051428066630833,0.003894158590913629,0.07822835115810349,0.0,1.0,200.0,5.0,,,,,,,,False
153,F,FixedRidgeLambda1,3,38,0.07362512325462646,0.075646841612257,0.017783021430733938,0.2699675138744613,0.0,2.6666666666666665,,,,,,,,,,False
153,F,KNN,3,38,0.1675601251423575,0.1695543780404749,0.01442392064879566,0.40908550140369515,0.0,7.333333333333333,,,,,,,,,,False
153,F,LightGBM,3,38,0.4199376185381806,0.4394978546076412,0.10417095745630632,0.6445194519338033,0.0,9.666666666666666,,,,,,,,,,False
153,F,LinearRegression,3,38,0.07474696717715677,0.0768642867059366,0.018158867623661375,0.2719992077175763,0.0,3.6666666666666665,,,,,,,,,,False
153,F,MLP,3,38,0.6453246011323803,0.5782266682617513,0.1443591055170024,0.8001295083099742,0.0,11.0,,,,,,,,,,False
153,F,RandomForest,3,38,0.09776268478552026,0.081960312144437,0.04145684737749057,0.3082482685982463,0.0,4.666666666666667,,,,,,,,,,False
153,F,Ridge,3,38,0.07362512325462646,0.075646841612257,0.017783021430733938,0.2699675138744613,0.0,2.6666666666666665,,,,,,,,,,False
153,F,SVR,3,38,0.1446660304582197,0.1574346926150677,0.025180211196936905,0.37933205969114225,0.0,6.666666666666667,,,,,,,,,,False
153,F,XGBoost,3,38,0.3321632977031613,0.3661296126654214,0.074678270741259,0.573715522908865,0.0,9.333333333333334,,,,,,,,,,False
153,G,AutoGluon,6,38,4.472886830635891,3.6609289829282226,3.3905274292198357,1.9892511827276345,0.5870237489800173,2.0,,,,,,,,,,False
153,G,CatBoost,6,38,9.834130549879566,7.997907881386493,6.038577695012029,3.0174620513671666,-0.4661268862858012,4.0,,,,,,,,,,False
153,G,DeepSetModel-MC,6,38,13.303787798772165,12.944949541653953,9.741652803683401,3.4064678322289894,-0.12156910721165443,5.0,200.0,5.0,,,,,,,,False
153,G,FixedRidgeLambda1,6,38,13.518683634352692,12.183316197419122,9.499712947610664,3.46236259955405,-0.6595941010579022,4.666666666666667,,,,,,,,,,False
153,G,KNN,6,38,23.64980180908067,25.477571375374367,13.600250629663195,4.652287952477333,-2.5270426224185796,7.333333333333333,,,,,,,,,,False
153,G,LightGBM,6,38,37.1363532199103,31.679778238836555,26.866109012632084,5.764276428840701,-3.769977422764173,8.666666666666666,,,,,,,,,,False
153,G,LinearRegression,6,38,13.720808570243284,12.431643644055983,9.57130243836062,3.4914150728001516,-0.689484951944851,5.833333333333333,,,,,,,,,,False
153,G,MLP,6,38,113.41883467214628,89.52650843035201,94.70637988925239,9.94674674691074,-18.59444898844318,10.5,,,,,,,,,,False
153,G,RandomForest,6,38,16.332718448544366,11.817498686759652,11.195201400734367,3.8474546223719623,-1.3140117958040347,7.166666666666667,,,,,,,,,,False
153,G,Ridge,6,38,13.518683634352692,12.183316197419122,9.499712947610664,3.46236259955405,-0.6595941010579022,4.666666666666667,,,,,,,,,,False
153,G,SVR,6,38,5.0254526168800515,3.6075542577713584,4.536865915754572,2.020571316259876,0.6308872258165954,2.1666666666666665,,,,,,,,,,False
153,G,XGBoost,6,38,157.19382379920415,56.78463517106067,253.52202984715342,9.646977328945283,-9.864644845166463,8.666666666666666,,,,,,,,,,False
153,H,AutoGluon,6,38,0.5254253977370097,0.29997821250324713,0.5398929449783241,0.6515464805419868,0.9617843741302817,3.1666666666666665,,,,,,,,,,False
153,H,CatBoost,6,38,1.7156555490109697,1.1049239026225333,1.360783752566286,1.2359641919287156,0.8638350272631338,5.666666666666667,,,,,,,,,,False
153,H,DeepSetModel-MC,6,38,13.968106065474212,11.768885419150557,9.56982941531415,3.5388860317164177,-0.025002759608247868,11.0,200.0,5.0,,,,,,,,False
153,H,FixedRidgeLambda1,6,38,0.09604233245653528,0.08925465987305894,0.06438768163110041,0.29223610648192094,0.9928251113592387,1.8333333333333333,,,,,,,,,,False
153,H,KNN,6,38,3.9901447879578797,2.547608383026257,3.467153298492782,1.8310044587838803,0.7371102030383937,9.333333333333334,,,,,,,,,,False
153,H,LightGBM,6,38,1.5887480139401202,0.9048114927569988,1.4123741277628892,1.1733771957760268,0.874845682327038,5.0,,,,,,,,,,False
153,H,LinearRegression,6,38,0.09399630050065222,0.0889103114405724,0.06308790126168658,0.2886528945437032,0.9930106635505656,1.1666666666666667,,,,,,,,,,False
153,H,MLP,6,38,1.1430791188472853,0.9755707820626269,0.43896546559673155,1.0559014444904926,0.8835824727625865,5.333333333333333,,,,,,,,,,False
153,H,RandomForest,6,38,2.111009638392558,1.5312419145758114,1.4006150571736138,1.3914098121896428,0.8306314472132664,7.5,,,,,,,,,,False
153,H,Ridge,6,38,0.09604233245653528,0.08925465987305894,0.06438768163110041,0.29223610648192094,0.9928251113592387,1.8333333333333333,,,,,,,,,,False
153,H,SVR,6,38,4.051435994402891,2.2963321196488264,4.128480064240125,1.7825949479904086,0.7581780075511516,7.5,,,,,,,,,,False
153,H,XGBoost,6,38,2.4843354593480536,1.9154289315288104,1.766239680036647,1.5023735174982462,0.8041382918240491,8.5,,,,,,,,,,False
154,A,AutoGluon,3,38,0.22165455127681377,0.2257741854789372,0.07342752527582726,0.4662746038855077,0.9707963837217554,3.0,,,,,,,,,,False
154,A,CatBoost,3,38,1.0339153566803587,1.049566629061664,0.20485385917926446,1.0134095100298148,0.8623968703379371,4.666666666666667,,,,,,,,,,False
154,A,DeepSetModel-MC,3,38,7.524443020043056,8.062449523759907,1.1336721931223581,2.7376262614064957,-0.005230806188174707,11.0,200.0,5.0,,,,,,,,False
154,A,FixedRidgeLambda1,3,38,0.08774958155443258,0.0935663437207188,0.018674022407699897,0.29503942923176546,0.9883395437733826,1.3333333333333333,,,,,,,,,,False
154,A,KNN,3,38,2.3993919433763407,2.1623257689030275,0.801295853558169,1.5351240665804964,0.6832195530327797,10.0,,,,,,,,,,False
154,A,LightGBM,3,38,1.3269673780800046,1.1148672800001531,0.4177754059857421,1.1430239220398823,0.8236885354739861,6.666666666666667,,,,,,,,,,False
154,A,LinearRegression,3,38,0.08857561077375103,0.0897226082683873,0.019462964693404586,0.2963885200525611,0.9882103028434237,1.6666666666666667,,,,,,,,,,False
154,A,MLP,3,38,0.7048725910851741,0.6709844731771591,0.12557911898722843,0.8373997867571346,0.9026126517741268,4.333333333333333,,,,,,,,,,False
154,A,RandomForest,3,38,1.4335484857562755,1.2852176083040951,0.5551235354382478,1.1827911790979726,0.811720754152281,7.0,,,,,,,,,,False
154,A,Ridge,3,38,0.08774958155443258,0.0935663437207188,0.018674022407699897,0.29503942923176546,0.9883395437733826,1.3333333333333333,,,,,,,,,,False
154,A,SVR,3,38,1.6728045222406376,1.6594965713251677,0.07191498173480813,1.293171279435692,0.7736097305129817,7.666666666666667,,,,,,,,,,False
154,A,XGBoost,3,38,2.1177770144474906,1.809237694903464,0.8237582160278971,1.4378932478787583,0.7211496266692801,8.666666666666666,,,,,,,,,,False
154,B,AutoGluon,6,38,0.45046711718840804,0.40075182454687186,0.22338087667823214,0.6572676523878056,0.960219929422677,3.3333333333333335,,,,,,,,,,False
154,B,CatBoost,6,38,1.2884813733914282,1.1117081250935354,0.8220726257800128,1.0923509620805527,0.9024520774650785,6.333333333333333,,,,,,,,,,False
154,B,DeepSetModel-MC,6,38,13.423310263402021,13.4050886144432,7.413304657284857,3.5372584324511696,-0.008360810066487466,11.0,200.0,5.0,,,,,,,,False
154,B,FixedRidgeLambda1,6,38,0.13075740926435317,0.12642234063469748,0.027985989236117507,0.359897124664905,0.9870001730151966,1.1666666666666667,,,,,,,,,,False
154,B,KNN,6,38,5.578811605091164,5.467441148870777,3.3648316757696177,2.2631524725079823,0.5885867975151039,10.0,,,,,,,,,,False
154,B,LightGBM,6,38,1.5640269028562017,1.191261572558853,1.148409845994887,1.1931804985842027,0.8814110084166904,7.166666666666667,,,,,,,,,,False
154,B,LinearRegression,6,38,0.13697445273512468,0.13307715416389346,0.029928663714280976,0.36833732205043884,0.9864532111314054,1.8333333333333333,,,,,,,,,,False
154,B,MLP,6,38,0.6983322080619151,0.7455021807004252,0.187994569815326,0.8284006283199358,0.9350451173488988,4.5,,,,,,,,,,False
154,B,RandomForest,6,38,0.8691881865629884,0.7297352378459006,0.4755160683890278,0.9077020496269664,0.9297407848512984,4.833333333333333,,,,,,,,,,False
154,B,Ridge,6,38,0.13075740926435317,0.12642234063469748,0.027985989236117507,0.359897124664905,0.9870001730151966,1.1666666666666667,,,,,,,,,,False
154,B,SVR,6,38,4.079302522287036,4.116488143621397,2.7440326922283305,1.9075221857019968,0.7158407363997911,9.0,,,,,,,,,,False
154,B,XGBoost,6,38,1.2958168391374736,1.0845421248608695,0.5646160892022483,1.119915305335252,0.8848020924008256,6.833333333333333,,,,,,,,,,False
154,C,AutoGluon,6,38,0.4043160792711549,0.3386033448849865,0.21555900445232654,0.6214636033565093,0.8538167324548485,3.1666666666666665,,,,,,,,,,False
154,C,CatBoost,6,38,1.154337030291036,1.1113496409551624,0.4207647272083038,1.0586635014397585,0.6171199419127583,5.666666666666667,,,,,,,,,,False
154,C,DeepSetModel-MC,6,38,3.84073305538706,3.2157369920941727,2.565733703365715,1.866421569696848,-0.029819965423910248,10.833333333333334,200.0,5.0,,,,,,,,False
154,C,FixedRidgeLambda1,6,38,0.2075949844414291,0.19199958338132875,0.06693547945396644,0.45098259329874724,0.9270329455224274,1.1666666666666667,,,,,,,,,,False
154,C,KNN,6,38,1.5121296136339926,1.4223581723639638,0.9839563014345799,1.1673957447948717,0.5867489199509518,6.833333333333333,,,,,,,,,,False
154,C,LightGBM,6,38,1.6695895457430858,1.6723405173093449,0.7940840363913403,1.2597914494706859,0.4935849656816044,8.0,,,,,,,,,,False
154,C,LinearRegression,6,38,0.20946362538697746,0.194840679669391,0.06754951282193808,0.4529568117540073,0.926639488768283,1.8333333333333333,,,,,,,,,,False
154,C,MLP,6,38,1.9760820849467953,2.0859768897201776,0.6944351729004673,1.385760692082723,0.3001236852423411,8.666666666666666,,,,,,,,,,False
154,C,RandomForest,6,38,1.2600794449600061,1.2035839009253173,0.8935413113259895,1.054575228989602,0.678615880427865,5.833333333333333,,,,,,,,,,False
154,C,Ridge,6,38,0.2075949844414291,0.19199958338132875,0.06693547945396644,0.45098259329874724,0.9270329455224274,1.1666666666666667,,,,,,,,,,False
154,C,SVR,6,38,0.874362413366483,0.6927768065431523,0.6571498786810313,0.879495904664156,0.7754115995937395,4.5,,,,,,,,,,False
154,C,XGBoost,6,38,2.0803879067217435,2.224671774240095,1.0634772292961863,1.396735749257002,0.3840407667457341,9.5,,,,,,,,,,False
154,E,AutoGluon,6,39,0.43570012647383355,0.38469739518194257,0.2705253709116886,0.6334316585650218,0.9437746359694014,3.3333333333333335,,,,,,,,,,False
154,E,CatBoost,6,39,3.1340395816887323,3.0897025141122345,2.6948873778834983,1.592731316851192,0.7788999673476851,5.166666666666667,,,,,,,,,,False
154,E,DeepSetModel-MC,6,39,13.195936385300369,13.320504478811005,10.660430312921877,3.323202938234681,-0.006207188276886,11.0,200.0,5.0,,,,,,,,False
154,E,FixedRidgeLambda1,6,39,0.06393407605439778,0.0678867962766985,0.0350008903620217,0.24384455646788794,0.9895486096231005,2.0,,,,,,,,,,False
154,E,KNN,6,39,4.639175855319429,4.370349693220611,3.9926200902143294,1.9404987741010065,0.6698581315545891,8.166666666666666,,,,,,,,,,False
154,E,LightGBM,6,39,3.8996838938435183,3.6223065471526437,3.2031274276794846,1.8011295586732354,0.7046904118442324,7.0,,,,,,,,,,False
154,E,LinearRegression,6,39,0.060020435237036464,0.06365664714486555,0.03447037567618541,0.23513658836303916,0.9898316152658101,1.0,,,,,,,,,,False
154,E,MLP,6,39,0.7040880737115427,0.7594110402563239,0.16803225811417485,0.8337600847077901,0.8943771326196428,4.166666666666667,,,,,,,,,,False
154,E,RandomForest,6,39,4.811914222799365,4.391751894455817,4.298513056818773,1.95520272087945,0.6699733242735303,8.0,,,,,,,,,,False
154,E,Ridge,6,39,0.06393407605439778,0.0678867962766985,0.0350008903620217,0.24384455646788794,0.9895486096231005,2.0,,,,,,,,,,False
154,E,SVR,6,39,4.439290330546,4.410197279841187,4.098843830337554,1.8408437727898457,0.7216247046849733,7.0,,,,,,,,,,False
154,E,XGBoost,6,39,5.027803923547709,4.5290534075870665,4.1876289839575165,2.045037843091021,0.6165923768557965,9.166666666666666,,,,,,,,,,False
154,F,AutoGluon,3,38,0.08627994242602723,0.0910501930055918,0.029012306609908247,0.2907406280372501,0.0,4.333333333333333,,,,,,,,,,False
154,F,CatBoost,3,38,0.16572179117267077,0.1361548952498015,0.07463116330380327,0.4006229666185805,0.0,7.0,,,,,,,,,,False
154,F,DeepSetModel-MC,3,38,0.014133060849409301,0.014430137750665,0.007116524564449218,0.11609097860651217,0.0,1.0,200.0,5.0,,,,,,,,False
154,F,FixedRidgeLambda1,3,38,0.0628932877908045,0.0477320412931686,0.04426317574478834,0.24072968718064405,0.0,2.3333333333333335,,,,,,,,,,False
154,F,KNN,3,38,0.19918152752517568,0.215617453140525,0.05609558433277368,0.44309378830148044,0.0,7.666666666666667,,,,,,,,,,False
154,F,LightGBM,3,38,0.4053444142888449,0.3458333907958749,0.11774335725911085,0.6324564059972936,0.0,10.0,,,,,,,,,,False
154,F,LinearRegression,3,38,0.06366181812976424,0.0482428762159852,0.04492305173393761,0.24214279092519297,0.0,3.3333333333333335,,,,,,,,,,False
154,F,MLP,3,38,0.7650572113810753,0.5656674244159897,0.4769238467838177,0.848193532480476,0.0,11.0,,,,,,,,,,False
154,F,RandomForest,3,38,0.12697376330480428,0.0926988603690504,0.0635641765140388,0.34950668091799025,0.0,4.666666666666667,,,,,,,,,,False
154,F,Ridge,3,38,0.0628932877908045,0.0477320412931686,0.04426317574478834,0.24072968718064405,0.0,2.3333333333333335,,,,,,,,,,False
154,F,SVR,3,38,0.14544661669930256,0.1342673343252244,0.053704260478034324,0.3771073682728438,0.0,5.666666666666667,,,,,,,,,,False
154,F,XGBoost,3,38,0.3518568120481859,0.3446306683843631,0.09864192847852041,0.589253744594242,0.0,9.0,,,,,,,,,,False
154,G,AutoGluon,6,39,22.677646690288352,8.743637736317888,27.710158994511527,3.9179364163706154,-1.4504260298511369,3.5,,,,,,,,,,False
154,G,CatBoost,6,39,194.450156613983,9.581826243762713,453.1621345211987,8.053435524431155,-15.820261122796694,5.166666666666667,,,,,,,,,,False
154,G,DeepSetModel-MC,6,39,34.62249652573454,31.104816244779133,33.55002074385382,5.055860683672884,-2.53582971345019,5.0,200.0,5.0,,,,,,,,False
154,G,FixedRidgeLambda1,6,39,416.7446587474237,333.93876311284254,463.5630915575095,15.198836091431708,-37.52976331628681,5.333333333333333,,,,,,,,,,False
154,G,KNN,6,39,15.706834254448987,14.156881236032133,8.66160561159613,3.8142807630705335,-1.1102141618430703,4.666666666666667,,,,,,,,,,False
154,G,LightGBM,6,39,426.374519973972,156.8406561661308,546.7939672029532,16.062500015307005,-41.5013012299959,8.666666666666666,,,,,,,,,,False
154,G,LinearRegression,6,39,423.17044786770674,338.93189351837117,470.77607528215896,15.314313181402872,-38.121259026177405,6.333333333333333,,,,,,,,,,False
154,G,MLP,6,39,1432.7262043621413,1084.9492610325012,1705.2858484428762,29.05193127015603,-133.59512020867734,10.0,,,,,,,,,,False
154,G,RandomForest,6,39,2053.808717656998,18.754443809242034,4991.466063845973,21.705887792828687,-167.89996368972368,7.166666666666667,,,,,,,,,,False
154,G,Ridge,6,39,416.7446587474237,333.93876311284254,463.5630915575095,15.198836091431708,-37.52976331628681,5.333333333333333,,,,,,,,,,False
154,G,SVR,6,39,2.139950261320642,2.0331521274871696,0.9471225997982345,1.4336437775144573,0.6966697356915991,1.1666666666666667,,,,,,,,,,False
154,G,XGBoost,6,39,6092.064926893519,60.584871652002306,14781.15726505335,37.86942597308405,-502.2147808907389,9.0,,,,,,,,,,False
154,H,AutoGluon,6,39,0.5737038620824555,0.659194379167444,0.21394783717598148,0.7436961575687807,0.957028433328634,3.1666666666666665,,,,,,,,,,False
154,H,CatBoost,6,39,3.047905855600968,3.090373348854917,0.7948811767373658,1.7331328356374194,0.7765862750150693,6.166666666666667,,,,,,,,,,False
154,H,DeepSetModel-MC,6,39,14.369801048233612,12.671682316194303,5.242427261556777,3.739120440922688,-0.018962081755726435,11.0,200.0,5.0,,,,,,,,False
154,H,FixedRidgeLambda1,6,39,0.10539684375437841,0.0992527032947897,0.02432025531584236,0.32290693898887546,0.991892314928425,2.0,,,,,,,,,,False
154,H,KNN,6,39,4.8302243110654945,4.535110136347259,1.5239877672688387,2.176071339227887,0.649076622291407,9.166666666666666,,,,,,,,,,False
154,H,LightGBM,6,39,2.627205592304834,2.2762578939588094,0.8565877219104857,1.6048093753289807,0.8084621341336797,5.333333333333333,,,,,,,,,,False
154,H,LinearRegression,6,39,0.09784806958292819,0.09302023155495226,0.02148977437758571,0.3112479034341848,0.99249701168318,1.0,,,,,,,,,,False
154,H,MLP,6,39,0.7858958964634444,0.7710394302302936,0.20481473898324817,0.8804199908343877,0.9371008880112037,3.8333333333333335,,,,,,,,,,False
154,H,RandomForest,6,39,4.129967708635234,3.9700592873064,1.1525529065820357,2.0151496189988722,0.699563459481192,7.833333333333333,,,,,,,,,,False
154,H,Ridge,6,39,0.10539684375437841,0.0992527032947897,0.02432025531584236,0.32290693898887546,0.991892314928425,2.0,,,,,,,,,,False
154,H,SVR,6,39,4.115604006015581,3.9524480512406996,1.8347478437549123,1.9844686205428335,0.7146320771505493,7.166666666666667,,,,,,,,,,False
154,H,XGBoost,6,39,4.887803589404151,5.119463955392652,1.6235270301963076,2.1826637769711277,0.6481743004145932,9.333333333333334,,,,,,,,,,False
155,B,AutoGluon,6,38,0.4512979108854213,0.23440410937740944,0.5184740794764372,0.5715525248087426,-0.7210280710029178,3.3333333333333335,,,,,,,,,,False
155,B,CatBoost,6,38,4.31138562345808,3.4332031392936457,4.664984910446777,1.6426191448155707,-2.636364465753136,6.333333333333333,,,,,,,,,,False
155,B,DeepSetModel-MC,6,38,28.966591222980767,27.126745855840316,31.76352563474305,3.89235292824052,-0.27459883963891135,6.0,200.0,5.0,,,,,,,,False
155,B,FixedRidgeLambda1,6,38,0.0905770976563078,0.0741672237164899,0.04821522384327326,0.29306940252252384,-0.4435330431200106,2.5,,,,,,,,,,False
155,B,KNN,6,38,13.643463067913407,11.671907715762224,14.844049327721786,2.843231128800816,-5.296075592330255,9.0,,,,,,,,,,False
155,B,LightGBM,6,38,4.150677746167028,3.9532252848879277,4.229753561953333,1.6865636960240582,-6.357531982172817,7.5,,,,,,,,,,False
155,B,LinearRegression,6,38,0.08737553245556685,0.07327013711509495,0.04209844770424068,0.2890822859681997,-0.4649765618984765,2.5,,,,,,,,,,False
155,B,MLP,6,38,0.7994804045918221,0.8278071283421036,0.23558186799074282,0.8855678640561511,-15.255186357890501,7.333333333333333,,,,,,,,,,False
155,B,RandomForest,6,38,6.577577024729995,5.891474999060945,7.172015563540324,1.948228330562382,-1.1489149999469357,5.666666666666667,,,,,,,,,,False
155,B,Ridge,6,38,0.0905770976563078,0.0741672237164899,0.04821522384327326,0.29306940252252384,-0.4435330431200106,2.5,,,,,,,,,,False
155,B,SVR,6,38,13.96444185278203,12.564374714489391,15.238377328329198,2.8152024219140444,-2.470900519924178,7.833333333333333,,,,,,,,,,False
155,B,XGBoost,6,38,6.2693778446285435,5.743048898987469,6.620135974535598,2.0014052964284774,-5.242683960867047,8.0,,,,,,,,,,False
155,E,AutoGluon,3,39,0.5052805960102251,0.570171551048214,0.13480551432454543,0.7061870887534484,0.9281722066135508,3.0,,,,,,,,,,False
155,E,CatBoost,3,39,2.0341825860687917,1.884646833353898,0.3527429678259913,1.422804804839978,0.710140776738967,5.333333333333333,,,,,,,,,,False
155,E,DeepSetModel-MC,3,39,7.007232048307412,6.665997720905902,0.8570927083807116,2.6439043562924947,-0.001633955372970933,11.0,200.0,5.0,,,,,,,,False
155,E,FixedRidgeLambda1,3,39,0.057463938577215205,0.060996369256341,0.010844942414490084,0.2389666636103294,0.9915899357436198,1.6666666666666667,,,,,,,,,,False
155,E,KNN,3,39,3.187477020369547,2.9334196249720152,0.455258864732757,1.7824228417872965,0.5449746169819529,9.0,,,,,,,,,,False
155,E,LightGBM,3,39,2.7970476379413367,2.6083244389150377,0.5179899122401608,1.6678206665425925,0.6021129266755968,7.333333333333333,,,,,,,,,,False
155,E,LinearRegression,3,39,0.054792268202951556,0.0558346872576683,0.013876259957600412,0.23278181382322435,0.9919472062194136,1.3333333333333333,,,,,,,,,,False
155,E,MLP,3,39,1.0624689335071487,1.019242794746526,0.3708730021413395,1.0202143350152966,0.847094840329108,4.0,,,,,,,,,,False
155,E,RandomForest,3,39,2.2708606648663503,2.313190356856307,0.3889957996203721,1.503166284886609,0.6762468783912526,5.666666666666667,,,,,,,,,,False
155,E,Ridge,3,39,0.057463938577215205,0.060996369256341,0.010844942414490084,0.2389666636103294,0.9915899357436198,1.6666666666666667,,,,,,,,,,False
155,E,SVR,3,39,3.28005957546941,3.2249373518182987,0.6493487671467616,1.8051807217750826,0.533637699496381,9.0,,,,,,,,,,False
155,E,XGBoost,3,39,3.161612827919445,2.9765926125766304,0.5981082164102339,1.7729450960734257,0.5433464460533122,8.666666666666666,,,,,,,,,,False
155,F,AutoGluon,6,39,0.1133802023677552,0.1104960185135991,0.06591274530935447,0.3240201599171066,-1.0652366831900755,3.6666666666666665,,,,,,,,,,False
155,F,CatBoost,6,39,0.1843367250769493,0.1846322267167817,0.032895935801440256,0.4279266052252304,-2.532630196648867,6.0,,,,,,,,,,False
155,F,DeepSetModel-MC,6,39,0.9007749015003212,0.8584026380840737,0.9533574453003719,0.7549031097629445,-0.16508124207939315,6.0,200.0,5.0,,,,,,,,False
155,F,FixedRidgeLambda1,6,39,0.06068794368805427,0.0623023101288213,0.01517778813818029,0.24447296611967598,-0.40141051511968967,2.0,,,,,,,,,,False
155,F,KNN,6,39,0.5617556768786109,0.5513555249467434,0.39781954140377335,0.7048789939813725,-3.6927130668080026,8.666666666666666,,,,,,,,,,False
155,F,LightGBM,6,39,0.3444987673336621,0.31378066157198065,0.10520469881252024,0.5818466646087567,-5.061508316578925,8.333333333333334,,,,,,,,,,False
155,F,LinearRegression,6,39,0.06133838478057985,0.0631099425879509,0.015831331698891386,0.2456222899921583,-0.41905493099874747,2.6666666666666665,,,,,,,,,,False
155,F,MLP,6,39,0.5838434736900415,0.6096869884917349,0.18582048709302226,0.7548985211324285,-13.032129751197376,9.333333333333334,,,,,,,,,,False
155,F,RandomForest,6,39,0.11362923782351576,0.11494625022209434,0.028436498575061652,0.33470810604532214,-0.8612859676313965,4.166666666666667,,,,,,,,,,False
155,F,Ridge,6,39,0.06068794368805427,0.0623023101288213,0.01517778813818029,0.24447296611967598,-0.40141051511968967,2.0,,,,,,,,,,False
155,F,SVR,6,39,0.2519309046070688,0.2507166089466091,0.11117909206171718,0.49097512428547346,-2.331341824971638,6.666666666666667,,,,,,,,,,False
155,F,XGBoost,6,39,0.3719825488957135,0.3763940805158732,0.11177934683279726,0.603213873732366,-4.957743869072092,8.5,,,,,,,,,,False
155,G,AutoGluon,12,39,6.37431158627069,3.5511768733260514,5.989143158881071,2.288961171562372,-1.3384464607543871,2.5,,,,,,,,,,False
155,G,CatBoost,12,39,20.71718826344834,12.652492149061977,22.882781079587577,3.9580163208197843,-7.464508115828804,5.083333333333333,,,,,,,,,,False
155,G,DeepSetModel-MC,12,39,6.977487076991302,5.797490267199008,3.8386769940739947,2.5530752022637557,-0.48742702678338296,4.0,200.0,5.0,,,,,,,,False
155,G,FixedRidgeLambda1,12,39,16.223971120200833,11.268460692439671,14.306365523884784,3.6403005305357876,-2.704915587261377,5.0,,,,,,,,,,False
155,G,KNN,12,39,30.892514850408677,17.100885154118085,37.0853914125983,4.908972354855916,-12.028374905741908,6.75,,,,,,,,,,False
155,G,LightGBM,12,39,76.3273525791243,40.917719539258,94.60845367260339,7.62060704640293,-26.540041230787462,9.0,,,,,,,,,,False
155,G,LinearRegression,12,39,16.43907272979152,11.434968590197876,14.496332536008373,3.6647250371835582,-2.75135510514836,6.083333333333333,,,,,,,,,,False
155,G,MLP,12,39,165.70730398745889,60.98866926673958,206.42614410108953,10.97518471164618,-59.09743741138303,10.416666666666666,,,,,,,,,,False
155,G,RandomForest,12,39,70.74095723402466,26.421388139996072,137.8834614399861,6.356269067411563,-14.387074861290046,7.333333333333333,,,,,,,,,,False
155,G,Ridge,12,39,16.223971120200833,11.268460692439671,14.306365523884784,3.6403005305357876,-2.704915587261377,5.0,,,,,,,,,,False
155,G,SVR,12,39,1.748729048000821,1.1612830024691245,1.3346391962942763,1.241521619907732,0.6921592960640979,1.4166666666666667,,,,,,,,,,False
155,G,XGBoost,12,39,399.7577168169719,65.39939003303692,693.4912878031324,14.008518629550109,-117.39305897211226,8.416666666666666,,,,,,,,,,False
155,H,AutoGluon,6,39,0.36138305547892074,0.29352369918902277,0.2233124598594564,0.582180809610123,0.95854844799751,3.1666666666666665,,,,,,,,,,False
155,H,CatBoost,6,39,1.255603909178365,0.9422232927873737,0.8047598069786494,1.0766673446792272,0.8545334994663697,5.0,,,,,,,,,,False
155,H,DeepSetModel-MC,6,39,8.968425670025557,9.084089307535635,3.3812856755532317,2.950221350296015,-0.052200476384387955,11.0,200.0,5.0,,,,,,,,False
155,H,FixedRidgeLambda1,6,39,0.0646683240505345,0.07136774869295265,0.028403867049383247,0.2474677548168204,0.9920477535180853,1.6666666666666667,,,,,,,,,,False
155,H,KNN,6,39,3.0688222077206557,2.62234580212483,1.6574220876428873,1.698121094940608,0.6479716726344693,10.0,,,,,,,,,,False
155,H,LightGBM,6,39,1.290112674690873,1.1129627417106267,0.4994587652418044,1.118553678650562,0.8444834589414366,6.5,,,,,,,,,,False
155,H,LinearRegression,6,39,0.06494413863293254,0.06912639953258745,0.02819719093694496,0.2478807502588977,0.9921105357005695,1.3333333333333333,,,,,,,,,,False
155,H,MLP,6,39,0.6594765113544562,0.6420134533509878,0.2511570346533258,0.800180504229204,0.9123655511513596,4.333333333333333,,,,,,,,,,False
155,H,RandomForest,6,39,1.5606415241874736,1.2929770973419843,0.9048368412571671,1.2087822842867566,0.8111435987913703,6.833333333333333,,,,,,,,,,False
155,H,Ridge,6,39,0.0646683240505345,0.07136774869295265,0.028403867049383247,0.2474677548168204,0.9920477535180853,1.6666666666666667,,,,,,,,,,False
155,H,SVR,6,39,2.187413055561683,1.8858130255342858,1.5100263183423301,1.3998894706842266,0.7648606398711624,7.833333333333333,,,,,,,,,,False
155,H,XGBoost,6,39,1.756493451348609,1.3551274048995539,1.1087690746854344,1.2779371833316615,0.7866575051714487,8.333333333333334,,,,,,,,,,False
156,A,AutoGluon,6,38,0.40658485373644265,0.2693726839031596,0.3069088863558142,0.6091295985849969,0.9402915525648172,3.0,,,,,,,,,,False
156,A,CatBoost,6,39,2.0198743859964523,1.5423064450931399,2.014209886717301,1.2857623902405182,0.7869789849355365,5.833333333333333,,,,,,,,,,False
156,A,DeepSetModel-MC,6,38,8.321377962901307,6.857774176350657,5.830059058963292,2.742287684481369,-0.025052959515874596,11.0,200.0,5.0,,,,,,,,False
156,A,FixedRidgeLambda1,6,39,0.0710153937119608,0.06839149557862376,0.050710293773722714,0.2511207346328567,0.9912369864335345,1.0,,,,,,,,,,False
156,A,KNN,6,39,2.8943588485900427,2.338298174491218,2.334141166385615,1.5740654719925544,0.6784086253564218,8.666666666666666,,,,,,,,,,False
156,A,LightGBM,6,39,1.9883933775946907,1.7248605749512045,1.4494856844361073,1.3312104278605448,0.7624609112143261,6.5,,,,,,,,,,False
156,A,LinearRegression,6,39,0.0752233284622464,0.0717535520529433,0.055683157208691506,0.25778252493925946,0.9908001109783342,2.0,,,,,,,,,,False
156,A,MLP,6,39,0.8333684565436769,0.8241187128582377,0.1319542876724411,0.9106246633684719,0.8532730283039468,5.5,,,,,,,,,,False
156,A,RandomForest,6,39,2.5170572928410215,1.7395321606239493,2.4039521725562665,1.418411858529289,0.7452660986156614,6.5,,,,,,,,,,False
156,A,Ridge,6,39,0.0710153937119608,0.06839149557862376,0.050710293773722714,0.2511207346328567,0.9912369864335345,1.0,,,,,,,,,,False
156,A,SVR,6,39,2.108998229989301,1.63777502458122,1.8215119943561766,1.3623204788604457,0.7424446108984414,7.0,,,,,,,,,,False
156,A,XGBoost,6,39,3.028463996676319,2.50604498593534,2.431438134584278,1.6119278969444633,0.6601270909135327,9.0,,,,,,,,,,False
156,B,AutoGluon,6,39,0.2513407276034643,0.18280478965171376,0.15263065918143526,0.4843129650271762,0.9178257829038757,3.0,,,,,,,,,,False
156,B,CatBoost,6,39,0.5992641807779887,0.5938065699856523,0.22394391828168153,0.7621824293554025,0.826213730853409,5.166666666666667,,,,,,,,,,False
156,B,DeepSetModel-MC,6,39,4.042516102089605,3.95149200700002,1.8347938556586536,1.9629931069021482,-0.04467860526283946,11.0,200.0,5.0,,,,,,,,False
156,B,FixedRidgeLambda1,6,39,0.0874862951194605,0.0887175302502489,0.05168335146012506,0.2838875222955058,0.9698895017205761,1.5,,,,,,,,,,False
156,B,KNN,6,39,1.2022052091588529,1.3309816416962834,0.311255198939407,1.0872596235648964,0.6476342334755364,9.5,,,,,,,,,,False
156,B,LightGBM,6,39,0.8279846256524946,0.8233179177946621,0.27355867234395764,0.8992988767403912,0.7638875916561795,6.666666666666667,,,,,,,,,,False
156,B,LinearRegression,6,39,0.08717391176101381,0.08849950078216964,0.05124913520575766,0.28326422182405925,0.9698991802643878,1.5,,,,,,,,,,False
156,B,MLP,6,39,0.7140912903560511,0.7473118009538082,0.3507802159542259,0.8204997365567434,0.7693215300987369,6.666666666666667,,,,,,,,,,False
156,B,RandomForest,6,39,0.6230043976905875,0.5770621152652137,0.22260001545914657,0.7786180432478388,0.8082910464313547,6.0,,,,,,,,,,False
156,B,Ridge,6,39,0.0874862951194605,0.0887175302502489,0.05168335146012506,0.2838875222955058,0.9698895017205761,1.5,,,,,,,,,,False
156,B,SVR,6,39,0.8659821038971446,0.9603985202234901,0.35550763248824074,0.910541169150694,0.7655748060166747,7.0,,,,,,,,,,False
156,B,XGBoost,6,39,0.9332508092681927,0.9192762065978053,0.18861241169583298,0.9619687066420236,0.7196956936633967,8.0,,,,,,,,,,False
156,C,AutoGluon,12,39,0.6476312675957204,0.5605867915207619,0.305061343216657,0.7846294921053113,0.940610383685217,3.0,,,,,,,,,,False
156,C,CatBoost,12,38,2.6529018667986244,2.517809808487142,0.9340705367477848,1.6042497836925804,0.7644160741167748,5.25,,,,,,,,,,False
156,C,DeepSetModel-MC,12,38,12.334616666274826,10.23380171646181,4.9975265488318525,3.449135476087258,-0.03994809592827874,11.0,200.0,5.0,,,,,,,,False
156,C,FixedRidgeLambda1,12,38,0.1994651099346214,0.15658770994794913,0.1238948319605252,0.4259725816456695,0.9806330158643203,1.3333333333333333,,,,,,,,,,False
156,C,KNN,12,38,4.7634366854710395,5.020946385284627,1.830405874208571,2.1425089228164698,0.5876091927000652,9.0,,,,,,,,,,False
156,C,LightGBM,12,38,2.928926036367495,2.727172210488745,1.2313266254034776,1.6776803536062614,0.737279799371755,6.166666666666667,,,,,,,,,,False
156,C,LinearRegression,12,38,0.19979985721916324,0.15075093808938955,0.12547371899234805,0.4262319604120701,0.980492425881545,1.6666666666666667,,,,,,,,,,False
156,C,MLP,12,38,2.1537158548022477,1.8463200135713047,0.949755894603299,1.4367803993239117,0.8111735067712876,4.583333333333333,,,,,,,,,,False
156,C,RandomForest,12,38,4.099539929741142,3.8076989491424755,1.7439733205578891,1.979755948000799,0.6521727460287572,7.916666666666667,,,,,,,,,,False
156,C,Ridge,12,38,0.1994651099346214,0.15658770994794913,0.1238948319605252,0.4259725816456695,0.9806330158643203,1.3333333333333333,,,,,,,,,,False
156,C,SVR,12,38,3.508331519890236,3.1950681596953965,1.5644290896490218,1.828809806169347,0.7035268477208506,7.083333333333333,,,,,,,,,,False
156,C,XGBoost,12,38,4.752739432896542,4.8015035936250285,1.778878173614879,2.1417792999071588,0.5801068783481371,9.0,,,,,,,,,,False
156,D,AutoGluon,18,38,0.46009575196766545,0.32386157749095834,0.44675165923510474,0.634668018286278,0.9535986180252617,3.111111111111111,,,,,,,,,,False
156,D,CatBoost,18,39,1.892073712339414,1.5058413895774871,1.3731470036477011,1.303751803269181,0.8119597769697857,5.5,,,,,,,,,,False
156,D,DeepSetModel-MC,18,38,10.060510521087764,7.307791796134644,5.626673270225991,3.0613137917905364,-0.035957968840852526,11.0,200.0,5.0,,,,,,,,False
156,D,FixedRidgeLambda1,18,39,0.10991822192406857,0.10353928966368936,0.052444996386421916,0.3230545823152904,0.9854386437336632,1.5,,,,,,,,,,False
156,D,KNN,18,39,2.669025552012757,2.042058768543801,1.6089401630689248,1.5664101422525183,0.7233788761826495,8.38888888888889,,,,,,,,,,False
156,D,LightGBM,18,39,1.8876400388018948,1.741143624194776,0.9981482961626147,1.3308278388777728,0.7974116986923343,6.222222222222222,,,,,,,,,,False
156,D,LinearRegression,18,39,0.10992596450004331,0.10298888085404409,0.05179235731618908,0.32357691390396315,0.9852605586877853,1.5,,,,,,,,,,False
156,D,MLP,18,39,0.7459832193937517,0.7010645407467795,0.31394398349241237,0.8461137319587998,0.899711881140225,4.277777777777778,,,,,,,,,,False
156,D,RandomForest,18,39,2.7109140160418193,2.0270224934669123,1.7140282733756986,1.573836949657862,0.7223502762277075,7.944444444444445,,,,,,,,,,False
156,D,Ridge,18,39,0.10991822192406857,0.10353928966368936,0.052444996386421916,0.3230545823152904,0.9854386437336632,1.5,,,,,,,,,,False
156,D,SVR,18,39,2.513141668036821,1.7341207370956873,1.95101370498035,1.4890323268098933,0.7537101021677725,7.444444444444445,,,,,,,,,,False
156,D,XGBoost,18,39,3.245033628274383,2.740810638689731,1.9549675365993442,1.7264655514540077,0.6603268836816206,9.11111111111111,,,,,,,,,,False
156,E,AutoGluon,6,39,0.47345330579355077,0.45420025304895684,0.20700770467022997,0.6731742910698365,0.9444460593255378,3.1666666666666665,,,,,,,,,,False
156,E,CatBoost,6,39,3.0191748888100154,2.141756965910469,2.4012542483400496,1.6321990210155342,0.7127029353897009,5.5,,,,,,,,,,False
156,E,DeepSetModel-MC,6,39,9.493902335841048,7.651535202250431,4.480683740190814,3.019077291559111,-0.018154896236307134,11.0,200.0,5.0,,,,,,,,False
156,E,FixedRidgeLambda1,6,39,0.06362874992043603,0.0562206068406252,0.025891109990284156,0.24803328042455575,0.9916288260765468,1.1666666666666667,,,,,,,,,,False
156,E,KNN,6,39,4.627648316557336,3.823560330546978,2.9299577419007843,2.072336716757163,0.5292479434985233,9.0,,,,,,,,,,False
156,E,LightGBM,6,39,3.5252077487962707,2.590350314545415,2.526872198349854,1.7755504460571734,0.6552290927187997,6.5,,,,,,,,,,False
156,E,LinearRegression,6,39,0.06359154323044679,0.05188203378226565,0.026919580699458313,0.2477579209922626,0.9915054052121753,1.8333333333333333,,,,,,,,,,False
156,E,MLP,6,39,0.9029632073328285,0.8760199620429707,0.228155626997832,0.9436558918302943,0.8807676537449612,4.0,,,,,,,,,,False
156,E,RandomForest,6,39,4.147788857177113,3.5108519310758735,2.852218877973117,1.934408271547384,0.5907529498961295,7.5,,,,,,,,,,False
156,E,Ridge,6,39,0.06362874992043603,0.0562206068406252,0.025891109990284156,0.24803328042455575,0.9916288260765468,1.1666666666666667,,,,,,,,,,False
156,E,SVR,6,39,4.292595889733421,2.557608983709644,3.5567151839339917,1.9487274749336008,0.5903294698423395,7.833333333333333,,,,,,,,,,False
156,E,XGBoost,6,39,4.036398443316408,3.8540076268229,1.865620599259722,1.9620558296770947,0.5635211696690295,8.5,,,,,,,,,,False
156,F,AutoGluon,6,39,0.11009420074314914,0.11762751852832129,0.03278995755564683,0.3282374462997717,0.0,5.166666666666667,,,,,,,,,,False
156,F,CatBoost,6,39,0.16064099105339016,0.1567487180366885,0.03848931187441652,0.3984640367208015,0.0,5.833333333333333,,,,,,,,,,False
156,F,DeepSetModel-MC,6,39,0.011627234611154183,0.0067009902375897,0.010504735747891554,0.0999309466453286,0.0,1.0,200.0,5.0,,,,,,,,False
156,F,FixedRidgeLambda1,6,39,0.09391348672404483,0.0998305437633511,0.04596853220775826,0.297634507809309,0.0,3.3333333333333335,,,,,,,,,,False
156,F,KNN,6,39,0.18615464753552804,0.17422567920298881,0.04791041407760886,0.4287731681896252,0.0,7.666666666666667,,,,,,,,,,False
156,F,LightGBM,6,39,0.3852748334002065,0.33052775349492713,0.11196207321102204,0.6156774395169199,0.0,10.333333333333334,,,,,,,,,,False
156,F,LinearRegression,6,39,0.09523687517273415,0.10138484136538145,0.0468433434181472,0.2996262646203427,0.0,4.333333333333333,,,,,,,,,,False
156,F,MLP,6,39,0.5211727577440624,0.5143475803012809,0.13593595036532632,0.716559412965947,0.0,10.666666666666666,,,,,,,,,,False
156,F,RandomForest,6,39,0.11122306703102287,0.11468712332081604,0.014736831495389128,0.3328622158088359,0.0,3.8333333333333335,,,,,,,,,,False
156,F,Ridge,6,39,0.09391348672404483,0.0998305437633511,0.04596853220775826,0.297634507809309,0.0,3.3333333333333335,,,,,,,,,,False
156,F,SVR,6,39,0.13138367845510243,0.12155315732300735,0.03471374516851479,0.35994501938722084,0.0,4.833333333333333,,,,,,,,,,False
156,F,XGBoost,6,39,0.30048742137774903,0.2919111024329549,0.05457201483448324,0.5463354919079803,0.0,9.0,,,,,,,,,,False
156,H,AutoGluon,3,39,0.3396572675493801,0.3313065154029513,0.14435791528607317,0.5736659186257818,0.9726558335808603,3.3333333333333335,,,,,,,,,,False
156,H,CatBoost,3,39,1.9761903276217108,2.244900391273724,0.48013529162644614,1.3982163058439336,0.8560032589164387,5.666666666666667,,,,,,,,,,False
156,H,DeepSetModel-MC,3,39,13.875288599797516,15.008905109970916,3.024772767924548,3.7091725606299377,-0.015267613436883966,11.0,200.0,5.0,,,,,,,,False
156,H,FixedRidgeLambda1,3,39,0.21393097194199842,0.2161347387777926,0.04895238070926393,0.4604584181234202,0.9837133887921204,2.0,,,,,,,,,,False
156,H,KNN,3,39,3.3261035627543643,3.486745687906563,0.3577759121356496,1.8219446560760513,0.7521641229537872,9.333333333333334,,,,,,,,,,False
156,H,LightGBM,3,39,2.263213649708984,2.2976687234084747,0.12065493810816076,1.5040377369513618,0.829932875575521,7.333333333333333,,,,,,,,,,False
156,H,LinearRegression,3,39,0.211601013209321,0.2153442347264614,0.05124973743701405,0.4576788720603691,0.9838715620656284,1.0,,,,,,,,,,False
156,H,MLP,3,39,0.5580784901610994,0.5329383848395549,0.12056114305237908,0.7441949190424116,0.9587240163838008,3.6666666666666665,,,,,,,,,,False
156,H,RandomForest,3,39,2.806400919419223,3.249364301217192,0.8126440354597103,1.662163522821598,0.7970269047749152,7.666666666666667,,,,,,,,,,False
156,H,Ridge,3,39,0.21393097194199842,0.2161347387777926,0.04895238070926393,0.4604584181234202,0.9837133887921204,2.0,,,,,,,,,,False
156,H,SVR,3,39,2.4169372762301364,2.11538877424198,1.2573923302616072,1.519936241197448,0.8271073050370469,6.666666666666667,,,,,,,,,,False
156,H,XGBoost,3,39,3.0230585388114726,3.079082331108452,0.9485878333623897,1.7237520772247807,0.7814991413641783,8.333333333333334,,,,,,,,,,False
157,B,AutoGluon,3,39,0.10569688955959405,0.1025902943750044,0.04186964764922291,0.32073694958476956,-550.4961999796475,5.333333333333333,,,,,,,,,,False
157,B,CatBoost,3,39,0.1770872721343467,0.1479161622154163,0.06311182720150421,0.4166482708617616,-887.8188306440949,6.666666666666667,,,,,,,,,,False
157,B,DeepSetModel-MC,3,39,0.0396952635071225,0.0396463967027514,0.005408189893909312,0.19892699813269207,-203.07518943459797,1.0,200.0,5.0,,,,,,,,False
157,B,FixedRidgeLambda1,3,39,0.08492712250171257,0.0841550992333311,0.03361555253519327,0.2874437911402276,-441.7784524203355,2.3333333333333335,,,,,,,,,,False
157,B,KNN,3,39,0.2558413344236056,0.257559221652802,0.02452975071946291,0.5054170529749434,-1310.3192692223531,8.333333333333334,,,,,,,,,,False
157,B,LightGBM,3,39,0.3258131023401974,0.2890247633755665,0.08854651553034214,0.5674624154484271,-1641.213522850154,10.0,,,,,,,,,,False
157,B,LinearRegression,3,39,0.08570940610152643,0.084979255716632,0.03398477747520545,0.288747929171475,-445.86509712816445,3.3333333333333335,,,,,,,,,,False
157,B,MLP,3,39,0.6952801872164288,0.6322002108042079,0.22389525328205967,0.8268691149246021,-3506.2602988088197,11.0,,,,,,,,,,False
157,B,RandomForest,3,39,0.10892416071090387,0.11824111275816,0.039728529879354435,0.32596708839843425,-554.5305908459154,4.0,,,,,,,,,,False
157,B,Ridge,3,39,0.08492712250171257,0.0841550992333311,0.03361555253519327,0.2874437911402276,-441.7784524203355,2.3333333333333335,,,,,,,,,,False
157,B,SVR,3,39,0.1212625398380011,0.1152232340415158,0.029627416155185483,0.3465268637164489,-627.6791662516601,5.666666666666667,,,,,,,,,,False
157,B,XGBoost,3,39,0.263255900597089,0.2558926180149526,0.07024006617014913,0.5100370750242567,-1333.119510396584,8.333333333333334,,,,,,,,,,False
157,C,AutoGluon,6,39,0.34436633178853365,0.3627727327817279,0.16266860894746574,0.564752810094157,0.8933382074276062,3.0,,,,,,,,,,False
157,C,CatBoost,6,39,1.0247661735041744,1.1065128946181297,0.393805676217727,0.9949389594581578,0.7028588947593795,5.5,,,,,,,,,,False
157,C,DeepSetModel-MC,6,39,4.381954666900595,4.489347490785047,2.8880472341066805,1.9836544901247404,-0.018996270165987133,10.5,200.0,5.0,,,,,,,,False
157,C,FixedRidgeLambda1,6,39,0.1117694135240442,0.0707484266210318,0.11012492464874843,0.2949776045548403,0.9773245440825953,1.8333333333333333,,,,,,,,,,False
157,C,KNN,6,39,1.7136216461441955,1.6170723664556415,1.210985004271934,1.2301188263291525,0.6112913602342719,8.0,,,,,,,,,,False
157,C,LightGBM,6,39,1.4366953778253133,1.4029432698425404,0.5588749304140563,1.176853381248068,0.5788102893867835,7.833333333333333,,,,,,,,,,False
157,C,LinearRegression,6,39,0.1099089397556886,0.0698838518044923,0.10797726719471286,0.292635804612796,0.9773803929401014,1.1666666666666667,,,,,,,,,,False
157,C,MLP,6,39,1.750113902606255,1.8690292940947015,0.531784223131707,1.3079988475917572,0.31291060489124733,8.666666666666666,,,,,,,,,,False
157,C,RandomForest,6,39,1.24726925306145,1.3269360757251198,0.621906677738091,1.0774075796277454,0.6596823691275091,6.166666666666667,,,,,,,,,,False
157,C,Ridge,6,39,0.1117694135240442,0.0707484266210318,0.11012492464874843,0.2949776045548403,0.9773245440825953,1.8333333333333333,,,,,,,,,,False
157,C,SVR,6,39,1.0110820814025425,0.9440750332731903,0.6109029097951717,0.9611970432324949,0.7500558560887471,4.833333333333333,,,,,,,,,,False
157,C,XGBoost,6,39,1.8806129003823007,1.9260118137421047,0.7343606501213045,1.3400831533934834,0.42647766807493576,8.5,,,,,,,,,,False
157,D,AutoGluon,6,39,0.3105932987158715,0.29438634376319117,0.07088040562648486,0.5545146711212864,0.964495213885133,3.0,,,,,,,,,,False
157,D,CatBoost,6,39,1.6143194547549085,1.3720588779602347,0.963555688449109,1.2314597215816427,0.8336072960812069,5.333333333333333,,,,,,,,,,False
157,D,DeepSetModel-MC,6,39,10.169446621630895,9.554709191339864,2.5899072949372837,3.167285040383888,-0.11256038562944282,11.0,200.0,5.0,,,,,,,,False
157,D,FixedRidgeLambda1,6,39,0.10810321230065705,0.0974139110849033,0.03872415417238515,0.3244302050524452,0.9878699977742508,1.3333333333333333,,,,,,,,,,False
157,D,KNN,6,39,2.8958272122450754,2.827573752500581,0.9758745758278374,1.6821632474439074,0.6856951159039567,9.5,,,,,,,,,,False
157,D,LightGBM,6,39,1.6912829478461138,1.588721232099664,0.694407002924702,1.2777065185925796,0.8172763470937544,5.666666666666667,,,,,,,,,,False
157,D,LinearRegression,6,39,0.10771267377759897,0.09619207841377961,0.03864692382228304,0.3238436673734529,0.9878597845959307,1.6666666666666667,,,,,,,,,,False
157,D,MLP,6,39,0.7385840994568822,0.7953120058869148,0.2455614206353564,0.8486130761812003,0.9167137950060468,4.166666666666667,,,,,,,,,,False
157,D,RandomForest,6,39,2.2407356687393127,2.073489849679277,1.0979609863303172,1.461749606088029,0.7614091801928121,7.666666666666667,,,,,,,,,,False
157,D,Ridge,6,39,0.10810321230065705,0.0974139110849033,0.03872415417238515,0.3244302050524452,0.9878699977742508,1.3333333333333333,,,,,,,,,,False
157,D,SVR,6,39,2.1183879119504523,2.1472026547841465,0.9652009203106972,1.423320704019516,0.7752734560764752,7.5,,,,,,,,,,False
157,D,XGBoost,6,39,2.852325776588455,2.766657934081283,1.0868656360355702,1.6644996933468468,0.6823889786830165,9.166666666666666,,,,,,,,,,False
157,E,AutoGluon,6,39,0.46750429711539865,0.4612737257079822,0.2222296779311972,0.6669594891192974,0.970068793087551,3.1666666666666665,,,,,,,,,,False
157,E,CatBoost,6,39,4.3020034003247,4.251759670787044,1.6084570609507847,2.04243872198797,0.7188796803901117,5.666666666666667,,,,,,,,,,False
157,E,DeepSetModel-MC,6,39,15.37728828527135,14.298396004742562,2.988825897231639,3.906646606680431,-0.011450807915759649,11.0,200.0,5.0,,,,,,,,False
157,E,FixedRidgeLambda1,6,39,0.0660667903547492,0.05984420146267755,0.032633344321184476,0.25076250303295455,0.9956051462115919,1.6666666666666667,,,,,,,,,,False
157,E,KNN,6,39,6.160179363743193,5.900044729464623,2.3930948065839157,2.4412105327444764,0.6057362907620805,8.5,,,,,,,,,,False
157,E,LightGBM,6,39,4.537853914552469,4.283604260923286,1.6505541959846588,2.1044770787821783,0.7028055930750584,6.166666666666667,,,,,,,,,,False
157,E,LinearRegression,6,39,0.06694500652191783,0.05920849381555245,0.03634578705141153,0.2512410561736124,0.9955614994823684,1.3333333333333333,,,,,,,,,,False
157,E,MLP,6,39,0.7597864509018543,0.716558950089865,0.25820378946225936,0.8616427841955304,0.9500093164820441,3.8333333333333335,,,,,,,,,,False
157,E,RandomForest,6,39,6.0155994124732395,5.801031595064295,1.4503222055729124,2.437804682638766,0.6053878452257546,8.833333333333334,,,,,,,,,,False
157,E,Ridge,6,39,0.0660667903547492,0.05984420146267755,0.032633344321184476,0.25076250303295455,0.9956051462115919,1.6666666666666667,,,,,,,,,,False
157,E,SVR,6,39,5.589363219848335,4.448306655931848,2.4634506368256237,2.319904114523506,0.645611191731402,7.5,,,,,,,,,,False
157,E,XGBoost,6,39,5.7906703233099615,5.915267549018689,1.3520801746738313,2.391852341965634,0.6178373618226752,8.333333333333334,,,,,,,,,,False
157,F,AutoGluon,6,39,0.19632294031071099,0.16330718768104807,0.1359935702386511,0.41885545196403245,0.842154453886078,3.5,,,,,,,,,,False
157,F,CatBoost,6,39,0.27923127061117675,0.24078693349157743,0.10138005424252443,0.5214784945311638,0.8207188517702267,5.0,,,,,,,,,,False
157,F,DeepSetModel-MC,6,39,2.394584263955642,2.399830989730513,1.3896911574309292,1.4874857523937497,-0.08452115918766807,11.0,200.0,5.0,,,,,,,,False
157,F,FixedRidgeLambda1,6,39,0.09853423901679471,0.08284178799154404,0.08220829190068948,0.29142603132358946,0.9141105618670076,1.6666666666666667,,,,,,,,,,False
157,F,KNN,6,39,0.7812058361415035,0.7716430724481191,0.285352030646839,0.8717352927008214,0.5741188371091795,9.666666666666666,,,,,,,,,,False
157,F,LightGBM,6,39,0.3930204437954305,0.33744981295387866,0.18691233522963718,0.6124419589169657,0.7408290332256894,6.833333333333333,,,,,,,,,,False
157,F,LinearRegression,6,39,0.09686947666933204,0.0812502816872419,0.08310623086038424,0.287112231502243,0.9146795971472205,1.3333333333333333,,,,,,,,,,False
157,F,MLP,6,39,0.5085479718205065,0.44496483836865774,0.15919615092101894,0.7065949026086504,0.6402401488919847,7.833333333333333,,,,,,,,,,False
157,F,RandomForest,6,39,0.208452759798746,0.17909560277365788,0.0736737613404231,0.4508744124316153,0.8596215989497763,3.6666666666666665,,,,,,,,,,False
157,F,Ridge,6,39,0.09853423901679471,0.08284178799154404,0.08220829190068948,0.29142603132358946,0.9141105618670076,1.6666666666666667,,,,,,,,,,False
157,F,SVR,6,39,0.45269023241687245,0.4325193857464805,0.12007663727343013,0.6677620482020479,0.7400166979274205,7.833333333333333,,,,,,,,,,False
157,F,XGBoost,6,39,0.44432080230883075,0.3837104999020541,0.14928862397819725,0.6595688418703031,0.7064421494247727,7.666666666666667,,,,,,,,,,False
157,G,AutoGluon,6,39,152.7491182162956,20.791657217898518,327.43766314431303,7.92168374498608,-14.430079048902718,3.5,,,,,,,,,,False
157,G,CatBoost,6,39,167.59920333083275,15.335754406621358,244.05179075087582,9.35752862334634,-20.5541931678734,4.833333333333333,,,,,,,,,,False
157,G,DeepSetModel-MC,6,39,25.06271885252185,25.04294818483261,11.038154346267218,4.899532780107624,-1.6319563543958002,6.333333333333333,200.0,5.0,,,,,,,,False
157,G,FixedRidgeLambda1,6,39,147.81782685458407,84.55702875470243,185.24773243510924,9.18595517146475,-16.32526141085525,3.3333333333333335,,,,,,,,,,False
157,G,KNN,6,39,351.2396654684562,11.271986005494803,554.3059759143819,12.723552895779427,-41.20860165404229,6.833333333333333,,,,,,,,,,False
157,G,LightGBM,6,39,332.22593053316655,143.03146527430118,420.31676332739414,13.973385692519543,-39.03584658561568,7.833333333333333,,,,,,,,,,False
157,G,LinearRegression,6,39,149.2903032556964,85.33698086414586,187.15637467616386,9.227334086571075,-16.498832131434355,3.8333333333333335,,,,,,,,,,False
157,G,MLP,6,39,1518.0200521263932,353.5425998396797,2208.6012548506055,28.022327544484195,-179.24254692601377,10.333333333333334,,,,,,,,,,False
157,G,RandomForest,6,39,1513.1285507887012,501.8438009206415,1993.3998664781484,27.623385277539626,-192.53596196063143,7.666666666666667,,,,,,,,,,False
157,G,Ridge,6,39,147.81782685458407,84.55702875470243,185.24773243510924,9.18595517146475,-16.32526141085525,3.3333333333333335,,,,,,,,,,False
157,G,SVR,6,39,3.7533700748338643,3.4969887082713353,1.728155272961601,1.892170795935187,0.6901715953022899,2.8333333333333335,,,,,,,,,,False
157,G,XGBoost,6,39,3219.7253189142116,88.7196748579713,4913.388795094896,36.27679440744827,-412.88188961219817,8.666666666666666,,,,,,,,,,False
157,H,AutoGluon,6,39,0.34049231932643204,0.36211892558428144,0.12415958170670642,0.5741150749958291,0.9505416039576695,3.0,,,,,,,,,,False
157,H,CatBoost,6,39,1.6249328769616833,1.6434563781929794,0.45740220909965074,1.2630319237988992,0.7657925082729489,5.666666666666667,,,,,,,,,,False
157,H,DeepSetModel-MC,6,39,7.137400185910067,7.320573003289658,0.9232487734758713,2.666524383576441,-0.04910622020929136,11.0,200.0,5.0,,,,,,,,False
157,H,FixedRidgeLambda1,6,39,0.060353021262238155,0.05931582828210745,0.033103726908656886,0.23684499785321086,0.9915153436096723,1.3333333333333333,,,,,,,,,,False
157,H,KNN,6,39,2.774262026810107,2.6446050583770297,1.014819174353407,1.6413856211610982,0.6002273811794839,9.0,,,,,,,,,,False
157,H,LightGBM,6,39,1.6040511005282203,1.567035076065185,0.3399629081544818,1.2605591530840854,0.7618680560250221,5.833333333333333,,,,,,,,,,False
157,H,LinearRegression,6,39,0.06623029597691378,0.05864158311038395,0.04170427416003781,0.24554630661263974,0.9907317873458692,1.6666666666666667,,,,,,,,,,False
157,H,MLP,6,39,0.7007300726865875,0.6950459911412079,0.1985809001164207,0.8298851162543492,0.8980190840892309,4.0,,,,,,,,,,False
157,H,RandomForest,6,39,2.1777109636935488,2.0690204571897213,0.5554853172036763,1.4658387471544652,0.6828681965629543,7.666666666666667,,,,,,,,,,False
157,H,Ridge,6,39,0.060353021262238155,0.05931582828210745,0.033103726908656886,0.23684499785321086,0.9915153436096723,1.3333333333333333,,,,,,,,,,False
157,H,SVR,6,39,2.0603881575513716,2.1166258902667003,0.6542332166029724,1.4170621576099942,0.7049236594231939,7.166666666666667,,,,,,,,,,False
157,H,XGBoost,6,39,2.71519306466487,2.438313987597105,0.8389544585545606,1.6327902553949973,0.6061091070855001,9.666666666666666,,,,,,,,,,False
158,A,AutoGluon,6,39,0.36793855011850884,0.34256373309912436,0.059400512769798144,0.6049937659552477,0.9691812221089716,3.1666666666666665,,,,,,,,,,False
158,A,CatBoost,6,39,2.54496427421117,2.4796465668394765,0.5336164975422728,1.5879219324552594,0.7931228377617221,6.0,,,,,,,,,,False
158,A,DeepSetModel-MC,6,39,12.594137893109732,12.737237501535452,2.4315280313964984,3.535120120987527,-0.0159687673855103,11.0,200.0,5.0,,,,,,,,False
158,A,FixedRidgeLambda1,6,39,0.09638915121306522,0.0815877567045005,0.03838820004117565,0.30557290327545444,0.9919013721608739,1.1666666666666667,,,,,,,,,,False
158,A,KNN,6,39,3.9024307168985817,3.8259360848682222,0.8367082257253801,1.9653629496870881,0.6834101934543373,8.5,,,,,,,,,,False
158,A,LightGBM,6,39,2.102913410623044,1.8918723235195523,0.5164335145084716,1.441384439179851,0.8290334419848127,5.0,,,,,,,,,,False
158,A,LinearRegression,6,39,0.09864953381443292,0.0865005752308817,0.03444636287239458,0.31022267333549386,0.9917347211897498,1.8333333333333333,,,,,,,,,,False
158,A,MLP,6,39,0.678990549006398,0.7120726094254236,0.22758543697462968,0.8142095569848921,0.9444955600928978,3.8333333333333335,,,,,,,,,,False
158,A,RandomForest,6,39,3.934657580104497,3.765354397111646,1.2116558366724965,1.9652370857492898,0.6877051656503745,8.833333333333334,,,,,,,,,,False
158,A,Ridge,6,39,0.09638915121306522,0.0815877567045005,0.03838820004117565,0.30557290327545444,0.9919013721608739,1.1666666666666667,,,,,,,,,,False
158,A,SVR,6,39,2.9280446908810944,2.885747421862364,0.5753357330105384,1.7042648393828512,0.7606976895971699,7.166666666666667,,,,,,,,,,False
158,A,XGBoost,6,39,4.699269473333187,4.190653705060443,1.8131702133287442,2.1400979397386526,0.6254668919653357,9.5,,,,,,,,,,False
158,B,AutoGluon,9,39,0.24957582494151787,0.2355822685786184,0.07206088671729088,0.495233427471755,0.9548982884621121,3.111111111111111,,,,,,,,,,False
158,B,CatBoost,9,39,0.6200675043639061,0.6324415114166246,0.16658118664905386,0.7806498245405536,0.8903318173335892,5.555555555555555,,,,,,,,,,False
158,B,DeepSetModel-MC,9,39,5.843340803990413,5.717590517070959,0.5844454318809663,2.4146053423319205,-0.029647965377688188,11.0,200.0,5.0,,,,,,,,False
158,B,FixedRidgeLambda1,9,39,0.09811224535666169,0.0914894238536002,0.06874936081820862,0.29564175460286335,0.9820047775938809,1.7777777777777777,,,,,,,,,,False
158,B,KNN,9,39,2.1352265433317106,2.202312118797459,0.42794188328730726,1.4545836817668703,0.6184496231519532,10.0,,,,,,,,,,False
158,B,LightGBM,9,39,0.7639251567462344,0.762318142742647,0.2583404735393028,0.8625586918434617,0.8626435800149787,6.666666666666667,,,,,,,,,,False
158,B,LinearRegression,9,39,0.09656168000075599,0.0861786736615195,0.06998553909199019,0.292420906208509,0.9822528635606206,1.2222222222222223,,,,,,,,,,False
158,B,MLP,9,39,0.6750587792069415,0.6268856264244184,0.20545270758135178,0.8124348024440943,0.8777306947165694,6.111111111111111,,,,,,,,,,False
158,B,RandomForest,9,39,0.5608515940490721,0.584234349885936,0.16028343232589282,0.7411080590133952,0.9014515535411667,4.777777777777778,,,,,,,,,,False
158,B,Ridge,9,39,0.09811224535666169,0.0914894238536002,0.06874936081820862,0.29564175460286335,0.9820047775938809,1.7777777777777777,,,,,,,,,,False
158,B,SVR,9,39,1.2259491192191487,1.2737630728052325,0.28386622628086433,1.1008410967372617,0.7838915349237211,9.0,,,,,,,,,,False
158,B,XGBoost,9,39,0.7505978830622821,0.691180918770914,0.20034397192172795,0.8599534330217546,0.866335078718613,6.777777777777778,,,,,,,,,,False
158,D,AutoGluon,3,39,0.3619388066263011,0.2763946969414789,0.20133620554049234,0.5871553207709578,0.9223574359989993,3.0,,,,,,,,,,False
158,D,CatBoost,3,39,0.600121539336484,0.6799271984572879,0.17103312802479537,0.7688561497556714,0.8654969789576589,4.666666666666667,,,,,,,,,,False
158,D,DeepSetModel-MC,3,39,4.486732063412332,4.496035738020621,1.1668414298399685,2.105971094586645,-0.005262016572915567,11.0,200.0,5.0,,,,,,,,False
158,D,FixedRidgeLambda1,3,39,0.09708650329993053,0.0931558111544561,0.016439821132168683,0.31085754448289554,0.9774951711318556,1.3333333333333333,,,,,,,,,,False
158,D,KNN,3,39,1.2951713660540753,1.3724621242112147,0.40311837473168277,1.128147960313193,0.7128901191724383,9.333333333333334,,,,,,,,,,False
158,D,LightGBM,3,39,0.8256086661167038,0.7410068030043316,0.16019228676564573,0.9059075581108319,0.8072943751518461,6.0,,,,,,,,,,False
158,D,LinearRegression,3,39,0.09795020987633977,0.0922280652194689,0.017093052259066335,0.3121996500798732,0.9772476391743045,1.6666666666666667,,,,,,,,,,False
158,D,MLP,3,39,0.8287945643762086,0.8177893817223311,0.058836643721034185,0.9100022978357476,0.8045547517288165,6.333333333333333,,,,,,,,,,False
158,D,RandomForest,3,39,0.7945697897853381,0.8131922386147055,0.07349832550829226,0.8907386260796547,0.811645299042266,6.333333333333333,,,,,,,,,,False
158,D,Ridge,3,39,0.09708650329993053,0.0931558111544561,0.016439821132168683,0.31085754448289554,0.9774951711318556,1.3333333333333333,,,,,,,,,,False
158,D,SVR,3,39,1.2522589011335192,1.1843646918816313,0.9036129328884164,1.0625096214799594,0.7437069327246313,7.666666666666667,,,,,,,,,,False
158,D,XGBoost,3,39,1.0705074981237177,1.0202442309916409,0.20574194134643073,1.03153937456877,0.7392404117980277,8.666666666666666,,,,,,,,,,False
158,E,AutoGluon,12,39,0.762909795305739,0.5178232345709844,0.675193062465755,0.8135622567240293,0.9277505661354694,3.25,,,,,,,,,,False
158,E,CatBoost,12,40,2.274694666590125,1.2529025451246718,1.778868921317688,1.4070427197857676,0.7990092513420303,5.666666666666667,,,,,,,,,,False
158,E,DeepSetModel-MC,12,39,10.500240104491592,10.12932077790704,3.675427142033849,3.1943493264012464,-0.022447081512111885,11.0,200.0,5.0,,,,,,,,False
158,E,FixedRidgeLambda1,12,40,0.07235133831971023,0.05843913356586365,0.054012684258634924,0.2548187990931294,0.991286296346876,1.5833333333333333,,,,,,,,,,False
158,E,KNN,12,40,4.020724858436127,2.9466112981215633,2.548262966406396,1.9180213049445145,0.6246079805903607,8.75,,,,,,,,,,False
158,E,LightGBM,12,40,3.1442317528166086,3.0558755000862288,1.6469987508685728,1.720453095313971,0.701047417905861,7.833333333333333,,,,,,,,,,False
158,E,LinearRegression,12,40,0.07288077526423281,0.05595747999525115,0.056447193966723874,0.25494779717198485,0.9911986513059188,1.4166666666666667,,,,,,,,,,False
158,E,MLP,12,40,0.7295248419094769,0.5872529997863136,0.3497083477489284,0.8331857422908501,0.9206912405251795,3.8333333333333335,,,,,,,,,,False
158,E,RandomForest,12,40,2.9693270827090887,2.209342161491712,2.279753802062785,1.6066346305836774,0.7289012704488566,6.5,,,,,,,,,,False
158,E,Ridge,12,40,0.07235133831971023,0.05843913356586365,0.054012684258634924,0.2548187990931294,0.991286296346876,1.5833333333333333,,,,,,,,,,False
158,E,SVR,12,40,4.150176912249408,3.2148651536305457,2.9712608128880147,1.9264263397851558,0.6278829319836111,8.166666666666666,,,,,,,,,,False
158,E,XGBoost,12,40,3.5497346802581906,2.829674354041976,2.031791846286081,1.8069649723918955,0.6545320384284622,8.0,,,,,,,,,,False
158,F,AutoGluon,12,39,0.1204669585057112,0.1295503785868398,0.06120776519355485,0.3339870408225361,0.4818013545063873,4.0,,,,,,,,,,False
158,F,CatBoost,12,40,0.2754594407301136,0.2432756745630495,0.14885867535638056,0.5091519694570341,0.46078748621339294,6.416666666666667,,,,,,,,,,False
158,F,DeepSetModel-MC,12,40,3.0579799750526497,1.0896131736880963,4.169815408435648,1.2047425509948588,-0.04599284158232799,6.0,200.0,5.0,,,,,,,,False
158,F,FixedRidgeLambda1,12,40,0.0609768908018232,0.05301505954051095,0.03861924112854182,0.2364307855086024,0.494309576467223,1.75,,,,,,,,,,False
158,F,KNN,12,40,1.2473932565197177,0.39414718936502635,1.723738711550865,0.9118725690162264,0.3155397932576709,8.5,,,,,,,,,,False
158,F,LightGBM,12,40,0.35047961131424005,0.3361730556272964,0.08447863883189392,0.5881787689498496,0.4504611178891624,8.083333333333334,,,,,,,,,,False
158,F,LinearRegression,12,40,0.061878661990019214,0.0536387126948368,0.03757102333044368,0.2389081995036685,0.49409675367585737,2.5833333333333335,,,,,,,,,,False
158,F,MLP,12,40,0.6699505977548625,0.6419779139277046,0.20820534295474405,0.8094453416742318,0.419553327908807,9.666666666666666,,,,,,,,,,False
158,F,RandomForest,12,40,0.13550932709841637,0.11622546605998024,0.054313422454208206,0.3620633962759732,0.4760539841149385,4.0,,,,,,,,,,False
158,F,Ridge,12,40,0.0609768908018232,0.05301505954051095,0.03861924112854182,0.2364307855086024,0.494309576467223,1.75,,,,,,,,,,False
158,F,SVR,12,40,0.6641339896081051,0.23702690245234215,0.8349782971068335,0.6916596604757254,0.4105597155759197,7.0,,,,,,,,,,False
158,F,XGBoost,12,40,0.35501294178661585,0.3438879859923948,0.11026291032162407,0.5892883090249947,0.44127434465389337,8.0,,,,,,,,,,False
158,G,AutoGluon,9,40,33.83505711468372,13.880098825857193,37.05256998432578,4.869446941693777,-6.680549380018213,2.4444444444444446,,,,,,,,,,False
158,G,CatBoost,9,40,859.6289684715497,65.08829667120922,1365.5907987380608,20.324296628151924,-288.5589213272724,5.222222222222222,,,,,,,,,,False
158,G,DeepSetModel-MC,9,40,110.6202388869636,105.63179670794504,116.02390254420973,8.955571334977899,-27.859904071892423,4.777777777777778,200.0,5.0,,,,,,,,False
158,G,FixedRidgeLambda1,9,40,789.1569445967351,438.37252349648287,1043.8115291375798,22.2286738059151,-231.54787472183227,5.111111111111111,,,,,,,,,,False
158,G,KNN,9,40,7169.968230925659,1252.6158230659264,12118.469697001829,57.55202438347011,-2423.4548285648675,9.0,,,,,,,,,,False
158,G,LightGBM,9,40,3835.8008995285363,2024.558176963533,5195.322332337614,47.222790529131515,-1164.4798540059396,8.777777777777779,,,,,,,,,,False
158,G,LinearRegression,9,40,798.4489853486389,444.5098693184952,1054.5842216882324,22.36881073024814,-234.1033618400467,6.111111111111111,,,,,,,,,,False
158,G,MLP,9,40,7882.734294449865,5900.817026586095,10955.228651783338,68.38947054700283,-1184.6554786192291,10.0,,,,,,,,,,False
158,G,RandomForest,9,40,14596.035111357163,494.5423895920509,35417.92855618479,67.7719076447566,-5754.221877904629,7.333333333333333,,,,,,,,,,False
158,G,Ridge,9,40,789.1569445967351,438.37252349648287,1043.8115291375798,22.2286738059151,-231.54787472183227,5.111111111111111,,,,,,,,,,False
158,G,SVR,9,40,3.079624326580603,1.7770532062687203,2.6569852302978654,1.6006827063223847,0.6946296670688429,1.3333333333333333,,,,,,,,,,False
158,G,XGBoost,9,40,4046.4342594356663,80.72345158581086,10012.504849000128,32.82736873793783,-320.8650448463493,5.888888888888889,,,,,,,,,,False
158,H,AutoGluon,6,40,0.2094874647127499,0.181040366934892,0.0851028863324545,0.45100459232079215,0.9391900158992651,3.0,,,,,,,,,,False
158,H,CatBoost,6,39,0.9616312452038991,0.8873497494402133,0.20557724372480887,0.9765546822372247,0.7098381376349993,5.833333333333333,,,,,,,,,,False
158,H,DeepSetModel-MC,6,39,4.11814382161521,3.582468895895153,2.190299431331631,1.9668408532248038,-0.013920390304621688,11.0,200.0,5.0,,,,,,,,False
158,H,FixedRidgeLambda1,6,39,0.06806908300471883,0.06115763213951039,0.03613313760940477,0.25262902695787354,0.9771632599768454,1.5,,,,,,,,,,False
158,H,KNN,6,39,1.6758358860263127,1.5454422229595748,0.5710063311066234,1.279578163521693,0.5375675465826678,9.166666666666666,,,,,,,,,,False
158,H,LightGBM,6,39,1.272941567396458,1.1353836004270628,0.40254045854125203,1.1184560246642947,0.6262525151585175,7.5,,,,,,,,,,False
158,H,LinearRegression,6,39,0.07065102223177191,0.06879408628417925,0.034113800233492884,0.25889471219782634,0.9770185271825366,1.5,,,,,,,,,,False
158,H,MLP,6,39,0.5537460256582901,0.533384886968328,0.21396616255908918,0.73341518133096,0.8489435719940216,4.0,,,,,,,,,,False
158,H,RandomForest,6,39,1.3736522680209051,1.3075366417541252,0.341089604678582,1.1648164357012372,0.6027915451618009,7.666666666666667,,,,,,,,,,False
158,H,Ridge,6,39,0.06806908300471883,0.06115763213951039,0.03613313760940477,0.25262902695787354,0.9771632599768454,1.5,,,,,,,,,,False
158,H,SVR,6,39,0.9230842362679775,0.7780557455202634,0.3096070016772244,0.950428600751749,0.7354655362272237,5.5,,,,,,,,,,False
158,H,XGBoost,6,39,1.714002264619287,1.6591695039756513,0.3830333916392004,1.3024745542833578,0.49723754818875116,9.333333333333334,,,,,,,,,,False
159,A,AutoGluon,3,39,0.40376983361315205,0.4014673845222609,0.008256617880859756,0.6354068002138308,0.9787779960867166,3.0,,,,,,,,,,False
159,A,CatBoost,3,39,4.369946037847611,4.370578473282725,0.5968342919922806,2.087172634883275,0.7693957938963983,6.0,,,,,,,,,,False
159,A,DeepSetModel-MC,3,39,19.234554516570658,19.484614474274792,1.3498209645330703,4.38390198014174,-0.0059999769509193925,11.0,200.0,5.0,,,,,,,,False
159,A,FixedRidgeLambda1,3,39,0.16321544753497821,0.1613418348556841,0.061255144474893476,0.39907711329206497,0.9913068286399986,1.0,,,,,,,,,,False
159,A,KNN,3,39,7.625628737397624,7.2783820034022,0.8355292383203027,2.7587597344382053,0.6016011253010555,9.0,,,,,,,,,,False
159,A,LightGBM,3,39,3.9314781955475966,4.362764467391759,0.9334947302210892,1.972680932397127,0.7926743731304354,5.0,,,,,,,,,,False
159,A,LinearRegression,3,39,0.18155502830533313,0.182923669131481,0.06471546199474036,0.4213609378622983,0.9903429168877146,2.0,,,,,,,,,,False
159,A,MLP,3,39,0.9176409046038149,0.8013440910686286,0.3299874974873608,0.9481097617345605,0.9509951091873922,4.0,,,,,,,,,,False
159,A,RandomForest,3,39,6.749667131363441,5.881913135923173,1.9505874044358935,2.58092255304411,0.6405335166680253,8.333333333333334,,,,,,,,,,False
159,A,Ridge,3,39,0.16321544753497821,0.1613418348556841,0.061255144474893476,0.39907711329206497,0.9913068286399986,1.0,,,,,,,,,,False
159,A,SVR,3,39,6.907358763211459,7.237365777196542,0.9676108486932903,2.623722854471755,0.6361199642494955,8.666666666666666,,,,,,,,,,False
159,A,XGBoost,3,39,6.666480761831255,6.779364489508603,1.776186633984954,2.566122994240807,0.6467037774032618,8.0,,,,,,,,,,False
159,B,AutoGluon,12,39,0.23270331372966332,0.22078350876248076,0.04786011619681488,0.4801417783757143,0.9703861804808082,3.25,,,,,,,,,,False
159,B,CatBoost,12,39,0.746513036915888,0.616576228760737,0.4056435568277952,0.836337542444528,0.9192576668277721,5.666666666666667,,,,,,,,,,False
159,B,DeepSetModel-MC,12,39,10.050681935998155,6.923833530145849,6.253679377864791,3.055237974900532,-0.026414547723040447,11.0,200.0,5.0,,,,,,,,False
159,B,FixedRidgeLambda1,12,39,0.0505459503591394,0.0476651064299302,0.02734630586242254,0.21761171517458047,0.9928309446286043,1.5833333333333333,,,,,,,,,,False
159,B,KNN,12,39,2.8123785833752613,2.143454128132986,1.4490746556276741,1.6336541465382235,0.6981598544436308,10.0,,,,,,,,,,False
159,B,LightGBM,12,39,1.1066798387940338,0.9837127948830187,0.6861208352949163,1.011946859815969,0.8822576507193451,7.25,,,,,,,,,,False
159,B,LinearRegression,12,39,0.0501191031614995,0.04885576846423455,0.026543744093301704,0.2165660785939666,0.9928426563456316,1.4166666666666667,,,,,,,,,,False
159,B,MLP,12,39,0.623134183497969,0.6316103262383687,0.1920457446233145,0.7814164688930297,0.9138654823162983,5.916666666666667,,,,,,,,,,False
159,B,RandomForest,12,39,0.7242891868245627,0.4975088070295389,0.6916377813094522,0.7848657555056399,0.931187066870486,4.583333333333333,,,,,,,,,,False
159,B,Ridge,12,39,0.0505459503591394,0.0476651064299302,0.02734630586242254,0.21761171517458047,0.9928309446286043,1.5833333333333333,,,,,,,,,,False
159,B,SVR,12,39,2.068743086645168,1.3634043450754345,1.4188453697035182,1.3745588746334265,0.791910038419442,8.666666666666666,,,,,,,,,,False
159,B,XGBoost,12,39,0.981268748765121,0.7948388705438998,0.6026700968396289,0.9553892575136343,0.8947830562633735,6.666666666666667,,,,,,,,,,False
159,D,AutoGluon,9,39,0.33766954662313403,0.2836622665326588,0.21513193638303138,0.5636690233974063,0.9636450140046797,3.0,,,,,,,,,,False
159,D,CatBoost,9,39,1.6188228175520618,1.3262724187656958,1.0024893984885324,1.2234118547081876,0.8495987427531495,5.333333333333333,,,,,,,,,,False
159,D,DeepSetModel-MC,9,39,12.127959831923418,11.369804491263386,7.494847686006897,3.3215223004810017,-0.04046313156626738,11.0,200.0,5.0,,,,,,,,False
159,D,FixedRidgeLambda1,9,39,0.05779510887704734,0.0543592079981718,0.026185469674474503,0.23529955926515514,0.9937035950133326,1.7777777777777777,,,,,,,,,,False
159,D,KNN,9,39,3.0054543063770582,3.231677091271937,1.6145882749283675,1.6778237880305862,0.7175930402795222,8.88888888888889,,,,,,,,,,False
159,D,LightGBM,9,39,1.7854357517435764,1.8452817642598136,0.820143846738593,1.305018728202037,0.8227178720165262,6.444444444444445,,,,,,,,,,False
159,D,LinearRegression,9,39,0.054683278278875175,0.0497581691124258,0.02347774791353423,0.22907533211129205,0.9941125575173234,1.2222222222222223,,,,,,,,,,False
159,D,MLP,9,39,0.7474591557733556,0.6089493473432581,0.2804486537953367,0.8527165983758443,0.8987012899640191,4.666666666666667,,,,,,,,,,False
159,D,RandomForest,9,39,2.5094914857176427,2.5362323667274773,1.9036108396741553,1.4816179114343653,0.7970930437276914,6.666666666666667,,,,,,,,,,False
159,D,Ridge,9,39,0.05779510887704734,0.0543592079981718,0.026185469674474503,0.23529955926515514,0.9937035950133326,1.7777777777777777,,,,,,,,,,False
159,D,SVR,9,39,3.0100276996401067,2.803153456879061,2.378067547651362,1.6133837394285413,0.764683822318227,8.0,,,,,,,,,,False
159,D,XGBoost,9,39,2.999098120740721,2.7734463215087524,2.059572824135923,1.6449383718730906,0.7363321066793945,9.0,,,,,,,,,,False
159,E,AutoGluon,3,40,0.13428492612041687,0.1220472264113836,0.04209781150386817,0.3635524604943566,0.950507424786705,3.0,,,,,,,,,,False
159,E,CatBoost,3,40,0.3719610606544465,0.411438169098248,0.14478493508474452,0.601146048978266,0.8664879387968017,4.666666666666667,,,,,,,,,,False
159,E,DeepSetModel-MC,3,40,2.8785839475279453,2.6175029859434367,0.5918993371723966,1.6909179902407558,-0.033091745636786636,11.0,200.0,5.0,,,,,,,,False
159,E,FixedRidgeLambda1,3,40,0.04059742018613677,0.0356047942355429,0.010828552262434756,0.20035716542679957,0.9848209555430224,1.0,,,,,,,,,,False
159,E,KNN,3,40,0.507019173040543,0.522702002438045,0.0294082275048291,0.7118496282967236,0.8112344108975562,6.666666666666667,,,,,,,,,,False
159,E,LightGBM,3,40,0.738879955884399,0.7761339688842692,0.1651972415285528,0.8558096422779585,0.7311867999918809,8.666666666666666,,,,,,,,,,False
159,E,LinearRegression,3,40,0.044707819012400035,0.0390684887366621,0.011125185719720668,0.21040950970334957,0.98332163352358,2.0,,,,,,,,,,False
159,E,MLP,3,40,1.0555964113369292,1.0593782198176966,0.33235166193353854,1.0186328229764101,0.6268664450942215,10.0,,,,,,,,,,False
159,E,RandomForest,3,40,0.34361049551735423,0.3750391164218593,0.106624432164194,0.5810121626739972,0.8760283342966156,4.333333333333333,,,,,,,,,,False
159,E,Ridge,3,40,0.04059742018613677,0.0356047942355429,0.010828552262434756,0.20035716542679957,0.9848209555430224,1.0,,,,,,,,,,False
159,E,SVR,3,40,0.7558323798863706,0.799888373354019,0.32109448887117464,0.8548441825173722,0.736522637462326,8.0,,,,,,,,,,False
159,E,XGBoost,3,40,0.590274797598221,0.7204659855547753,0.23443462004002252,0.7563299445275353,0.7907439564560694,6.666666666666667,,,,,,,,,,False
159,F,AutoGluon,6,40,0.07694863655365972,0.060014275112615895,0.05181053687796526,0.26458356667366156,0.48077651923380493,3.0,,,,,,,,,,False
159,F,CatBoost,6,40,0.2730004464245425,0.2604304621037262,0.09213158561634492,0.5166693172340485,0.4446805029584527,7.0,,,,,,,,,,False
159,F,DeepSetModel-MC,6,40,1.5417058780573416,1.3884312857304753,1.697119104405211,0.9082977830912138,-0.01209806872005245,6.0,200.0,5.0,,,,,,,,False
159,F,FixedRidgeLambda1,6,40,0.046009281404006765,0.0433125871695624,0.009369826198095704,0.21363024942789802,0.4914951151113404,2.1666666666666665,,,,,,,,,,False
159,F,KNN,6,40,0.5777102488246705,0.5745405290276226,0.393007504698106,0.7178503994362421,0.3431581497552558,8.833333333333334,,,,,,,,,,False
159,F,LightGBM,6,40,0.29874256553678485,0.3207968736293709,0.06115322365982529,0.5440471893253089,0.4490486214119009,7.666666666666667,,,,,,,,,,False
159,F,LinearRegression,6,40,0.04592102507253242,0.0435098949114295,0.009135401757954237,0.21345314066933985,0.49160850506336157,2.5,,,,,,,,,,False
159,F,MLP,6,40,0.648107748711392,0.6169490877678525,0.21462047699018494,0.7957016989122665,0.4188703501981501,9.5,,,,,,,,,,False
159,F,RandomForest,6,40,0.1307304521709989,0.13128507012326196,0.030198765042908717,0.3595136990076578,0.4767959067206146,4.666666666666667,,,,,,,,,,False
159,F,Ridge,6,40,0.046009281404006765,0.0433125871695624,0.009369826198095704,0.21363024942789802,0.4914951151113404,2.1666666666666665,,,,,,,,,,False
159,F,SVR,6,40,0.30486230896029937,0.2836025532162816,0.18923714346231957,0.5272657962584271,0.4221303734015936,6.666666666666667,,,,,,,,,,False
159,F,XGBoost,6,40,0.3290166726582711,0.2804243731851743,0.13730519150829876,0.5652750173464075,0.4365379831784327,8.0,,,,,,,,,,False
159,G,AutoGluon,6,40,5.714780424770545,4.027471011659794,4.70488039539032,2.204090369502088,0.02408819831740394,2.3333333333333335,,,,,,,,,,False
159,G,CatBoost,6,40,35.578880598149,17.946734754022035,49.450966092266505,5.016378330803007,-5.46275159748921,5.5,,,,,,,,,,False
159,G,DeepSetModel-MC,6,40,18.23199460065648,19.215501124647997,8.712382172205327,4.1188960456009855,-1.4148572223488063,6.333333333333333,200.0,5.0,,,,,,,,False
159,G,FixedRidgeLambda1,6,40,32.34735622939706,16.58075924515729,39.35184538723359,4.628013336186725,-5.482686052896107,4.0,,,,,,,,,,False
159,G,KNN,6,40,539.6224625589258,61.831296882340375,883.5789458545298,16.44993595067862,-119.96553568989889,9.0,,,,,,,,,,False
159,G,LightGBM,6,40,97.61252427275423,55.88878608743448,100.04186828287357,8.536437476505494,-17.349843746025773,8.333333333333334,,,,,,,,,,False
159,G,LinearRegression,6,40,32.72566457154297,16.914418816345453,39.684156628334854,4.660193180359697,-5.548444641662378,4.833333333333333,,,,,,,,,,False
159,G,MLP,6,40,883.950865057588,322.6281565102785,1360.612326740454,23.183033068367184,-183.75506175627933,10.833333333333334,,,,,,,,,,False
159,G,RandomForest,6,40,27.540761447166222,24.211466307587894,24.007984361596822,4.692205945722816,-1.8513950239359571,5.833333333333333,,,,,,,,,,False
159,G,Ridge,6,40,32.34735622939706,16.58075924515729,39.35184538723359,4.628013336186725,-5.482686052896107,4.0,,,,,,,,,,False
159,G,SVR,6,40,4.593831070746906,3.542013758692827,4.569908042645719,1.923066661979803,0.6609033608299631,2.5,,,,,,,,,,False
159,G,XGBoost,6,40,58.19933258472046,17.791552636860533,94.0544282529565,5.924998893562997,-3.561536771706324,6.5,,,,,,,,,,False
160,A,AutoGluon,21,39,0.35466382012316966,0.284393118309057,0.29659108495978664,0.5651531142865016,0.9668154586378153,3.0952380952380953,,,,,,,,,,False
160,A,CatBoost,21,39,2.219571186268279,1.4155736546808886,1.679702469078936,1.4008559298632688,0.8150469252223179,5.428571428571429,,,,,,,,,,False
160,A,DeepSetModel-MC,21,39,12.101041014161206,9.793587459650306,6.978001928588735,3.3452608781393556,-0.049570222721472185,11.0,200.0,5.0,,,,,,,,False
160,A,FixedRidgeLambda1,21,39,0.06740285610900215,0.060014651707621,0.032757651478861824,0.2527841113770342,0.9918038119296458,1.5238095238095237,,,,,,,,,,False
160,A,KNN,21,39,4.1561506131799195,3.183876657791422,2.4874648148647496,1.9533325463032278,0.637528562161101,9.095238095238095,,,,,,,,,,False
160,A,LightGBM,21,39,2.327622924527597,1.8333420625160888,1.2892353081231875,1.4737639337090624,0.784682490947939,6.285714285714286,,,,,,,,,,False
160,A,LinearRegression,21,39,0.06678501718545762,0.059066568427604,0.0333338199984819,0.25146693677860993,0.9918393002961623,1.4761904761904763,,,,,,,,,,False
160,A,MLP,21,39,0.7197959304373776,0.6959199044231208,0.2192020545014903,0.8389327396039228,0.9127915353763266,4.142857142857143,,,,,,,,,,False
160,A,RandomForest,21,39,3.404329157065654,2.423354353422225,2.27552671789022,1.7616978581270708,0.6980203924842243,8.0,,,,,,,,,,False
160,A,Ridge,21,39,0.06740285610900215,0.060014651707621,0.032757651478861824,0.2527841113770342,0.9918038119296458,1.5238095238095237,,,,,,,,,,False
160,A,SVR,21,39,3.2678165612387793,2.08768071038963,2.8743627966578487,1.6603567005961064,0.7504582619217219,6.857142857142857,,,,,,,,,,False
160,A,XGBoost,21,39,3.8030977169046203,3.10639823056559,2.240142612712925,1.8745286390764906,0.6496947627861498,9.095238095238095,,,,,,,,,,False
160,B,AutoGluon,6,40,0.25172793162554913,0.2453272453809611,0.08226216485802976,0.49634459785467344,0.9360242868170664,3.5,,,,,,,,,,False
160,B,CatBoost,6,39,0.41064013809817457,0.4063678034084176,0.09605341288255659,0.6370983011238994,0.8935939042921106,5.166666666666667,,,,,,,,,,False
160,B,DeepSetModel-MC,6,39,4.282345834040892,4.142265419302044,0.8301242223332126,2.0617966558328678,-0.06405370137703613,11.0,200.0,5.0,,,,,,,,False
160,B,FixedRidgeLambda1,6,39,0.046662676044519846,0.04486139538594515,0.011997754639776127,0.2145464935132438,0.9879426759331039,1.5,,,,,,,,,,False
160,B,KNN,6,39,1.0477972975600809,1.015649250296768,0.1486667173320921,1.0214976149015247,0.7287126873300908,9.833333333333334,,,,,,,,,,False
160,B,LightGBM,6,39,0.6790204176513309,0.6452084295272847,0.20940197764999885,0.8167955029615527,0.8250022362601097,7.5,,,,,,,,,,False
160,B,LinearRegression,6,39,0.048432615492663304,0.04698784814588075,0.01223273653950539,0.2186711598887869,0.9875683634643226,1.5,,,,,,,,,,False
160,B,MLP,6,39,0.7319785011144972,0.7172008088382038,0.14666181925159272,0.8519716921791214,0.8170869340413414,7.833333333333333,,,,,,,,,,False
160,B,RandomForest,6,39,0.23949930031602848,0.2213705191074611,0.06405439286713824,0.4859887942118708,0.9388158639971195,3.5,,,,,,,,,,False
160,B,Ridge,6,39,0.046662676044519846,0.04486139538594515,0.011997754639776127,0.2145464935132438,0.9879426759331039,1.5,,,,,,,,,,False
160,B,SVR,6,39,0.6894466887958645,0.7221744767359743,0.20084994186882332,0.8223592421919049,0.8266866436141806,8.166666666666666,,,,,,,,,,False
160,B,XGBoost,6,39,0.5275500036056292,0.5052032710093444,0.12244457456486149,0.7224425984823234,0.8649156063069285,6.5,,,,,,,,,,False
160,D,AutoGluon,12,40,0.40164338528897353,0.36352975315797414,0.20220682910250445,0.6127324795355362,0.9639368262492688,3.0833333333333335,,,,,,,,,,False
160,D,CatBoost,12,40,2.2253059930241696,2.343622389659524,1.362974992443847,1.411907384820129,0.8314447846832311,5.75,,,,,,,,,,False
160,D,DeepSetModel-MC,12,40,13.99636014623537,13.055763310824593,8.06895181072056,3.579874795437984,-0.04552575697098272,11.0,200.0,5.0,,,,,,,,False
160,D,FixedRidgeLambda1,12,40,0.101483455062507,0.08566658876539529,0.050444023670552784,0.30968312228255024,0.9907492305947098,1.6666666666666667,,,,,,,,,,False
160,D,KNN,12,40,3.910226798585495,4.463177622715023,2.130169831030991,1.8913487751363274,0.7035813989334819,9.25,,,,,,,,,,False
160,D,LightGBM,12,40,2.35220435133466,2.480956846400309,1.1972854114288283,1.4761910217910605,0.8144644638654533,6.25,,,,,,,,,,False
160,D,LinearRegression,12,40,0.10002366425171226,0.07789562427057795,0.05776599622723102,0.3048997423007029,0.9908290963688855,1.3333333333333333,,,,,,,,,,False
160,D,MLP,12,40,0.6667396129291698,0.7165923733607775,0.1612655775286498,0.8106452737146456,0.9304515334781023,4.5,,,,,,,,,,False
160,D,RandomForest,12,40,3.2916069701317734,3.632680139001571,1.9742251688820085,1.7087394613056057,0.7585684690149771,7.666666666666667,,,,,,,,,,False
160,D,Ridge,12,40,0.101483455062507,0.08566658876539529,0.050444023670552784,0.30968312228255024,0.9907492305947098,1.6666666666666667,,,,,,,,,,False
160,D,SVR,12,40,3.2543084711580423,2.6867322970907215,2.2332136901577386,1.685083709473487,0.7738065605857359,7.583333333333333,,,,,,,,,,False
160,D,XGBoost,12,40,3.2490677509053207,3.640355616663143,1.9130140220900822,1.7080945706585693,0.7555663677909279,7.916666666666667,,,,,,,,,,False
160,E,AutoGluon,3,40,0.38915601132560745,0.4441863895150536,0.16812476116128836,0.6124148053347215,0.9391455107997135,3.3333333333333335,,,,,,,,,,False
160,E,CatBoost,3,40,1.6589373333230852,1.7481390333455402,0.20942629926299547,1.286221122971938,0.7385165565143138,5.333333333333333,,,,,,,,,,False
160,E,DeepSetModel-MC,3,40,6.4731521159263785,6.226626785832225,0.4989610561761204,2.543004241664387,-0.020162970031455934,11.0,200.0,5.0,,,,,,,,False
160,E,FixedRidgeLambda1,3,40,0.09539528445763153,0.0843590870570716,0.03521866455845647,0.3054956415196819,0.9848859088438751,2.0,,,,,,,,,,False
160,E,KNN,3,40,2.1968954342683666,2.041155373305647,0.4725224119318517,1.4766740046046196,0.6561243273201717,8.666666666666666,,,,,,,,,,False
160,E,LightGBM,3,40,1.9852449809594719,1.9124803716707297,0.3321117688249091,1.405759822694857,0.6887742406419234,7.0,,,,,,,,,,False
160,E,LinearRegression,3,40,0.09243789600408087,0.0797476880339496,0.03598448393993467,0.3003858729803734,0.9853421468189074,1.0,,,,,,,,,,False
160,E,MLP,3,40,0.629604269779255,0.6048754920407813,0.2179074293960272,0.7854909273044569,0.901918103303737,3.6666666666666665,,,,,,,,,,False
160,E,RandomForest,3,40,2.2124052586567213,2.0084670985349447,0.5782819039351781,1.4792983265446604,0.6550469708278409,9.0,,,,,,,,,,False
160,E,Ridge,3,40,0.09539528445763153,0.0843590870570716,0.03521866455845647,0.3054956415196819,0.9848859088438751,2.0,,,,,,,,,,False
160,E,SVR,3,40,1.864831539948997,1.656202313960123,0.5473404174378751,1.3562568627499745,0.7097736210149806,6.333333333333333,,,,,,,,,,False
160,E,XGBoost,3,40,2.1802969962347816,2.1574754069227984,0.16405936797354428,1.4758903250551167,0.6563952730203807,8.666666666666666,,,,,,,,,,False
160,G,AutoGluon,3,40,10.254121889716403,11.436861461435964,4.411495157203751,3.145008105929385,0.1534490178036291,2.0,,,,,,,,,,False
160,G,CatBoost,3,40,26.54822502854904,24.711901111529265,8.063774188110983,5.11376850898505,-1.6785359209103168,4.0,,,,,,,,,,False
160,G,DeepSetModel-MC,3,40,26.910387425023448,26.94836667194153,5.072479674026251,5.171972209603088,-1.4000400482559183,4.333333333333333,200.0,5.0,,,,,,,,False
160,G,FixedRidgeLambda1,3,40,99.39031948738902,93.80716419808132,10.132178413517446,9.961062454596428,-8.163737690925494,6.333333333333333,,,,,,,,,,False
160,G,KNN,3,40,229.64849275609822,307.91096465394764,174.8483117820686,13.905846720476582,-21.384985239692515,7.333333333333333,,,,,,,,,,False
160,G,LightGBM,3,40,281.659254662829,352.55407364081714,167.23281881619067,16.113981130160795,-27.395246969593302,8.333333333333334,,,,,,,,,,False
160,G,LinearRegression,3,40,100.55216528149349,94.96266138056092,10.202451401128641,10.01919248946364,-8.272346342718167,7.333333333333333,,,,,,,,,,False
160,G,MLP,3,40,1757.3447993780574,1580.2393719229945,1347.6359115122325,39.56770547369984,-152.21598698002518,10.666666666666666,,,,,,,,,,False
160,G,RandomForest,3,40,378.1441897584513,398.3731119879197,213.35376170289393,18.8406824463931,-39.82377599802263,9.0,,,,,,,,,,False
160,G,Ridge,3,40,99.39031948738902,93.80716419808132,10.132178413517446,9.961062454596428,-8.163737690925494,6.333333333333333,,,,,,,,,,False
160,G,SVR,3,40,4.492319405724282,3.913961983908396,2.7040539109930455,2.0544195874189803,0.6415046738771619,1.0,,,,,,,,,,False
160,G,XGBoost,3,40,2487.791496224209,17.727849470972206,4286.6860177503295,31.094674702009915,-199.20632028633338,5.666666666666667,,,,,,,,,,False
161,A,AutoGluon,6,40,0.2619096003205833,0.243768021308556,0.09600261178635067,0.5040517282673592,0.913691338003617,3.0,,,,,,,,,,False
161,A,CatBoost,6,40,0.9652712507353723,0.8966138730599833,0.6921151815982722,0.9220630973521459,0.8103766430042619,5.5,,,,,,,,,,False
161,A,DeepSetModel-MC,6,40,7.344068014743232,5.603927933102223,6.927597029228069,2.409532782712296,-0.043073819404483404,11.0,200.0,5.0,,,,,,,,False
161,A,FixedRidgeLambda1,6,40,0.027267323211471812,0.0273061332250328,0.011310736779465341,0.16191488410284416,0.988030843781419,1.1666666666666667,,,,,,,,,,False
161,A,KNN,6,40,2.305053609081137,1.779975548506362,2.0743569747827535,1.369060427883124,0.6451308854970809,8.666666666666666,,,,,,,,,,False
161,A,LightGBM,6,40,1.250917085581565,1.199175849016142,0.8956130457463806,1.0501276480111026,0.7511561588653622,6.833333333333333,,,,,,,,,,False
161,A,LinearRegression,6,40,0.028664553439303617,0.02768660280670385,0.012516542086329052,0.1657948414712438,0.9879405746191856,1.8333333333333333,,,,,,,,,,False
161,A,MLP,6,40,0.6627499133527671,0.7001803562182973,0.14091744180385238,0.8099122899631644,0.7154900273863755,6.833333333333333,,,,,,,,,,False
161,A,RandomForest,6,40,1.9505826529942467,1.6875452897963024,1.7980398086602116,1.2320967691739753,0.736185484824258,6.833333333333333,,,,,,,,,,False
161,A,Ridge,6,40,0.027267323211471812,0.0273061332250328,0.011310736779465341,0.16191488410284416,0.988030843781419,1.1666666666666667,,,,,,,,,,False
161,A,SVR,6,40,1.2497251922280825,0.784126859332315,1.4094891731809036,0.9891869818898921,0.8111173016720263,5.0,,,,,,,,,,False
161,A,XGBoost,6,40,2.6070582050931814,2.2270722875340914,2.2871039210638124,1.4501365592064321,0.6067258896053302,9.333333333333334,,,,,,,,,,False
161,B,AutoGluon,3,40,0.24583054041998742,0.2515134975004428,0.013209828236616011,0.4956919072531245,0.9697282475908752,3.3333333333333335,,,,,,,,,,False
161,B,CatBoost,3,40,0.6089463447216007,0.6036327550400777,0.1732846297684938,0.7749816394090057,0.9275421926002565,6.0,,,,,,,,,,False
161,B,DeepSetModel-MC,3,40,8.397001180115224,8.5494691316519,1.6485221063846809,2.888206925637604,-0.011644920331384534,11.0,200.0,5.0,,,,,,,,False
161,B,FixedRidgeLambda1,3,40,0.0642069963339655,0.0645651816123559,0.01541102357952005,0.2521466055808514,0.9919476875599843,2.0,,,,,,,,,,False
161,B,KNN,3,40,2.411175001536803,2.5360753619957874,0.4288869769154313,1.548511478837783,0.7087799125414231,10.0,,,,,,,,,,False
161,B,LightGBM,3,40,0.9625677397244948,0.9612214081107936,0.21077828539693264,0.9771290204537258,0.8794936555716634,7.666666666666667,,,,,,,,,,False
161,B,LinearRegression,3,40,0.058836868059247795,0.0602347482271749,0.014096812640505153,0.241359930218089,0.9926054008908349,1.0,,,,,,,,,,False
161,B,MLP,3,40,0.7208482725447003,0.7727142332073086,0.2024758887667331,0.8430027267328511,0.9108797608172686,7.0,,,,,,,,,,False
161,B,RandomForest,3,40,0.3102845752595625,0.2789577828418264,0.09119717453802481,0.5531937093920608,0.9615180409795817,3.6666666666666665,,,,,,,,,,False
161,B,Ridge,3,40,0.0642069963339655,0.0645651816123559,0.01541102357952005,0.2521466055808514,0.9919476875599843,2.0,,,,,,,,,,False
161,B,SVR,3,40,1.570432986221287,1.5042245595095696,0.849709728104757,1.2204937986631925,0.820099788109314,8.333333333333334,,,,,,,,,,False
161,B,XGBoost,3,40,0.6340162862208923,0.7515047642633765,0.21385337473421448,0.7876125053106264,0.9185699127569048,6.0,,,,,,,,,,False
161,D,AutoGluon,9,40,0.23847488784930304,0.2508654336278629,0.10777575478443364,0.4757473845579427,0.956312658151783,3.0,,,,,,,,,,False
161,D,CatBoost,9,40,2.1637819565947685,0.6205062435123743,2.5612965478050893,1.2443931393369057,0.7855282370804262,5.666666666666667,,,,,,,,,,False
161,D,DeepSetModel-MC,9,40,8.24691647120548,4.56540858646154,6.9472796167537,2.6636642000915574,-0.04559850088897394,11.0,200.0,5.0,,,,,,,,False
161,D,FixedRidgeLambda1,9,40,0.06366349231707409,0.0616011983377711,0.024976574670572387,0.2469890997237134,0.9871256056599146,1.3333333333333333,,,,,,,,,,False
161,D,KNN,9,40,3.6634038585758457,0.985912617394799,4.304163109798723,1.626118447163005,0.6444998622184683,8.88888888888889,,,,,,,,,,False
161,D,LightGBM,9,40,1.837067133855542,0.8453813689804515,1.619233404468695,1.242969453282784,0.7596207596658109,6.555555555555555,,,,,,,,,,False
161,D,LinearRegression,9,40,0.06180625549322253,0.0628547043946113,0.021252378432351667,0.24466705038606193,0.9867363448802116,1.6666666666666667,,,,,,,,,,False
161,D,MLP,9,40,0.6717498818043519,0.810031925483101,0.31507437087635054,0.7937318317655442,0.8613729547094396,5.444444444444445,,,,,,,,,,False
161,D,RandomForest,9,40,3.2610565874613386,0.8639309390233688,3.8723253460239686,1.5126376418086318,0.6855310662675682,7.555555555555555,,,,,,,,,,False
161,D,Ridge,9,40,0.06366349231707409,0.0616011983377711,0.024976574670572387,0.2469890997237134,0.9871256056599146,1.3333333333333333,,,,,,,,,,False
161,D,SVR,9,40,2.3127907915170134,0.5466194692382415,2.9091988954111403,1.2634091033710795,0.7938381342801148,5.888888888888889,,,,,,,,,,False
161,D,XGBoost,9,40,3.122258480223086,1.0143248300927237,3.198636261645971,1.5679619821725856,0.6441608246557564,9.0,,,,,,,,,,False
161,G,AutoGluon,3,40,11.49502550725388,10.934493815129835,2.190429202919419,3.3804136060253795,0.03729355870732753,3.0,,,,,,,,,,False
161,G,CatBoost,3,40,30.012903950972213,34.502256403401,19.33766047226508,5.226390535103457,-1.2284479067678054,4.0,,,,,,,,,,False
161,G,DeepSetModel-MC,3,40,19.11379042736375,18.42260135948172,6.685399036515675,4.32685075263073,-0.5691297956621914,4.0,200.0,5.0,,,,,,,,False
161,G,FixedRidgeLambda1,3,40,192.9703734009041,205.09779960956976,32.751104017930125,13.856341452587783,-16.3299049071974,7.0,,,,,,,,,,False
161,G,KNN,3,40,273.196269521682,196.30269022192505,133.40991220750067,16.227394608482147,-20.24875841300673,7.333333333333333,,,,,,,,,,False
161,G,LightGBM,3,40,383.291245567482,390.24975853050034,88.3333400159338,19.48847400402092,-32.810793824119905,9.0,,,,,,,,,,False
161,G,LinearRegression,3,40,195.99133658436463,208.61500959526705,33.24552214160031,13.96439740453117,-16.599443408665174,8.0,,,,,,,,,,False
161,G,MLP,3,40,1367.106724185173,1187.928163543123,761.4675666820987,36.02074695160929,-106.35713625308956,10.666666666666666,,,,,,,,,,False
161,G,RandomForest,3,40,85.6058796704397,94.0565448838938,74.22774078074366,8.299776394847882,-5.64794130704544,4.333333333333333,,,,,,,,,,False
161,G,Ridge,3,40,192.9703734009041,205.09779960956976,32.751104017930125,13.856341452587783,-16.3299049071974,7.0,,,,,,,,,,False
161,G,SVR,3,40,4.331613347368102,3.881833703529156,1.8551832843794345,2.0500968921214913,0.6616860361539953,1.0,,,,,,,,,,False
161,G,XGBoost,3,40,507.1467691283071,723.4207007747827,434.2602091593828,19.23474829207579,-35.430567063208755,7.666666666666667,,,,,,,,,,False
161,H,AutoGluon,12,40,0.4062991021546256,0.2749906845706075,0.2807058444920663,0.6066812453036237,0.9609497539864932,3.1666666666666665,,,,,,,,,,False
161,H,CatBoost,12,40,1.9517312164780203,1.3717655077155977,1.3061674233574871,1.328251266756236,0.8272367972790359,5.75,,,,,,,,,,False
161,H,DeepSetModel-MC,12,40,12.270407079884706,10.959312052691565,7.067827450973564,3.3454997413362855,-0.023853185098834342,11.0,200.0,5.0,,,,,,,,False
161,H,FixedRidgeLambda1,12,40,0.06379245565805146,0.058006230425037,0.030807676948685678,0.24569746991220956,0.993495613740054,1.1666666666666667,,,,,,,,,,False
161,H,KNN,12,40,3.905148681290419,2.3734600874213987,2.702416636820858,1.8623769717167944,0.6684555897506801,9.083333333333334,,,,,,,,,,False
161,H,LightGBM,12,40,1.9336176419197217,1.3689108586838294,1.4335382318788084,1.320087970516121,0.8228757194561002,5.916666666666667,,,,,,,,,,False
161,H,LinearRegression,12,40,0.0699728876982325,0.06542260980406314,0.028378867201373843,0.2593691091471341,0.9925332857404711,1.8333333333333333,,,,,,,,,,False
161,H,MLP,12,40,0.6559851098990944,0.631772764328746,0.15128855858135426,0.8049360866849248,0.9100154667003072,4.0,,,,,,,,,,False
161,H,RandomForest,12,40,3.3278156430755694,2.349999760020666,2.7553398330485797,1.6957878063114034,0.7285774342634878,7.916666666666667,,,,,,,,,,False
161,H,Ridge,12,40,0.06379245565805146,0.058006230425037,0.030807676948685678,0.24569746991220956,0.993495613740054,1.1666666666666667,,,,,,,,,,False
161,H,SVR,12,40,2.8920361268029873,1.489396092877516,2.2932821771217164,1.5716953019321345,0.7770307652066033,7.0,,,,,,,,,,False
161,H,XGBoost,12,40,3.9290614253459526,2.721065182157498,3.1056956802062663,1.8560678140468079,0.6632609548880468,9.166666666666666,,,,,,,,,,False
162,A,AutoGluon,3,40,0.34510940377708427,0.3721098239497389,0.05666934942234832,0.5860677177378878,0.9478917744951322,3.0,,,,,,,,,,False
162,A,CatBoost,3,40,1.1891255155776352,1.197984692633942,0.24564963234325957,1.0865170541248224,0.8279962211671564,5.333333333333333,,,,,,,,,,False
162,A,DeepSetModel-MC,3,40,7.145120081588008,7.26449089999034,1.5560063043856092,2.662174832320518,-0.031715160609185396,11.0,200.0,5.0,,,,,,,,False
162,A,FixedRidgeLambda1,3,40,0.0909659156286987,0.0882459848058908,0.03240827692849082,0.2983579572196469,0.9866637777203154,2.0,,,,,,,,,,False
162,A,KNN,3,40,2.939712579221954,2.788318075842446,0.6783150295146255,1.707111847297581,0.5749666442368321,10.0,,,,,,,,,,False
162,A,LightGBM,3,40,1.3878652126998972,1.383807636302694,0.009609440666238492,1.1780722148498766,0.7936096548851953,6.333333333333333,,,,,,,,,,False
162,A,LinearRegression,3,40,0.08800586840161417,0.0875326088028568,0.02954806499878231,0.2937788222563837,0.9870543440763555,1.0,,,,,,,,,,False
162,A,MLP,3,40,0.8002916550534396,0.799866882200465,0.1564448474770426,0.8917078172826921,0.8840402074277002,4.0,,,,,,,,,,False
162,A,RandomForest,3,40,1.6793650010899228,1.631674868732126,0.3605478899884087,1.2909597462164362,0.7569815860082881,7.333333333333333,,,,,,,,,,False
162,A,Ridge,3,40,0.0909659156286987,0.0882459848058908,0.03240827692849082,0.2983579572196469,0.9866637777203154,2.0,,,,,,,,,,False
162,A,SVR,3,40,1.8489505976935068,1.5880578298291068,0.8995624094872288,1.3337822848096572,0.7403268917793967,7.333333333333333,,,,,,,,,,False
162,A,XGBoost,3,40,2.320777050440864,2.4278815244847296,0.3765823336469719,1.5199306906342656,0.6626259987539863,8.666666666666666,,,,,,,,,,False
162,B,AutoGluon,3,40,0.24212331000581785,0.2410825584508236,0.03715955534982023,0.4910903985718939,0.9732515246026567,3.0,,,,,,,,,,False
162,B,CatBoost,3,40,0.8145663376099943,0.7107828393055667,0.3635184152065781,0.8880393147563934,0.913217194082034,5.666666666666667,,,,,,,,,,False
162,B,DeepSetModel-MC,3,40,9.16355804061489,8.953905030241947,1.4261824173882465,3.0210840584205676,-0.004870157694850633,11.0,200.0,5.0,,,,,,,,False
162,B,FixedRidgeLambda1,3,40,0.1036373744181468,0.0871575962689265,0.044843332090316754,0.31717391641606946,0.9879831482342514,1.6666666666666667,,,,,,,,,,False
162,B,KNN,3,40,3.110703426322191,2.817795998814945,0.5625698238236003,1.7591148611391978,0.6591559310539062,10.0,,,,,,,,,,False
162,B,LightGBM,3,40,1.109779766732314,1.0429037310745308,0.18899324140094517,1.050994220481184,0.8779690931117488,8.0,,,,,,,,,,False
162,B,LinearRegression,3,40,0.10386032724781259,0.0859482540544947,0.04730322291446515,0.31701734185002406,0.9879341842203356,1.3333333333333333,,,,,,,,,,False
162,B,MLP,3,40,0.6106204971796648,0.6287012516076251,0.036761893853496715,0.7811818224067624,0.9316440198831937,5.0,,,,,,,,,,False
162,B,RandomForest,3,40,0.6168732437646732,0.5146451828110499,0.2711446340871455,0.7734730381546022,0.9336033794943589,4.666666666666667,,,,,,,,,,False
162,B,Ridge,3,40,0.1036373744181468,0.0871575962689265,0.044843332090316754,0.31717391641606946,0.9879831482342514,1.6666666666666667,,,,,,,,,,False
162,B,SVR,3,40,1.567876392451889,1.737977008479471,0.38793905010991786,1.2451937819743668,0.8293468473355124,9.0,,,,,,,,,,False
162,B,XGBoost,3,40,0.9971472766977394,0.9215484544967794,0.1835766202866025,0.9958582414190184,0.8908566669356118,6.666666666666667,,,,,,,,,,False
162,C,AutoGluon,9,40,0.5550446854169153,0.5696401649223256,0.26187858255916036,0.7260638728355499,0.9098686854158928,2.3333333333333335,,,,,,,,,,False
162,C,CatBoost,9,40,2.340587933083757,1.491986377335127,1.6888351811808204,1.4444578042296212,0.7278402634633401,5.111111111111111,,,,,,,,,,False
162,C,DeepSetModel-MC,9,40,9.614646779833087,9.367766230007629,6.23475793776334,2.9378906824970255,-0.08423479982593468,10.88888888888889,200.0,5.0,,,,,,,,False
162,C,FixedRidgeLambda1,9,40,0.2702652702520705,0.2500732851231059,0.16932947951652838,0.4963882071505744,0.9240475901719394,1.7777777777777777,,,,,,,,,,False
162,C,KNN,9,40,3.6606405034667397,3.394307708315042,1.9288645623105594,1.8546289837338965,0.5034008627335481,8.333333333333334,,,,,,,,,,False
162,C,LightGBM,9,40,2.9052725467358296,2.378889169042602,1.225689607488204,1.6717819666251064,0.4955258975413705,7.333333333333333,,,,,,,,,,False
162,C,LinearRegression,9,40,0.27348851527720275,0.2478273008192828,0.16960582037093871,0.499804386338671,0.9235058062856153,2.111111111111111,,,,,,,,,,False
162,C,MLP,9,40,2.490987648656267,2.240391589073628,0.7728523128319256,1.560877446304276,0.5707596980765879,6.777777777777778,,,,,,,,,,False
162,C,RandomForest,9,40,3.3507095428837896,1.9519870102741224,2.650546226657736,1.7105355358668177,0.6221192806031106,7.555555555555555,,,,,,,,,,False
162,C,Ridge,9,40,0.2702652702520705,0.2500732851231059,0.16932947951652838,0.4963882071505744,0.9240475901719394,1.7777777777777777,,,,,,,,,,False
162,C,SVR,9,40,2.5383679567823156,1.4891565701095832,2.3835749527205445,1.4427950950414372,0.7484589018661497,5.111111111111111,,,,,,,,,,False
162,C,XGBoost,9,40,4.504862609828539,3.339759822884146,3.4062831134878793,1.9799604974325768,0.5118981694839453,8.666666666666666,,,,,,,,,,False
162,D,AutoGluon,6,40,0.3981836762379259,0.3767652840904851,0.07973110434993941,0.6284416615094366,0.9553000935134118,3.0,,,,,,,,,,False
162,D,CatBoost,6,40,1.685312436410064,1.7717407444022129,0.7721335703943445,1.266347234418402,0.8384011008758535,5.5,,,,,,,,,,False
162,D,DeepSetModel-MC,6,40,10.453130297040536,10.422044492922893,4.284046653197819,3.1737811696151916,-0.018761596033557117,11.0,200.0,5.0,,,,,,,,False
162,D,FixedRidgeLambda1,6,40,0.12321456159768258,0.1169934149760004,0.053644820646348956,0.344481132600126,0.9876234188179421,1.3333333333333333,,,,,,,,,,False
162,D,KNN,6,40,3.0553859395145757,3.0751562095492835,1.002794462413391,1.727705092347428,0.6920621331173509,9.333333333333334,,,,,,,,,,False
162,D,LightGBM,6,40,1.6599815923528087,1.614756610494723,0.7629698861065799,1.2592746475094483,0.8392954847351688,5.5,,,,,,,,,,False
162,D,LinearRegression,6,40,0.12493563848244671,0.11681201844702485,0.05664033422106821,0.34626630529337343,0.9875239495225966,1.6666666666666667,,,,,,,,,,False
162,D,MLP,6,40,0.7496515129178417,0.6775836865507422,0.2440569101833227,0.8565062321323769,0.9234226732049873,4.0,,,,,,,,,,False
162,D,RandomForest,6,40,2.6738449603465972,2.397903515568067,1.279576785414339,1.5943332773885677,0.7450016980112868,8.5,,,,,,,,,,False
162,D,Ridge,6,40,0.12321456159768258,0.1169934149760004,0.053644820646348956,0.344481132600126,0.9876234188179421,1.3333333333333333,,,,,,,,,,False
162,D,SVR,6,40,2.261285886704274,2.2839051010558915,1.0141329824703584,1.4702114509316095,0.7803851096003465,7.166666666666667,,,,,,,,,,False
162,D,XGBoost,6,40,2.8813663799367273,2.7111152764453665,1.2577276449799422,1.6639274330721674,0.7125165838783012,9.0,,,,,,,,,,False
162,E,AutoGluon,3,40,0.3008216873904443,0.2575191558978054,0.07722145228965092,0.5456297539705931,0.9434264609656879,3.0,,,,,,,,,,False
162,E,CatBoost,3,40,2.1583705322027904,2.30974319548182,0.3462861495154485,1.4658255874289117,0.6065553087173495,5.333333333333333,,,,,,,,,,False
162,E,DeepSetModel-MC,3,40,5.584680168836724,5.684949987609537,0.7566869995687612,2.3595079838736637,-0.017840300145132635,11.0,200.0,5.0,,,,,,,,False
162,E,FixedRidgeLambda1,3,40,0.1363391755011078,0.1021672029332725,0.06084702664313894,0.36359885826631394,0.9739784628641184,1.0,,,,,,,,,,False
162,E,KNN,3,40,3.0198533517430355,3.0007323206427885,0.7351486818361623,1.7290689868895077,0.45477096362966457,9.0,,,,,,,,,,False
162,E,LightGBM,3,40,2.4688819781673197,2.5020017231239384,0.4918947008510851,1.5659504365987207,0.5494576220075973,6.666666666666667,,,,,,,,,,False
162,E,LinearRegression,3,40,0.13775612097126907,0.1027654686936843,0.06113718895549335,0.3655459147145403,0.9737174336949345,2.0,,,,,,,,,,False
162,E,MLP,3,40,1.0559908518134582,0.9422795846042809,0.25776639895096254,1.0227600131688181,0.8089414954619049,4.0,,,,,,,,,,False
162,E,RandomForest,3,40,2.7277652231369056,2.6274669732889078,0.23727616461653805,1.650574598160438,0.4977790110734275,8.0,,,,,,,,,,False
162,E,Ridge,3,40,0.1363391755011078,0.1021672029332725,0.06084702664313894,0.36359885826631394,0.9739784628641184,1.0,,,,,,,,,,False
162,E,SVR,3,40,2.3616037993626,2.6978819893599573,0.7512041691339197,1.5221598110360877,0.5758251761395888,6.666666666666667,,,,,,,,,,False
162,E,XGBoost,3,40,3.056195702921108,3.1491385349217715,0.317687877263264,1.7465852452996096,0.4330881208764256,9.333333333333334,,,,,,,,,,False
162,F,AutoGluon,9,40,0.08189456553077346,0.0765058225720825,0.04285046391708214,0.27556686219202153,0.22039037337369238,3.4444444444444446,,,,,,,,,,False
162,F,CatBoost,9,40,0.2038743467275122,0.1748150969118401,0.06909689466953611,0.4462937712168444,0.1491660298628794,7.222222222222222,,,,,,,,,,False
162,F,DeepSetModel-MC,9,40,0.09608989773636997,0.0030084764914699,0.1436573078527456,0.19902536870276374,-0.008979492106870443,3.7777777777777777,200.0,5.0,,,,,,,,False
162,F,FixedRidgeLambda1,9,40,0.04812043506394638,0.0506992690218517,0.012586903376078417,0.21739694796670328,0.28936489680926436,2.0,,,,,,,,,,False
162,F,KNN,9,40,0.20296113619909997,0.195600277725489,0.02900586084055963,0.449529332332729,0.08491561088181357,6.888888888888889,,,,,,,,,,False
162,F,LightGBM,9,40,0.37120499518544503,0.3364398478378595,0.12240892756045699,0.6027661444318996,-0.07382860366988644,9.555555555555555,,,,,,,,,,False
162,F,LinearRegression,9,40,0.048889180100841007,0.0524329893194107,0.012709943924107615,0.21915900154086432,0.28836327807780526,3.0,,,,,,,,,,False
162,F,MLP,9,40,0.6611420527025833,0.5622399744684601,0.3357151599641599,0.7937713075554126,-0.17044523305579565,10.88888888888889,,,,,,,,,,False
162,F,RandomForest,9,40,0.1235969805134512,0.1021586074027545,0.050802108004477396,0.3451981773144591,0.20754498629024598,4.555555555555555,,,,,,,,,,False
162,F,Ridge,9,40,0.04812043506394638,0.0506992690218517,0.012586903376078417,0.21739694796670328,0.28936489680926436,2.0,,,,,,,,,,False
162,F,SVR,9,40,0.14820686767570912,0.1299279496548617,0.03842910979011354,0.38224319083278746,0.15967755296560648,5.666666666666667,,,,,,,,,,False
162,F,XGBoost,9,40,0.3182807345493845,0.26666038368993,0.1027000464123234,0.5584951967848679,-0.014692436052033235,9.0,,,,,,,,,,False
162,G,AutoGluon,15,41,17920.84033928352,2.595435683836792,69218.22111293927,37.51335232964366,-651.5289769656118,2.066666666666667,,,,,,,,,,False
162,G,CatBoost,15,40,22138.602468569105,11.717429863521462,81818.27401559641,48.197356885389105,-809.6744259689573,5.733333333333333,,,,,,,,,,False
162,G,DeepSetModel-MC,15,41,5325.007343869756,8.177488781903772,14031.507671049614,28.94068406698751,-203.072068445224,5.533333333333333,200.0,5.0,,,,,,,,False
162,G,FixedRidgeLambda1,15,40,187980.3247687193,5.950559603166437,517223.3208967183,158.66213304003287,-7083.5812054583375,4.066666666666666,,,,,,,,,,False
162,G,KNN,15,40,22.548464013103406,16.616634486338196,15.678985393170478,4.480822570042951,-3.6407131663607393,7.2,,,,,,,,,,False
162,G,LightGBM,15,40,331613.66993552,22.461842593704368,1076547.9279810558,200.33399115280827,-12265.964865446089,9.0,,,,,,,,,,False
162,G,LinearRegression,15,40,190900.63376566395,6.103061438033682,525136.8265792473,159.90022256204205,-7193.9135826074535,5.2,,,,,,,,,,False
162,G,MLP,15,40,69421.20588178172,110.07679549287802,209826.89933613472,100.30071140328124,-2602.4762238188796,10.466666666666667,,,,,,,,,,False
162,G,RandomForest,15,40,228269.75838763593,16.069032686071676,875657.2900631836,137.72263106500165,-8314.739503426668,7.333333333333333,,,,,,,,,,False
162,G,Ridge,15,40,187980.3247687193,5.950559603166437,517223.3208967183,158.66213304003287,-7083.5812054583375,4.066666666666666,,,,,,,,,,False
162,G,SVR,15,40,4.467597927920954,2.444316139743447,5.635380592952023,1.7899538927931,0.6472942365140582,1.6666666666666667,,,,,,,,,,False
162,G,XGBoost,15,40,2272754.8344318774,19.354103142473,8802245.4474274,393.4582815777097,-82695.27542239548,7.733333333333333,,,,,,,,,,False
162,H,AutoGluon,9,41,0.5621040562096947,0.5622963281579143,0.32268243446428907,0.7212882929953617,0.9534091445281315,3.3333333333333335,,,,,,,,,,False
162,H,CatBoost,9,40,1.372546921274188,1.0977447410310694,0.6007632417943414,1.1471064954744548,0.8817854293121156,5.333333333333333,,,,,,,,,,False
162,H,DeepSetModel-MC,9,41,11.900124528565968,10.2335106249853,4.545194772594097,3.3957884354213155,-0.022829884809392888,11.0,200.0,5.0,,,,,,,,False
162,H,FixedRidgeLambda1,9,40,0.06921100929767307,0.0522831455516907,0.03422869697325487,0.25570632878690513,0.9936755096326522,1.5555555555555556,,,,,,,,,,False
162,H,KNN,9,40,2.5150610365685067,2.490278999130164,1.428348394815853,1.536540036724377,0.7881870716711735,8.666666666666666,,,,,,,,,,False
162,H,LightGBM,9,40,1.7659262289786548,1.4788140897458073,0.9546303867183935,1.2907416102024811,0.8509325971230038,6.111111111111111,,,,,,,,,,False
162,H,LinearRegression,9,40,0.07231179634063555,0.051330259015243,0.038611189889534506,0.2599660715056402,0.9935180515211862,1.4444444444444444,,,,,,,,,,False
162,H,MLP,9,40,0.7208769730079638,0.6392664518905706,0.31423301035081214,0.8322207162947663,0.929567384081266,3.7777777777777777,,,,,,,,,,False
162,H,RandomForest,9,40,2.141630248615182,2.0034808608493497,0.9363788249836013,1.4347249834151108,0.812627698751457,7.555555555555555,,,,,,,,,,False
162,H,Ridge,9,40,0.06921100929767307,0.0522831455516907,0.03422869697325487,0.25570632878690513,0.9936755096326522,1.5555555555555556,,,,,,,,,,False
162,H,SVR,9,40,2.7579784137669687,1.803952726889271,2.1449020990969685,1.568487094488294,0.7849922511294719,8.333333333333334,,,,,,,,,,False
162,H,XGBoost,9,40,2.5939866196040957,2.3735481891311787,0.9968386290134885,1.5842681230079512,0.7703065035956433,8.88888888888889,,,,,,,,,,False
163,A,AutoGluon,6,40,0.3485422191605143,0.24569248848822095,0.19319325747802502,0.5746303810565884,0.9342056479654498,3.1666666666666665,,,,,,,,,,False
163,A,CatBoost,6,40,1.338681021616981,1.2318130618916396,0.5881382825234799,1.1331455785980575,0.753532934452076,5.5,,,,,,,,,,False
163,A,DeepSetModel-MC,6,40,5.636093944316866,4.901355860376352,2.33629926883598,2.3328967326880092,-0.04330621382970748,11.0,200.0,5.0,,,,,,,,False
163,A,FixedRidgeLambda1,6,40,0.16968570064937752,0.18002739872847356,0.051364814445604694,0.4076986548754518,0.9622317989474495,1.1666666666666667,,,,,,,,,,False
163,A,KNN,6,40,2.490630447666366,2.2488007407421797,1.0361630448942707,1.5497735314464862,0.5386982967410914,9.5,,,,,,,,,,False
163,A,LightGBM,6,40,1.353063877503688,1.3245878300174407,0.4547631558674027,1.149592014526764,0.7426293987937901,5.666666666666667,,,,,,,,,,False
163,A,LinearRegression,6,40,0.17109259910681848,0.18136539196260884,0.05127628957204377,0.4094947667294035,0.9618366866313287,1.8333333333333333,,,,,,,,,,False
163,A,MLP,6,40,0.6905730170898549,0.6960353524236778,0.13269999881160208,0.8278560277046513,0.8530962102340869,4.333333333333333,,,,,,,,,,False
163,A,RandomForest,6,40,2.2780375940937634,2.3010567513699574,1.0042793475606144,1.4765586636162376,0.5787830812957977,8.666666666666666,,,,,,,,,,False
163,A,Ridge,6,40,0.16968570064937752,0.18002739872847356,0.051364814445604694,0.4076986548754518,0.9622317989474495,1.1666666666666667,,,,,,,,,,False
163,A,SVR,6,40,1.5368502184899013,1.3132670384499558,0.7242416790763866,1.211816982782658,0.7205756460782293,6.5,,,,,,,,,,False
163,A,XGBoost,6,40,2.246009465753345,2.1599562942400796,0.7719503477390207,1.47951068848559,0.5643076292881248,8.666666666666666,,,,,,,,,,False
163,C,AutoGluon,3,40,0.5083253232102823,0.5221549737939318,0.0925859393012091,0.7109372180694083,0.7836990827308483,3.3333333333333335,,,,,,,,,,False
163,C,CatBoost,3,40,1.0768593974745004,1.1148994554247458,0.20274516742702361,1.0345379271739676,0.540396001098911,5.0,,,,,,,,,,False
163,C,DeepSetModel-MC,3,40,2.4313874729803135,2.324963075121233,0.3305522002727329,1.5569466142679234,-0.0364856829726772,8.333333333333334,200.0,5.0,,,,,,,,False
163,C,FixedRidgeLambda1,3,40,0.2723986479956337,0.29200075096176,0.08680658389604967,0.5171080403071119,0.8842729800909402,2.0,,,,,,,,,,False
163,C,KNN,3,40,2.1732646811373244,2.176764568558622,0.8941799634468361,1.4521639815966079,0.060586936482379485,7.0,,,,,,,,,,False
163,C,LightGBM,3,40,2.109200471069053,2.075138002548811,0.15828555158562269,1.4516337796484053,0.09677635805308706,7.333333333333333,,,,,,,,,,False
163,C,LinearRegression,3,40,0.26872236970447244,0.289666977640576,0.08584552902134303,0.5135643607558801,0.8858081634830629,1.0,,,,,,,,,,False
163,C,MLP,3,40,11.214915331409289,13.358882284664396,4.903737402909379,3.2846578286900248,-3.798833871360206,10.333333333333334,,,,,,,,,,False
163,C,RandomForest,3,40,4.607349796214563,5.797728937000827,3.3147431070703504,2.0041559125368105,-0.9367201167502555,8.0,,,,,,,,,,False
163,C,Ridge,3,40,0.2723986479956337,0.29200075096176,0.08680658389604967,0.5171080403071119,0.8842729800909402,2.0,,,,,,,,,,False
163,C,SVR,3,40,0.6309058823744039,0.651807146451033,0.11088212154979432,0.7921810980130942,0.7285931346204589,3.6666666666666665,,,,,,,,,,False
163,C,XGBoost,3,40,14.845294252123118,15.23234824150992,13.343392891459315,3.4463975289251536,-5.122604969141034,10.0,,,,,,,,,,False
163,E,AutoGluon,9,41,0.25881310291054405,0.2666062844677005,0.12404349641078466,0.49290264668085293,0.90690153727528,3.0,,,,,,,,,,False
163,E,CatBoost,9,41,1.271963224682116,0.4885422107113713,1.2378364267104445,1.0079570660158472,0.7336014490457805,5.444444444444445,,,,,,,,,,False
163,E,DeepSetModel-MC,9,41,4.76184979444909,2.567567125206774,4.22741781335715,1.982509488269169,-0.010723222337654055,10.88888888888889,200.0,5.0,,,,,,,,False
163,E,FixedRidgeLambda1,9,41,0.035305455608892436,0.0321702864431364,0.01316809615299909,0.18532331731001184,0.9842300543622956,1.4444444444444444,,,,,,,,,,False
163,E,KNN,9,41,2.321282221797161,1.3123527836135398,2.322512064421116,1.356139171803325,0.533192766662383,8.666666666666666,,,,,,,,,,False
163,E,LightGBM,9,41,1.4600050710887953,0.9377453435842018,1.282406583784604,1.112167636352921,0.6477247477234871,6.888888888888889,,,,,,,,,,False
163,E,LinearRegression,9,41,0.035811035427665665,0.0327642802686704,0.012829970514609263,0.18669985503728193,0.9842163360743259,1.5555555555555556,,,,,,,,,,False
163,E,MLP,9,41,0.8381444810030065,0.8048467050519568,0.3487471022227293,0.8986112959782138,0.5877683813015575,7.0,,,,,,,,,,False
163,E,RandomForest,9,41,1.6231497219959017,0.6686495535650682,1.6516205262114059,1.1190937017396052,0.6957246299940455,6.222222222222222,,,,,,,,,,False
163,E,Ridge,9,41,0.035305455608892436,0.0321702864431364,0.01316809615299909,0.18532331731001184,0.9842300543622956,1.4444444444444444,,,,,,,,,,False
163,E,SVR,9,41,1.7768563490222358,0.8871945029706102,1.818831339798414,1.1634233065021133,0.6649001724495033,6.777777777777778,,,,,,,,,,False
163,E,XGBoost,9,41,1.7993805092757245,0.9541796265010304,1.6099425419981046,1.2246362089774718,0.5949440001805473,8.11111111111111,,,,,,,,,,False
163,F,AutoGluon,9,41,0.13196414894769348,0.1294682575526367,0.07911699012607673,0.3458733994809646,0.4540638448480908,3.3333333333333335,,,,,,,,,,False
163,F,CatBoost,9,41,0.26359861327573597,0.2562376471799451,0.06495268486896089,0.5097478366880229,0.25497942790414907,6.555555555555555,,,,,,,,,,False
163,F,DeepSetModel-MC,9,41,0.3586016510098846,0.4115357463834042,0.2830331124849829,0.49969263000889946,-0.030206706861598955,6.333333333333333,200.0,5.0,,,,,,,,False
163,F,FixedRidgeLambda1,9,41,0.04361812654260489,0.0410204367385955,0.015835436786913598,0.2056557475904202,0.6072185570632399,2.111111111111111,,,,,,,,,,False
163,F,KNN,9,41,0.3567405681533116,0.3897099071171407,0.1703101496545337,0.5820124506991537,0.09444836855564492,7.888888888888889,,,,,,,,,,False
163,F,LightGBM,9,41,0.4078920739581453,0.3479802222888909,0.1436834308994368,0.6308609336118555,0.02831637222053618,8.555555555555555,,,,,,,,,,False
163,F,LinearRegression,9,41,0.0434282137459818,0.0408478581595631,0.015464423702748411,0.2053304647726312,0.6077094425880268,2.0,,,,,,,,,,False
163,F,MLP,9,41,0.7679908946368511,0.7267290642006753,0.13776818028227392,0.8732318138908103,-0.34813276694007045,11.0,,,,,,,,,,False
163,F,RandomForest,9,41,0.17644085141018656,0.1650097407042962,0.05583549342793572,0.41521415643569637,0.3933762338055206,4.222222222222222,,,,,,,,,,False
163,F,Ridge,9,41,0.04361812654260489,0.0410204367385955,0.015835436786913598,0.2056557475904202,0.6072185570632399,2.111111111111111,,,,,,,,,,False
163,F,SVR,9,41,0.22708793767726373,0.2267497096742532,0.09757863120009456,0.46571486022709585,0.29202052687272045,5.333333333333333,,,,,,,,,,False
163,F,XGBoost,9,41,0.4093889524717014,0.3482219295625514,0.1343651397716553,0.6324886597394395,0.030817619312601813,8.666666666666666,,,,,,,,,,False
163,G,AutoGluon,9,41,22.27366552025895,7.476539337391811,33.30289741680263,3.8120465862660566,-1.9563487163649778,2.888888888888889,,,,,,,,,,False
163,G,CatBoost,9,41,489.94151553712044,11.139938001313755,1417.4808729426254,10.742804487250067,-61.26580653648304,5.666666666666667,,,,,,,,,,False
163,G,DeepSetModel-MC,9,41,64.36521465405299,21.24415657356734,97.35394991356705,6.313266118908243,-6.960974893562168,5.444444444444445,200.0,5.0,,,,,,,,False
163,G,FixedRidgeLambda1,9,41,997.3366432769895,7.920174876887536,1987.5775775866953,16.82766665014216,-132.53225259980502,4.0,,,,,,,,,,False
163,G,KNN,9,41,16.635062972277115,18.081314191485912,8.832540307852037,3.9303743062499614,-1.2137629779642012,6.111111111111111,,,,,,,,,,False
163,G,LightGBM,9,41,1185.6520409733635,41.78610116937756,2360.9882760363753,20.4044406139958,-161.48717888566722,8.444444444444445,,,,,,,,,,False
163,G,LinearRegression,9,41,1011.6544243421793,8.019376408239241,2016.1968740092059,16.946174702736503,-134.4473425805979,5.0,,,,,,,,,,False
163,G,MLP,9,41,4146.445902133273,109.66581198125355,8382.074008167147,37.54598930605655,-568.6436479057306,10.222222222222221,,,,,,,,,,False
163,G,RandomForest,9,41,7767.288326672665,14.039152018931762,23178.654357449097,34.018119901026694,-983.8199043315867,6.777777777777778,,,,,,,,,,False
163,G,Ridge,9,41,997.3366432769895,7.920174876887536,1987.5775775866953,16.82766665014216,-132.53225259980502,4.0,,,,,,,,,,False
163,G,SVR,9,41,3.693914376623395,2.4758145084410965,2.729319301293797,1.8142701329218813,0.7030521852713849,2.5555555555555554,,,,,,,,,,False
163,G,XGBoost,9,41,22333.97336618333,30.30549096603394,66604.5961046379,57.87444859528622,-2828.8789864298838,8.88888888888889,,,,,,,,,,False
163,H,AutoGluon,6,41,0.41442031722265904,0.421214386709438,0.18356833465652142,0.6297023263680215,0.9618233658168595,3.3333333333333335,,,,,,,,,,False
163,H,CatBoost,6,41,1.661288400670223,1.6951522601025715,0.3297774280157311,1.283483168005643,0.8239357940637507,5.333333333333333,,,,,,,,,,False
163,H,DeepSetModel-MC,6,41,14.08029120456663,13.649234848834222,7.711718561331114,3.6249122835546377,-0.048820950708015766,11.0,200.0,5.0,,,,,,,,False
163,H,FixedRidgeLambda1,6,41,0.07080658985510387,0.058168969410081206,0.022673497366720627,0.26352986292733904,0.9920025526142614,1.8333333333333333,,,,,,,,,,False
163,H,KNN,6,41,3.0622347532730707,3.0760203266111863,0.34190871750119656,1.7476325480844712,0.6872622980673039,9.0,,,,,,,,,,False
163,H,LightGBM,6,41,1.9334730098772634,1.8863008753180086,0.32553189771749663,1.386399127652697,0.8147942032830858,5.833333333333333,,,,,,,,,,False
163,H,LinearRegression,6,41,0.06881039586525754,0.056196670336451454,0.022510569472914594,0.2596793744845025,0.9921986278956716,1.1666666666666667,,,,,,,,,,False
163,H,MLP,6,41,0.6868063977310501,0.6144148022267288,0.20599585513914387,0.8219515461141286,0.9284560719696774,3.6666666666666665,,,,,,,,,,False
163,H,RandomForest,6,41,2.665872434297448,2.6204378551602168,0.2287289263830803,1.6315123028477758,0.7253958912592954,7.666666666666667,,,,,,,,,,False
163,H,Ridge,6,41,0.07080658985510387,0.058168969410081206,0.022673497366720627,0.26352986292733904,0.9920025526142614,1.8333333333333333,,,,,,,,,,False
163,H,SVR,6,41,2.9230516274085914,2.5237134388535445,1.1993898645126848,1.6828531854439193,0.7518901404529658,8.0,,,,,,,,,,False
163,H,XGBoost,6,41,3.3167815086969057,3.268976733369657,0.7791633143758777,1.8112513630072276,0.6803329287339756,9.166666666666666,,,,,,,,,,False
164,A,AutoGluon,18,40,0.39992680781723,0.314212359541093,0.22210206567466395,0.6115305571369639,0.96112948266545,2.9444444444444446,,,,,,,,,,False
164,A,CatBoost,18,41,2.8018113909387434,1.936235343363308,2.8176317337757877,1.5323388992781544,0.7931585813217361,5.333333333333333,,,,,,,,,,False
164,A,DeepSetModel-MC,18,40,12.750879633242256,9.056083515590883,9.636681604562762,3.401909203885006,-0.03968837561436835,11.0,200.0,5.0,,,,,,,,False
164,A,FixedRidgeLambda1,18,41,0.09530903622885231,0.0964661697256333,0.049813010288057236,0.29821629230827446,0.9890811309241312,1.5,,,,,,,,,,False
164,A,KNN,18,41,4.560762406770845,2.820818337032743,4.235747630340942,1.974983943182715,0.6520445444846349,8.555555555555555,,,,,,,,,,False
164,A,LightGBM,18,41,2.7257103973812344,1.9391568048807994,2.1464254703721535,1.557011893439143,0.7731288933706613,6.0,,,,,,,,,,False
164,A,LinearRegression,18,41,0.09708813549902556,0.09458443852809335,0.05413904618935192,0.29975771984623306,0.9888459604197103,1.6111111111111112,,,,,,,,,,False
164,A,MLP,18,41,0.7344966739671639,0.7248859222490371,0.16886426577436545,0.8516222719585596,0.9205851800490189,4.222222222222222,,,,,,,,,,False
164,A,RandomForest,18,41,4.563009363926608,3.193130037867798,4.526130690293295,1.9504636576573948,0.6627763510246659,8.5,,,,,,,,,,False
164,A,Ridge,18,41,0.09530903622885231,0.0964661697256333,0.049813010288057236,0.29821629230827446,0.9890811309241312,1.5,,,,,,,,,,False
164,A,SVR,18,41,3.693117996704378,2.266337022490184,4.1159854742221365,1.7400843837342543,0.7378649131664495,6.944444444444445,,,,,,,,,,False
164,A,XGBoost,18,41,4.926266941681138,3.343492689594262,4.680475257244111,2.043961531460903,0.6225595827210065,9.38888888888889,,,,,,,,,,False
164,B,AutoGluon,3,40,0.20938775630366055,0.2441765943069814,0.06077686486629375,0.45399993131730865,0.9664802423314015,3.6666666666666665,,,,,,,,,,False
164,B,CatBoost,3,40,0.45263055335205565,0.3993614931134618,0.17844296380759325,0.6643896564591009,0.9308014650825797,5.333333333333333,,,,,,,,,,False
164,B,DeepSetModel-MC,3,40,6.744869700868336,6.655344829882114,1.4871365359730313,2.5865117654109366,-0.059454056650738406,11.0,200.0,5.0,,,,,,,,False
164,B,FixedRidgeLambda1,3,40,0.08797799293793081,0.081257959412905,0.03719416913473191,0.29220093528435703,0.9849605086234239,1.0,,,,,,,,,,False
164,B,KNN,3,40,1.6078151638967177,1.5900609731635964,0.5018759884968593,1.2574618851185153,0.7507265036708178,10.0,,,,,,,,,,False
164,B,LightGBM,3,40,0.8956788128303842,0.924629801655606,0.3292432670233459,0.9349761361379377,0.8600147037657045,7.333333333333333,,,,,,,,,,False
164,B,LinearRegression,3,40,0.0923170947742159,0.0851000491704546,0.0367100706077729,0.2998718719911456,0.9842727170414319,2.0,,,,,,,,,,False
164,B,MLP,3,40,0.9766270638084134,0.8311208678005821,0.28634161162542776,0.9815900764835708,0.8483073048175781,7.666666666666667,,,,,,,,,,False
164,B,RandomForest,3,40,0.24251162112703648,0.2204518928234369,0.12953174197905237,0.4804874954505494,0.9631778937990493,3.3333333333333335,,,,,,,,,,False
164,B,Ridge,3,40,0.08797799293793081,0.081257959412905,0.03719416913473191,0.29220093528435703,0.9849605086234239,1.0,,,,,,,,,,False
164,B,SVR,3,40,1.35558243529643,1.0276860604423534,0.6499532087725237,1.143740721763961,0.794769377651912,9.0,,,,,,,,,,False
164,B,XGBoost,3,40,0.4848228218075615,0.4181437338323898,0.20429833859567795,0.6864415086998493,0.9256766396805062,5.666666666666667,,,,,,,,,,False
164,C,AutoGluon,9,41,0.4802660350190178,0.3907263828095159,0.27705188604425307,0.6696119158693898,0.9548481217413166,2.3333333333333335,,,,,,,,,,False
164,C,CatBoost,9,40,2.5547217902798085,2.5997945034572334,1.4540178343672552,1.5346042216951945,0.7626507807723182,5.222222222222222,,,,,,,,,,False
164,C,DeepSetModel-MC,9,40,11.012235122220353,8.038165589320077,5.593092663572932,3.231459431547533,-0.02304482269785914,11.0,200.0,5.0,,,,,,,,False
164,C,FixedRidgeLambda1,9,40,0.3216274496287478,0.2899627269174336,0.1593224012191321,0.5515299063596192,0.9630001635575886,1.5555555555555556,,,,,,,,,,False
164,C,KNN,9,40,4.551618289740354,3.521642705787893,2.345785650489205,2.0721247166869876,0.577340012905641,8.88888888888889,,,,,,,,,,False
164,C,LightGBM,9,40,3.020281243160635,3.1677032744140856,0.7576412876462741,1.7257735967480317,0.6727029803528786,6.888888888888889,,,,,,,,,,False
164,C,LinearRegression,9,40,0.32555701484138766,0.2912815817494549,0.16015197055515673,0.5552928380688654,0.9625375780308504,2.111111111111111,,,,,,,,,,False
164,C,MLP,9,40,2.5193663125511794,2.4449013469070344,0.7447052702742601,1.5721373845353939,0.6998587477063674,6.333333333333333,,,,,,,,,,False
164,C,RandomForest,9,40,3.5367277302070117,3.615222782649708,1.7462760619011337,1.8189646694389277,0.6623075912523587,7.444444444444445,,,,,,,,,,False
164,C,Ridge,9,40,0.3216274496287478,0.2899627269174336,0.1593224012191321,0.5515299063596192,0.9630001635575886,1.5555555555555556,,,,,,,,,,False
164,C,SVR,9,40,2.728922008501508,1.9002327957723284,2.034937190013223,1.5491175236015098,0.7671911919734633,5.444444444444445,,,,,,,,,,False
164,C,XGBoost,9,40,4.37583244209948,4.781841623289405,2.1930236057497634,2.028464631689337,0.5782109693634239,8.777777777777779,,,,,,,,,,False
164,D,AutoGluon,6,40,0.20785713671210795,0.2225933253966791,0.1013820637211779,0.4435253030786604,0.9623063223706106,3.0,,,,,,,,,,False
164,D,CatBoost,6,40,0.9791705533317555,0.9936269087553702,0.4550799502631915,0.9656521222637543,0.840984360665233,5.5,,,,,,,,,,False
164,D,DeepSetModel-MC,6,40,6.186857263456697,6.274944637360818,2.2197506392929154,2.4527145367500944,-0.03599702828778511,11.0,200.0,5.0,,,,,,,,False
164,D,FixedRidgeLambda1,6,40,0.04214625829342288,0.03474893466293315,0.017234272204525145,0.20191278021211753,0.9926599777485241,1.3333333333333333,,,,,,,,,,False
164,D,KNN,6,40,2.0511333518854977,1.67335326393103,1.3285231918137046,1.3658984666901153,0.6828005455966882,8.666666666666666,,,,,,,,,,False
164,D,LightGBM,6,40,1.0571782513402341,1.12770939734639,0.2101210674621284,1.023508466337354,0.8126156475460892,6.333333333333333,,,,,,,,,,False
164,D,LinearRegression,6,40,0.044729151814494966,0.03647879399196495,0.019876297927327365,0.2074284330543512,0.9923527122744132,1.6666666666666667,,,,,,,,,,False
164,D,MLP,6,40,0.7632710958981032,0.7194006236019556,0.31997372207310837,0.8578021716713654,0.8556118544502187,5.666666666666667,,,,,,,,,,False
164,D,RandomForest,6,40,1.306765306887191,1.3957548624924456,0.42852258341936567,1.129010971613189,0.7759631213649029,7.5,,,,,,,,,,False
164,D,Ridge,6,40,0.04214625829342288,0.03474893466293315,0.017234272204525145,0.20191278021211753,0.9926599777485241,1.3333333333333333,,,,,,,,,,False
164,D,SVR,6,40,1.1398218185674016,1.10418366233139,0.664178348505431,1.023845612043733,0.8234792585481233,6.0,,,,,,,,,,False
164,D,XGBoost,6,40,1.6812506931667965,1.6455030011326353,0.691653979984033,1.2734886554931595,0.7198923281561607,9.333333333333334,,,,,,,,,,False
164,E,AutoGluon,9,41,0.31105584551121523,0.3130036523594282,0.1044708596178037,0.5506772883531846,0.9610963006572718,3.0,,,,,,,,,,False
164,E,CatBoost,9,41,2.0648906897645545,2.094430423104288,1.1092028872709638,1.3886256098857799,0.7772471590260852,5.222222222222222,,,,,,,,,,False
164,E,DeepSetModel-MC,9,41,10.059962829312433,8.052357250288148,5.806281081268284,3.0588442999991496,-0.068380811444616,11.0,200.0,5.0,,,,,,,,False
164,E,FixedRidgeLambda1,9,41,0.10104248653984906,0.1008246658582273,0.022785463944396667,0.3159965600983011,0.9864680082003178,1.5555555555555556,,,,,,,,,,False
164,E,KNN,9,41,3.9113803731921815,2.670702301793801,2.5472761112759845,1.8952567016473598,0.5909085148752898,8.777777777777779,,,,,,,,,,False
164,E,LightGBM,9,41,3.182463547082521,2.649091623890804,1.4398726386786254,1.7422295760944044,0.6368186862460474,7.777777777777778,,,,,,,,,,False
164,E,LinearRegression,9,41,0.09955640644385955,0.1030969348017945,0.02288819958608827,0.3136201815267629,0.9865598089150355,1.4444444444444444,,,,,,,,,,False
164,E,MLP,9,41,0.7507534196540551,0.7530163860300916,0.11398953212169227,0.8642862141868141,0.8978767350517539,4.0,,,,,,,,,,False
164,E,RandomForest,9,41,3.2327244169976126,3.1086554561659536,1.6596776211348392,1.7420471909460715,0.6486516430927534,7.777777777777778,,,,,,,,,,False
164,E,Ridge,9,41,0.10104248653984906,0.1008246658582273,0.022785463944396667,0.3159965600983011,0.9864680082003178,1.5555555555555556,,,,,,,,,,False
164,E,SVR,9,41,3.099481334416548,2.4801641600190734,2.119867100909818,1.6757686745895428,0.6847538473404744,6.666666666666667,,,,,,,,,,False
164,E,XGBoost,9,41,3.6138315472240907,2.9539604191341047,2.0053581003836833,1.8371645562638033,0.6032960802710886,8.777777777777779,,,,,,,,,,False
164,F,AutoGluon,3,41,0.257805036606215,0.2578191968089475,0.052789392121484854,0.5059471170029622,0.9841515241425097,3.3333333333333335,,,,,,,,,,False
164,F,CatBoost,3,41,0.5914789454134743,0.5315524800854691,0.2523965985507982,0.7576315910966018,0.9644354202118143,6.666666666666667,,,,,,,,,,False
164,F,DeepSetModel-MC,3,41,16.87068517071153,16.216843542758706,3.145869660910928,4.095700233252183,-0.027236184605702634,11.0,200.0,5.0,,,,,,,,False
164,F,FixedRidgeLambda1,3,41,0.0532652633864186,0.0524140458516527,0.016987288478213944,0.22879608033208645,0.9967527660949157,1.0,,,,,,,,,,False
164,F,KNN,3,41,4.134198057697645,4.047256640743608,0.4919692693429095,2.030899661536506,0.7439808999738425,10.0,,,,,,,,,,False
164,F,LightGBM,3,41,0.4726566065920645,0.4397274204901006,0.13386540622759163,0.6830236867456856,0.96992915603794,5.666666666666667,,,,,,,,,,False
164,F,LinearRegression,3,41,0.05759854222889164,0.0580097549552951,0.017823132367359978,0.238010560328779,0.9964793256878591,2.0,,,,,,,,,,False
164,F,MLP,3,41,0.5535175207418419,0.4917448289288221,0.12099783938030637,0.7411693041617734,0.9663504297278293,6.333333333333333,,,,,,,,,,False
164,F,RandomForest,3,41,0.2591143301738033,0.2630135296312547,0.11928188379810974,0.49925070160133656,0.9829992353485638,3.6666666666666665,,,,,,,,,,False
164,F,Ridge,3,41,0.0532652633864186,0.0524140458516527,0.016987288478213944,0.22879608033208645,0.9967527660949157,1.0,,,,,,,,,,False
164,F,SVR,3,41,2.675284238329851,2.5361706913256814,0.629025020861949,1.6282512634217607,0.8380358139471439,9.0,,,,,,,,,,False
164,F,XGBoost,3,41,0.6006279210986075,0.6295513354599532,0.10073968585348347,0.7731073553368285,0.9619023257042612,7.333333333333333,,,,,,,,,,False
164,H,AutoGluon,6,41,0.26956152565340374,0.30972508268274385,0.10007583610165341,0.5104581455854144,0.9686444969289726,3.0,,,,,,,,,,False
164,H,CatBoost,6,41,1.3620959349132498,1.3281093280282454,0.6851938183388684,1.134018857656191,0.8358741696237728,5.5,,,,,,,,,,False
164,H,DeepSetModel-MC,6,41,9.028584961497637,8.87407881467301,2.215462641766335,2.984840634005509,-0.037138927136164505,11.0,200.0,5.0,,,,,,,,False
164,H,FixedRidgeLambda1,6,41,0.0616616999386754,0.055582197858540947,0.029067374109920906,0.2426255035882392,0.9928783763348706,1.3333333333333333,,,,,,,,,,False
164,H,KNN,6,41,2.7023446854742468,2.9258192455817973,0.8563354437465279,1.6251893974312708,0.6736768834537488,9.666666666666666,,,,,,,,,,False
164,H,LightGBM,6,41,1.560413329512304,1.3959759006853711,0.5442900364288255,1.233756070411178,0.8182148446471761,6.333333333333333,,,,,,,,,,False
164,H,LinearRegression,6,41,0.062308244451848245,0.0556281191656208,0.02803488217745869,0.2445407124928183,0.9927432309287574,1.6666666666666667,,,,,,,,,,False
164,H,MLP,6,41,0.7446103112366872,0.7130155564158046,0.16727176477420783,0.8584108040297217,0.912277118584136,4.166666666666667,,,,,,,,,,False
164,H,RandomForest,6,41,1.6965103573880436,1.6794059890722792,0.468258017714625,1.2921346667508355,0.7973956342433741,7.333333333333333,,,,,,,,,,False
164,H,Ridge,6,41,0.0616616999386754,0.055582197858540947,0.029067374109920906,0.2426255035882392,0.9928783763348706,1.3333333333333333,,,,,,,,,,False
164,H,SVR,6,41,2.091329624918317,1.957182939533117,1.1307428207715802,1.3987925214354353,0.7612371897304439,7.833333333333333,,,,,,,,,,False
164,H,XGBoost,6,41,2.0430066325287783,1.9816334791810006,0.9016560915407915,1.400289699133804,0.7475259744813877,8.166666666666666,,,,,,,,,,False
165,A,AutoGluon,6,41,0.5455847928114733,0.48136382747998374,0.30362521365335765,0.7140914374081823,0.9552114896042648,3.0,,,,,,,,,,False
165,A,CatBoost,6,41,2.4577598568204153,2.028813092468231,1.3586008931227023,1.52165429487058,0.7982974796850257,5.666666666666667,,,,,,,,,,False
165,A,DeepSetModel-MC,6,41,11.975362864055242,10.868895610913084,5.248074848856852,3.401175645446834,-0.0174579293357412,11.0,200.0,5.0,,,,,,,,False
165,A,FixedRidgeLambda1,6,41,0.1646455494691047,0.15984144072739914,0.0971956599109834,0.3909224984073975,0.9859117101277378,1.1666666666666667,,,,,,,,,,False
165,A,KNN,6,41,4.9743849355215,4.14878005644872,2.40044759285312,2.1808843523917805,0.5800172221630309,9.5,,,,,,,,,,False
165,A,LightGBM,6,41,2.319812826630038,2.2863776825372364,1.1097145501505643,1.4858978887953223,0.8044872801167058,5.333333333333333,,,,,,,,,,False
165,A,LinearRegression,6,41,0.16999794050283704,0.16574996363361544,0.09937199473393434,0.39783079706235186,0.9853627155414384,1.8333333333333333,,,,,,,,,,False
165,A,MLP,6,41,0.8251082364322818,0.8197808462434688,0.2992809877394539,0.8953821151856655,0.9276165798043808,4.0,,,,,,,,,,False
165,A,RandomForest,6,41,3.9544884022126925,3.3863532563031,2.301304459092673,1.9193911148412164,0.6789809609852338,7.833333333333333,,,,,,,,,,False
165,A,Ridge,6,41,0.1646455494691047,0.15984144072739914,0.0971956599109834,0.3909224984073975,0.9859117101277378,1.1666666666666667,,,,,,,,,,False
165,A,SVR,6,41,3.6328927784957004,3.155943274497319,1.9174415147724524,1.8580815373829702,0.6978448946922969,7.833333333333333,,,,,,,,,,False
165,A,XGBoost,6,41,4.591511894950222,3.669796732201446,2.9442163649014805,2.051157305862123,0.6310341911003408,8.833333333333334,,,,,,,,,,False
165,B,AutoGluon,3,41,0.18922064933194693,0.2186256210243679,0.05205652962531435,0.43195261410245367,0.9362303488427296,3.0,,,,,,,,,,False
165,B,CatBoost,3,41,0.4450729958260977,0.4342338739066864,0.114184035673877,0.6634703210452937,0.8483865217837137,4.666666666666667,,,,,,,,,,False
165,B,DeepSetModel-MC,3,41,3.0047220111085786,3.2873437294200016,0.7743859055849207,1.722994452410069,-0.016416566048208667,11.0,200.0,5.0,,,,,,,,False
165,B,FixedRidgeLambda1,3,41,0.04628295743917957,0.0511038055071445,0.018426237971108237,0.21190363270621884,0.9848118435787682,1.0,,,,,,,,,,False
165,B,KNN,3,41,0.7095083004030148,0.6625004123900298,0.17183532228244516,0.8383255607545416,0.7546666327671593,8.0,,,,,,,,,,False
165,B,LightGBM,3,41,0.7186971487100267,0.7318674221896893,0.034787396728111715,0.84759248641158,0.7456199032290968,8.0,,,,,,,,,,False
165,B,LinearRegression,3,41,0.04793099181604227,0.0524874160982421,0.018700883022248503,0.21579934367833098,0.9842384016638581,2.0,,,,,,,,,,False
165,B,MLP,3,41,0.8156685770088328,0.7943070702950364,0.08242387107491289,0.9023869207882491,0.7026267794686013,9.333333333333334,,,,,,,,,,False
165,B,RandomForest,3,41,0.37257379534619733,0.3620235122179707,0.025704896374816034,0.6101500421371017,0.8678363663437465,4.333333333333333,,,,,,,,,,False
165,B,Ridge,3,41,0.04628295743917957,0.0511038055071445,0.018426237971108237,0.21190363270621884,0.9848118435787682,1.0,,,,,,,,,,False
165,B,SVR,3,41,0.6846453906449859,0.7079968525442062,0.2547675904187091,0.8171686571318993,0.7732627241142894,7.666666666666667,,,,,,,,,,False
165,B,XGBoost,3,41,0.6854006547387074,0.6119852657916124,0.18510676147779373,0.8230970134529342,0.7415183215894015,7.0,,,,,,,,,,False
165,C,AutoGluon,3,41,0.5749380841683734,0.6062151250080033,0.0786889022335717,0.7570148558025958,0.9469347189360069,3.0,,,,,,,,,,False
165,C,CatBoost,3,41,3.240837689238463,3.3220855883333176,0.5062220525558063,1.7964758387641109,0.6995429018278149,6.333333333333333,,,,,,,,,,False
165,C,DeepSetModel-MC,3,41,11.531902689950067,10.89403676582445,1.441482901406104,3.3915712724216314,-0.06501106956767337,11.0,200.0,5.0,,,,,,,,False
165,C,FixedRidgeLambda1,3,41,0.2652233498214453,0.2412478688605492,0.07958591540806609,0.5112743238837475,0.9760064695068477,1.6666666666666667,,,,,,,,,,False
165,C,KNN,3,41,5.265934215511987,5.306263011127705,0.6017458397335899,2.292240591479896,0.5133434994994364,9.666666666666666,,,,,,,,,,False
165,C,LightGBM,3,41,2.70274670118304,2.585263662718899,0.2516190407815796,1.642843083138447,0.7464371813256178,5.0,,,,,,,,,,False
165,C,LinearRegression,3,41,0.26510702964783334,0.238397092159077,0.08422955850291777,0.5107267698922665,0.9760638978540909,1.3333333333333333,,,,,,,,,,False
165,C,MLP,3,41,2.5618522667925574,2.4305716725874715,0.2670061089013806,1.5991674650006147,0.7601416642220521,4.0,,,,,,,,,,False
165,C,RandomForest,3,41,4.884880352000709,5.099672988176611,0.8728263804562679,2.2040500379732397,0.5483443598967327,8.666666666666666,,,,,,,,,,False
165,C,Ridge,3,41,0.2652233498214453,0.2412478688605492,0.07958591540806609,0.5112743238837475,0.9760064695068477,1.6666666666666667,,,,,,,,,,False
165,C,SVR,3,41,3.380233889887086,3.4066280237876767,0.36163034408599093,1.8367710371812265,0.6873480051884583,6.666666666666667,,,,,,,,,,False
165,C,XGBoost,3,41,4.7283593713058165,4.949678377847826,0.6353224567980474,2.171086728939819,0.5635920087249199,8.666666666666666,,,,,,,,,,False
165,G,AutoGluon,6,41,8.209964088184828,6.262370390812409,4.968108822561732,2.7608206668345314,-1.2979356508087623,3.1666666666666665,,,,,,,,,,False
165,G,CatBoost,6,41,34.780758218686074,26.346409348278,29.071530326750604,5.4296463303682545,-9.44602095854089,6.833333333333333,,,,,,,,,,False
165,G,DeepSetModel-MC,6,41,12.87784976192255,11.669329824587127,4.659196351688752,3.541209050395283,-2.3175758920290064,5.333333333333333,200.0,5.0,,,,,,,,False
165,G,FixedRidgeLambda1,6,41,39.013427852762455,40.176216275125796,36.4342451887027,5.4367456732862705,-11.494759908363575,4.833333333333333,,,,,,,,,,False
165,G,KNN,6,41,68.65621596784224,65.4806764733293,47.545792227986006,7.782601116362826,-17.944974636258273,8.5,,,,,,,,,,False
165,G,LightGBM,6,41,130.98791282439765,65.60133367237113,161.08106392708484,10.045588467915344,-37.827503797859826,9.666666666666666,,,,,,,,,,False
165,G,LinearRegression,6,41,39.44242148778767,40.59630036794587,36.811472712632614,5.46805535877926,-11.632755813393118,5.833333333333333,,,,,,,,,,False
165,G,MLP,6,41,559.1206047814476,372.3226793127463,560.9913866754479,20.559918826660976,-168.21361398802597,11.0,,,,,,,,,,False
165,G,RandomForest,6,41,114.52016609482321,15.201253833844532,220.45790821583557,7.5549855286039636,-31.155866036977514,6.5,,,,,,,,,,False
165,G,Ridge,6,41,39.013427852762455,40.176216275125796,36.4342451887027,5.4367456732862705,-11.494759908363575,4.833333333333333,,,,,,,,,,False
165,G,SVR,6,41,1.096326650302186,1.1416141064009668,0.32896417982235154,1.0360681934760445,0.7617789015666084,1.0,,,,,,,,,,False
165,G,XGBoost,6,41,6.169525761962871,6.1351100031560115,1.6550026553731678,2.463135069001221,-0.32637845972849816,3.3333333333333335,,,,,,,,,,False
165,H,AutoGluon,3,41,0.16435769968307726,0.1376921915686883,0.05518139033643637,0.40184503016495254,0.9561883728667554,3.0,,,,,,,,,,False
165,H,CatBoost,3,41,0.4992283010224556,0.4714186587407331,0.06307133932408654,0.7056483683251175,0.8739620476583742,5.333333333333333,,,,,,,,,,False
165,H,DeepSetModel-MC,3,41,4.260492790318193,4.044837806540689,0.8035133286910477,2.0581299001406923,-0.06625697397083839,11.0,200.0,5.0,,,,,,,,False
165,H,FixedRidgeLambda1,3,41,0.021269050067992734,0.0178539372978811,0.009761534687139589,0.14340617555044863,0.9948484345461348,2.0,,,,,,,,,,False
165,H,KNN,3,41,0.6648241804778641,0.6533868400415725,0.03618708031935136,0.8151683587117479,0.8295118660480111,8.0,,,,,,,,,,False
165,H,LightGBM,3,41,0.657208203960062,0.6729366082685432,0.12074412269758339,0.8083377114046811,0.8295756153475614,7.666666666666667,,,,,,,,,,False
165,H,LinearRegression,3,41,0.019127651599903567,0.0171673497761069,0.008105503473885542,0.13627628075424467,0.9953554192597203,1.0,,,,,,,,,,False
165,H,MLP,3,41,0.6504771977208107,0.6347789170997232,0.03364523706551251,0.8063442548237023,0.8333531293232888,7.0,,,,,,,,,,False
165,H,RandomForest,3,41,0.43700335754133524,0.4552947614714331,0.10568511845220145,0.657676977830964,0.8861318349798077,5.333333333333333,,,,,,,,,,False
165,H,Ridge,3,41,0.021269050067992734,0.0178539372978811,0.009761534687139589,0.14340617555044863,0.9948484345461348,2.0,,,,,,,,,,False
165,H,SVR,3,41,0.5144124442633423,0.4590909872613443,0.1344331124561002,0.7133405195240092,0.8722121325942612,5.666666666666667,,,,,,,,,,False
165,H,XGBoost,3,41,0.7750937793889682,0.751029095179383,0.09913224335614931,0.8792144292058334,0.8007276402049169,10.0,,,,,,,,,,False
166,B,AutoGluon,3,41,0.2419851780407357,0.2288206483391472,0.061640492186880544,0.48931275162826643,0.859453777046745,3.3333333333333335,,,,,,,,,,False
166,B,CatBoost,3,41,0.35973754495368687,0.2545106687306391,0.19617029736336164,0.5861807789927674,0.8058303984389293,5.666666666666667,,,,,,,,,,False
166,B,DeepSetModel-MC,3,41,1.8393522499558654,1.4963397151642768,0.7722494703298493,1.3376401232014838,-0.023102287563457235,11.0,200.0,5.0,,,,,,,,False
166,B,FixedRidgeLambda1,3,41,0.1224502688840108,0.1213629876544977,0.014692600568273012,0.3495100221332028,0.9246145758379122,1.3333333333333333,,,,,,,,,,False
166,B,KNN,3,41,0.5383117562069334,0.531263253978268,0.12532870334605553,0.7303591774234491,0.6819612625731498,8.333333333333334,,,,,,,,,,False
166,B,LightGBM,3,41,0.49188247080301156,0.4282429511822128,0.13828187700894828,0.6969791629903246,0.7163750731119142,8.0,,,,,,,,,,False
166,B,LinearRegression,3,41,0.12319850111989557,0.1213619699480413,0.01564569345066181,0.350527568180061,0.9240832469251196,1.6666666666666667,,,,,,,,,,False
166,B,MLP,3,41,0.5946682760817739,0.673610486242261,0.19322888805996333,0.7635122888796761,0.6042461142552462,8.333333333333334,,,,,,,,,,False
166,B,RandomForest,3,41,0.25994420907886356,0.2220322990597217,0.08894772969501943,0.5051633085475299,0.8517590661798934,3.6666666666666665,,,,,,,,,,False
166,B,Ridge,3,41,0.1224502688840108,0.1213629876544977,0.014692600568273012,0.3495100221332028,0.9246145758379122,1.3333333333333333,,,,,,,,,,False
166,B,SVR,3,41,0.49667241789314925,0.3938694046039408,0.19150495737630252,0.6966532021657308,0.7205679323203471,7.666666666666667,,,,,,,,,,False
166,B,XGBoost,3,41,0.4372858565362561,0.4372759882985456,0.09323648364699659,0.6587343093534016,0.7427720112641171,7.0,,,,,,,,,,False
166,C,AutoGluon,6,41,0.3979479182867116,0.4616465743184044,0.19928929026905431,0.6098429276176226,0.9252833826236194,3.0,,,,,,,,,,False
166,C,CatBoost,6,41,0.9768692072476886,1.0105778460260202,0.4113354070838844,0.9682524613675882,0.8138344973030475,4.833333333333333,,,,,,,,,,False
166,C,DeepSetModel-MC,6,41,5.241522875939184,5.258956981517418,1.86994658155212,2.2577769497346982,-0.013581995529422818,11.0,200.0,5.0,,,,,,,,False
166,C,FixedRidgeLambda1,6,41,0.09680853834920607,0.10056569986224825,0.04483420368806401,0.30324277015658646,0.9816021158379428,1.5,,,,,,,,,,False
166,C,KNN,6,41,1.9098081878406667,1.6254765885805857,0.9091368894725378,1.3497763328154229,0.640037016017959,8.333333333333334,,,,,,,,,,False
166,C,LightGBM,6,41,1.1756602693252296,1.2657418344453495,0.20916450384537286,1.0804478813900908,0.7576395792657417,5.5,,,,,,,,,,False
166,C,LinearRegression,6,41,0.09782497465835822,0.10039204403498564,0.047567875702182134,0.3040129085575064,0.9815290911025331,1.5,,,,,,,,,,False
166,C,MLP,6,41,2.250083483793483,2.1922970841751352,0.6734803799040735,1.486657910745218,0.5307358037830118,9.5,,,,,,,,,,False
166,C,RandomForest,6,41,1.245130856991663,1.3172481842226633,0.40428972440560723,1.1018920792868192,0.7551858202964777,6.333333333333333,,,,,,,,,,False
166,C,Ridge,6,41,0.09680853834920607,0.10056569986224825,0.04483420368806401,0.30324277015658646,0.9816021158379428,1.5,,,,,,,,,,False
166,C,SVR,6,41,1.2275961176034917,1.462214142078238,0.728460942588704,1.0529154616502805,0.7806157615611017,6.166666666666667,,,,,,,,,,False
166,C,XGBoost,6,41,1.7999206071302971,1.639231591707584,0.523510484903165,1.3303202950687307,0.6302044778462439,8.333333333333334,,,,,,,,,,False
166,D,AutoGluon,3,41,0.31856394035212526,0.2758475277989465,0.15249980803566376,0.5539462668128703,0.9595069268692255,3.0,,,,,,,,,,False
166,D,CatBoost,3,41,1.9788705339446437,1.4296732075609018,1.1414862314616925,1.370823468899367,0.7466659984441667,6.333333333333333,,,,,,,,,,False
166,D,DeepSetModel-MC,3,41,7.780696264490335,7.868668836434351,2.0202703336896124,2.7732364923081634,-0.020766959169341532,11.0,200.0,5.0,,,,,,,,False
166,D,FixedRidgeLambda1,3,41,0.11608927173917949,0.0794252648908818,0.06868661046998982,0.3316398748978285,0.9852239759695293,1.3333333333333333,,,,,,,,,,False
166,D,KNN,3,41,2.5768009640644327,2.379369620641195,0.7747137625041287,1.5934858391555593,0.6629924660014989,8.333333333333334,,,,,,,,,,False
166,D,LightGBM,3,41,1.6243413112622413,1.393698754488507,0.5559404815224177,1.2627642257603433,0.785398368823869,5.666666666666667,,,,,,,,,,False
166,D,LinearRegression,3,41,0.11500807348166191,0.0812519345093671,0.06518690971694308,0.33081438399461277,0.9852971678522072,1.6666666666666667,,,,,,,,,,False
166,D,MLP,3,41,0.6760232119274113,0.6823233171585483,0.12452252608961022,0.8198398601775511,0.9093029887603429,4.0,,,,,,,,,,False
166,D,RandomForest,3,41,2.992202641426782,2.869498260768041,1.0028553907709352,1.713535567199666,0.6118440851978442,9.333333333333334,,,,,,,,,,False
166,D,Ridge,3,41,0.11608927173917949,0.0794252648908818,0.06868661046998982,0.3316398748978285,0.9852239759695293,1.3333333333333333,,,,,,,,,,False
166,D,SVR,3,41,1.7108171897512845,1.3065480467582102,1.034762811616072,1.2704002112515802,0.7859063239614715,6.0,,,,,,,,,,False
166,D,XGBoost,3,41,3.10241878095467,2.724589375944754,1.4567814531500307,1.729740084789788,0.5920358478679909,9.333333333333334,,,,,,,,,,False
166,E,AutoGluon,15,41,0.4041408359822617,0.33629148104564,0.24263135982180373,0.6051351216654113,0.9531300454399517,3.066666666666667,,,,,,,,,,False
166,E,CatBoost,15,41,2.565021730350833,2.3495321115122256,2.1100966965411057,1.457600621740254,0.7731942047852939,5.133333333333334,,,,,,,,,,False
166,E,DeepSetModel-MC,15,41,11.588077765726604,9.719978870394607,8.93842510738039,3.1164643206338507,-0.011494388690270578,11.0,200.0,5.0,,,,,,,,False
166,E,FixedRidgeLambda1,15,41,0.06538088865549198,0.0737412641083182,0.03583311310901546,0.24284439578786993,0.9905825128121803,1.3333333333333333,,,,,,,,,,False
166,E,KNN,15,41,4.165134536032991,2.8392146931126416,3.47156924737399,1.8467718564155386,0.6537907501190225,7.866666666666666,,,,,,,,,,False
166,E,LightGBM,15,41,3.339834193356374,3.5788798331184037,2.2119340867285655,1.7093836002119243,0.664083924821069,7.666666666666667,,,,,,,,,,False
166,E,LinearRegression,15,41,0.06731593371864322,0.0755319855398596,0.03827666041097126,0.2456819509082003,0.9902592512054504,1.6666666666666667,,,,,,,,,,False
166,E,MLP,15,41,0.8377001336827674,0.8235997660627812,0.293382325543154,0.9020772833442804,0.8098782479907315,5.133333333333334,,,,,,,,,,False
166,E,RandomForest,15,41,3.5976390260893107,2.976756984066034,3.06351265051691,1.692882695793442,0.7142280262271236,6.733333333333333,,,,,,,,,,False
166,E,Ridge,15,41,0.06538088865549198,0.0737412641083182,0.03583311310901546,0.24284439578786993,0.9905825128121803,1.3333333333333333,,,,,,,,,,False
166,E,SVR,15,41,4.291808070173851,3.5956631665567254,3.7569171505648526,1.8624339972477826,0.6486007744778913,8.0,,,,,,,,,,False
166,E,XGBoost,15,41,4.360649685129498,3.373716728813934,3.87806809380357,1.8581881904356343,0.6476008858617005,8.4,,,,,,,,,,False
166,F,AutoGluon,6,42,0.08113387318630612,0.07148893004952525,0.05238885881607612,0.27083717185135675,0.0,3.8333333333333335,,,,,,,,,,False
166,F,CatBoost,6,42,0.21843901315156056,0.1986871345327894,0.06714394955090303,0.4629932021245558,0.0,7.833333333333333,,,,,,,,,,False
166,F,DeepSetModel-MC,6,42,0.0077433441564671674,0.00564049063036475,0.008418676533770564,0.07912005262426507,0.0,1.0,200.0,5.0,,,,,,,,False
166,F,FixedRidgeLambda1,6,42,0.03988877497215893,0.033718316367235546,0.02964859404594118,0.1900841479180997,0.0,2.1666666666666665,,,,,,,,,,False
166,F,KNN,6,42,0.1921990909166346,0.186371797328991,0.049655940778557915,0.43533285986279013,0.0,7.166666666666667,,,,,,,,,,False
166,F,LightGBM,6,42,0.38947862418160617,0.4098079608060755,0.04586064180421638,0.6230965046836323,0.0,9.833333333333334,,,,,,,,,,False
166,F,LinearRegression,6,42,0.040261807256914084,0.0340861474468581,0.029833622589580597,0.1910144052859246,0.0,3.1666666666666665,,,,,,,,,,False
166,F,MLP,6,42,0.7593762251876056,0.7956726316602667,0.20262716066456202,0.8645781469537824,0.0,11.0,,,,,,,,,,False
166,F,RandomForest,6,42,0.15437988755515578,0.131086718753803,0.061735263123256515,0.3866544050046184,0.0,6.166666666666667,,,,,,,,,,False
166,F,Ridge,6,42,0.03988877497215893,0.033718316367235546,0.02964859404594118,0.1900841479180997,0.0,2.1666666666666665,,,,,,,,,,False
166,F,SVR,6,42,0.12405045593095977,0.113906101304631,0.042035549706307455,0.34821130113874504,0.0,4.833333333333333,,,,,,,,,,False
166,F,XGBoost,6,42,0.3326916637774661,0.3288761470166759,0.05856208093677586,0.574983590256541,0.0,9.0,,,,,,,,,,False
166,G,AutoGluon,3,42,7.551807346659689,7.213141834732273,2.104153346315803,2.730443761269511,-0.04465902038090407,2.6666666666666665,,,,,,,,,,False
166,G,CatBoost,3,42,59.77066645941008,31.61260525400982,49.15167189693899,7.333520842166046,-8.894468447440365,7.0,,,,,,,,,,False
166,G,DeepSetModel-MC,3,42,9.452971662048975,9.230741196143814,1.7332201998250283,3.0660161283311997,-0.33803211954026186,3.6666666666666665,200.0,5.0,,,,,,,,False
166,G,FixedRidgeLambda1,3,42,14.441898570483735,17.48977880773389,7.690151918446148,3.685453541934168,-1.394072315328993,3.3333333333333335,,,,,,,,,,False
166,G,KNN,3,42,99.39861458354828,93.67803797517006,74.00870474087822,9.426584793987624,-15.971925272310019,8.333333333333334,,,,,,,,,,False
166,G,LightGBM,3,42,85.78024393523515,89.11883334996851,42.03603317339597,9.053849705972253,-13.036284633666595,8.333333333333334,,,,,,,,,,False
166,G,LinearRegression,3,42,14.581474202886016,17.65786146120694,7.803430642128681,3.701867767726893,-1.4185343478938754,4.333333333333333,,,,,,,,,,False
166,G,MLP,3,42,339.22079387181617,287.777121238062,198.91304067111298,17.894287822387692,-54.7326399527736,10.666666666666666,,,,,,,,,,False
166,G,RandomForest,3,42,172.69196173862247,42.97348539897729,238.7281276564908,10.971080666667811,-29.87687107626178,7.666666666666667,,,,,,,,,,False
166,G,Ridge,3,42,14.441898570483735,17.48977880773389,7.690151918446148,3.685453541934168,-1.394072315328993,3.3333333333333335,,,,,,,,,,False
166,G,SVR,3,42,2.546482134201304,1.594572466371684,1.9765256484287543,1.521738067948177,0.6913549040466652,1.0,,,,,,,,,,False
166,G,XGBoost,3,42,313.3643132773414,118.28326747445767,385.26509376279836,15.477743001675996,-48.99477502875944,9.0,,,,,,,,,,False
166,H,AutoGluon,9,41,0.416775351472093,0.3176273859136608,0.21684307484103868,0.629371582009416,0.9349920029296379,3.0,,,,,,,,,,False
166,H,CatBoost,9,41,1.3763754525074754,1.3178558872743202,0.606860871903717,1.1499960023974007,0.8059334187571923,5.444444444444445,,,,,,,,,,False
166,H,DeepSetModel-MC,9,42,7.701350768375526,8.379413706126286,3.4992796733264653,2.7110661160834533,-0.038589121953347925,11.0,200.0,5.0,,,,,,,,False
166,H,FixedRidgeLambda1,9,41,0.09247208310997089,0.0891898948986053,0.02744576242092908,0.3016069501774499,0.9839094865469868,1.6666666666666667,,,,,,,,,,False
166,H,KNN,9,41,2.508834354501634,2.116102143952152,1.0042296174309324,1.5572260755901457,0.6381683345412885,9.222222222222221,,,,,,,,,,False
166,H,LightGBM,9,41,1.5772190166132183,1.5446556940962657,0.4840014844470836,1.2424039636787996,0.7667110794372058,6.666666666666667,,,,,,,,,,False
166,H,LinearRegression,9,41,0.09126732815740707,0.0890896512709347,0.026137155253616984,0.2996049728053851,0.9842107421012128,1.3333333333333333,,,,,,,,,,False
166,H,MLP,9,41,0.6783439983853776,0.7210611889030476,0.14215044069637384,0.8194589804360104,0.8906611866747256,4.222222222222222,,,,,,,,,,False
166,H,RandomForest,9,41,1.7926409835438055,1.6460806114121496,0.8931280383851213,1.3065158259133405,0.7504652219034047,7.111111111111111,,,,,,,,,,False
166,H,Ridge,9,41,0.09247208310997089,0.0891898948986053,0.02744576242092908,0.3016069501774499,0.9839094865469868,1.6666666666666667,,,,,,,,,,False
166,H,SVR,9,41,1.7664999804999963,1.731343230038671,1.1035148033047728,1.2802884459350563,0.7692958876923026,6.777777777777778,,,,,,,,,,False
166,H,XGBoost,9,41,2.4434777464056006,2.248851630150211,1.049246155546477,1.5337325161114728,0.6580087153055884,9.555555555555555,,,,,,,,,,False
167,A,AutoGluon,6,41,0.2869573643224816,0.2889630561990614,0.09782296637479743,0.5288488364435389,0.9641123698652764,3.0,,,,,,,,,,False
167,A,CatBoost,6,41,1.6815920502409236,1.8548237035734092,0.599890772883665,1.2770583912179625,0.7937907931607008,5.833333333333333,,,,,,,,,,False
167,A,DeepSetModel-MC,6,41,8.712926696171285,9.183400389486023,1.4976079414502377,2.9421873901501776,-0.07222661168174326,11.0,200.0,5.0,,,,,,,,False
167,A,FixedRidgeLambda1,6,41,0.05042457509452791,0.03371209829464525,0.03579868393979631,0.21501540754177748,0.9938268759661754,1.3333333333333333,,,,,,,,,,False
167,A,KNN,6,41,3.039635079868044,3.223018843110084,0.42649904544481165,1.7397184483386294,0.6200430420921966,9.5,,,,,,,,,,False
167,A,LightGBM,6,41,1.6660045314243777,1.7683340658969278,0.5327396809581981,1.2744729025585417,0.7974826679571336,5.833333333333333,,,,,,,,,,False
167,A,LinearRegression,6,41,0.0522450439801063,0.03344609221616405,0.03704057540007834,0.2186248174993668,0.9936139983159255,1.6666666666666667,,,,,,,,,,False
167,A,MLP,6,41,0.6717330741106474,0.6073358938939089,0.1707418058465491,0.8143037037506021,0.9159245393201046,4.0,,,,,,,,,,False
167,A,RandomForest,6,41,2.7197133113307896,2.6582311529438654,0.7010077870475846,1.6375856097326935,0.665606857647531,8.833333333333334,,,,,,,,,,False
167,A,Ridge,6,41,0.05042457509452791,0.03371209829464525,0.03579868393979631,0.21501540754177748,0.9938268759661754,1.3333333333333333,,,,,,,,,,False
167,A,SVR,6,41,1.7630281963100949,1.7851184166493628,0.39265058483790627,1.3207103514383973,0.7823216767145166,6.5,,,,,,,,,,False
167,A,XGBoost,6,41,2.8112883325693105,2.8426428832272794,1.192294343251539,1.6436773533858229,0.6598412500863938,8.5,,,,,,,,,,False
167,C,AutoGluon,6,41,0.4072118418029714,0.37002731180650705,0.2224339644354351,0.6166069879650175,0.9199866080312865,3.0,,,,,,,,,,False
167,C,CatBoost,6,41,1.164363037222412,1.128238187918676,0.5057377465909716,1.0566222468454813,0.765777149950809,5.166666666666667,,,,,,,,,,False
167,C,DeepSetModel-MC,6,41,5.727900442668734,5.745268663382844,3.208027785151333,2.3066037654268676,-0.05659725549787553,10.833333333333334,200.0,5.0,,,,,,,,False
167,C,FixedRidgeLambda1,6,41,0.14032713505185065,0.12636835920734701,0.05727706995918472,0.3678220374740009,0.9704278396058575,1.5,,,,,,,,,,False
167,C,KNN,6,41,2.072140240905987,1.8951340147846683,0.8974851189370736,1.4110277689860407,0.5639222627728335,8.666666666666666,,,,,,,,,,False
167,C,LightGBM,6,41,1.5970921618529201,1.6038047852500954,0.23071723330157207,1.2609970625302054,0.5884354515846167,6.666666666666667,,,,,,,,,,False
167,C,LinearRegression,6,41,0.13962487324497844,0.12685686194919396,0.05219576732096048,0.367964935175983,0.9699230073204631,1.5,,,,,,,,,,False
167,C,MLP,6,41,2.183805196137719,1.9543107985285673,1.0504028866354753,1.4451227170692016,0.3994758104678024,7.833333333333333,,,,,,,,,,False
167,C,RandomForest,6,41,1.2888159970411768,1.329692538259216,0.7228893638728335,1.093828582390039,0.7600534689397938,6.333333333333333,,,,,,,,,,False
167,C,Ridge,6,41,0.14032713505185065,0.12636835920734701,0.05727706995918472,0.3678220374740009,0.9704278396058575,1.5,,,,,,,,,,False
167,C,SVR,6,41,1.3269874671971553,1.1425105576531338,0.9939006822004072,1.0744359805657788,0.7824672293102911,5.833333333333333,,,,,,,,,,False
167,C,XGBoost,6,41,2.1292725863955484,2.25935384446087,0.4980422232882601,1.4490277528034712,0.5087256234334956,8.666666666666666,,,,,,,,,,False
167,E,AutoGluon,3,42,0.4159589983163827,0.4162617042474409,0.18208007090872122,0.6339564433869903,0.9608629384598432,3.3333333333333335,,,,,,,,,,False
167,E,CatBoost,3,42,2.1330815943227357,1.86218696028982,0.874291820955232,1.4408772988373058,0.7972466819449954,5.333333333333333,,,,,,,,,,False
167,E,DeepSetModel-MC,3,42,10.480755308812023,11.16468867459016,1.4885003368899288,3.2317098709085266,-0.013947505000975366,11.0,200.0,5.0,,,,,,,,False
167,E,FixedRidgeLambda1,3,42,0.0306628193063347,0.0220714944738342,0.01917709463269701,0.16981714948548587,0.9970746259785024,1.6666666666666667,,,,,,,,,,False
167,E,KNN,3,42,3.824202991654738,4.241669124978617,0.9752768500980997,1.9439890827868773,0.63452762429907,9.666666666666666,,,,,,,,,,False
167,E,LightGBM,3,42,2.484233983363277,2.363061085537968,0.3603042007788887,1.5734550192471033,0.7586384603894997,6.333333333333333,,,,,,,,,,False
167,E,LinearRegression,3,42,0.029140743919597468,0.0208422210693545,0.016472560940041587,0.16653655688085903,0.9972202200221753,1.3333333333333333,,,,,,,,,,False
167,E,MLP,3,42,0.6427034982793103,0.5724693365407625,0.20053265644556195,0.7954774481375461,0.9374126215235047,3.6666666666666665,,,,,,,,,,False
167,E,RandomForest,3,42,3.0610828178235203,3.042949795692086,0.9413089034285362,1.7354448719588291,0.7080918467734844,7.333333333333333,,,,,,,,,,False
167,E,Ridge,3,42,0.0306628193063347,0.0220714944738342,0.01917709463269701,0.16981714948548587,0.9970746259785024,1.6666666666666667,,,,,,,,,,False
167,E,SVR,3,42,3.6262233848628918,3.407207628785567,1.730401567714307,1.8671269868714369,0.6591186069989597,8.333333333333334,,,,,,,,,,False
167,E,XGBoost,3,42,3.103877618585628,2.9919796056929338,0.9081884592887426,1.7492176494883187,0.7031155561887851,8.0,,,,,,,,,,False
167,G,AutoGluon,3,42,25.281875280995042,30.97069406823817,13.14592036226566,4.883654484253562,-0.2762331632044785,4.0,,,,,,,,,,False
167,G,CatBoost,3,42,26.739955858530617,25.66581870901407,18.812173338480314,4.92224857805883,-0.3816277224052813,4.0,,,,,,,,,,False
167,G,DeepSetModel-MC,3,42,35.20816358069811,34.82641674167973,2.0041572633083558,5.93205549411131,-0.7878031915163378,5.666666666666667,200.0,5.0,,,,,,,,False
167,G,FixedRidgeLambda1,3,42,71.72086467724527,68.00377291046296,29.277913353799732,8.34960105538068,-2.6701294181199935,7.333333333333333,,,,,,,,,,False
167,G,KNN,3,42,279.19059814204417,224.1753773141332,290.89179171972705,14.593347125635097,-13.472539196603634,8.333333333333334,,,,,,,,,,False
167,G,LightGBM,3,42,134.95387624698614,133.0231169089768,9.049454807462876,11.612650646464596,-5.854290490698816,9.333333333333334,,,,,,,,,,False
167,G,LinearRegression,3,42,72.44697083344813,68.56577622781607,29.604650190999635,8.391668084855677,-2.7072104301172644,8.333333333333334,,,,,,,,,,False
167,G,MLP,3,42,3351.9938856342364,3034.446237456811,1358.3228323361573,57.11981492310776,-170.3804086188295,11.0,,,,,,,,,,False
167,G,RandomForest,3,42,31.56974480474908,22.461781574893344,26.1320835385554,5.300069490400179,-0.6248270192798796,4.0,,,,,,,,,,False
167,G,Ridge,3,42,71.72086467724527,68.00377291046296,29.277913353799732,8.34960105538068,-2.6701294181199935,7.333333333333333,,,,,,,,,,False
167,G,SVR,3,42,5.075711443134475,4.831952677049282,0.438302756630391,2.251565724922306,0.7422527256311898,1.0,,,,,,,,,,False
167,G,XGBoost,3,42,14.738210230331703,15.97185674836501,2.2547664051391356,3.831159170289322,0.25421891142137376,3.0,,,,,,,,,,False
167,H,AutoGluon,3,42,0.35118869721211343,0.3952079274666004,0.11889013948609863,0.5862322703432455,0.9772757825447397,3.3333333333333335,,,,,,,,,,False
167,H,CatBoost,3,42,1.7285659215723648,1.801255123646582,0.2141481336964184,1.31301219591848,0.8864667857208096,6.0,,,,,,,,,,False
167,H,DeepSetModel-MC,3,42,15.375808404375737,15.402099778655176,1.8222271847127955,3.9165841127960945,-0.008596894463157867,11.0,200.0,5.0,,,,,,,,False
167,H,FixedRidgeLambda1,3,42,0.05736836003172103,0.0543002527120394,0.005576097014723315,0.23933311163753557,0.9961732641106625,1.0,,,,,,,,,,False
167,H,KNN,3,42,2.9525197400225096,2.994829287006171,0.22890553711624828,1.7174184954865896,0.805368350286876,10.0,,,,,,,,,,False
167,H,LightGBM,3,42,1.6694543624029212,1.747715868617964,0.37072453226692254,1.2864949005962254,0.887555552449934,5.666666666666667,,,,,,,,,,False
167,H,LinearRegression,3,42,0.061154772787158335,0.0590954139814934,0.006817216194792596,0.24704375321918082,0.9959206295684512,2.0,,,,,,,,,,False
167,H,MLP,3,42,0.5711597238501785,0.5788400739922371,0.24490143952442864,0.7432988635571393,0.9626292799255453,3.6666666666666665,,,,,,,,,,False
167,H,RandomForest,3,42,1.8359606826540766,1.7603863984048242,0.17957018653216375,1.353920481753151,0.8784032739508888,6.333333333333333,,,,,,,,,,False
167,H,Ridge,3,42,0.05736836003172103,0.0543002527120394,0.005576097014723315,0.23933311163753557,0.9961732641106625,1.0,,,,,,,,,,False
167,H,SVR,3,42,2.683956311361148,2.808348280542686,0.33007962322004175,1.6361414689123068,0.823989119568906,9.0,,,,,,,,,,False
167,H,XGBoost,3,42,2.1209923110953826,2.262935857690493,0.2710974852725061,1.4542966434310163,0.8584408650287599,8.0,,,,,,,,,,False
168,A,AutoGluon,6,41,0.30227238896324976,0.30459066875722574,0.05214348538594592,0.548026444709832,0.9573018158598522,3.0,,,,,,,,,,False
168,A,CatBoost,6,41,1.7505865920078136,1.6830389988707057,0.339496241066407,1.31793751624067,0.7546568927837526,5.833333333333333,,,,,,,,,,False
168,A,DeepSetModel-MC,6,41,7.356580799855775,7.227431237877228,1.5566175618003222,2.699537801888489,-0.015657493831428632,11.0,200.0,5.0,,,,,,,,False
168,A,FixedRidgeLambda1,6,41,0.12449300166289706,0.1166915471039566,0.06398453383085512,0.3418043737554779,0.9811147908063599,1.5,,,,,,,,,,False
168,A,KNN,6,41,3.67235544632963,3.386063743152211,0.7628055194281756,1.908392967757478,0.4863662207436197,10.0,,,,,,,,,,False
168,A,LightGBM,6,41,1.8128329813008561,1.802258630694166,0.4551669914852536,1.33762051092782,0.7459425575433127,5.833333333333333,,,,,,,,,,False
168,A,LinearRegression,6,41,0.1256877176696427,0.11851136843017329,0.0670178839497857,0.34249055614196483,0.980901804022705,1.5,,,,,,,,,,False
168,A,MLP,6,41,0.9078035521762874,0.8192076372111261,0.48579773091124917,0.9292846471997026,0.8748959597742437,4.0,,,,,,,,,,False
168,A,RandomForest,6,41,2.390601939462307,2.421077228370785,0.26722013939383743,1.5441317138201127,0.6602304527515988,7.833333333333333,,,,,,,,,,False
168,A,Ridge,6,41,0.12449300166289706,0.1166915471039566,0.06398453383085512,0.3418043737554779,0.9811147908063599,1.5,,,,,,,,,,False
168,A,SVR,6,41,2.112233861450856,2.300293706840904,0.5765997981380905,1.4410374232608534,0.710524898719826,7.0,,,,,,,,,,False
168,A,XGBoost,6,41,2.7579733009224134,2.7310850432768268,0.5083389081770723,1.6546967316426535,0.6099309180695601,8.5,,,,,,,,,,False
168,B,AutoGluon,3,42,0.20548671072555869,0.2079357067524363,0.005073981912180328,0.4532832254739276,0.9692363527931845,3.6666666666666665,,,,,,,,,,False
168,B,CatBoost,3,42,0.5013924530440911,0.5487179082395605,0.24739872651783718,0.6912555214996233,0.9300808845178464,5.333333333333333,,,,,,,,,,False
168,B,DeepSetModel-MC,3,42,7.228821532335329,7.539074178879321,1.6515683300225226,2.6763774176279402,-0.03725150942467783,11.0,200.0,5.0,,,,,,,,False
168,B,FixedRidgeLambda1,3,42,0.07133772429971147,0.0642001143271623,0.03385367224601706,0.2621053942716925,0.9892014593805533,1.6666666666666667,,,,,,,,,,False
168,B,KNN,3,42,3.015399051709189,2.768735465281956,0.44977413417441003,1.7333886128990164,0.557859664421787,10.0,,,,,,,,,,False
168,B,LightGBM,3,42,0.8889958446186091,1.0211214300797518,0.24674874342336603,0.9361490897196686,0.8731482249974133,8.0,,,,,,,,,,False
168,B,LinearRegression,3,42,0.07002469730513973,0.0624138265600182,0.03173336728938856,0.26017359915749055,0.9894273294209311,1.3333333333333333,,,,,,,,,,False
168,B,MLP,3,42,0.5787954783905156,0.552160599267409,0.06880933199281698,0.7599126295488565,0.9150201084922123,6.0,,,,,,,,,,False
168,B,RandomForest,3,42,0.18381386686309695,0.1801649854245877,0.050029638879522505,0.4260661424667034,0.9733184385271662,3.3333333333333335,,,,,,,,,,False
168,B,Ridge,3,42,0.07133772429971147,0.0642001143271623,0.03385367224601706,0.2621053942716925,0.9892014593805533,1.6666666666666667,,,,,,,,,,False
168,B,SVR,3,42,1.6799700315038886,1.9110787866599457,0.5881218346450378,1.2810802817026608,0.7641649382824037,9.0,,,,,,,,,,False
168,B,XGBoost,3,42,0.6502119616245635,0.6388171793894015,0.08838007279966834,0.8051247478711935,0.9041030749243807,6.666666666666667,,,,,,,,,,False
168,C,AutoGluon,9,42,0.3658106284472619,0.3384794699649062,0.16081490907914567,0.5922837860284568,0.9128641151456159,3.0,,,,,,,,,,False
168,C,CatBoost,9,42,1.1019043824795505,0.6842300554943873,0.7908095142993076,0.9976346170977385,0.7734133877549929,5.444444444444445,,,,,,,,,,False
168,C,DeepSetModel-MC,9,42,5.32984329078001,4.942837303257665,3.2652473784916336,2.218549884743838,-0.02223895348673629,10.777777777777779,200.0,5.0,,,,,,,,False
168,C,FixedRidgeLambda1,9,42,0.1257978171403669,0.1131929810463698,0.06402797042157973,0.34709347435621285,0.9651336346734922,1.3333333333333333,,,,,,,,,,False
168,C,KNN,9,42,1.6180363472048753,0.99669042834323,1.3122738560613216,1.1973395399748403,0.7017869161554642,7.888888888888889,,,,,,,,,,False
168,C,LightGBM,9,42,1.434755080501252,1.190180378887098,0.5366799016894926,1.1812828177728794,0.6669269211627366,7.777777777777778,,,,,,,,,,False
168,C,LinearRegression,9,42,0.1272428821579677,0.1137634063717069,0.06437855126311387,0.3490713043610053,0.9647316797598992,1.6666666666666667,,,,,,,,,,False
168,C,MLP,9,42,2.1641665663791567,1.868125550637738,0.8818811627170133,1.4457812307173477,0.36665741556535036,8.555555555555555,,,,,,,,,,False
168,C,RandomForest,9,42,1.0888497303483533,0.59158609930529,0.8727753895372393,0.9811836893528145,0.7751014120444685,5.222222222222222,,,,,,,,,,False
168,C,Ridge,9,42,0.1257978171403669,0.1131929810463698,0.06402797042157973,0.34709347435621285,0.9651336346734922,1.3333333333333333,,,,,,,,,,False
168,C,SVR,9,42,1.2548567730617421,0.7771807677213003,1.0228245345374987,1.0587053446305015,0.7634572807277371,5.888888888888889,,,,,,,,,,False
168,C,XGBoost,9,42,1.6923485873537645,1.4289105664690136,0.9749785466628053,1.2626786948963498,0.621684540959868,8.444444444444445,,,,,,,,,,False
168,D,AutoGluon,12,42,0.3447694352243114,0.2930576057145541,0.1595661636631824,0.5728204091067484,0.9597316240968709,3.0,,,,,,,,,,False
168,D,CatBoost,12,42,1.6157819819700567,1.7292357975499086,0.6131965959731477,1.246540233828722,0.8226973113498882,5.666666666666667,,,,,,,,,,False
168,D,DeepSetModel-MC,12,42,10.17861721633496,10.754266502489699,4.353809084926452,3.1143439017714223,-0.052840051294308965,11.0,200.0,5.0,,,,,,,,False
168,D,FixedRidgeLambda1,12,42,0.07831901629098166,0.07735955418143084,0.04174326185308187,0.2698834825536545,0.9906503858638067,1.1666666666666667,,,,,,,,,,False
168,D,KNN,12,42,2.9444532808763526,3.176098351199119,1.1412175817977264,1.6821573159413779,0.6815545753178505,8.916666666666666,,,,,,,,,,False
168,D,LightGBM,12,42,1.5279571628569328,1.618309887480112,0.43914780695598177,1.2229475949693904,0.8261492124364175,5.75,,,,,,,,,,False
168,D,LinearRegression,12,42,0.08119898129072763,0.07820743542934194,0.04379489434813116,0.2746416499754724,0.9903813223583872,1.8333333333333333,,,,,,,,,,False
168,D,MLP,12,42,0.7747933679127407,0.7370631730903623,0.2778139376508527,0.8661390228947178,0.89612219543886,4.333333333333333,,,,,,,,,,False
168,D,RandomForest,12,42,2.535059530008304,2.688011978134044,0.9444536857258553,1.5621810181278686,0.7231571358006864,8.25,,,,,,,,,,False
168,D,Ridge,12,42,0.07831901629098166,0.07735955418143084,0.04174326185308187,0.2698834825536545,0.9906503858638067,1.1666666666666667,,,,,,,,,,False
168,D,SVR,12,42,2.145364769566567,1.9773233867198003,1.288012013921043,1.403645404098319,0.7892928217407644,6.833333333333333,,,,,,,,,,False
168,D,XGBoost,12,42,3.1339234296743217,2.9521523858068575,1.30224605391428,1.7340406380737317,0.6543590486421755,9.25,,,,,,,,,,False
168,F,AutoGluon,3,42,0.08458367463605264,0.1010099976138432,0.02950846803298553,0.2874352609765428,0.0,3.3333333333333335,,,,,,,,,,False
168,F,CatBoost,3,42,0.19650161027903632,0.2054398271203191,0.023274463688506976,0.44274926399398234,0.0,7.333333333333333,,,,,,,,,,False
168,F,DeepSetModel-MC,3,42,0.028162759067017668,0.024810745640437,0.0066918183978920175,0.16706868255904483,0.0,1.0,200.0,5.0,,,,,,,,False
168,F,FixedRidgeLambda1,3,42,0.07398093008709163,0.0734947769733446,0.0023267676848018276,0.2719720350455673,0.0,2.3333333333333335,,,,,,,,,,False
168,F,KNN,3,42,0.2147456228695509,0.1983899767615733,0.03624649230354818,0.4623475001099389,0.0,8.0,,,,,,,,,,False
168,F,LightGBM,3,42,0.33931891276178033,0.3550368582894271,0.04303923909834936,0.5817021384174454,0.0,9.666666666666666,,,,,,,,,,False
168,F,LinearRegression,3,42,0.07477920651889637,0.0742780720601126,0.002317582325593163,0.2734360795125965,0.0,3.3333333333333335,,,,,,,,,,False
168,F,MLP,3,42,0.7926289674956788,0.7092740962663235,0.1470038252967259,0.8878572134302304,0.0,11.0,,,,,,,,,,False
168,F,RandomForest,3,42,0.12075845786366603,0.1199738025475922,0.00780283954801519,0.3473826977235441,0.0,5.666666666666667,,,,,,,,,,False
168,F,Ridge,3,42,0.07398093008709163,0.0734947769733446,0.0023267676848018276,0.2719720350455673,0.0,2.3333333333333335,,,,,,,,,,False
168,F,SVR,3,42,0.13604749615798253,0.1196729214337561,0.045749563236161424,0.3655368200767167,0.0,5.333333333333333,,,,,,,,,,False
168,F,XGBoost,3,42,0.2755536706167563,0.2359598316704568,0.07158290568291369,0.5221471864290638,0.0,9.0,,,,,,,,,,False
168,G,AutoGluon,3,42,0.8169437806579237,0.7822892690938159,0.4428699844913983,0.8801869838016327,0.858152463890971,1.6666666666666667,,,,,,,,,,False
168,G,CatBoost,3,42,3.064173459274063,2.794040771086139,0.483775516443341,1.7469817000585923,0.4136807642959983,6.333333333333333,,,,,,,,,,False
168,G,DeepSetModel-MC,3,42,5.726536482258969,5.562509397378407,1.7498516992875548,2.3742518235113943,-0.053326720713821905,8.0,200.0,5.0,,,,,,,,False
168,G,FixedRidgeLambda1,3,42,1.0056644436375024,1.0987078343406331,0.4696565184749958,0.9817307375497637,0.8076283511535131,2.0,,,,,,,,,,False
168,G,KNN,3,42,5.1029837354604926,5.369803424838831,1.7543134150473916,2.234917464994545,-0.04953291601163401,7.0,,,,,,,,,,False
168,G,LightGBM,3,42,7.68324405491725,9.60317361658138,3.6391806463962495,2.7073443907182315,-0.6524697401776528,8.333333333333334,,,,,,,,,,False
168,G,LinearRegression,3,42,1.0107695279660718,1.1106694244759645,0.4706771239231556,0.9842615292601646,0.8063884397039284,3.0,,,,,,,,,,False
168,G,MLP,3,42,12.848387141497788,12.709788272260296,2.7930394576240656,3.570253272710277,-1.6560287895640353,10.666666666666666,,,,,,,,,,False
168,G,RandomForest,3,42,3.09845199087902,3.293185027545109,0.6033398694237608,1.7543711086891436,0.41476510004105593,6.0,,,,,,,,,,False
168,G,Ridge,3,42,1.0056644436375024,1.0987078343406331,0.4696565184749958,0.9817307375497637,0.8076283511535131,2.0,,,,,,,,,,False
168,G,SVR,3,42,1.2611324754093651,1.2332337854946755,0.5577391945205328,1.103801421260512,0.7756211037879566,3.3333333333333335,,,,,,,,,,False
168,G,XGBoost,3,42,15.683266875272844,6.980773320449482,15.70438569186172,3.6527645662739463,-2.0367999179598937,9.666666666666666,,,,,,,,,,False
169,A,AutoGluon,3,42,0.1902811233451828,0.1803060231817045,0.05874471760829745,0.43278089969358313,0.9845114331174755,3.0,,,,,,,,,,False
169,A,CatBoost,3,42,1.9534164433198449,1.826167306227773,0.756577301460711,1.3802144025335554,0.8430728593774116,6.0,,,,,,,,,,False
169,A,DeepSetModel-MC,3,42,12.874548504816994,13.242017909285632,2.807000554765146,3.5733718914531543,-0.0633897110333631,11.0,200.0,5.0,,,,,,,,False
169,A,FixedRidgeLambda1,3,42,0.030280364426954063,0.025027637297663,0.010972010280698488,0.17223468424895824,0.9973973050536532,1.6666666666666667,,,,,,,,,,False
169,A,KNN,3,42,3.2560184427128385,2.9864431598675183,1.224171966041153,1.7835694985811845,0.7377859284147799,9.0,,,,,,,,,,False
169,A,LightGBM,3,42,1.8970751076952874,1.7960939959148978,0.6478492954973141,1.364006926605765,0.8464390989348655,5.666666666666667,,,,,,,,,,False
169,A,LinearRegression,3,42,0.028852964943788296,0.0232021702169795,0.013137859441714675,0.1671227310888229,0.9975089625147845,1.3333333333333333,,,,,,,,,,False
169,A,MLP,3,42,0.7919418479487353,0.8599520781541795,0.3334844634114244,0.8750153444361795,0.9293505112951571,4.0,,,,,,,,,,False
169,A,RandomForest,3,42,2.9724054429239506,2.6243735588304795,0.6945709095039506,1.7166203249917915,0.7541428969185374,9.0,,,,,,,,,,False
169,A,Ridge,3,42,0.030280364426954063,0.025027637297663,0.010972010280698488,0.17223468424895824,0.9973973050536532,1.6666666666666667,,,,,,,,,,False
169,A,SVR,3,42,2.019912276307704,2.136378596783484,0.5618056984651847,1.4114405424902792,0.8347542174722404,6.333333333333333,,,,,,,,,,False
169,A,XGBoost,3,42,3.077024382636376,3.3198465490537084,0.7112038305372866,1.7457759741084506,0.7460609426072781,9.0,,,,,,,,,,False
169,B,AutoGluon,3,42,0.21904540068474856,0.1496069775464439,0.1749115800297705,0.4441739264388849,0.9489690923964206,3.0,,,,,,,,,,False
169,B,CatBoost,3,42,0.6002523347566174,0.3931551627719153,0.44326614919861823,0.7421615853502198,0.8586267478617557,5.666666666666667,,,,,,,,,,False
169,B,DeepSetModel-MC,3,42,3.9767235713879123,3.306499676914518,1.4158088676277565,1.9744789042242505,-0.018854659435215197,11.0,200.0,5.0,,,,,,,,False
169,B,FixedRidgeLambda1,3,42,0.042459683105429934,0.0369559578643312,0.010358432779725597,0.2050902881709836,0.9888422863945857,1.6666666666666667,,,,,,,,,,False
169,B,KNN,3,42,1.0964839460580957,0.9457386272211464,0.39541207983789356,1.036387902982653,0.7193234144429587,9.666666666666666,,,,,,,,,,False
169,B,LightGBM,3,42,0.7093653209869829,0.6059768999744606,0.25117480989400975,0.8339446572143366,0.8176136595655045,7.0,,,,,,,,,,False
169,B,LinearRegression,3,42,0.041275048663617836,0.0379367983693933,0.00741878162633507,0.2026371237852387,0.9890107462709493,1.3333333333333333,,,,,,,,,,False
169,B,MLP,3,42,0.6387052877906408,0.62291726307592,0.08466706108135749,0.7980348205952753,0.8220454764923399,6.666666666666667,,,,,,,,,,False
169,B,RandomForest,3,42,0.5092634570838978,0.3365121727860699,0.3310962591684817,0.6906660841148252,0.8777622696657836,4.666666666666667,,,,,,,,,,False
169,B,Ridge,3,42,0.042459683105429934,0.0369559578643312,0.010358432779725597,0.2050902881709836,0.9888422863945857,1.6666666666666667,,,,,,,,,,False
169,B,SVR,3,42,0.8705212564480824,0.5861430709373396,0.5729021762292974,0.9021333809592688,0.7919256545327998,8.0,,,,,,,,,,False
169,B,XGBoost,3,42,0.7804170757468304,0.8319588881242214,0.24353502953083506,0.875647032247446,0.7935728714889732,7.333333333333333,,,,,,,,,,False
169,D,AutoGluon,9,42,0.31791621227301436,0.2887558771056123,0.15252772619867602,0.5500242584591604,0.9536650978453073,3.0,,,,,,,,,,False
169,D,CatBoost,9,42,1.484031707797275,1.4102217620408564,1.060160369432393,1.1384849860311523,0.8267977413099833,5.222222222222222,,,,,,,,,,False
169,D,DeepSetModel-MC,9,42,8.033191122979439,8.380010350592807,4.389291606136308,2.733080975287981,-0.05552189124421665,11.0,200.0,5.0,,,,,,,,False
169,D,FixedRidgeLambda1,9,42,0.08746306124795059,0.0948592818811432,0.05221975406830674,0.28176811708249655,0.9879006492704954,1.4444444444444444,,,,,,,,,,False
169,D,KNN,9,42,3.1894853100447933,3.307352709983816,2.133450409107573,1.6770049182831168,0.6167878796896799,9.333333333333334,,,,,,,,,,False
169,D,LightGBM,9,42,1.479469684941961,1.5170012807773343,0.8084804986022843,1.1694761995544516,0.8076255293349264,6.0,,,,,,,,,,False
169,D,LinearRegression,9,42,0.08720434312497735,0.0940263627580638,0.053423751300093185,0.2809295577528139,0.9878219444587022,1.5555555555555556,,,,,,,,,,False
169,D,MLP,9,42,0.8044521769423869,0.8496723016571861,0.17153222651491387,0.8918266419765286,0.8498016150958396,5.888888888888889,,,,,,,,,,False
169,D,RandomForest,9,42,2.0449608799539,2.0577293985599563,1.5477467916508347,1.3102317620858999,0.773776895388811,7.0,,,,,,,,,,False
169,D,Ridge,9,42,0.08746306124795059,0.0948592818811432,0.05221975406830674,0.28176811708249655,0.9879006492704954,1.4444444444444444,,,,,,,,,,False
169,D,SVR,9,42,2.1720468087125733,2.0018932848150617,1.4222478885168082,1.394366262893209,0.7321659868390731,7.555555555555555,,,,,,,,,,False
169,D,XGBoost,9,42,2.148678698131366,2.293706437535787,1.4524557831273697,1.3783204009684598,0.7444978265245499,8.0,,,,,,,,,,False
169,E,AutoGluon,3,42,0.4105102294884524,0.4465646120765009,0.21203663568503744,0.6239258697863641,0.9652081685612047,3.0,,,,,,,,,,False
169,E,CatBoost,3,42,3.1510579762144193,3.1647098649401637,0.637556531284001,1.7689667009330126,0.7302154698663257,6.0,,,,,,,,,,False
169,E,DeepSetModel-MC,3,42,12.0523789098644,11.904262376145892,0.5587712096298241,3.4710367080000535,-0.023010417379500034,11.0,200.0,5.0,,,,,,,,False
169,E,FixedRidgeLambda1,3,42,0.05280972910162357,0.0478939307171263,0.008827117880292227,0.2292901847540235,0.9954949736681099,1.6666666666666667,,,,,,,,,,False
169,E,KNN,3,42,5.688733095633098,6.05901113172923,1.382226321550106,2.3725923685140327,0.5196611867232125,10.0,,,,,,,,,,False
169,E,LightGBM,3,42,3.4202483142064715,3.25827189226391,0.628736444836989,1.8443043495645053,0.7076427625545536,7.0,,,,,,,,,,False
169,E,LinearRegression,3,42,0.05310281065996741,0.0542203915446025,0.005114251385976349,0.23025913903765372,0.9954689052783209,1.3333333333333333,,,,,,,,,,False
169,E,MLP,3,42,0.8961112186898049,0.774436472285864,0.24829133867741163,0.9409191276895337,0.923346109043548,4.0,,,,,,,,,,False
169,E,RandomForest,3,42,3.6668009796799415,3.411585016294304,0.5440976150017439,1.911496653516603,0.6871836884571659,7.333333333333333,,,,,,,,,,False
169,E,Ridge,3,42,0.05280972910162357,0.0478939307171263,0.008827117880292227,0.2292901847540235,0.9954949736681099,1.6666666666666667,,,,,,,,,,False
169,E,SVR,3,42,3.932416153160714,4.106043361485361,0.688831173308681,1.9777511714225813,0.6673322362216849,7.0,,,,,,,,,,False
169,E,XGBoost,3,42,3.8484551728853855,3.572938813921578,0.5907578985111891,1.9580316843628065,0.6747120302517873,7.666666666666667,,,,,,,,,,False
169,F,AutoGluon,3,42,0.09388066234263288,0.0550291317565557,0.07393029093298902,0.29190623806349564,0.0,3.6666666666666665,,,,,,,,,,False
169,F,CatBoost,3,42,0.17907394836790402,0.1504562699092499,0.05323248131370327,0.42024782322662885,0.0,6.666666666666667,,,,,,,,,,False
169,F,DeepSetModel-MC,3,42,0.021980449251507498,0.0227765638351695,0.0021557876824778695,0.14813603881004153,0.0,1.0,200.0,5.0,,,,,,,,False
169,F,FixedRidgeLambda1,3,42,0.06089419119448503,0.0530158122562833,0.014438755594113499,0.2456724255949961,0.0,2.3333333333333335,,,,,,,,,,False
169,F,KNN,3,42,0.27999617153707307,0.2446238628282174,0.06976592158104364,0.5265555772214511,0.0,8.333333333333334,,,,,,,,,,False
169,F,LightGBM,3,42,0.3787090900354911,0.3973466344264193,0.0637215196448305,0.6138784558088654,0.0,9.666666666666666,,,,,,,,,,False
169,F,LinearRegression,3,42,0.06155718657574124,0.0536741474800929,0.014620641649152773,0.24700239104120905,0.0,3.3333333333333335,,,,,,,,,,False
169,F,MLP,3,42,0.8034101281287245,0.742297373697958,0.11010468648428995,0.894976404972863,0.0,11.0,,,,,,,,,,False
169,F,RandomForest,3,42,0.1008703359554856,0.0800667949765239,0.039780448507612504,0.31378451640103905,0.0,4.666666666666667,,,,,,,,,,False
169,F,Ridge,3,42,0.06089419119448503,0.0530158122562833,0.014438755594113499,0.2456724255949961,0.0,2.3333333333333335,,,,,,,,,,False
169,F,SVR,3,42,0.16128081334374855,0.1606905989515681,0.0642860456094418,0.3960086867827766,0.0,6.333333333333333,,,,,,,,,,False
169,F,XGBoost,3,42,0.31490136669715163,0.3100557061469245,0.020088890559606914,0.5609722505945315,0.0,9.0,,,,,,,,,,False
169,G,AutoGluon,3,42,5.120245207736482,4.38637536211062,2.2487430157412005,2.228016937357281,0.504955612822705,1.6666666666666667,,,,,,,,,,False
169,G,CatBoost,3,42,47.889999823757215,48.919232974087976,17.478615792608963,6.838629133969384,-3.501060017948552,7.333333333333333,,,,,,,,,,False
169,G,DeepSetModel-MC,3,42,12.935200013518246,11.357561883745168,2.906576029975978,3.582188122548406,-0.1655935327223761,4.333333333333333,200.0,5.0,,,,,,,,False
169,G,FixedRidgeLambda1,3,42,10.310649046923155,6.510316462267,8.479380997751235,3.041074618006346,-0.03474448082779624,3.3333333333333335,,,,,,,,,,False
169,G,KNN,3,42,42.1883700789025,50.24616320596668,21.44405968041845,6.320534018554521,-3.3789095992715965,7.333333333333333,,,,,,,,,,False
169,G,LightGBM,3,42,66.18950581848694,48.254744167539,32.9165723268165,7.9818811613952,-5.572484313302707,8.333333333333334,,,,,,,,,,False
169,G,LinearRegression,3,42,10.428696264292137,6.569751448847636,8.606831560625075,3.0571736591542265,-0.04683736929809623,4.333333333333333,,,,,,,,,,False
169,G,MLP,3,42,185.0220356429367,184.21941080492996,47.36137580560332,13.526685624361837,-16.47323817420077,10.333333333333334,,,,,,,,,,False
169,G,RandomForest,3,42,78.4882132897115,82.14129050738003,34.6297976279636,8.700051057122684,-5.870153870894996,8.333333333333334,,,,,,,,,,False
169,G,Ridge,3,42,10.310649046923155,6.510316462267,8.479380997751235,3.041074618006346,-0.03474448082779624,3.3333333333333335,,,,,,,,,,False
169,G,SVR,3,42,3.2451303749160787,2.4638955016661748,2.491504849123991,1.7128728056166558,0.7394910468329753,1.3333333333333333,,,,,,,,,,False
169,G,XGBoost,3,42,478.6989754772312,476.4059273804197,467.5372288913644,18.705051682498837,-36.483103583840666,9.333333333333334,,,,,,,,,,False
169,H,AutoGluon,9,42,0.36855615222397753,0.3928609151492759,0.22293660858220668,0.5767026870436083,0.9481185188106421,3.3333333333333335,,,,,,,,,,False
169,H,CatBoost,9,42,1.5921368544682852,1.617504752159728,1.1185113503269801,1.1814751169375204,0.7847399812498791,5.444444444444445,,,,,,,,,,False
169,H,DeepSetModel-MC,9,42,14.634624654275658,14.845661445960404,11.890182587935477,3.389388303397834,-0.023625440056010076,10.88888888888889,200.0,5.0,,,,,,,,False
169,H,FixedRidgeLambda1,9,42,0.05796296393538106,0.0499073965688158,0.040998141414367195,0.22901246371782039,0.9864324785760581,1.3333333333333333,,,,,,,,,,False
169,H,KNN,9,42,2.9529613119754146,3.692442021957388,1.9918168512551873,1.5814316732090417,0.7093111020319021,8.222222222222221,,,,,,,,,,False
169,H,LightGBM,9,42,1.6694397707552227,1.705944106536162,0.9579873409784746,1.236434048197144,0.7355779169505701,6.666666666666667,,,,,,,,,,False
169,H,LinearRegression,9,42,0.058663956226087825,0.0464610172445439,0.039184210429184255,0.2310589531409799,0.9860542232392786,1.6666666666666667,,,,,,,,,,False
169,H,MLP,9,42,0.6569248782504885,0.6868592788866663,0.23502257798329695,0.7978976863567747,0.6932248349332836,5.666666666666667,,,,,,,,,,False
169,H,RandomForest,9,42,2.381855552047666,2.1045397261634387,1.806498570224385,1.4190507050826386,0.7302976475837932,7.111111111111111,,,,,,,,,,False
169,H,Ridge,9,42,0.05796296393538106,0.0499073965688158,0.040998141414367195,0.22901246371782039,0.9864324785760581,1.3333333333333333,,,,,,,,,,False
169,H,SVR,9,42,2.4841544674421225,3.2128541896900926,1.7560982525077073,1.4194110662994452,0.8020218648374553,6.777777777777778,,,,,,,,,,False
169,H,XGBoost,9,42,2.815194391645681,2.0096842009650806,2.0287618242811045,1.5677910694842507,0.6094647789699422,8.88888888888889,,,,,,,,,,False
170,A,AutoGluon,3,42,1.5410974203397083,1.760693286046742,0.9552017208671276,1.1897530193550576,0.9462127672767928,3.6666666666666665,,,,,,,,,,False
170,A,CatBoost,3,42,6.364454286815794,6.968322911862251,1.2541446510533567,2.5140627202800423,0.7634749829986788,6.0,,,,,,,,,,False
170,A,DeepSetModel-MC,3,42,27.71478611179712,29.57628168038505,4.688298465756864,5.251271097551246,-0.034070470974082764,11.0,200.0,5.0,,,,,,,,False
170,A,FixedRidgeLambda1,3,42,0.1297619374846408,0.1482988268715824,0.05092061849491377,0.3548712693498795,0.9949643192488927,1.6666666666666667,,,,,,,,,,False
170,A,KNN,3,42,11.466244913763916,11.649159757305444,2.3633857696127825,3.3738861651066663,0.5728600668916282,9.666666666666666,,,,,,,,,,False
170,A,LightGBM,3,42,4.56506124338915,4.225494334304693,1.4075731251242707,2.120097349364921,0.8308705711106809,5.0,,,,,,,,,,False
170,A,LinearRegression,3,42,0.12904675756943007,0.1444850786029541,0.04670086337764437,0.3547889838207911,0.9950053547337485,1.3333333333333333,,,,,,,,,,False
170,A,MLP,3,42,1.3486659060731148,1.5532413632462991,0.3677696139150672,1.153350605427116,0.9504601144148698,3.3333333333333335,,,,,,,,,,False
170,A,RandomForest,3,42,9.5767331396196,10.55456012720776,1.7464087697873105,3.0855005599320955,0.6434076830576899,7.333333333333333,,,,,,,,,,False
170,A,Ridge,3,42,0.1297619374846408,0.1482988268715824,0.05092061849491377,0.3548712693498795,0.9949643192488927,1.6666666666666667,,,,,,,,,,False
170,A,SVR,3,42,9.496382094722856,10.267271843073168,1.591969877151153,3.073995187433887,0.6456475571261332,7.666666666666667,,,,,,,,,,False
170,A,XGBoost,3,42,11.05020104706008,12.004321769165744,2.315152849529561,3.311177676453438,0.5899366690002186,9.333333333333334,,,,,,,,,,False
170,C,AutoGluon,3,42,0.2837868997502497,0.2718113255341678,0.0608313674425168,0.5307108979943663,0.9537576668179338,3.0,,,,,,,,,,False
170,C,CatBoost,3,42,1.2138639025617264,1.1602793938951892,0.242934696775596,1.0981497382608147,0.8028829984607472,5.666666666666667,,,,,,,,,,False
170,C,DeepSetModel-MC,3,42,6.429047975013504,6.475554081786934,0.39481211959317775,2.5347546669510463,-0.046759884066920436,11.0,200.0,5.0,,,,,,,,False
170,C,FixedRidgeLambda1,3,42,0.0612622845250284,0.0644320786765035,0.0131377078280253,0.24651374842125637,0.9900373793614755,1.0,,,,,,,,,,False
170,C,KNN,3,42,1.8668743343186727,1.741997196981918,0.5713750574713805,1.3558879403383612,0.6971727618776168,8.666666666666666,,,,,,,,,,False
170,C,LightGBM,3,42,1.3878056802796017,1.3506530142492872,0.3201057707170352,1.172846986822706,0.7747514601558171,7.333333333333333,,,,,,,,,,False
170,C,LinearRegression,3,42,0.0652577638922505,0.0680857221479175,0.011513102030670078,0.2547661172947484,0.9893832802549875,2.0,,,,,,,,,,False
170,C,MLP,3,42,2.330314914292265,2.396685170760352,0.5735033451640337,1.5185112811640533,0.6217848072432709,9.0,,,,,,,,,,False
170,C,RandomForest,3,42,1.220960027639822,1.0654128898511062,0.35041290816221576,1.097799508730242,0.8020478086746431,5.0,,,,,,,,,,False
170,C,Ridge,3,42,0.0612622845250284,0.0644320786765035,0.0131377078280253,0.24651374842125637,0.9900373793614755,1.0,,,,,,,,,,False
170,C,SVR,3,42,0.8495503606057736,1.001470124169475,0.3086677614943853,0.9099714190207585,0.8618713799461438,4.333333333333333,,,,,,,,,,False
170,C,XGBoost,3,42,2.2791842253517065,2.12860073901519,1.1383612198619215,1.4773494854359637,0.6312637613845998,9.0,,,,,,,,,,False
170,D,AutoGluon,6,42,0.35987760410136466,0.26811184054319537,0.2526124008495039,0.5695246143275646,0.9673035546293369,3.1666666666666665,,,,,,,,,,False
170,D,CatBoost,6,42,1.4774908693288058,1.193948976905792,0.7805018947319449,1.1804913914527215,0.8544380675758271,5.166666666666667,,,,,,,,,,False
170,D,DeepSetModel-MC,6,42,11.82023661190913,10.90327884743942,7.37224390424939,3.2863892632363734,-0.03210061565057818,11.0,200.0,5.0,,,,,,,,False
170,D,FixedRidgeLambda1,6,42,0.10651245682936789,0.0781514749626226,0.08426880406869122,0.3068133897961834,0.990745814349868,2.0,,,,,,,,,,False
170,D,KNN,6,42,3.708292599661224,3.582050175479384,2.6044042782410632,1.8106245721175027,0.6958637163810438,9.5,,,,,,,,,,False
170,D,LightGBM,6,42,1.5673059620062195,1.6094169591627767,0.6685064738746388,1.226081330892265,0.8401268004152653,5.666666666666667,,,,,,,,,,False
170,D,LinearRegression,6,42,0.10249458623686576,0.07549872690479376,0.08264524822150265,0.2999626288773917,0.9912114289475471,1.0,,,,,,,,,,False
170,D,MLP,6,42,0.6006366686303543,0.6064960455539943,0.1611177110863158,0.7689133247107227,0.9212644245859659,4.166666666666667,,,,,,,,,,False
170,D,RandomForest,6,42,2.614132865449618,2.182731029569199,1.6167080081136898,1.549797860946602,0.765553496763435,8.166666666666666,,,,,,,,,,False
170,D,Ridge,6,42,0.10651245682936789,0.0781514749626226,0.08426880406869122,0.3068133897961834,0.990745814349868,2.0,,,,,,,,,,False
170,D,SVR,6,42,2.644023672197568,2.484559788310036,1.8276442617917223,1.5330920445204301,0.7821747607675071,7.5,,,,,,,,,,False
170,D,XGBoost,6,42,2.6442335227466476,2.1541010541005896,1.4537561555712735,1.575804852241035,0.747309040199399,8.666666666666666,,,,,,,,,,False
170,E,AutoGluon,3,42,0.5695517889890569,0.5854033392747832,0.25929036669202915,0.7403804539143538,0.9546336814840242,3.3333333333333335,,,,,,,,,,False
170,E,CatBoost,3,42,3.0960639088800193,3.1695872512308743,0.17661696993534431,1.7590788624436986,0.7466539627957447,5.333333333333333,,,,,,,,,,False
170,E,DeepSetModel-MC,3,42,13.01292433706496,13.698835686893169,1.492364002542759,3.603248529215582,-0.061161193934482,11.0,200.0,5.0,,,,,,,,False
170,E,FixedRidgeLambda1,3,42,0.06549807388244387,0.0690961530765216,0.012690538743434966,0.25508448249935894,0.9946922718235487,2.0,,,,,,,,,,False
170,E,KNN,3,42,5.937664963223181,6.2865855141140665,0.6325894564229548,2.4343481024475606,0.5159649126966865,10.0,,,,,,,,,,False
170,E,LightGBM,3,42,3.4001181876796545,3.638555324009284,0.5149164029347898,1.8402430981926239,0.7216966900787973,6.0,,,,,,,,,,False
170,E,LinearRegression,3,42,0.0635105844493077,0.0643141003538239,0.011969462243929361,0.2512514599888619,0.9948560875951927,1.0,,,,,,,,,,False
170,E,MLP,3,42,0.6382592780831685,0.7139796446482658,0.14876967151660314,0.7949822940684963,0.9483070688126748,3.6666666666666665,,,,,,,,,,False
170,E,RandomForest,3,42,3.74999063937404,3.683789503094576,0.479788838873179,1.933868706671169,0.6931909853873913,7.0,,,,,,,,,,False
170,E,Ridge,3,42,0.06549807388244387,0.0690961530765216,0.012690538743434966,0.25508448249935894,0.9946922718235487,2.0,,,,,,,,,,False
170,E,SVR,3,42,5.6110655041795345,5.78819517865011,0.42827156172237674,2.367594029826909,0.5421024162242121,9.0,,,,,,,,,,False
170,E,XGBoost,3,42,3.825133944272503,3.7752026612958742,0.3068242945892195,1.9547542460293823,0.6878166646222755,7.666666666666667,,,,,,,,,,False
170,G,AutoGluon,6,42,2.4128324968833863,2.519419438315656,1.297736495756491,1.5021501653027134,0.3913149754688625,2.8333333333333335,,,,,,,,,,False
170,G,CatBoost,6,42,16.667703958958345,12.527272576083629,14.364324445251585,3.7430185028385736,-4.942213465498651,7.333333333333333,,,,,,,,,,False
170,G,DeepSetModel-MC,6,43,6.644653912199659,5.856773993254298,4.357042741741432,2.448155907530077,-0.06585426323659462,5.833333333333333,200.0,5.0,,,,,,,,False
170,G,FixedRidgeLambda1,6,42,3.3838418723269044,4.200774040007972,1.7186905993097263,1.7743585244249063,-0.04912969328441794,3.0,,,,,,,,,,False
170,G,KNN,6,42,17.442218382588468,13.24756513653041,12.424637042664456,3.950924280329531,-5.167524135304938,7.666666666666667,,,,,,,,,,False
170,G,LightGBM,6,42,29.299355763242385,15.054537138365045,30.99954719728125,4.892359046697385,-10.835495932448476,9.166666666666666,,,,,,,,,,False
170,G,LinearRegression,6,42,3.4360439637243902,4.272539573471712,1.7532286287697694,1.787151961833348,-0.06554738542530326,4.0,,,,,,,,,,False
170,G,MLP,6,42,84.99010815452964,46.477008095981105,86.95990453332975,8.149558620073302,-31.03767075955092,10.666666666666666,,,,,,,,,,False
170,G,RandomForest,6,42,18.022954197640704,10.7023243095909,20.043380789423697,3.7132312842143986,-5.301604436381115,6.0,,,,,,,,,,False
170,G,Ridge,6,42,3.3838418723269044,4.200774040007972,1.7186905993097263,1.7743585244249063,-0.04912969328441794,3.0,,,,,,,,,,False
170,G,SVR,6,42,1.515170883963265,1.24850113250156,0.9805754460384868,1.1771338245133591,0.7422594530509582,1.8333333333333333,,,,,,,,,,False
170,G,XGBoost,6,42,49.388996461109734,8.820266015083993,99.35602906808943,5.060986724622234,-16.098424190751828,7.666666666666667,,,,,,,,,,False
170,H,AutoGluon,3,42,0.3186020877784595,0.2977250761871327,0.05903842722344887,0.5628868643526599,0.9713777766112509,3.0,,,,,,,,,,False
170,H,CatBoost,3,42,1.9529670163011712,1.9746316781027768,0.12033042590343966,1.397039761398796,0.8233637299011921,5.666666666666667,,,,,,,,,,False
170,H,DeepSetModel-MC,3,42,11.231316217259208,11.182240588681356,0.4014285283744051,3.3509598345139353,-0.013257091320458401,11.0,200.0,5.0,,,,,,,,False
170,H,FixedRidgeLambda1,3,42,0.10560118995736036,0.0964829259334019,0.036327184049253614,0.3218445591152151,0.9905534399695025,1.3333333333333333,,,,,,,,,,False
170,H,KNN,3,42,3.3733155126361276,3.104602140973978,0.4939312356196137,1.8334952636525468,0.6966384098870336,9.0,,,,,,,,,,False
170,H,LightGBM,3,42,1.9509707789726367,1.7531296802018883,0.3715719001852386,1.3927368047346826,0.8232743254770024,5.666666666666667,,,,,,,,,,False
170,H,LinearRegression,3,42,0.1086868555675547,0.0931939963144107,0.04227920074128837,0.32573599724788543,0.990291671201613,1.6666666666666667,,,,,,,,,,False
170,H,MLP,3,42,0.7438947237347208,0.7365128526844482,0.24000151504763736,0.8548145965721249,0.9333452583501679,4.0,,,,,,,,,,False
170,H,RandomForest,3,42,3.349186117678716,3.30019148819627,0.3993801974313969,1.8279235255551418,0.6975068183713339,9.0,,,,,,,,,,False
170,H,Ridge,3,42,0.10560118995736036,0.0964829259334019,0.036327184049253614,0.3218445591152151,0.9905534399695025,1.3333333333333333,,,,,,,,,,False
170,H,SVR,3,42,2.5398800687608314,2.438153665072052,0.2653039506651817,1.5922835113702265,0.7713123189605647,6.666666666666667,,,,,,,,,,False
170,H,XGBoost,3,42,3.3785869727851563,3.37644796425876,0.3530202958302847,1.8364160552908155,0.6941566186468142,9.0,,,,,,,,,,False
171,A,AutoGluon,3,42,0.19319927968138859,0.1908542732641091,0.04728383796733437,0.4373288266661914,0.9564183665482179,3.0,,,,,,,,,,False
171,A,CatBoost,3,42,0.5562264777169,0.4689236367206127,0.23837001006333616,0.7349990887131197,0.8827455428844395,5.0,,,,,,,,,,False
171,A,DeepSetModel-MC,3,42,4.767103773813833,4.616945070152518,0.7309008614800299,2.179159311000537,-0.032016819983877766,11.0,200.0,5.0,,,,,,,,False
171,A,FixedRidgeLambda1,3,42,0.0420996434225128,0.0400146858957042,0.004719784616433358,0.2049727051763556,0.9908390560272022,1.0,,,,,,,,,,False
171,A,KNN,3,42,1.028814012273373,1.0510035468277057,0.09204472089000919,1.0136160576094377,0.7735318662695824,10.0,,,,,,,,,,False
171,A,LightGBM,3,42,0.8215315259113299,0.8382385332409663,0.16000573872639,0.9034394444338479,0.818685694999246,7.666666666666667,,,,,,,,,,False
171,A,LinearRegression,3,42,0.04520213511563643,0.0431716903454513,0.004785008808530561,0.21241422797584072,0.9901642782398629,2.0,,,,,,,,,,False
171,A,MLP,3,42,0.7759044288290355,0.8067800846847895,0.10847519638254166,0.8793708701118611,0.8303858710013713,6.333333333333333,,,,,,,,,,False
171,A,RandomForest,3,42,0.552550043262436,0.5490745760980524,0.21828431927065717,0.7332068724160753,0.8771784249812816,5.333333333333333,,,,,,,,,,False
171,A,Ridge,3,42,0.0420996434225128,0.0400146858957042,0.004719784616433358,0.2049727051763556,0.9908390560272022,1.0,,,,,,,,,,False
171,A,SVR,3,42,0.7386270673894146,0.6824253502115526,0.2591894097574674,0.8507778798500013,0.8426638149108788,7.0,,,,,,,,,,False
171,A,XGBoost,3,42,0.7897279812264119,0.761233770514907,0.09120991842086136,0.8876987757289477,0.8283450722768251,7.666666666666667,,,,,,,,,,False
171,B,AutoGluon,3,42,0.1971086659199066,0.2453413960011488,0.12214715102334656,0.4243441625656634,0.9113227457290728,3.6666666666666665,,,,,,,,,,False
171,B,CatBoost,3,42,0.3236626658588972,0.3552700194664399,0.09464710219520958,0.5644637324677445,0.8510980346668992,5.0,,,,,,,,,,False
171,B,DeepSetModel-MC,3,42,2.1776399001944053,2.015708244911853,0.3251658031939749,1.473038490890289,-0.009011387051290667,11.0,200.0,5.0,,,,,,,,False
171,B,FixedRidgeLambda1,3,42,0.028270769605857102,0.0214435887597156,0.02048412254710055,0.16093231073451394,0.9876254172623841,2.0,,,,,,,,,,False
171,B,KNN,3,42,0.681768952368062,0.6252318844526891,0.1412326916906784,0.8228587625021136,0.6858663535039238,9.333333333333334,,,,,,,,,,False
171,B,LightGBM,3,42,0.5191735318692378,0.5474269148499223,0.06002653728517525,0.7197051695496213,0.756776514914629,7.333333333333333,,,,,,,,,,False
171,B,LinearRegression,3,42,0.027230147896296266,0.0208209349044917,0.019269848580365602,0.15828707719605567,0.9880603041641022,1.0,,,,,,,,,,False
171,B,MLP,3,42,0.8047582123417264,0.8361668037787218,0.18434182463619805,0.8929784439112084,0.6275892501394035,9.666666666666666,,,,,,,,,,False
171,B,RandomForest,3,42,0.17468455540771718,0.1777041103814993,0.026873277505426757,0.41711161647056477,0.9189423220828701,3.3333333333333335,,,,,,,,,,False
171,B,Ridge,3,42,0.028270769605857102,0.0214435887597156,0.02048412254710055,0.16093231073451394,0.9876254172623841,2.0,,,,,,,,,,False
171,B,SVR,3,42,0.5178742196606628,0.4716609476996947,0.17341090601362275,0.7131143112728764,0.7642391687140021,7.333333333333333,,,,,,,,,,False
171,B,XGBoost,3,42,0.4433941630851265,0.4499068053490309,0.02439773816177888,0.665708598607084,0.7924541367299461,6.333333333333333,,,,,,,,,,False
171,C,AutoGluon,3,42,0.48487043728372586,0.4179455419374788,0.340043388772623,0.6661262666984221,0.7747611186010332,2.6666666666666665,,,,,,,,,,False
171,C,CatBoost,3,42,0.9056053321852399,0.8747696589890362,0.14048140133600476,0.9497573449181641,0.5384895747287273,5.333333333333333,,,,,,,,,,False
171,C,DeepSetModel-MC,3,42,2.150817588127197,2.2012815115459348,0.6127200615557317,1.4562009755464826,-0.0060165207105459,9.0,200.0,5.0,,,,,,,,False
171,C,FixedRidgeLambda1,3,42,0.22385912239732408,0.2288196783529846,0.03174963040622386,0.47232632735079094,0.8893220334592798,2.3333333333333335,,,,,,,,,,False
171,C,KNN,3,42,1.6825728314365491,1.632543946800448,0.10011344858752776,1.2967635601601077,0.15472987230531918,8.666666666666666,,,,,,,,,,False
171,C,LightGBM,3,42,1.201289305907679,1.2684464608929489,0.45792650023258563,1.0814959671658169,0.35930737736332113,6.0,,,,,,,,,,False
171,C,LinearRegression,3,42,0.22158552480396967,0.2273258163632158,0.030083399765789668,0.46998775098547313,0.8903320543329155,1.3333333333333333,,,,,,,,,,False
171,C,MLP,3,42,2.9833465690858225,3.3736144434970288,1.0424217276301626,1.7073086749346806,-0.3749760009721294,10.666666666666666,,,,,,,,,,False
171,C,RandomForest,3,42,0.8318738176886256,0.8536280416399764,0.09113059293218875,0.9111385665963475,0.5876143336324743,5.0,,,,,,,,,,False
171,C,Ridge,3,42,0.22385912239732408,0.2288196783529846,0.03174963040622386,0.47232632735079094,0.8893220334592798,2.3333333333333335,,,,,,,,,,False
171,C,SVR,3,42,0.8915027984453183,0.9951918154797942,0.18915573292875199,0.9403772143835815,0.5757045341950376,5.666666666666667,,,,,,,,,,False
171,C,XGBoost,3,42,2.3401228847277333,1.7812818256542446,1.2747009223810843,1.4946060061292616,-0.28170813307880893,9.333333333333334,,,,,,,,,,False
171,F,AutoGluon,9,43,0.13491927457155548,0.1168747539957036,0.1103181649136456,0.3476536482587529,0.3118269506952036,3.0,,,,,,,,,,False
171,F,CatBoost,9,43,0.2628760322680796,0.2465968519126988,0.08515191326696243,0.5072350379895947,0.30039254260884907,6.444444444444445,,,,,,,,,,False
171,F,DeepSetModel-MC,9,43,1.3204424075964205,0.0153727659575554,1.9866612046788805,0.7186213718025373,-0.03194866746617056,4.333333333333333,200.0,5.0,,,,,,,,False
171,F,FixedRidgeLambda1,9,43,0.10445671808816971,0.1003682899305065,0.040701992345903056,0.3173618650115008,0.32306421856521356,2.5555555555555554,,,,,,,,,,False
171,F,KNN,9,43,0.46761956750321587,0.2778193522252073,0.3857752550318252,0.6349858083289414,0.24265358902769718,7.888888888888889,,,,,,,,,,False
171,F,LightGBM,9,43,0.44603491973197545,0.4083124698420585,0.14666769540925817,0.6613000944544705,0.2842508043462002,8.777777777777779,,,,,,,,,,False
171,F,LinearRegression,9,43,0.10636682992206371,0.102512197689623,0.04194321876351904,0.320101524388166,0.3227257296780871,3.3333333333333335,,,,,,,,,,False
171,F,MLP,9,43,0.6668019597272516,0.6510790313351505,0.11984127495296493,0.8138694394082113,0.2634671181804222,10.222222222222221,,,,,,,,,,False
171,F,RandomForest,9,43,0.17582369171042636,0.1539749075334744,0.07798209800261736,0.41182943486599494,0.31161683981677835,4.222222222222222,,,,,,,,,,False
171,F,Ridge,9,43,0.10445671808816971,0.1003682899305065,0.040701992345903056,0.3173618650115008,0.32306421856521356,2.5555555555555554,,,,,,,,,,False
171,F,SVR,9,43,0.3029456061018354,0.2157442711225835,0.21114134485126237,0.5239380033327233,0.2815464917302045,6.666666666666667,,,,,,,,,,False
171,F,XGBoost,9,43,0.4161097456579509,0.3809995906771737,0.10896255609608435,0.6404048391937959,0.2873302772099777,8.555555555555555,,,,,,,,,,False
172,B,AutoGluon,3,43,0.28112199977081165,0.2264548168498677,0.10186790529812723,0.5248144470238209,0.9611477131762376,3.6666666666666665,,,,,,,,,,False
172,B,CatBoost,3,43,0.4947080355512474,0.4944563485629257,0.09401417709337437,0.7012145083329608,0.9331219000494761,5.666666666666667,,,,,,,,,,False
172,B,DeepSetModel-MC,3,43,7.760780701664181,7.489063362507205,1.0099002001555442,2.781962594127845,-0.02773972031924604,11.0,200.0,5.0,,,,,,,,False
172,B,FixedRidgeLambda1,3,43,0.09133708960845664,0.091454314457576,0.020627929192656342,0.3009133658931535,0.987911152340843,1.0,,,,,,,,,,False
172,B,KNN,3,43,1.467008664940255,1.4164525563894104,0.3159538981904447,1.206571909025864,0.7990397836594979,9.666666666666666,,,,,,,,,,False
172,B,LightGBM,3,43,0.8069995969726076,0.781411141008148,0.05774615880864233,0.8979549865645543,0.8910424238455207,8.0,,,,,,,,,,False
172,B,LinearRegression,3,43,0.09687401228601573,0.0949956746556217,0.021524270630100498,0.30996433025468056,0.9871936882092301,2.0,,,,,,,,,,False
172,B,MLP,3,43,0.6133076683394348,0.6591177487791092,0.15823570445690655,0.7784669583265682,0.9185238384413251,6.666666666666667,,,,,,,,,,False
172,B,RandomForest,3,43,0.2610081510217324,0.2554400604250005,0.04415778317042941,0.509679520253605,0.9646868619472517,3.3333333333333335,,,,,,,,,,False
172,B,Ridge,3,43,0.09133708960845664,0.091454314457576,0.020627929192656342,0.3009133658931535,0.987911152340843,1.0,,,,,,,,,,False
172,B,SVR,3,43,1.2044905183392778,1.3297488340643828,0.27215687977570263,1.092448339714917,0.8392411302819123,9.333333333333334,,,,,,,,,,False
172,B,XGBoost,3,43,0.5445739884901956,0.5471264634797821,0.0656962887389859,0.7370503046047142,0.9263759835729654,5.666666666666667,,,,,,,,,,False
172,C,AutoGluon,6,43,0.6718040607514029,0.5553503848693055,0.36862429571378025,0.7994073658870899,0.9417444243152763,2.6666666666666665,,,,,,,,,,False
172,C,CatBoost,6,42,2.301516892299374,2.0267697190255998,1.0248763194108783,1.4892222647136226,0.808012084539048,5.166666666666667,,,,,,,,,,False
172,C,DeepSetModel-MC,6,42,12.617070834058604,10.769048863731008,5.463987318486586,3.4861638310894687,-0.04813494835429307,11.0,200.0,5.0,,,,,,,,False
172,C,FixedRidgeLambda1,6,42,0.2838969699263252,0.2537350160683445,0.09892002849282813,0.5268322424195288,0.9741111323849144,1.3333333333333333,,,,,,,,,,False
172,C,KNN,6,42,4.8320569879143465,4.15400057960843,2.2407965335343603,2.1495244563375624,0.5962547996265063,9.5,,,,,,,,,,False
172,C,LightGBM,6,42,2.4030896758785416,2.1121096397472603,0.6739747601113976,1.5387093187262189,0.7882866059436301,6.333333333333333,,,,,,,,,,False
172,C,LinearRegression,6,42,0.2915769753673544,0.25697234348176473,0.10799046184234107,0.5330930286949941,0.9735646189188484,2.0,,,,,,,,,,False
172,C,MLP,6,42,2.1380608774550423,2.29306238026595,0.5769256349947602,1.4494204373618376,0.8052510581965909,5.833333333333333,,,,,,,,,,False
172,C,RandomForest,6,42,3.2318003819853676,2.9612521708948965,1.860459900024033,1.7414865374719606,0.7380940438313138,6.666666666666667,,,,,,,,,,False
172,C,Ridge,6,42,0.2838969699263252,0.2537350160683445,0.09892002849282813,0.5268322424195288,0.9741111323849144,1.3333333333333333,,,,,,,,,,False
172,C,SVR,6,42,3.919015021924617,3.1064577647541176,2.8778803436439153,1.8754861190877001,0.7040768287330791,7.666666666666667,,,,,,,,,,False
172,C,XGBoost,6,42,3.9241480947428027,4.335091603100915,1.6706694633540398,1.9376832102479387,0.6608877930988354,7.833333333333333,,,,,,,,,,False
172,F,AutoGluon,3,43,0.1404605777002251,0.1290178577786151,0.019856037783755186,0.37417847842232327,0.9861778771198209,3.0,,,,,,,,,,False
172,F,CatBoost,3,43,0.3470582959685203,0.3017263509430845,0.08864470748989085,0.5860889925070972,0.9666185840460305,6.333333333333333,,,,,,,,,,False
172,F,DeepSetModel-MC,3,43,10.816747940904321,11.13191947677975,0.5461903852294997,3.2881728986382104,-0.048346845428544095,11.0,200.0,5.0,,,,,,,,False
172,F,FixedRidgeLambda1,3,43,0.0282520770239735,0.0305506007599912,0.006623553044573219,0.1672569250828586,0.9972154637246761,1.6666666666666667,,,,,,,,,,False
172,F,KNN,3,43,2.4402092646152997,2.2852672140664505,0.4498928796604246,1.5578345684582835,0.7649479636531668,10.0,,,,,,,,,,False
172,F,LightGBM,3,43,0.401688168456976,0.3965875962926322,0.045823194618268726,0.6331051377861027,0.9605908917114473,6.666666666666667,,,,,,,,,,False
172,F,LinearRegression,3,43,0.027192155344904632,0.030905248826242,0.006531590299837765,0.16403535390442536,0.99732749780509,1.3333333333333333,,,,,,,,,,False
172,F,MLP,3,43,0.44361695094622333,0.4294209168405922,0.05651467772089549,0.6651608431793847,0.9571491577241935,7.333333333333333,,,,,,,,,,False
172,F,RandomForest,3,43,0.16205404278981297,0.1643583923533357,0.013459186671837087,0.40232505551370384,0.9842132933738615,4.0,,,,,,,,,,False
172,F,Ridge,3,43,0.0282520770239735,0.0305506007599912,0.006623553044573219,0.1672569250828586,0.9972154637246761,1.6666666666666667,,,,,,,,,,False
172,F,SVR,3,43,0.9667730115432475,0.962538146186013,0.30754580020220545,0.974706607316972,0.9079933232526157,9.0,,,,,,,,,,False
172,F,XGBoost,3,43,0.34689966003265976,0.3404253242898908,0.09676599293215259,0.5851223670994479,0.9668628459735601,5.666666666666667,,,,,,,,,,False
172,H,AutoGluon,6,43,0.20841694307501343,0.21757867269055858,0.08848271433524725,0.44666765454301566,0.9262960291198589,3.0,,,,,,,,,,False
172,H,CatBoost,6,43,0.5661770048734093,0.5148816020959943,0.2008071632761103,0.7435032604859022,0.7887951487389424,5.5,,,,,,,,,,False
172,H,DeepSetModel-MC,6,43,3.575950594870965,3.5828500650698194,1.6539566518237718,1.8457468313376177,-0.047283655739967956,11.0,200.0,5.0,,,,,,,,False
172,H,FixedRidgeLambda1,6,43,0.05947495167135027,0.05312487594241685,0.024473677366231055,0.2395815484212326,0.9746792522347877,1.5,,,,,,,,,,False
172,H,KNN,6,43,0.8794433216758103,0.8686873834051574,0.176936775432406,0.9338031967695798,0.6787087713762322,9.0,,,,,,,,,,False
172,H,LightGBM,6,43,0.6873298677951815,0.7212646272846834,0.19263123539890584,0.8211915532719924,0.7364717715201801,5.833333333333333,,,,,,,,,,False
172,H,LinearRegression,6,43,0.05922464373084362,0.05307433980494595,0.024977640186343627,0.23881958452504656,0.9747062449286923,1.5,,,,,,,,,,False
172,H,MLP,6,43,1.090306236418335,1.0904878804881992,0.2680542429807888,1.0375292639772413,0.5788835217911935,9.333333333333334,,,,,,,,,,False
172,H,RandomForest,6,43,0.629172522995815,0.6643801945765702,0.1734112561337787,0.7864078111158189,0.7666983513052613,5.666666666666667,,,,,,,,,,False
172,H,Ridge,6,43,0.05947495167135027,0.05312487594241685,0.024473677366231055,0.2395815484212326,0.9746792522347877,1.5,,,,,,,,,,False
172,H,SVR,6,43,0.6203476347628959,0.5865200120652452,0.21150995653654997,0.7779368306084398,0.7950069595645183,5.833333333333333,,,,,,,,,,False
172,H,XGBoost,6,43,0.8096065611168913,0.8251746640595994,0.17584844160194313,0.8952433370678107,0.7033053219466936,7.833333333333333,,,,,,,,,,False
173,A,AutoGluon,9,43,0.45340751145755653,0.2797723498769649,0.34810701026131313,0.6266709650151255,0.9580947667959472,3.2222222222222223,,,,,,,,,,False
173,A,CatBoost,9,43,1.7072974912432244,1.6925893257679845,1.1230583908395966,1.2307899660023631,0.8412177575662434,5.0,,,,,,,,,,False
173,A,DeepSetModel-MC,9,43,10.521487434374698,12.521597496554392,5.678500937372661,3.1107338110173273,-0.027582258649526025,11.0,200.0,5.0,,,,,,,,False
173,A,FixedRidgeLambda1,9,43,0.0799435082288201,0.0452851349785579,0.07193928035396253,0.2630472888815744,0.9916236272921916,1.8888888888888888,,,,,,,,,,False
173,A,KNN,9,43,3.6145208189615254,4.422658014852948,2.2291445890858297,1.7807849128987803,0.676071526741015,9.222222222222221,,,,,,,,,,False
173,A,LightGBM,9,43,2.0705057594865375,2.375478471513684,1.1545240957270488,1.3742453401738302,0.7994033782513107,6.666666666666667,,,,,,,,,,False
173,A,LinearRegression,9,43,0.07903907564080928,0.0429900594864949,0.07206606778855863,0.260786553998932,0.991844137712193,1.1111111111111112,,,,,,,,,,False
173,A,MLP,9,43,0.7037394626762778,0.6754777513621786,0.13724633744541395,0.835356189866928,0.8969793341971708,5.444444444444445,,,,,,,,,,False
173,A,RandomForest,9,43,2.871793826412198,3.0767864066856165,1.8881724567460438,1.5763937773870371,0.748007150842448,7.333333333333333,,,,,,,,,,False
173,A,Ridge,9,43,0.0799435082288201,0.0452851349785579,0.07193928035396253,0.2630472888815744,0.9916236272921916,1.8888888888888888,,,,,,,,,,False
173,A,SVR,9,43,2.456177299934786,1.941697232516696,1.8027329154675762,1.443709465150048,0.7887590808085015,6.0,,,,,,,,,,False
173,A,XGBoost,9,43,3.433185169837881,3.578585327141205,2.290039103311151,1.7336085050460732,0.690234775667463,9.11111111111111,,,,,,,,,,False
173,C,AutoGluon,6,43,0.35308515493153986,0.30570506827513005,0.1132205017680819,0.5885525492530427,0.9227231205857152,3.0,,,,,,,,,,False
173,C,CatBoost,6,43,1.0662435368272316,1.0903053473575997,0.2282680259272838,1.0275229840461886,0.7777071243232827,4.833333333333333,,,,,,,,,,False
173,C,DeepSetModel-MC,6,43,5.108196828294678,5.1038550496338075,1.3465891706663922,2.243375245835164,-0.0327479236344706,11.0,200.0,5.0,,,,,,,,False
173,C,FixedRidgeLambda1,6,43,0.16391152096896403,0.17639311540026864,0.05767720662595928,0.39926305515828914,0.965042723270226,1.3333333333333333,,,,,,,,,,False
173,C,KNN,6,43,2.0141816663979086,1.8345250728693239,0.5988892793313019,1.407916645191903,0.5862124071915021,9.166666666666666,,,,,,,,,,False
173,C,LightGBM,6,43,1.4311050264904672,1.3254484771609278,0.4530595078873797,1.1853557647054649,0.7008172298602005,7.166666666666667,,,,,,,,,,False
173,C,LinearRegression,6,43,0.16542399491294119,0.17867443208093195,0.059848691494820146,0.40075582844179314,0.9647352631159688,1.6666666666666667,,,,,,,,,,False
173,C,MLP,6,43,1.7430747820331238,1.8060055677242044,0.6947999585218374,1.298435451063357,0.6324097101948473,8.166666666666666,,,,,,,,,,False
173,C,RandomForest,6,43,1.2961285355703733,1.238535711708269,0.40914454966542585,1.1270482718751167,0.72808589297912,6.0,,,,,,,,,,False
173,C,Ridge,6,43,0.16391152096896403,0.17639311540026864,0.05767720662595928,0.39926305515828914,0.965042723270226,1.3333333333333333,,,,,,,,,,False
173,C,SVR,6,43,1.4408420747439659,1.6334833700615963,0.5292389926758935,1.180679625728323,0.7155420719538431,6.666666666666667,,,,,,,,,,False
173,C,XGBoost,6,43,1.403644663864422,1.267642535993604,0.47144632644086476,1.1720994957092856,0.7078505320418733,7.0,,,,,,,,,,False
173,D,AutoGluon,9,43,0.3883385740156621,0.3805110953983436,0.08983318233238546,0.619374586761546,0.9559550197948941,3.2222222222222223,,,,,,,,,,False
173,D,CatBoost,9,43,1.675483954622318,1.664675551076577,0.6580027028547892,1.270439646218023,0.8146169073121152,5.555555555555555,,,,,,,,,,False
173,D,DeepSetModel-MC,9,43,9.551804699370846,9.71901954563504,2.322850948602667,3.0691912889606385,-0.02702045770655481,11.0,200.0,5.0,,,,,,,,False
173,D,FixedRidgeLambda1,9,43,0.06433705876641417,0.0497408826693808,0.04572293831897094,0.24010555702617406,0.9923975865322505,1.6666666666666667,,,,,,,,,,False
173,D,KNN,9,43,3.161770145471801,3.1865095632814637,0.7166707044730033,1.767094688020701,0.6507818393652116,9.555555555555555,,,,,,,,,,False
173,D,LightGBM,9,43,1.732920623531038,1.6924502102640824,0.45422499210814704,1.3073020655214784,0.8036402940714916,6.111111111111111,,,,,,,,,,False
173,D,LinearRegression,9,43,0.06336534476500827,0.0449658935204744,0.04418826330076204,0.23916549937750636,0.9925086402483303,1.3333333333333333,,,,,,,,,,False
173,D,MLP,9,43,0.6964276758501963,0.5403162393551425,0.30677198798837413,0.8185219715056161,0.9182607120672639,3.888888888888889,,,,,,,,,,False
173,D,RandomForest,9,43,2.5779559713786937,2.7046249629891386,0.9143595113227766,1.5829442805844698,0.7068688088906545,8.11111111111111,,,,,,,,,,False
173,D,Ridge,9,43,0.06433705876641417,0.0497408826693808,0.04572293831897094,0.24010555702617406,0.9923975865322505,1.6666666666666667,,,,,,,,,,False
173,D,SVR,9,43,2.079916903048537,1.950176174247504,0.651771323298847,1.4263821905120906,0.7748556260033583,7.333333333333333,,,,,,,,,,False
173,D,XGBoost,9,43,2.516581657299318,2.468724383854217,0.8468533889683565,1.5654277842341402,0.718732709905869,8.222222222222221,,,,,,,,,,False
174,B,AutoGluon,3,43,0.18126350576298147,0.2108018269587766,0.08227845888695132,0.4169802065892149,0.9256871101706047,3.0,,,,,,,,,,False
174,B,CatBoost,3,43,0.4664472485986965,0.4573017967748226,0.09334061096343879,0.6806954223093128,0.7993097177888734,5.0,,,,,,,,,,False
174,B,DeepSetModel-MC,3,43,2.369382333935226,2.5988423153058258,0.5348645264278388,1.5322332305790152,-0.009861953425626667,11.0,200.0,5.0,,,,,,,,False
174,B,FixedRidgeLambda1,3,43,0.10856671742123031,0.1294160755600777,0.05216585279048637,0.32169042507405843,0.9558624697488232,1.3333333333333333,,,,,,,,,,False
174,B,KNN,3,43,1.2588571002547695,1.344512807610306,0.3155502565554316,1.1157023865024165,0.46543625554882834,10.0,,,,,,,,,,False
174,B,LightGBM,3,43,0.6602225109746737,0.5631085612749009,0.26604552613841226,0.8021204498282691,0.7220204369936835,8.0,,,,,,,,,,False
174,B,LinearRegression,3,43,0.10838765198287764,0.131346416772681,0.05153977232971152,0.3215537229342463,0.9559043747373998,1.6666666666666667,,,,,,,,,,False
174,B,MLP,3,43,0.5048411437005611,0.5193378263780154,0.08464673279588981,0.7088067699127407,0.7705322176226708,6.666666666666667,,,,,,,,,,False
174,B,RandomForest,3,43,0.4808973079233472,0.3901689743548623,0.21475338128628713,0.6826924454382044,0.7980782245707184,4.666666666666667,,,,,,,,,,False
174,B,Ridge,3,43,0.10856671742123031,0.1294160755600777,0.05216585279048637,0.32169042507405843,0.9558624697488232,1.3333333333333333,,,,,,,,,,False
174,B,SVR,3,43,0.6419943020629196,0.7178279020750221,0.17703891298256808,0.7956520784795279,0.728861315564291,7.333333333333333,,,,,,,,,,False
174,B,XGBoost,3,43,0.6430973891520327,0.5363019315786892,0.2011339611932265,0.7958131819621248,0.7229849845222495,7.333333333333333,,,,,,,,,,False
174,C,AutoGluon,6,43,0.29661867415462184,0.26949364595704783,0.1299141849021996,0.5332574597709735,0.9206048535422041,3.0,,,,,,,,,,False
174,C,CatBoost,6,43,1.7931970479079313,1.5801070763240395,1.192402710569675,1.280164442245497,0.6791987799695084,5.833333333333333,,,,,,,,,,False
174,C,DeepSetModel-MC,6,43,7.054564372049527,6.221724686168196,5.5448565407356485,2.4613329373209125,-0.04608871316208273,10.5,200.0,5.0,,,,,,,,False
174,C,FixedRidgeLambda1,6,43,0.15837207132578435,0.1262581319881347,0.09397224743568319,0.3853225604725325,0.9472581507341533,1.6666666666666667,,,,,,,,,,False
174,C,KNN,6,43,3.1859018576009164,2.9727169847826174,2.294807517556522,1.6749170551841477,0.49727579223138046,8.5,,,,,,,,,,False
174,C,LightGBM,6,43,1.8511595749873597,1.6653603864674476,0.9874571214823523,1.3239462974110816,0.6251516165396843,6.333333333333333,,,,,,,,,,False
174,C,LinearRegression,6,43,0.15843355167183257,0.1291682266179448,0.0926733346954939,0.3857762251335079,0.9476643973733405,1.3333333333333333,,,,,,,,,,False
174,C,MLP,6,43,2.898227602840232,3.018859050139481,0.5842589061727391,1.694729764134227,0.1742834072861967,8.0,,,,,,,,,,False
174,C,RandomForest,6,43,2.4821352790665014,1.6887038769306075,2.1591709719911094,1.455334327530249,0.6260949381120952,7.0,,,,,,,,,,False
174,C,Ridge,6,43,0.15837207132578435,0.1262581319881347,0.09397224743568319,0.3853225604725325,0.9472581507341533,1.6666666666666667,,,,,,,,,,False
174,C,SVR,6,43,1.8258417629737351,1.4425253067765298,1.5894983140820964,1.2466236988748358,0.7291790312888325,5.166666666666667,,,,,,,,,,False
174,C,XGBoost,6,43,3.2108357180221634,2.180355625571239,2.8794734068186574,1.6675500399958654,0.4724806165218547,8.666666666666666,,,,,,,,,,False
174,D,AutoGluon,3,43,0.27878931234310006,0.2049708521416161,0.17391607673358989,0.5120272286818278,0.9637386684934,3.0,,,,,,,,,,False
174,D,CatBoost,3,43,0.5503331913514664,0.5942500832794667,0.11337344990225688,0.7390473480084325,0.9287834226350177,4.333333333333333,,,,,,,,,,False
174,D,DeepSetModel-MC,3,43,8.257100107685877,8.208336323414557,0.2043588716263913,2.8733709346199157,-0.07228984488157063,11.0,200.0,5.0,,,,,,,,False
174,D,FixedRidgeLambda1,3,43,0.027549795399492833,0.0334883560170223,0.015154172475176524,0.16056018866242533,0.9963878036578254,1.3333333333333333,,,,,,,,,,False
174,D,KNN,3,43,1.4064545517313276,1.4615548910805969,0.12384087393350515,1.1851541125033622,0.8171091642431983,7.666666666666667,,,,,,,,,,False
174,D,LightGBM,3,43,1.2308246560385163,1.1732047694863517,0.1518299749305433,1.1080545519212366,0.8405926575847363,6.666666666666667,,,,,,,,,,False
174,D,LinearRegression,3,43,0.029283579530492636,0.0354560214477119,0.01676561092648881,0.1649911268293519,0.996159309265808,1.6666666666666667,,,,,,,,,,False
174,D,MLP,3,43,0.4858195403640719,0.5320345144475206,0.21383421630221433,0.6840935603905137,0.9364664970520602,4.666666666666667,,,,,,,,,,False
174,D,RandomForest,3,43,1.4122968268496436,1.5538695952734505,0.31229938747429975,1.1831820637236055,0.8167882584212443,8.0,,,,,,,,,,False
174,D,Ridge,3,43,0.027549795399492833,0.0334883560170223,0.015154172475176524,0.16056018866242533,0.9963878036578254,1.3333333333333333,,,,,,,,,,False
174,D,SVR,3,43,1.8441411972278228,2.106448755212854,0.5923159486294832,1.34483080579322,0.7617416642676041,9.0,,,,,,,,,,False
174,D,XGBoost,3,43,1.594749480310331,1.6087343118142208,0.1587969175700472,1.26178036713329,0.7933353798464345,8.666666666666666,,,,,,,,,,False
174,E,AutoGluon,3,44,0.3700551712807354,0.4065814982761304,0.22359827124068507,0.5852889531521924,0.9751136915919151,3.0,,,,,,,,,,False
174,E,CatBoost,3,44,3.859304692733975,3.8602823272232247,0.08194455881190371,1.9644374803701294,0.7216879104479194,5.333333333333333,,,,,,,,,,False
174,E,DeepSetModel-MC,3,44,14.442324378463303,12.806945944167865,3.134158422511512,3.786119792050354,-0.013649535348492933,11.0,200.0,5.0,,,,,,,,False
174,E,FixedRidgeLambda1,3,44,0.08909614708445028,0.0894253962338926,0.03836178345092284,0.2935669011820526,0.9939019505279738,1.6666666666666667,,,,,,,,,,False
174,E,KNN,3,44,8.052930858419261,7.14873644765392,2.8552084266381508,2.8092602569971405,0.44359878443962897,9.666666666666666,,,,,,,,,,False
174,E,LightGBM,3,44,4.4716859306666725,4.771723808081116,0.5641037806243248,2.1117153091784426,0.6803182731907631,6.0,,,,,,,,,,False
174,E,LinearRegression,3,44,0.08697694071632522,0.0933597907876909,0.03623638199073498,0.29013513855059064,0.9940130481440065,1.3333333333333333,,,,,,,,,,False
174,E,MLP,3,44,0.6469582873954439,0.6887474506603746,0.1135108337419145,0.802165163237254,0.9534500845447972,4.0,,,,,,,,,,False
174,E,RandomForest,3,44,6.154427282979555,5.657725765002534,1.0554922100443658,2.4749671038781393,0.565095799121094,8.666666666666666,,,,,,,,,,False
174,E,Ridge,3,44,0.08909614708445028,0.0894253962338926,0.03836178345092284,0.2935669011820526,0.9939019505279738,1.6666666666666667,,,,,,,,,,False
174,E,SVR,3,44,5.3117560551003455,4.66961130627823,1.2297459945066547,2.2949585542305653,0.6277602171702699,6.666666666666667,,,,,,,,,,False
174,E,XGBoost,3,44,6.148312698204762,6.199055910132595,0.6714052300308846,2.4770905209467657,0.5614454934450596,8.666666666666666,,,,,,,,,,False
174,F,AutoGluon,6,43,0.07089735412344099,0.05351140715937665,0.06317382646326544,0.24462710678774255,0.0,3.6666666666666665,,,,,,,,,,False
174,F,CatBoost,6,43,0.16066365062789723,0.1663074972523019,0.018108545928524053,0.40028299369748027,0.0,7.0,,,,,,,,,,False
174,F,DeepSetModel-MC,6,43,0.0018709265075093657,0.0011091997385501,0.0019242020788334008,0.037295204004107164,0.0,1.0,200.0,5.0,,,,,,,,False
174,F,FixedRidgeLambda1,6,43,0.04838834048919003,0.04410081634070085,0.02632299300486725,0.21284643059478262,0.0,2.6666666666666665,,,,,,,,,,False
174,F,KNN,6,43,0.18598415149302686,0.2120488255954458,0.04547207873926068,0.4282818227250416,0.0,7.833333333333333,,,,,,,,,,False
174,F,LightGBM,6,43,0.21862515982111044,0.2168562825206508,0.04605850378779651,0.4653175858515726,0.0,8.833333333333334,,,,,,,,,,False
174,F,LinearRegression,6,43,0.048974340444300206,0.04462245175393735,0.0266643070781425,0.21412081636336175,0.0,3.6666666666666665,,,,,,,,,,False
174,F,MLP,6,43,0.9011446465686951,0.8761768205633729,0.2961167630147192,0.938426160197638,0.0,11.0,,,,,,,,,,False
174,F,RandomForest,6,43,0.07595184649705501,0.07856312035225255,0.005612777608859652,0.27542876718706233,0.0,4.5,,,,,,,,,,False
174,F,Ridge,6,43,0.04838834048919003,0.04410081634070085,0.02632299300486725,0.21284643059478262,0.0,2.6666666666666665,,,,,,,,,,False
174,F,SVR,6,43,0.15210497891077576,0.15546303581672205,0.06099348068136967,0.38262418773511836,0.0,6.666666666666667,,,,,,,,,,False
174,F,XGBoost,6,43,0.229842532692905,0.22770395660473947,0.05015367428469853,0.4771588663258611,0.0,9.166666666666666,,,,,,,,,,False
174,G,AutoGluon,3,43,2.7540840050010096,2.4698933283446878,0.8048147733098734,1.6482546212171767,0.7322276642718121,2.0,,,,,,,,,,False
174,G,CatBoost,3,43,5.348835757389902,5.967775492846482,1.4132299271652646,2.29799918053003,0.46387136476387775,6.0,,,,,,,,,,False
174,G,DeepSetModel-MC,3,43,10.931244019894278,9.827791650870328,1.9707453172550982,3.2976718468708843,-0.07617955324196513,8.333333333333334,200.0,5.0,,,,,,,,False
174,G,FixedRidgeLambda1,3,43,2.9619382772522322,3.038768826371645,0.348007839120662,1.7190027889317712,0.6998889426972802,2.3333333333333335,,,,,,,,,,False
174,G,KNN,3,43,23.042962342361886,24.01527143897397,2.0104079409706306,4.797182107772614,-1.291875094956563,10.0,,,,,,,,,,False
174,G,LightGBM,3,43,12.27111850663033,12.424148705704024,1.6669620110754124,3.497546651593708,-0.2345018974777621,8.666666666666666,,,,,,,,,,False
174,G,LinearRegression,3,43,2.970673026325374,3.063630249010568,0.36556257670866127,1.7213303841289898,0.6988486277536844,2.6666666666666665,,,,,,,,,,False
174,G,MLP,3,43,80.0774294285953,83.58077285835505,30.25503432607037,8.833145750153756,-7.116884784462987,11.0,,,,,,,,,,False
174,G,RandomForest,3,43,4.538943568772702,4.5622314165976166,0.5084764634604464,2.1282341588211247,0.5435531318093426,5.333333333333333,,,,,,,,,,False
174,G,Ridge,3,43,2.9619382772522322,3.038768826371645,0.348007839120662,1.7190027889317712,0.6998889426972802,2.3333333333333335,,,,,,,,,,False
174,G,SVR,3,43,3.0546605494047316,3.405699797695121,1.311586287067926,1.7166806585983727,0.6991644381067159,3.0,,,,,,,,,,False
174,G,XGBoost,3,43,7.1748144994365575,7.089530591865591,1.1511048618963118,2.672843919608372,0.2932702623778857,6.666666666666667,,,,,,,,,,False
174,H,AutoGluon,3,44,0.19584355165491293,0.1955339630462681,0.05060472342230344,0.44002968273212645,0.9481168813637183,3.0,,,,,,,,,,False
174,H,CatBoost,3,44,0.3486424362247875,0.3933465035755573,0.09931896480602319,0.586033968168412,0.9094120690984878,5.333333333333333,,,,,,,,,,False
174,H,DeepSetModel-MC,3,44,3.940246698772284,3.986752245461181,0.346722135888966,1.9837103104490819,-0.031787018917925396,11.0,200.0,5.0,,,,,,,,False
174,H,FixedRidgeLambda1,3,44,0.0061193770602080665,0.0061252310300381,0.00533795469304717,0.07106355671426477,0.9983496887490192,1.3333333333333333,,,,,,,,,,False
174,H,KNN,3,44,0.6690550788622449,0.7072627803606415,0.13841513749005344,0.8148813108963919,0.8251161391505996,9.333333333333334,,,,,,,,,,False
174,H,LightGBM,3,44,0.5827917608251921,0.5356491896383658,0.10059887978353016,0.7615861969113178,0.8467274968011882,8.0,,,,,,,,,,False
174,H,LinearRegression,3,44,0.006331167215894266,0.0070624840797649,0.0049169744022903045,0.073722903080757,0.9982912630927152,1.6666666666666667,,,,,,,,,,False
174,H,MLP,3,44,0.49711619581598593,0.4975517964325914,0.02963448346544756,0.7048555069283741,0.8696603034233131,6.666666666666667,,,,,,,,,,False
174,H,RandomForest,3,44,0.27011308127763495,0.2627772654621918,0.04483886656968836,0.5185442892847563,0.9295447306946135,4.0,,,,,,,,,,False
174,H,Ridge,3,44,0.0061193770602080665,0.0061252310300381,0.00533795469304717,0.07106355671426477,0.9983496887490192,1.3333333333333333,,,,,,,,,,False
174,H,SVR,3,44,0.9096422273241623,0.83989439123873,0.3790399240617223,0.9400016231868603,0.7643169991094787,9.333333333333334,,,,,,,,,,False
174,H,XGBoost,3,44,0.500919592838458,0.4348172679852455,0.1650655110524613,0.7016976525182074,0.8700595342474795,6.333333333333333,,,,,,,,,,False
175,C,AutoGluon,3,43,1.1220401413348229,1.0122781817034332,0.2836711490346321,1.0538738845548492,0.9579068530805417,3.0,,,,,,,,,,False
175,C,CatBoost,3,43,8.023000494194894,8.15644657562184,0.308659943656704,2.832137087993335,0.7003605387941626,6.333333333333333,,,,,,,,,,False
175,C,DeepSetModel-MC,3,43,27.658887670457222,28.244229761925563,1.5198294270704544,5.257829293972651,-0.03251299688209737,11.0,200.0,5.0,,,,,,,,False
175,C,FixedRidgeLambda1,3,43,0.2769789101144992,0.2583143689095965,0.04625534172039444,0.5251067108283165,0.989601334246306,1.0,,,,,,,,,,False
175,C,KNN,3,43,9.198839766488272,9.761331758561358,2.0344895201133206,3.0198581111619753,0.6568263859773671,6.333333333333333,,,,,,,,,,False
175,C,LightGBM,3,43,6.77559682583323,6.798278838558104,0.253334631477734,2.602693532885089,0.7463580013791212,5.333333333333333,,,,,,,,,,False
175,C,LinearRegression,3,43,0.28043675519322264,0.2604351486263479,0.04569534981797011,0.5284328971227653,0.9894743306498869,2.0,,,,,,,,,,False
175,C,MLP,3,43,2.0117087320966243,2.07530503115424,0.4430880709084636,1.4123859298458505,0.9241747446492156,4.0,,,,,,,,,,False
175,C,RandomForest,3,43,11.650080221321614,11.439247294642776,0.610941574964836,3.4124478702127994,0.5638446667875882,9.0,,,,,,,,,,False
175,C,Ridge,3,43,0.2769789101144992,0.2583143689095965,0.04625534172039444,0.5251067108283165,0.989601334246306,1.0,,,,,,,,,,False
175,C,SVR,3,43,11.009517972135788,11.547979557066167,1.2854343079402721,3.31415867751782,0.5891141645794539,8.666666666666666,,,,,,,,,,False
175,C,XGBoost,3,43,12.49991795467488,12.037088809826749,1.4595894447067252,3.531589232963956,0.534852993375369,9.333333333333334,,,,,,,,,,False
175,G,AutoGluon,3,44,258.905172453152,85.2232012952294,372.0870484835797,12.583968522440115,-75.59874520001448,4.666666666666667,,,,,,,,,,False
175,G,CatBoost,3,44,145.15581318033128,197.51467747317804,102.890777653772,11.250164273074352,-42.389871629462135,4.0,,,,,,,,,,False
175,G,DeepSetModel-MC,3,44,16.76921733446669,20.625237787598028,10.160878879414655,3.9250304799440783,-3.9963114333912437,2.3333333333333335,200.0,5.0,,,,,,,,False
175,G,FixedRidgeLambda1,3,44,249.66463630171054,352.11929295083354,185.67882582367142,14.574362684351213,-73.6468446608949,5.0,,,,,,,,,,False
175,G,KNN,3,44,419.3469180191053,184.1943135772125,571.0848267991671,16.04300496667264,-122.26792210480322,6.666666666666667,,,,,,,,,,False
175,G,LightGBM,3,44,726.5432031465128,882.0718361331488,527.434003909943,25.17416122588017,-216.4719729466601,8.333333333333334,,,,,,,,,,False
175,G,LinearRegression,3,44,252.4707381119948,355.8545895451029,187.7732298065816,14.655974654880689,-74.48652241256922,6.0,,,,,,,,,,False
175,G,MLP,3,44,3102.975544645263,2090.840992426585,3156.6891827701634,50.41063729835378,-919.1488044102288,10.666666666666666,,,,,,,,,,False
175,G,RandomForest,3,44,483.62412712708414,581.2189564217065,221.22545468718562,21.523552172256817,-143.0529670124308,8.0,,,,,,,,,,False
175,G,Ridge,3,44,249.66463630171054,352.11929295083354,185.67882582367142,14.574362684351213,-73.6468446608949,5.0,,,,,,,,,,False
175,G,SVR,3,44,1.1083591167395606,1.1371234899117295,0.21416173622593604,1.049407458071437,0.6725875899124336,1.0,,,,,,,,,,False
175,G,XGBoost,3,44,1526.0065342145645,2233.256127362853,1262.666984560299,34.4099807729475,-455.7889481040602,9.333333333333334,,,,,,,,,,False
176,A,AutoGluon,3,44,0.5173109461477521,0.4455206950748151,0.17399822557118877,0.7128433136134604,0.9722945967378847,3.0,,,,,,,,,,False
176,A,CatBoost,3,44,4.141467944533178,3.9075004594625455,0.4972723888967255,2.0326851100383503,0.7850311394992335,6.333333333333333,,,,,,,,,,False
176,A,DeepSetModel-MC,3,44,19.51398064238033,18.16295756496569,3.076381266130495,4.408632365064602,-0.008280732766520067,11.0,200.0,5.0,,,,,,,,False
176,A,FixedRidgeLambda1,3,44,0.14798156184618746,0.1469291149658295,0.013177160474416428,0.3844302535174817,0.9921806465284968,1.0,,,,,,,,,,False
176,A,KNN,3,44,6.904916429988842,6.29532267852126,2.201154858872886,2.6061871541275115,0.6476783364426729,9.0,,,,,,,,,,False
176,A,LightGBM,3,44,3.7196051862957638,3.649984639406048,0.6377762253651232,1.9239255815604228,0.8080465987110795,5.0,,,,,,,,,,False
176,A,LinearRegression,3,44,0.15658057797240943,0.1519683974940988,0.011414483649074445,0.3955303617261194,0.991750169567184,2.0,,,,,,,,,,False
176,A,MLP,3,44,1.1428143631469723,1.047175828710119,0.23229617928446078,1.065493254984957,0.9392656446000075,4.0,,,,,,,,,,False
176,A,RandomForest,3,44,6.065850014306292,6.151949809247717,0.15333625292319975,2.462762507909987,0.6816562238555274,8.666666666666666,,,,,,,,,,False
176,A,Ridge,3,44,0.14798156184618746,0.1469291149658295,0.013177160474416428,0.3844302535174817,0.9921806465284968,1.0,,,,,,,,,,False
176,A,SVR,3,44,6.120556915209019,5.303712025332922,1.534330244018929,2.4617289228206514,0.686700584454948,8.333333333333334,,,,,,,,,,False
176,A,XGBoost,3,44,5.412034932342741,5.09981395384009,1.0024130565939566,2.3199210714588467,0.7130296581156834,7.666666666666667,,,,,,,,,,False
176,B,AutoGluon,12,44,0.4226924144009492,0.20146819926815923,0.522826374832298,0.5533151904908977,-0.030125056002563284,3.0833333333333335,,,,,,,,,,False
176,B,CatBoost,12,44,1.0342835662535486,0.30180811430405585,1.5076549829848325,0.8397622020726822,-1.8515562628372215,6.0,,,,,,,,,,False
176,B,DeepSetModel-MC,12,44,8.026334975678049,3.6620754295724804,10.276611863097244,2.1955470135962236,-0.08828611413715907,8.5,200.0,5.0,,,,,,,,False
176,B,FixedRidgeLambda1,12,44,0.06511215923279923,0.04380674446100265,0.051161610659671945,0.24050498033979087,0.17661797236645474,2.0,,,,,,,,,,False
176,B,KNN,12,44,3.301575219870132,1.326926448134247,4.358033870789819,1.4632672885223688,-2.111828450800609,9.166666666666666,,,,,,,,,,False
176,B,LightGBM,12,44,1.0367539441560414,0.38301362076445455,1.1734135372582253,0.8957330517620804,-3.3660829903424307,7.333333333333333,,,,,,,,,,False
176,B,LinearRegression,12,44,0.06451167178064458,0.042023578582098695,0.05087537584776838,0.23913945464337405,0.1676920182909988,1.8333333333333333,,,,,,,,,,False
176,B,MLP,12,44,0.8192554179794054,0.7986490268705557,0.3337326342570633,0.8900150909327734,-11.854120143523948,7.75,,,,,,,,,,False
176,B,RandomForest,12,44,0.8904844023961332,0.22560226147143575,1.3589060062398433,0.7560087411203483,-0.8092764315424971,4.916666666666667,,,,,,,,,,False
176,B,Ridge,12,44,0.06511215923279923,0.04380674446100265,0.051161610659671945,0.24050498033979087,0.17661797236645474,2.0,,,,,,,,,,False
176,B,SVR,12,44,2.511071630847717,0.5687622645622756,3.866577073050223,1.2267859350095833,-1.4915147034624425,7.75,,,,,,,,,,False
176,B,XGBoost,12,44,1.1613407925875545,0.5006996293034024,1.4660341913012365,0.9389535560171618,-4.021927294432856,7.666666666666667,,,,,,,,,,False
176,C,AutoGluon,3,43,0.5362177133333644,0.666130628806878,0.2928241382685796,0.7085230704670659,0.9714688851356956,3.0,,,,,,,,,,False
176,C,CatBoost,3,43,3.3459309935770762,3.1793064137499,0.31274792442481175,1.8278890312936646,0.8231079629873902,6.0,,,,,,,,,,False
176,C,DeepSetModel-MC,3,43,19.138258265541303,19.341096711754552,2.773878851489526,4.366958733837901,-0.005028828885686966,11.0,200.0,5.0,,,,,,,,False
176,C,FixedRidgeLambda1,3,43,0.13063158360884278,0.1296093421361231,0.011210318400199648,0.3612088900613924,0.9930982097332658,1.3333333333333333,,,,,,,,,,False
176,C,KNN,3,43,9.03298311096981,9.170818716634065,1.113565585056156,3.0016242526340684,0.5246109327682299,10.0,,,,,,,,,,False
176,C,LightGBM,3,43,2.74730222891897,2.8417307978969286,0.3211548816410388,1.6555582581671768,0.8520321644087426,5.0,,,,,,,,,,False
176,C,LinearRegression,3,43,0.13343796313701906,0.1260065745784094,0.013361256603437852,0.364994313965183,0.992948440397198,1.6666666666666667,,,,,,,,,,False
176,C,MLP,3,43,1.9552890177998348,2.194907478928973,0.49172121352477843,1.3902535124018236,0.8980956968307133,4.0,,,,,,,,,,False
176,C,RandomForest,3,43,5.230084129116606,5.070791424137984,0.891314758861382,2.281476714551546,0.7239028870115959,7.333333333333333,,,,,,,,,,False
176,C,Ridge,3,43,0.13063158360884278,0.1296093421361231,0.011210318400199648,0.3612088900613924,0.9930982097332658,1.3333333333333333,,,,,,,,,,False
176,C,SVR,3,43,7.401854867963325,7.569243413102906,1.3174356822027171,2.7132576235529906,0.6125973961929948,8.666666666666666,,,,,,,,,,False
176,C,XGBoost,3,43,6.289657094365951,6.668378252835499,1.4258411028766382,2.496532247805257,0.6577591157269508,8.0,,,,,,,,,,False
176,H,AutoGluon,3,44,0.09344750076831264,0.0704123729439392,0.05068138124995318,0.2987544207399486,0.4812081788714866,3.6666666666666665,,,,,,,,,,False
176,H,CatBoost,3,44,0.2496585086131756,0.2527488742708292,0.0460887482306849,0.49821052944269023,-0.395445261658912,7.333333333333333,,,,,,,,,,False
176,H,DeepSetModel-MC,3,44,0.18812705094006266,0.1821023396596427,0.01828087436762108,0.43340119905432645,-0.048998846199533735,6.0,200.0,5.0,,,,,,,,False
176,H,FixedRidgeLambda1,3,44,0.008601185343432132,0.009375122489853,0.003965452812915971,0.09084889926149432,0.95196676911229,2.0,,,,,,,,,,False
176,H,KNN,3,44,0.21570437881113835,0.2303600534004548,0.0423839271863161,0.46285812444773383,-0.20525586220783484,6.666666666666667,,,,,,,,,,False
176,H,LightGBM,3,44,0.3440597989916377,0.3211973216001635,0.058960486135366814,0.5851793528124124,-0.9280310262046066,9.0,,,,,,,,,,False
176,H,LinearRegression,3,44,0.008350192653666167,0.0090941155079276,0.004011548984086945,0.08933884544662479,0.9533723191357986,1.0,,,,,,,,,,False
176,H,MLP,3,44,0.6281304932061244,0.5183754615644383,0.2673378006337739,0.7813237807551344,-2.4926860879465953,10.666666666666666,,,,,,,,,,False
176,H,RandomForest,3,44,0.18786500807323114,0.185763540377939,0.020379389022985757,0.4330109152410708,-0.04935964519825644,6.0,,,,,,,,,,False
176,H,Ridge,3,44,0.008601185343432132,0.009375122489853,0.003965452812915971,0.09084889926149432,0.95196676911229,2.0,,,,,,,,,,False
176,H,SVR,3,44,0.053675618077866395,0.0518703592919545,0.006065383134083353,0.23143819067110646,0.7002967250352636,3.3333333333333335,,,,,,,,,,False
176,H,XGBoost,3,44,0.557986662280762,0.5314248283103157,0.10368083111179384,0.7448857294048739,-2.109203351886995,10.333333333333334,,,,,,,,,,False
177,A,AutoGluon,3,44,0.3255606657625372,0.3846622273092688,0.1453560569831735,0.559158550112159,0.9727260295876405,3.0,,,,,,,,,,False
177,A,CatBoost,3,44,1.2806793870088593,1.387487055334782,0.4173487387613733,1.1206666191459238,0.8923426312604049,5.0,,,,,,,,,,False
177,A,DeepSetModel-MC,3,44,12.431433954275038,11.072548493526035,4.515892231640136,3.4885189399635803,-0.03438103422821814,11.0,200.0,5.0,,,,,,,,False
177,A,FixedRidgeLambda1,3,44,0.08424846369332423,0.1092270047415019,0.0436621409759709,0.28187325707984695,0.9931205536317395,1.0,,,,,,,,,,False
177,A,KNN,3,44,3.452420803795139,3.684573921950372,1.1827567703204231,1.8382177888045117,0.7111977705207989,10.0,,,,,,,,,,False
177,A,LightGBM,3,44,1.5023663879540727,1.4164120672793317,0.29637642460199404,1.2218468515350231,0.8701445316878641,6.333333333333333,,,,,,,,,,False
177,A,LinearRegression,3,44,0.09199196886878747,0.1140612507874575,0.047316640026588114,0.29476787798255283,0.9925308708681212,2.0,,,,,,,,,,False
177,A,MLP,3,44,0.7544033048410244,0.7155632408393994,0.09305420322455059,0.8674929072732259,0.93149403312671,4.0,,,,,,,,,,False
177,A,RandomForest,3,44,2.657027951449292,3.1978821806732656,1.0108338156925178,1.6069968225975142,0.7773299313491444,7.666666666666667,,,,,,,,,,False
177,A,Ridge,3,44,0.08424846369332423,0.1092270047415019,0.0436621409759709,0.28187325707984695,0.9931205536317395,1.0,,,,,,,,,,False
177,A,SVR,3,44,2.7832458111309513,3.169256107501204,1.6562102013754174,1.605524945180293,0.7805201415126545,7.333333333333333,,,,,,,,,,False
177,A,XGBoost,3,44,2.7542210574461983,3.259878198945238,0.9074617844909457,1.6424734885840515,0.7665869034344905,8.666666666666666,,,,,,,,,,False
177,D,AutoGluon,3,44,0.26320583037052464,0.256534351470287,0.060085580133879136,0.5108140548788908,0.9682275256076626,3.0,,,,,,,,,,False
177,D,CatBoost,3,44,0.8169032903830628,0.7743148634932674,0.21553843290140703,0.8986725727604807,0.9019359748506609,5.0,,,,,,,,,,False
177,D,DeepSetModel-MC,3,44,8.562554327503168,8.398389514828711,0.6978950146100317,2.924583075376949,-0.029963362763775838,11.0,200.0,5.0,,,,,,,,False
177,D,FixedRidgeLambda1,3,44,0.050816855771984894,0.051249952073225,0.010261069721661404,0.2246449954633992,0.9938505086502566,1.0,,,,,,,,,,False
177,D,KNN,3,44,1.666880959318199,1.6850560739296134,0.136617516025895,1.2903473567092234,0.7995389951561477,9.0,,,,,,,,,,False
177,D,LightGBM,3,44,1.023570670593284,0.8929071907357424,0.2338755787947046,1.0075421686000692,0.8767762676460878,6.666666666666667,,,,,,,,,,False
177,D,LinearRegression,3,44,0.05556985567148743,0.0579751540572777,0.010848422433538476,0.2349510342858708,0.9932810319376612,2.0,,,,,,,,,,False
177,D,MLP,3,44,0.585778667219247,0.5441977650587027,0.13003189600768383,0.7623249556369939,0.9295907655166508,4.0,,,,,,,,,,False
177,D,RandomForest,3,44,1.4493604552702273,1.4252317629504148,0.2026827439153566,1.2019443053990677,0.825959349824332,7.666666666666667,,,,,,,,,,False
177,D,Ridge,3,44,0.050816855771984894,0.051249952073225,0.010261069721661404,0.2246449954633992,0.9938505086502566,1.0,,,,,,,,,,False
177,D,SVR,3,44,1.0654003967874786,0.8180370165215297,0.5705662486720576,1.0092353070555566,0.8722774955535716,7.0,,,,,,,,,,False
177,D,XGBoost,3,44,2.1828498353379797,2.4586390424350526,0.6143759899458252,1.4666559173960014,0.7388348418411285,9.666666666666666,,,,,,,,,,False
177,F,AutoGluon,3,44,0.060040019861882066,0.0567401844038274,0.0129716034407466,0.24410129777798403,0.0,3.0,,,,,,,,,,False
177,F,CatBoost,3,44,0.13013064409770617,0.108626414035177,0.04833941034575661,0.3568511110155465,0.0,7.333333333333333,,,,,,,,,,False
177,F,DeepSetModel-MC,3,44,9.223826151950793e-05,6.660786013584088e-05,0.00010424444114265237,0.008111457518110368,0.0,1.0,200.0,5.0,,,,,,,,False
177,F,FixedRidgeLambda1,3,44,0.06938585851849881,0.0607280174623049,0.03177978961474432,0.25893502659680034,0.0,3.3333333333333335,,,,,,,,,,False
177,F,KNN,3,44,0.13489662284672926,0.1386529321187587,0.03361090398490004,0.36530345617448684,0.0,6.666666666666667,,,,,,,,,,False
177,F,LightGBM,3,44,0.2798028288978319,0.2335039694224564,0.0824583050649761,0.5253729724133165,0.0,9.666666666666666,,,,,,,,,,False
177,F,LinearRegression,3,44,0.0703596572759126,0.0615955791112756,0.03227371621211878,0.2607308164747148,0.0,4.333333333333333,,,,,,,,,,False
177,F,MLP,3,44,0.515695517663343,0.505329750054003,0.020013393855219847,0.718030254043088,0.0,11.0,,,,,,,,,,False
177,F,RandomForest,3,44,0.07105415424682117,0.0631322317583721,0.02120702405964651,0.2646751625500945,0.0,4.0,,,,,,,,,,False
177,F,Ridge,3,44,0.06938585851849881,0.0607280174623049,0.03177978961474432,0.25893502659680034,0.0,3.3333333333333335,,,,,,,,,,False
177,F,SVR,3,44,0.10976502364925579,0.1072898950585216,0.044888725158429045,0.32651432280306,0.0,6.333333333333333,,,,,,,,,,False
177,F,XGBoost,3,44,0.251795268056189,0.2648052454490224,0.02641856430448996,0.5013165136787018,0.0,9.333333333333334,,,,,,,,,,False
178,E,AutoGluon,3,45,0.35017829719345545,0.332597701672721,0.0470677129238264,0.5908919092618133,0.963488012431677,3.3333333333333335,,,,,,,,,,False
178,E,CatBoost,3,45,1.9140733031201929,1.8695101584623937,0.15926088672496488,1.382713381185323,0.8017521078032711,5.0,,,,,,,,,,False
178,E,DeepSetModel-MC,3,45,10.135431590512875,9.695124074960985,2.3987766654650042,3.1689781574444624,-0.028564904411248537,11.0,200.0,5.0,,,,,,,,False
178,E,FixedRidgeLambda1,3,45,0.0942787317590487,0.099558553902815,0.019476307555170273,0.3058976510865297,0.9899527297862335,1.0,,,,,,,,,,False
178,E,KNN,3,45,2.773377693412023,2.278310429376304,0.9905204773070463,1.6488370620001376,0.7207051095685175,6.666666666666667,,,,,,,,,,False
178,E,LightGBM,3,45,3.6188946793881995,3.5504156968882965,0.31483922492225147,1.901152862641376,0.6239310527659253,9.666666666666666,,,,,,,,,,False
178,E,LinearRegression,3,45,0.09762281054785181,0.1024728575973471,0.01674545305823204,0.311646498783863,0.9896249504788844,2.0,,,,,,,,,,False
178,E,MLP,3,45,0.43765089390947454,0.4666115375263372,0.18797427316624568,0.6501572217433107,0.9526708245621728,3.6666666666666665,,,,,,,,,,False
178,E,RandomForest,3,45,2.600095293733743,2.4712837478063934,0.3430327248145051,1.6102049813448918,0.7322463309866084,7.0,,,,,,,,,,False
178,E,Ridge,3,45,0.0942787317590487,0.099558553902815,0.019476307555170273,0.3058976510865297,0.9899527297862335,1.0,,,,,,,,,,False
178,E,SVR,3,45,3.8389503922378836,3.3979045739457643,0.8299027432884637,1.9520670509960052,0.6075837431502832,9.333333333333334,,,,,,,,,,False
178,E,XGBoost,3,45,2.807816239636024,2.8676450636310595,0.5141357474871077,1.6708464622438397,0.699097000178991,7.333333333333333,,,,,,,,,,False
178,F,AutoGluon,6,44,0.057951575376958615,0.046481747968910955,0.046661365626092584,0.22613616011208848,0.0,3.1666666666666665,,,,,,,,,,False
178,F,CatBoost,6,44,0.14310679467497264,0.14268034190487255,0.030762135834290154,0.37653499606412694,0.0,6.666666666666667,,,,,,,,,,False
178,F,DeepSetModel-MC,6,44,0.001292641605787454,0.0015225876377244,0.000822991901384245,0.03259547026543055,0.0,1.0,200.0,5.0,,,,,,,,False
178,F,FixedRidgeLambda1,6,44,0.06487389949557702,0.0594680221887392,0.018821712161170113,0.2528094480621533,0.0,3.0,,,,,,,,,,False
178,F,KNN,6,44,0.20344931645451605,0.21456908653762624,0.03523954797636842,0.44957971507439365,0.0,8.0,,,,,,,,,,False
178,F,LightGBM,6,44,0.3310797211723635,0.30257964667929443,0.07942654874559368,0.5722985997449108,0.0,9.833333333333334,,,,,,,,,,False
178,F,LinearRegression,6,44,0.06569605970545452,0.0602332029023192,0.019175807304776575,0.2543842649802789,0.0,4.0,,,,,,,,,,False
178,F,MLP,6,44,0.5978601429484403,0.6105771452150097,0.09247658910614086,0.7712203888368162,0.0,11.0,,,,,,,,,,False
178,F,RandomForest,6,44,0.08117470945726749,0.06940201496300924,0.033151231450427705,0.2809484901168497,0.0,4.666666666666667,,,,,,,,,,False
178,F,Ridge,6,44,0.06487389949557702,0.0594680221887392,0.018821712161170113,0.2528094480621533,0.0,3.0,,,,,,,,,,False
178,F,SVR,6,44,0.1073366599668184,0.11028250092594015,0.030653314666933034,0.32462838653624093,0.0,5.666666666666667,,,,,,,,,,False
178,F,XGBoost,6,44,0.2752446435800328,0.27312732326266087,0.032354570852281966,0.5238701834487077,0.0,9.0,,,,,,,,,,False
179,C,AutoGluon,3,44,0.5649019403108703,0.4407179886495251,0.23482819950735054,0.7415910828504689,0.9246114306883615,3.0,,,,,,,,,,False
179,C,CatBoost,3,44,2.0292404394814265,1.9445659098709729,0.4502108231212532,1.4187615046136226,0.7473379016138851,4.666666666666667,,,,,,,,,,False
179,C,DeepSetModel-MC,3,44,8.21269044609596,8.016425243561558,1.3975787201944583,2.858923947812709,-0.028883423859558364,11.0,200.0,5.0,,,,,,,,False
179,C,FixedRidgeLambda1,3,44,0.26568365992394627,0.2203621536137176,0.10912238136308192,0.508647958927256,0.9657340450690747,2.0,,,,,,,,,,False
179,C,KNN,3,44,3.9809370751254476,4.095094691964234,0.7229886978478096,1.9895690851798433,0.50187973057513,9.666666666666666,,,,,,,,,,False
179,C,LightGBM,3,44,2.3222736556484516,2.202342640435281,0.3235835610896462,1.52150363639502,0.707773082877233,6.0,,,,,,,,,,False
179,C,LinearRegression,3,44,0.2646328667674422,0.2201190884514921,0.10933352524007817,0.5075513552601764,0.965855360006683,1.0,,,,,,,,,,False
179,C,MLP,3,44,2.303307732738839,2.4868767148354274,0.9051153755723441,1.495838324165785,0.6918105884565658,6.333333333333333,,,,,,,,,,False
179,C,RandomForest,3,44,2.9408167210224327,2.904216360750228,0.19915741950494684,1.7142305482537317,0.6269790178788618,7.666666666666667,,,,,,,,,,False
179,C,Ridge,3,44,0.26568365992394627,0.2203621536137176,0.10912238136308192,0.508647958927256,0.9657340450690747,2.0,,,,,,,,,,False
179,C,SVR,3,44,2.29979506332816,2.350201417441597,0.22012605470320962,1.5153282492695344,0.709213211429339,5.333333333333333,,,,,,,,,,False
179,C,XGBoost,3,44,3.8316177061200496,3.649704337944233,0.7576098168574908,1.9512151495638488,0.5134029731665649,9.333333333333334,,,,,,,,,,False
179,D,AutoGluon,3,44,0.1896221097578986,0.2038122610618655,0.051970686594512316,0.432513589144722,0.9124889803194222,3.0,,,,,,,,,,False
179,D,CatBoost,3,44,0.3488120944202355,0.2911418715646049,0.11370033014940463,0.5857097603315803,0.8452370301266603,5.0,,,,,,,,,,False
179,D,DeepSetModel-MC,3,44,2.3493597934238974,2.392236326496006,0.6761528530308317,1.521742075441605,-0.028059512784793433,11.0,200.0,5.0,,,,,,,,False
179,D,FixedRidgeLambda1,3,44,0.035325512254054565,0.0376985655870104,0.008925222609831099,0.18688117479137512,0.983280666821197,1.0,,,,,,,,,,False
179,D,KNN,3,44,0.55718598784212,0.4582802387727177,0.1727288021858289,0.7408551077902902,0.7530024554515565,7.666666666666667,,,,,,,,,,False
179,D,LightGBM,3,44,0.6113940845642017,0.5422538965592726,0.18338271001149253,0.7763370769300887,0.7035544371445911,8.666666666666666,,,,,,,,,,False
179,D,LinearRegression,3,44,0.037255727485127434,0.0394388104201971,0.009050435919295451,0.1920090228177914,0.9823697680522269,2.0,,,,,,,,,,False
179,D,MLP,3,44,0.8817260853805023,0.8020464039683858,0.16031352151765318,0.936523916293415,0.6017100465357201,9.666666666666666,,,,,,,,,,False
179,D,RandomForest,3,44,0.33430744791350214,0.2809841446510646,0.12938495766208652,0.5714089262485895,0.8520032399475109,4.666666666666667,,,,,,,,,,False
179,D,Ridge,3,44,0.035325512254054565,0.0376985655870104,0.008925222609831099,0.18688117479137512,0.983280666821197,1.0,,,,,,,,,,False
179,D,SVR,3,44,0.3434075904148998,0.3268795251442821,0.04573518376124309,0.5851664028116708,0.8435691738360754,5.333333333333333,,,,,,,,,,False
179,D,XGBoost,3,44,0.5826080386348934,0.5298846317419209,0.23774658954124028,0.7528658936150192,0.7396551063073683,8.0,,,,,,,,,,False
179,G,AutoGluon,3,45,2.174576158378073,2.4963863516912497,0.7719971086451617,1.4569275829042947,0.4299756806007551,3.0,,,,,,,,,,False
179,G,CatBoost,3,45,13.257849422819511,1.6910218801178043,20.23321915209693,2.8536431414396684,-2.611627287227751,5.0,,,,,,,,,,False
179,G,DeepSetModel-MC,3,45,4.457146036954963,4.646567767849409,0.5357029339891665,2.108570748536779,-0.1687624253694284,5.333333333333333,200.0,5.0,,,,,,,,False
179,G,FixedRidgeLambda1,3,45,5.788392488608224,7.343695133410284,4.055713539909853,2.257063153461733,-0.5003909102353922,4.666666666666667,,,,,,,,,,False
179,G,KNN,3,45,24.802765539365215,6.06515529436921,32.99306562234012,4.242344318167995,-5.193795590105856,7.666666666666667,,,,,,,,,,False
179,G,LightGBM,3,45,22.292571893117213,20.039235608343656,6.009168302976421,4.694199570568265,-4.800216641647303,8.666666666666666,,,,,,,,,,False
179,G,LinearRegression,3,45,5.864977975225247,7.445080891843598,4.1087312935124425,2.271954789711681,-0.520280719449067,5.666666666666667,,,,,,,,,,False
179,G,MLP,3,45,119.57512879082533,82.79179585090733,100.92283558026404,10.294548006835214,-29.489117809979636,10.666666666666666,,,,,,,,,,False
179,G,RandomForest,3,45,41.200503845941896,4.403582660421386,66.22194178993767,4.7298516972620765,-10.236230483089258,7.0,,,,,,,,,,False
179,G,Ridge,3,45,5.788392488608224,7.343695133410284,4.055713539909853,2.257063153461733,-0.5003909102353922,4.666666666666667,,,,,,,,,,False
179,G,SVR,3,45,1.0684334861344862,0.980632551662616,0.46324601233985147,1.017511540839142,0.7231606166621996,1.0,,,,,,,,,,False
179,G,XGBoost,3,45,27.168625196997752,6.315713474844469,38.32673460607362,4.303232504053597,-6.373271708196793,7.333333333333333,,,,,,,,,,False
179,H,AutoGluon,6,45,0.34176960604664536,0.2960231122942436,0.19182153641261904,0.5691515576897338,0.9561115655722155,3.0,,,,,,,,,,False
179,H,CatBoost,6,45,1.5970595431788797,1.6069679169125413,1.1886055699814073,1.1761296383421382,0.8370242206136899,5.666666666666667,,,,,,,,,,False
179,H,DeepSetModel-MC,6,45,9.225814344433294,8.33716932075584,5.025398676166199,2.939001500083729,-0.06280706815770658,11.0,200.0,5.0,,,,,,,,False
179,H,FixedRidgeLambda1,6,45,0.0660902466121957,0.0651242233141732,0.03373192258145284,0.2492399800484315,0.9916514433176898,1.6666666666666667,,,,,,,,,,False
179,H,KNN,6,45,2.9329547804630898,2.5037586521481083,2.2928893431958097,1.584531956127723,0.7056385275702941,9.666666666666666,,,,,,,,,,False
179,H,LightGBM,6,45,1.5494758511830249,1.552688066078833,0.9478741195787201,1.18992316211097,0.8276371928334569,6.0,,,,,,,,,,False
179,H,LinearRegression,6,45,0.06340639482046455,0.061890717335227094,0.031818323497529374,0.24432814745598766,0.9918686040560828,1.3333333333333333,,,,,,,,,,False
179,H,MLP,6,45,0.6683559855515252,0.673016962135023,0.1026591954972531,0.8154452181135099,0.9052953335891613,5.333333333333333,,,,,,,,,,False
179,H,RandomForest,6,45,2.1376285089516913,2.084980096170003,1.624272735571271,1.3544286645840655,0.7819639926279617,7.666666666666667,,,,,,,,,,False
179,H,Ridge,6,45,0.0660902466121957,0.0651242233141732,0.03373192258145284,0.2492399800484315,0.9916514433176898,1.6666666666666667,,,,,,,,,,False
179,H,SVR,6,45,1.989857642233775,1.9887588782933976,1.6859392758534328,1.274968334975193,0.8114533586653341,5.833333333333333,,,,,,,,,,False
179,H,XGBoost,6,45,2.3156047451109747,2.232470686522027,1.3902648344062378,1.457991253453167,0.7367302477445122,8.833333333333334,,,,,,,,,,False
180,C,AutoGluon,3,45,0.43083580907080066,0.3772986959799808,0.16489850654112337,0.6487147520179085,0.9553612715851528,2.3333333333333335,,,,,,,,,,False
180,C,CatBoost,3,45,2.115775465847983,2.259619424909035,0.4929570840512954,1.4475554749229582,0.8068384417066684,4.0,,,,,,,,,,False
180,C,DeepSetModel-MC,3,45,11.598144031505305,10.548305724513291,4.2807651150283235,3.36789952825762,-0.020934749386474164,11.0,200.0,5.0,,,,,,,,False
180,C,FixedRidgeLambda1,3,45,0.33009747060556266,0.3088238661013944,0.07134802083810898,0.5723727514262128,0.9673617028679242,1.3333333333333333,,,,,,,,,,False
180,C,KNN,3,45,4.249322592726476,4.127088223183967,0.6082453528540908,2.05792006148714,0.5950724712624833,8.666666666666666,,,,,,,,,,False
180,C,LightGBM,3,45,2.965275167481749,2.943879549286324,0.24963729915918542,1.720983620974921,0.7171026346955044,6.0,,,,,,,,,,False
180,C,LinearRegression,3,45,0.3397240177566146,0.3255802447439089,0.07162105866937991,0.5807359100158805,0.966546907400195,2.3333333333333335,,,,,,,,,,False
180,C,MLP,3,45,4.204616362774299,4.041562394764149,0.7054698526338312,2.0457978834419532,0.5818972930271495,8.666666666666666,,,,,,,,,,False
180,C,RandomForest,3,45,3.057865114958697,3.259532961063207,0.5065566805582637,1.744471541109714,0.7139889729889862,6.666666666666667,,,,,,,,,,False
180,C,Ridge,3,45,0.33009747060556266,0.3088238661013944,0.07134802083810898,0.5723727514262128,0.9673617028679242,1.3333333333333333,,,,,,,,,,False
180,C,SVR,3,45,3.1622813397028486,3.191483214705401,1.3162664700681304,1.750869142750039,0.7246951796042144,6.666666666666667,,,,,,,,,,False
180,C,XGBoost,3,45,4.148637809970073,3.933322748603766,1.1736201888256828,2.023424241084089,0.5898973032585393,8.333333333333334,,,,,,,,,,False
180,E,AutoGluon,3,45,0.1980890701427669,0.2256068261117213,0.0647626348463374,0.4405981242441403,0.9625221236022242,3.0,,,,,,,,,,False
180,E,CatBoost,3,45,1.6770733404947287,1.6439224756746202,0.441755740181285,1.2874785584112778,0.6821328592049243,5.333333333333333,,,,,,,,,,False
180,E,DeepSetModel-MC,3,45,5.378905478232524,5.457069784855317,0.2926003817767821,2.3186685075009525,-0.023917545319111957,11.0,200.0,5.0,,,,,,,,False
180,E,FixedRidgeLambda1,3,45,0.045455826451166435,0.0402331806688084,0.023569312604524415,0.20844113812856413,0.9914254922024438,1.0,,,,,,,,,,False
180,E,KNN,3,45,2.354530723330104,2.3853856022076125,0.1475216149128382,1.5339407056503793,0.5512783787863617,9.0,,,,,,,,,,False
180,E,LightGBM,3,45,1.9457122835433047,1.835977835900747,0.6784835526392341,1.3808172085617503,0.6317944373794938,7.666666666666667,,,,,,,,,,False
180,E,LinearRegression,3,45,0.04620861622017236,0.0416427847181355,0.023673534737777262,0.21022359325013676,0.9912835852141137,2.0,,,,,,,,,,False
180,E,MLP,3,45,0.7279713905739983,0.6244575847873286,0.20380323564520017,0.8479638183699748,0.861566413052702,4.0,,,,,,,,,,False
180,E,RandomForest,3,45,2.157617894478849,2.0724357845275843,0.29124460333592894,1.4667012344357853,0.5898392941633243,8.0,,,,,,,,,,False
180,E,Ridge,3,45,0.045455826451166435,0.0402331806688084,0.023569312604524415,0.20844113812856413,0.9914254922024438,1.0,,,,,,,,,,False
180,E,SVR,3,45,1.7774968508377744,1.8226346473014163,0.6486251564666262,1.3174596225598472,0.6639224719987967,5.666666666666667,,,,,,,,,,False
180,E,XGBoost,3,45,2.277507408378421,2.2793686450455866,0.5616925166046732,1.5013367647787996,0.5682280828398015,9.333333333333334,,,,,,,,,,False
181,E,AutoGluon,3,45,0.39369302223796715,0.3975301446879111,0.098032767184081,0.6241177839716705,0.9529844946239487,3.0,,,,,,,,,,False
181,E,CatBoost,3,45,2.0773660991070533,2.416924644180316,0.6136694629981667,1.4295699219314686,0.7528734569618547,5.333333333333333,,,,,,,,,,False
181,E,DeepSetModel-MC,3,45,8.61220471978658,8.531803644821714,1.4056877595518975,2.9281320066952614,-0.03833989389523396,11.0,200.0,5.0,,,,,,,,False
181,E,FixedRidgeLambda1,3,45,0.14655732380588216,0.1431758216203925,0.029658643089303716,0.3815274660013226,0.9823969860465009,1.3333333333333333,,,,,,,,,,False
181,E,KNN,3,45,3.9985482378227246,3.647690317626345,0.8926640580431197,1.9916781722450565,0.51952715445507,10.0,,,,,,,,,,False
181,E,LightGBM,3,45,2.36929582633158,2.2349343773713017,0.7810673699675433,1.5254332077261596,0.7151971039321339,7.0,,,,,,,,,,False
181,E,LinearRegression,3,45,0.1482570329529022,0.1472173063247438,0.02878795764452551,0.3838237789356753,0.9821849265138848,1.6666666666666667,,,,,,,,,,False
181,E,MLP,3,45,0.7281263912759782,0.8030253735791054,0.14085949516882054,0.8504587014494073,0.9102277771068277,4.0,,,,,,,,,,False
181,E,RandomForest,3,45,2.382317463112883,2.5392953090627395,0.6956380487294664,1.5316529215477204,0.7152302498457249,6.666666666666667,,,,,,,,,,False
181,E,Ridge,3,45,0.14655732380588216,0.1431758216203925,0.029658643089303716,0.3815274660013226,0.9823969860465009,1.3333333333333333,,,,,,,,,,False
181,E,SVR,3,45,2.52760301186735,2.4933228487149472,0.7856927587558556,1.5767746059937877,0.6999973832670437,7.666666666666667,,,,,,,,,,False
181,E,XGBoost,3,45,2.645882318542423,2.7088423672871085,0.46776396413157273,1.6222621753357436,0.6801945471490048,8.333333333333334,,,,,,,,,,False
182,C,AutoGluon,6,45,0.7050249003941516,0.47295759285761574,0.6872797594088966,0.7775019689914006,0.9323668693532973,3.0,,,,,,,,,,False
182,C,CatBoost,6,45,2.5534016018639667,2.0143136249853635,1.9494451780909205,1.5087710891788502,0.7468469346204172,5.5,,,,,,,,,,False
182,C,DeepSetModel-MC,6,45,9.202381659597853,8.202175492534792,4.180136304900028,2.9722620796155215,-0.019080759983460118,11.0,200.0,5.0,,,,,,,,False
182,C,FixedRidgeLambda1,6,45,0.24270366244416355,0.20953378255307514,0.14024832761983133,0.4751811693332367,0.9735916065662312,1.5,,,,,,,,,,False
182,C,KNN,6,45,4.30295751797255,3.7091827931677046,2.5623609192121233,1.9999507708667645,0.5465739816794504,9.5,,,,,,,,,,False
182,C,LightGBM,6,45,2.4708167659025304,2.3673007804691766,1.2919866010325418,1.5285990465430783,0.7318452032397972,6.0,,,,,,,,,,False
182,C,LinearRegression,6,45,0.2408623919797466,0.2113748764844084,0.1358101936983258,0.4742298078031242,0.9735583815573942,1.5,,,,,,,,,,False
182,C,MLP,6,45,1.6035306331786519,1.404368258686136,0.7561743190466562,1.238337473289232,0.8149305584928929,5.0,,,,,,,,,,False
182,C,RandomForest,6,45,3.6389863653095347,3.167861436889672,2.4596568620479142,1.8180202405824122,0.6285463273234212,8.0,,,,,,,,,,False
182,C,Ridge,6,45,0.24270366244416355,0.20953378255307514,0.14024832761983133,0.4751811693332367,0.9735916065662312,1.5,,,,,,,,,,False
182,C,SVR,6,45,2.7466099068356757,1.9802484504183056,2.1437321074403135,1.5693852634790761,0.7209144041976266,5.833333333333333,,,,,,,,,,False
182,C,XGBoost,6,45,3.9856488709383733,3.876823135549523,2.057841961276068,1.9357048004338815,0.5700328689978466,9.166666666666666,,,,,,,,,,False
182,F,AutoGluon,3,45,0.07438741154752317,0.0431266643316286,0.06509959102588882,0.2565005341395436,0.0,3.6666666666666665,,,,,,,,,,False
182,F,CatBoost,3,45,0.10162727680601939,0.0915110259295604,0.019114432509465432,0.31789177356382153,0.0,6.333333333333333,,,,,,,,,,False
182,F,DeepSetModel-MC,3,45,0.0033859503505980666,0.0018195021874381,0.0035503651107573575,0.052924195697611004,0.0,1.0,200.0,5.0,,,,,,,,False
182,F,FixedRidgeLambda1,3,45,0.0644646721874182,0.0657477367553491,0.007959014361413322,0.2535701311040486,0.0,3.3333333333333335,,,,,,,,,,False
182,F,KNN,3,45,0.19063657558829228,0.1832052972726211,0.022281958101629157,0.4361333242157264,0.0,9.333333333333334,,,,,,,,,,False
182,F,LightGBM,3,45,0.19331524918809362,0.1738656783688076,0.0374155421139011,0.43836501387156374,0.0,9.0,,,,,,,,,,False
182,F,LinearRegression,3,45,0.06528503115597921,0.0666006160541391,0.008011987317709041,0.2551823808592006,0.0,4.333333333333333,,,,,,,,,,False
182,F,MLP,3,45,0.5230935047949264,0.5709530821185982,0.12473688023816999,0.7195524432823857,0.0,11.0,,,,,,,,,,False
182,F,RandomForest,3,45,0.0626066597216757,0.0618353609610488,0.0013362464137332162,0.2502037870697949,0.0,3.3333333333333335,,,,,,,,,,False
182,F,Ridge,3,45,0.0644646721874182,0.0657477367553491,0.007959014361413322,0.2535701311040486,0.0,3.3333333333333335,,,,,,,,,,False
182,F,SVR,3,45,0.09813378754776081,0.0946139094990549,0.012953969425444698,0.31281722582368454,0.0,6.0,,,,,,,,,,False
182,F,XGBoost,3,45,0.18861660750324413,0.1743629981075374,0.05153114464299492,0.431682453695613,0.0,8.666666666666666,,,,,,,,,,False
182,G,AutoGluon,3,46,151.92583273269838,197.1831513062296,127.23521109184824,10.912207364384434,-74.38755552819475,2.6666666666666665,,,,,,,,,,False
182,G,CatBoost,3,46,378.5297816441266,123.34103723189747,459.8390207679878,17.13480199865697,-200.03990977731303,4.333333333333333,,,,,,,,,,False
182,G,DeepSetModel-MC,3,46,164.52682273851948,225.81578197903715,129.3655988006896,11.628513780501999,-79.59354128520624,3.6666666666666665,200.0,5.0,,,,,,,,False
182,G,FixedRidgeLambda1,3,46,1807.121583672033,2525.799396651038,1534.248473798092,36.79509264937658,-890.0111239443446,5.333333333333333,,,,,,,,,,False
182,G,KNN,3,46,2019.8210834386857,407.39137707903353,2815.1129137151547,37.43929720478281,-1094.3471322957762,8.0,,,,,,,,,,False
182,G,LightGBM,3,46,2810.2412396670607,3671.1417409323126,2299.174847045613,47.463815248382076,-1389.0350647570976,8.0,,,,,,,,,,False
182,G,LinearRegression,3,46,1825.8399133772807,2550.084470701204,1550.4263023839449,36.98276864135436,-899.3397689029393,6.333333333333333,,,,,,,,,,False
182,G,MLP,3,46,8241.87189662587,11370.883903283097,6101.495113768737,83.87624399913899,-4007.5570119603885,11.0,,,,,,,,,,False
182,G,RandomForest,3,46,4943.908454110173,4509.757937493093,4963.524107439227,60.75169095240839,-2271.6549464846235,8.666666666666666,,,,,,,,,,False
182,G,Ridge,3,46,1807.121583672033,2525.799396651038,1534.248473798092,36.79509264937658,-890.0111239443446,5.333333333333333,,,,,,,,,,False
182,G,SVR,3,46,0.5902975081205387,0.6089531125359988,0.19820653978394243,0.7606339263582482,0.7457909217992841,1.0,,,,,,,,,,False
182,G,XGBoost,3,46,5521.187792734182,7766.87020733712,4804.837442068699,61.35434368195043,-2727.1258228094866,7.0,,,,,,,,,,False
182,H,AutoGluon,3,46,0.26896328386441953,0.2283989183759544,0.13100948940161303,0.5087483592481058,0.961858854807201,3.0,,,,,,,,,,False
182,H,CatBoost,3,46,0.7685530647360475,0.6891975474224331,0.2479986755218725,0.8693733734868146,0.8886186246353756,4.666666666666667,,,,,,,,,,False
182,H,DeepSetModel-MC,3,46,7.068154455871054,7.638694264565774,1.5266427008908838,2.6475520502766217,-0.030226055018928635,11.0,200.0,5.0,,,,,,,,False
182,H,FixedRidgeLambda1,3,46,0.08345603439969895,0.0726679728450594,0.05050934559251267,0.27991015738885106,0.98748439384628,1.0,,,,,,,,,,False
182,H,KNN,3,46,0.9584196657988308,0.9844737772003644,0.37062696613581425,0.9658906894199882,0.8637165972625521,7.0,,,,,,,,,,False
182,H,LightGBM,3,46,0.9793365893478225,0.8898700606119904,0.20948249790375487,0.9860042667381936,0.85576837577584,7.666666666666667,,,,,,,,,,False
182,H,LinearRegression,3,46,0.08376248504741474,0.0730867791955145,0.05032750080705544,0.2805561912424579,0.9874363222248332,2.0,,,,,,,,,,False
182,H,MLP,3,46,0.6429454539792722,0.5965949374304329,0.0960019335285637,0.8004012982633243,0.9041808604040638,4.666666666666667,,,,,,,,,,False
182,H,RandomForest,3,46,0.9829176102478264,0.8508459231211786,0.3042937811777209,0.9839480826363213,0.8568035251478608,7.666666666666667,,,,,,,,,,False
182,H,Ridge,3,46,0.08345603439969895,0.0726679728450594,0.05050934559251267,0.27991015738885106,0.98748439384628,1.0,,,,,,,,,,False
182,H,SVR,3,46,1.2784068254403353,0.8089959027315984,0.8524682221649116,1.0925128747377806,0.8197546385795019,7.666666666666667,,,,,,,,,,False
182,H,XGBoost,3,46,1.2805206843847798,1.1471005436900097,0.2480232958024802,1.128222713456435,0.8101388692137306,9.666666666666666,,,,,,,,,,False
184,A,AutoGluon,3,45,0.49303741123162176,0.5061606293579085,0.0942038665192107,0.6999622278325005,0.9669999937189742,3.0,,,,,,,,,,False
184,A,CatBoost,3,45,2.6219664415058284,2.575060975742121,0.49998770987104546,1.6143521220124708,0.8250113562001213,5.0,,,,,,,,,,False
184,A,DeepSetModel-MC,3,45,15.65973437458077,15.362764318551845,1.0684073132661622,3.9557211747160994,-0.03682733951112647,11.0,200.0,5.0,,,,,,,,False
184,A,FixedRidgeLambda1,3,45,0.12415645097806623,0.1241722341481039,0.023294701510645752,0.3513130619965479,0.9916807141040671,1.3333333333333333,,,,,,,,,,False
184,A,KNN,3,45,5.3809849868318045,5.52968808484218,1.1556440137828383,2.3104590420863844,0.6458253033939386,8.666666666666666,,,,,,,,,,False
184,A,LightGBM,3,45,3.1736006041298856,3.3154239962372904,0.310236894017142,1.7799994506520107,0.7880095808255082,6.0,,,,,,,,,,False
184,A,LinearRegression,3,45,0.1276011801413036,0.1283756353490471,0.029268077627997793,0.35561305839619745,0.9914375479740061,1.6666666666666667,,,,,,,,,,False
184,A,MLP,3,45,0.7866940811360633,0.8505764313514901,0.11877459888831254,0.8851865900953307,0.9472653445562313,4.0,,,,,,,,,,False
184,A,RandomForest,3,45,5.973988340384168,5.672486043631546,1.1393527134498977,2.436947636566762,0.6020384715080366,9.666666666666666,,,,,,,,,,False
184,A,Ridge,3,45,0.12415645097806623,0.1241722341481039,0.023294701510645752,0.3513130619965479,0.9916807141040671,1.3333333333333333,,,,,,,,,,False
184,A,SVR,3,45,4.1887519398835416,4.094547091820972,0.21428740039180874,2.046203427756472,0.7217482428577146,7.0,,,,,,,,,,False
184,A,XGBoost,3,45,5.717851676616255,5.400513439630564,1.0986334289971174,2.3840481305536585,0.6192003657535036,8.666666666666666,,,,,,,,,,False
184,D,AutoGluon,3,46,0.28454091444823376,0.2765626999150421,0.10763987397570815,0.5269029731392672,0.9694741918885313,3.0,,,,,,,,,,False
184,D,CatBoost,3,46,0.8315761167110418,0.89470458990917,0.32229986293864454,0.89920381870615,0.9090224222177495,4.666666666666667,,,,,,,,,,False
184,D,DeepSetModel-MC,3,46,9.280556856830156,8.391204427617616,2.1882112986746227,3.032915909835769,-0.0158856166472285,11.0,200.0,5.0,,,,,,,,False
184,D,FixedRidgeLambda1,3,46,0.0550235056230047,0.0500738973918631,0.01076628871600135,0.23385429707585462,0.9936874131749628,1.3333333333333333,,,,,,,,,,False
184,D,KNN,3,46,2.2050954240297505,2.153824191533221,0.1285090780064839,1.484541815540408,0.7519670446105445,10.0,,,,,,,,,,False
184,D,LightGBM,3,46,1.4350583364628653,1.5944063716651624,0.4370814424082242,1.1876762057806578,0.8408666994251609,7.666666666666667,,,,,,,,,,False
184,D,LinearRegression,3,46,0.05603295325285936,0.0505525815957024,0.012637723811067075,0.2357549691730019,0.9935554410002632,1.6666666666666667,,,,,,,,,,False
184,D,MLP,3,46,0.9231805145931222,0.8812960665882197,0.40240594935727275,0.945197999785058,0.896140720204289,5.666666666666667,,,,,,,,,,False
184,D,RandomForest,3,46,1.4207790627661059,1.5274404122857863,0.438281957428234,1.1816763437587756,0.8389144112314252,7.0,,,,,,,,,,False
184,D,Ridge,3,46,0.0550235056230047,0.0500738973918631,0.01076628871600135,0.23385429707585462,0.9936874131749628,1.3333333333333333,,,,,,,,,,False
184,D,SVR,3,46,1.51828066212086,1.354883772785561,0.7124472958469619,1.2098598230836448,0.8380465669145115,6.666666666666667,,,,,,,,,,False
184,D,XGBoost,3,46,1.5182492623223627,1.6082486182920763,0.5537594411422229,1.2172438122949154,0.8272095244502325,7.333333333333333,,,,,,,,,,False
185,G,AutoGluon,3,46,0.942725189195421,0.773430550493082,0.4326521229333176,0.9549092135254583,0.7545387862918931,2.0,,,,,,,,,,False
185,G,CatBoost,3,46,6.136172373267658,4.880135287042415,2.9865807773589124,2.4314619305794807,-0.6540915750623033,6.333333333333333,,,,,,,,,,False
185,G,DeepSetModel-MC,3,46,4.8960144554947105,3.9710930480146858,1.6480792733001124,2.1932141388750703,-0.2511498270508962,6.0,200.0,5.0,,,,,,,,False
185,G,FixedRidgeLambda1,3,46,2.1764435524665964,2.030678081334823,0.7993705993967396,1.4588315374310286,0.4304404308982792,3.0,,,,,,,,,,False
185,G,KNN,3,46,12.592348333330584,13.08065860892594,4.315532758262108,3.511384629325944,-2.3143380257388757,8.333333333333334,,,,,,,,,,False
185,G,LightGBM,3,46,17.1134284927536,18.044580399044044,5.172225070819329,4.1030683559007555,-3.550017495350499,9.666666666666666,,,,,,,,,,False
185,G,LinearRegression,3,46,2.208043039469369,2.068254446393648,0.8078924501086017,1.4694691335443657,0.4220578862281168,4.0,,,,,,,,,,False
185,G,MLP,3,46,33.783696095248885,35.65673237896703,9.304362350521133,5.773173272885241,-7.964836496646343,11.0,,,,,,,,,,False
185,G,RandomForest,3,46,8.72553983330369,4.482623320490147,7.364967646661777,2.7936523177106367,-1.4049141694025888,7.0,,,,,,,,,,False
185,G,Ridge,3,46,2.1764435524665964,2.030678081334823,0.7993705993967396,1.4588315374310286,0.4304404308982792,3.0,,,,,,,,,,False
185,G,SVR,3,46,0.5369165287221843,0.4782171749771122,0.12700020556739836,0.7294972649049667,0.8608671785044205,1.0,,,,,,,,,,False
185,G,XGBoost,3,46,9.488013164416826,5.440688131584432,7.522978449007676,2.9327946982314295,-1.4500183219228815,7.666666666666667,,,,,,,,,,False
186,E,AutoGluon,3,46,0.4759371763747307,0.4797793029326293,0.014603256774145224,0.6898275561360072,0.968235084599998,3.0,,,,,,,,,,False
186,E,CatBoost,3,46,4.925810682100159,4.853300061044699,0.592726168328659,2.216755967245418,0.6711934810009091,6.333333333333333,,,,,,,,,,False
186,E,DeepSetModel-MC,3,46,15.16267225919851,15.654896862032476,0.9797270707672446,3.8925463376621376,-0.008693773090742601,11.0,200.0,5.0,,,,,,,,False
186,E,FixedRidgeLambda1,3,46,0.10064890461087694,0.0922290641793155,0.028273467338952554,0.31523854775716637,0.993325098625801,1.0,,,,,,,,,,False
186,E,KNN,3,46,7.142054239608279,6.863142932539703,0.8404810215370145,2.6694457720271547,0.5236881826869305,8.666666666666666,,,,,,,,,,False
186,E,LightGBM,3,46,4.540133785783639,4.652029336621773,0.4328197681196437,2.129112614846227,0.6961312816576374,6.0,,,,,,,,,,False
186,E,LinearRegression,3,46,0.1036683471116947,0.0951181301248436,0.028434257001714414,0.3200277237539883,0.9931237485933423,2.0,,,,,,,,,,False
186,E,MLP,3,46,0.5843881652142827,0.5626910231929463,0.09052850265190784,0.762953318431253,0.9610073746655171,4.0,,,,,,,,,,False
186,E,RandomForest,3,46,7.822847991163312,8.185031889025293,1.267795521408972,2.790563731105225,0.4765082487888892,9.0,,,,,,,,,,False
186,E,Ridge,3,46,0.10064890461087694,0.0922290641793155,0.028273467338952554,0.31523854775716637,0.993325098625801,1.0,,,,,,,,,,False
186,E,SVR,3,46,4.850395269725461,4.508116331743611,1.388722646197673,2.1877079672270425,0.6762800425625862,5.666666666666667,,,,,,,,,,False
186,E,XGBoost,3,46,8.105136939352274,8.031766692649011,0.39635902452224453,2.846388165145143,0.45832304344073016,9.333333333333334,,,,,,,,,,False
187,C,AutoGluon,3,46,0.34764502012141046,0.285331470147435,0.13364813417108629,0.582839539253673,0.9408794839551643,3.0,,,,,,,,,,False
187,C,CatBoost,3,46,0.8622176899770757,0.8458230589148272,0.11455310489433441,0.9272026368453452,0.8483026258706926,4.333333333333333,,,,,,,,,,False
187,C,DeepSetModel-MC,3,46,5.901186031035013,5.832745982406982,0.6247421043546398,2.4269784742909897,-0.021846966174026466,11.0,200.0,5.0,,,,,,,,False
187,C,FixedRidgeLambda1,3,46,0.10322848890669643,0.103264155314394,0.017600550492834228,0.320506174552129,0.9821448497662629,1.3333333333333333,,,,,,,,,,False
187,C,KNN,3,46,1.2768762483407095,1.3337266742109692,0.24081728681841266,1.1264936295956214,0.7788751487337531,8.0,,,,,,,,,,False
187,C,LightGBM,3,46,1.0080906603732804,1.0146706113425492,0.18513377425321303,1.0011708603638672,0.8219525469932334,6.666666666666667,,,,,,,,,,False
187,C,LinearRegression,3,46,0.10420994182436656,0.1031196798854271,0.017135052726423572,0.3220878902832626,0.98197784440633,1.6666666666666667,,,,,,,,,,False
187,C,MLP,3,46,1.8549825215327687,2.1842872890338323,0.6011231580442145,1.3484346403466159,0.678522975608422,9.666666666666666,,,,,,,,,,False
187,C,RandomForest,3,46,0.9859050035070854,0.9572227205374187,0.1565418337950343,0.9908695780645025,0.8262782301230059,6.0,,,,,,,,,,False
187,C,Ridge,3,46,0.10322848890669643,0.103264155314394,0.017600550492834228,0.320506174552129,0.9821448497662629,1.3333333333333333,,,,,,,,,,False
187,C,SVR,3,46,0.9351713970873695,0.8963766165924787,0.07636338050914816,0.9665165994874791,0.8377883998315259,5.333333333333333,,,,,,,,,,False
187,C,XGBoost,3,46,1.4865052637529592,1.3326628111778531,0.30112327461554395,1.2152456162307306,0.7441822683111633,9.0,,,,,,,,,,False
188,A,AutoGluon,3,46,0.319277076185094,0.2475157097068998,0.18016112477818164,0.5509695941917573,0.9596438706272457,3.0,,,,,,,,,,False
188,A,CatBoost,3,46,1.1568050075725005,0.9901933644374828,0.6224557642000916,1.0500805205149293,0.8522277036876699,5.666666666666667,,,,,,,,,,False
188,A,DeepSetModel-MC,3,46,7.726095065606716,6.838581994069894,2.33544380946452,2.75945249620384,-0.018888485150899432,11.0,200.0,5.0,,,,,,,,False
188,A,FixedRidgeLambda1,3,46,0.07887251838236474,0.0820967595880071,0.0311046441471021,0.2768846521045792,0.9888751161214734,1.3333333333333333,,,,,,,,,,False
188,A,KNN,3,46,2.407702565676282,2.333196315094057,0.3927468358085749,1.5482861635186744,0.6739144840676107,10.0,,,,,,,,,,False
188,A,LightGBM,3,46,1.2396159077528413,1.08646645598061,0.46816805099505493,1.1007248053869543,0.8389132358562152,5.666666666666667,,,,,,,,,,False
188,A,LinearRegression,3,46,0.08015481971326631,0.085970205488271,0.03051188817111057,0.27932817049232933,0.9887569472451565,1.6666666666666667,,,,,,,,,,False
188,A,MLP,3,46,0.8245764943995897,0.8764474171480489,0.20957816282011896,0.902843813491724,0.887272811314025,4.333333333333333,,,,,,,,,,False
188,A,RandomForest,3,46,1.8261892956745545,1.6293243498756018,0.532821817452477,1.3422239970679206,0.7574231373269988,8.0,,,,,,,,,,False
188,A,Ridge,3,46,0.07887251838236474,0.0820967595880071,0.0311046441471021,0.2768846521045792,0.9888751161214734,1.3333333333333333,,,,,,,,,,False
188,A,SVR,3,46,1.5219481096897134,1.135011484238121,0.9276472195416113,1.1979716573047934,0.8111112976244547,7.0,,,,,,,,,,False
188,A,XGBoost,3,46,1.8719497115300685,1.6399535848398143,0.5682301061241042,1.3582382894766347,0.7531704530547341,8.333333333333334,,,,,,,,,,False
188,D,AutoGluon,3,47,0.34446349650192887,0.3041571214873033,0.13723963322971738,0.5794266300560817,0.9799206184332313,3.0,,,,,,,,,,False
188,D,CatBoost,3,47,4.031966881123702,4.132413335965239,0.754145612235796,2.0019463080386317,0.7558619402372503,5.666666666666667,,,,,,,,,,False
188,D,DeepSetModel-MC,3,47,17.759783717602982,18.73507564768698,1.8992400650209142,4.210082297826418,-0.0560563888346871,11.0,200.0,5.0,,,,,,,,False
188,D,FixedRidgeLambda1,3,47,0.1075739750147741,0.1096233291700193,0.02386445592651057,0.32659856141942756,0.9936729095790868,1.0,,,,,,,,,,False
188,D,KNN,3,47,4.957070921805172,5.148135464969256,0.5904524229130836,2.2237350444391883,0.7054728893751744,8.0,,,,,,,,,,False
188,D,LightGBM,3,47,3.7855460916569394,3.667214126517369,0.2992978565825835,1.9446526170043317,0.772428571005971,5.333333333333333,,,,,,,,,,False
188,D,LinearRegression,3,47,0.11576402838607654,0.1205063450819891,0.024119124087953695,0.33895569469284026,0.9931890697061264,2.0,,,,,,,,,,False
188,D,MLP,3,47,0.5901901563338647,0.6373060432798392,0.1671233907318303,0.7626693250873572,0.9656724452636324,4.0,,,,,,,,,,False
188,D,RandomForest,3,47,6.657966653331548,6.83184429723075,1.4442477296115264,2.569830783643567,0.5966868516275924,9.666666666666666,,,,,,,,,,False
188,D,Ridge,3,47,0.1075739750147741,0.1096233291700193,0.02386445592651057,0.32659856141942756,0.9936729095790868,1.0,,,,,,,,,,False
188,D,SVR,3,47,4.867836839358723,4.834677111823298,0.5473110175863752,2.203995929946299,0.7098886202420079,7.666666666666667,,,,,,,,,,False
188,D,XGBoost,3,47,5.86432500881891,5.510167860962534,1.2405433128265977,2.412865018947714,0.648137231769228,8.666666666666666,,,,,,,,,,False
189,G,AutoGluon,3,47,2.9464310479617803,0.555408929742245,4.307480164716333,1.3877815522707324,-0.1694733503781001,1.6666666666666667,,,,,,,,,,False
189,G,CatBoost,3,47,429.0558381376165,10.501395070513182,730.6219614644596,13.635911396673846,-163.1127500276281,8.333333333333334,,,,,,,,,,False
189,G,DeepSetModel-MC,3,47,25.779936445977516,2.2955895913842617,41.00803202884133,3.816617405943747,-9.000365566255253,4.666666666666667,200.0,5.0,,,,,,,,False
189,G,FixedRidgeLambda1,3,47,30.352311123342233,0.8280653487538256,51.509006093340794,3.6733154351377166,-10.618542217319698,3.0,,,,,,,,,,False
189,G,KNN,3,47,1796.9119296431652,3.643137310112424,3106.716277361203,25.658463545348507,-683.1036860025742,7.333333333333333,,,,,,,,,,False
189,G,LightGBM,3,47,251.31059665886585,8.163894859603753,424.6863296265543,10.703504939571433,-95.31059111122903,8.0,,,,,,,,,,False
189,G,LinearRegression,3,47,30.479041802163707,0.8393648189134241,51.70999411902028,3.6843229115990055,-10.667810656313328,4.0,,,,,,,,,,False
189,G,MLP,3,47,398.1580701536513,18.84324339299864,669.8246444917893,13.529028047291272,-151.95553047908462,9.0,,,,,,,,,,False
189,G,RandomForest,3,47,4284.455369339258,5.1221334657179085,7414.797639805629,38.996586017251175,-1629.7693568344168,7.333333333333333,,,,,,,,,,False
189,G,Ridge,3,47,30.352311123342233,0.8280653487538256,51.509006093340794,3.6733154351377166,-10.618542217319698,3.0,,,,,,,,,,False
189,G,SVR,3,47,0.34862881337531765,0.3487181439637601,0.15286227843669617,0.5803523640082268,0.8416724635871929,2.0,,,,,,,,,,False
189,G,XGBoost,3,47,14906.39956425954,10.70681176987454,25805.389289409737,72.28294182979083,-5672.185160450109,10.666666666666666,,,,,,,,,,False
190,A,AutoGluon,3,47,0.1944614062301879,0.1904871666243991,0.049448278719302914,0.4385899077878013,0.9417039354024848,3.0,,,,,,,,,,False
190,A,CatBoost,3,47,0.37056225170775464,0.3108196239190827,0.12860774448431098,0.6030145693096802,0.8905577716982055,4.333333333333333,,,,,,,,,,False
190,A,DeepSetModel-MC,3,47,3.506106329583611,3.355363261850959,0.5468480181574857,1.8687499501391793,-0.055951855523492335,11.0,200.0,5.0,,,,,,,,False
190,A,FixedRidgeLambda1,3,47,0.0379746641624988,0.0303337105379185,0.02615399898697682,0.18720683617265907,0.9891434876399915,1.0,,,,,,,,,,False
190,A,KNN,3,47,0.7077086955676761,0.7798521919532972,0.13035716972113742,0.8387205741613742,0.7842700121864485,9.0,,,,,,,,,,False
190,A,LightGBM,3,47,0.6118479805150276,0.569446736874236,0.1473344149832621,0.7785446688437796,0.8174962856160818,8.333333333333334,,,,,,,,,,False
190,A,LinearRegression,3,47,0.0389926666089094,0.0307510084095827,0.027167533147693837,0.18955348287343976,0.9888662221536727,2.0,,,,,,,,,,False
190,A,MLP,3,47,0.643004633845257,0.6707805309845202,0.2040238711723576,0.7946930690390772,0.8021326645626772,7.666666666666667,,,,,,,,,,False
190,A,RandomForest,3,47,0.39548789521947353,0.3579103308775213,0.07962460575561285,0.6268476374031114,0.8814800867584074,4.666666666666667,,,,,,,,,,False
190,A,Ridge,3,47,0.0379746641624988,0.0303337105379185,0.02615399898697682,0.18720683617265907,0.9891434876399915,1.0,,,,,,,,,,False
190,A,SVR,3,47,0.5938792548385013,0.5844690123386483,0.17259668751647742,0.7651300175180408,0.82244975445093,7.0,,,,,,,,,,False
190,A,XGBoost,3,47,0.6444775681335647,0.5395321924689598,0.24702602519566028,0.793570845541259,0.8108669605244332,8.0,,,,,,,,,,False
