suite_family,prior_regime,p_total_quartile,n_train_quartile,method,valid_count,mean_mse_betaX,mean_r2_betaX,mean_rank_mse_betaX
ood_primary,E,Q1,Q1,AutoGluon,18,0.2850309447515736,0.8929086245901865,3.111111111111111
ood_primary,E,Q1,Q1,CatBoost,18,1.070368360283939,0.7041671353387039,5.333333333333333
ood_primary,E,Q1,Q1,DeepSetModel-MC,18,5.479447811944259,-0.03509250214758368,10.5
ood_primary,E,Q1,Q1,FixedRidgeLambda1,18,0.05343637096611606,0.9838099523692203,1.6111111111111112
ood_primary,E,Q1,Q1,KNN,18,1.807125469825162,0.5759451141608285,7.666666666666667
ood_primary,E,Q1,Q1,LightGBM,18,1.7693192280076175,0.5128915084652896,8.222222222222221
ood_primary,E,Q1,Q1,LinearRegression,18,0.05347868248846352,0.9838896398404169,1.3888888888888888
ood_primary,E,Q1,Q1,MLP,18,0.7639467643889457,0.3084572739080439,6.222222222222222
ood_primary,E,Q1,Q1,RandomForest,18,1.4483514915066147,0.6919728493161297,6.611111111111111
ood_primary,E,Q1,Q1,Ridge,18,0.05343637096611606,0.9838099523692203,1.6111111111111112
ood_primary,E,Q1,Q1,SVR,18,1.924648342575279,0.6550964079426946,6.888888888888889
ood_primary,E,Q1,Q1,XGBoost,18,1.832400266331265,0.46962735519369,8.444444444444445
ood_primary,E,Q1,Q2,AutoGluon,18,0.5495113355391271,0.9254034157545364,3.2222222222222223
ood_primary,E,Q1,Q2,CatBoost,18,1.4408328040679539,0.7958691530802332,5.444444444444445
ood_primary,E,Q1,Q2,DeepSetModel-MC,18,6.797130374683426,-0.02027809883086779,11.0
ood_primary,E,Q1,Q2,FixedRidgeLambda1,18,0.0563471115339025,0.988843738633461,1.6666666666666667
ood_primary,E,Q1,Q2,KNN,18,2.0597399370089047,0.7004801812253364,8.0
ood_primary,E,Q1,Q2,LightGBM,18,2.228749403454382,0.6816911068707898,8.222222222222221
ood_primary,E,Q1,Q2,LinearRegression,18,0.05587059280400738,0.988792848572414,1.3333333333333333
ood_primary,E,Q1,Q2,MLP,18,0.7726039445237762,0.8429024824314412,4.944444444444445
ood_primary,E,Q1,Q2,RandomForest,18,1.6163137632178812,0.7603032590738712,6.277777777777778
ood_primary,E,Q1,Q2,Ridge,18,0.0563471115339025,0.988843738633461,1.6666666666666667
ood_primary,E,Q1,Q2,SVR,18,2.5666879105444407,0.6659391327327229,7.777777777777778
ood_primary,E,Q1,Q2,XGBoost,18,2.1318599968414387,0.6740597278892272,8.11111111111111
ood_primary,E,Q1,Q3,AutoGluon,12,0.19915458933553912,0.9059838898869282,3.0
ood_primary,E,Q1,Q3,CatBoost,12,0.5495350132637511,0.7612735169811304,5.333333333333333
ood_primary,E,Q1,Q3,DeepSetModel-MC,12,2.712060257443639,-0.011762450233034743,10.916666666666666
ood_primary,E,Q1,Q3,FixedRidgeLambda1,12,0.04795091003455116,0.9811151006843879,1.4166666666666667
ood_primary,E,Q1,Q3,KNN,12,0.9650138768938327,0.6219144161596972,7.666666666666667
ood_primary,E,Q1,Q3,LightGBM,12,0.8657838189239918,0.6307290510439878,8.083333333333334
ood_primary,E,Q1,Q3,LinearRegression,12,0.04931485104983824,0.9808401044202087,1.5833333333333333
ood_primary,E,Q1,Q3,MLP,12,0.8180213047854962,0.5128728586714182,7.75
ood_primary,E,Q1,Q3,RandomForest,12,0.5813219704686318,0.7632206508323671,5.5
ood_primary,E,Q1,Q3,Ridge,12,0.04795091003455116,0.9811151006843879,1.4166666666666667
ood_primary,E,Q1,Q3,SVR,12,0.9363146580947289,0.6809144486138274,7.083333333333333
ood_primary,E,Q1,Q3,XGBoost,12,0.7546246391608263,0.6496823144333314,7.666666666666667
ood_primary,E,Q1,Q4,AutoGluon,3,0.35017829719345545,0.963488012431677,3.3333333333333335
ood_primary,E,Q1,Q4,CatBoost,3,1.9140733031201929,0.8017521078032711,5.0
ood_primary,E,Q1,Q4,DeepSetModel-MC,3,10.135431590512875,-0.028564904411248537,11.0
ood_primary,E,Q1,Q4,FixedRidgeLambda1,3,0.0942787317590487,0.9899527297862335,1.0
ood_primary,E,Q1,Q4,KNN,3,2.773377693412023,0.7207051095685175,6.666666666666667
ood_primary,E,Q1,Q4,LightGBM,3,3.6188946793881995,0.6239310527659253,9.666666666666666
ood_primary,E,Q1,Q4,LinearRegression,3,0.09762281054785181,0.9896249504788844,2.0
ood_primary,E,Q1,Q4,MLP,3,0.43765089390947454,0.9526708245621728,3.6666666666666665
ood_primary,E,Q1,Q4,RandomForest,3,2.600095293733743,0.7322463309866084,7.0
ood_primary,E,Q1,Q4,Ridge,3,0.0942787317590487,0.9899527297862335,1.0
ood_primary,E,Q1,Q4,SVR,3,3.8389503922378836,0.6075837431502832,9.333333333333334
ood_primary,E,Q1,Q4,XGBoost,3,2.807816239636024,0.699097000178991,7.333333333333333
ood_primary,E,Q2,Q1,AutoGluon,15,0.4991300168683091,0.930726126461675,3.066666666666667
ood_primary,E,Q2,Q1,CatBoost,15,1.7315003502366935,0.7744238750107736,5.0
ood_primary,E,Q2,Q1,DeepSetModel-MC,15,7.626193374830296,-0.02663611169463496,11.0
ood_primary,E,Q2,Q1,FixedRidgeLambda1,15,0.11322223633672547,0.9825563268653222,1.4
ood_primary,E,Q2,Q1,KNN,15,3.0139472959783054,0.6136140595506998,8.133333333333333
ood_primary,E,Q2,Q1,LightGBM,15,2.696792322295704,0.615007325744573,8.4
ood_primary,E,Q2,Q1,LinearRegression,15,0.11360758163951457,0.9823669606698981,1.6
ood_primary,E,Q2,Q1,MLP,15,0.9200241039539422,0.8580833859785207,4.2
ood_primary,E,Q2,Q1,RandomForest,15,2.4304666328565783,0.6782997164829524,7.533333333333333
ood_primary,E,Q2,Q1,Ridge,15,0.11322223633672547,0.9825563268653222,1.4
ood_primary,E,Q2,Q1,SVR,15,2.6607038152245015,0.6708160351039487,7.6
ood_primary,E,Q2,Q1,XGBoost,15,2.7960080475194298,0.628758110103868,8.066666666666666
ood_primary,E,Q2,Q2,AutoGluon,6,0.48991963609250494,0.9281745496886237,3.1666666666666665
ood_primary,E,Q2,Q2,CatBoost,6,1.193306820966958,0.8286687061615092,5.0
ood_primary,E,Q2,Q2,DeepSetModel-MC,6,7.224724032518587,-0.0169123961985379,11.0
ood_primary,E,Q2,Q2,FixedRidgeLambda1,6,0.10999849081279896,0.9840737429596054,1.0
ood_primary,E,Q2,Q2,KNN,6,2.757062243269603,0.6068501334391555,10.0
ood_primary,E,Q2,Q2,LightGBM,6,1.6940067399955472,0.7602309766157993,6.5
ood_primary,E,Q2,Q2,LinearRegression,6,0.11410577897858087,0.9835021206583742,2.0
ood_primary,E,Q2,Q2,MLP,6,0.9176861886348301,0.8611153628436335,4.166666666666667
ood_primary,E,Q2,Q2,RandomForest,6,1.6777208209813033,0.7565061738729085,6.666666666666667
ood_primary,E,Q2,Q2,Ridge,6,0.10999849081279896,0.9840737429596054,1.0
ood_primary,E,Q2,Q2,SVR,6,2.0920748048524183,0.7022112135929417,7.833333333333333
ood_primary,E,Q2,Q2,XGBoost,6,2.282644701315145,0.6697087818927562,8.666666666666666
ood_primary,E,Q2,Q3,AutoGluon,12,0.33533740393477784,0.9565318554412002,3.1666666666666665
ood_primary,E,Q2,Q3,CatBoost,12,1.7858604975062764,0.773348879858193,5.25
ood_primary,E,Q2,Q3,DeepSetModel-MC,12,8.13554236413536,-0.04787223715705252,11.0
ood_primary,E,Q2,Q3,FixedRidgeLambda1,12,0.07689839088076396,0.9884643088524765,1.4166666666666667
ood_primary,E,Q2,Q3,KNN,12,2.974273683320775,0.6147549065791407,8.666666666666666
ood_primary,E,Q2,Q3,LightGBM,12,2.715902915780094,0.6372929749386242,7.916666666666667
ood_primary,E,Q2,Q3,LinearRegression,12,0.07705331762892793,0.9884427793772131,1.5833333333333333
ood_primary,E,Q2,Q3,MLP,12,0.6761251371998435,0.9033833359406876,3.8333333333333335
ood_primary,E,Q2,Q3,RandomForest,12,2.6966092240263433,0.6536983626879677,7.75
ood_primary,E,Q2,Q3,Ridge,12,0.07689839088076396,0.9884643088524765,1.4166666666666667
ood_primary,E,Q2,Q3,SVR,12,2.5883039347840255,0.6797075542242751,7.0
ood_primary,E,Q2,Q3,XGBoost,12,2.804631641114367,0.6308067156562337,8.416666666666666
ood_primary,E,Q2,Q4,AutoGluon,3,0.5695517889890569,0.9546336814840242,3.3333333333333335
ood_primary,E,Q2,Q4,CatBoost,3,3.0960639088800193,0.7466539627957447,5.333333333333333
ood_primary,E,Q2,Q4,DeepSetModel-MC,3,13.01292433706496,-0.061161193934482,11.0
ood_primary,E,Q2,Q4,FixedRidgeLambda1,3,0.06549807388244387,0.9946922718235487,2.0
ood_primary,E,Q2,Q4,KNN,3,5.937664963223181,0.5159649126966865,10.0
ood_primary,E,Q2,Q4,LightGBM,3,3.4001181876796545,0.7216966900787973,6.0
ood_primary,E,Q2,Q4,LinearRegression,3,0.0635105844493077,0.9948560875951927,1.0
ood_primary,E,Q2,Q4,MLP,3,0.6382592780831685,0.9483070688126748,3.6666666666666665
ood_primary,E,Q2,Q4,RandomForest,3,3.74999063937404,0.6931909853873913,7.0
ood_primary,E,Q2,Q4,Ridge,3,0.06549807388244387,0.9946922718235487,2.0
ood_primary,E,Q2,Q4,SVR,3,5.6110655041795345,0.5421024162242121,9.0
ood_primary,E,Q2,Q4,XGBoost,3,3.825133944272503,0.6878166646222755,7.666666666666667
ood_primary,E,Q3,Q1,AutoGluon,12,0.7237583515729358,0.9455508038095602,3.25
ood_primary,E,Q3,Q1,CatBoost,12,3.4104485943429914,0.7493701127472515,5.583333333333333
ood_primary,E,Q3,Q1,DeepSetModel-MC,12,13.636803281012979,-0.02947177760095945,11.0
ood_primary,E,Q3,Q1,FixedRidgeLambda1,12,0.0985896851121526,0.9911732027720624,1.3333333333333333
ood_primary,E,Q3,Q1,KNN,12,5.495029409373584,0.5881795531314901,8.75
ood_primary,E,Q3,Q1,LightGBM,12,3.93918895740993,0.6817853270868081,7.083333333333333
ood_primary,E,Q3,Q1,LinearRegression,12,0.09985637944146958,0.9908973594305234,1.6666666666666667
ood_primary,E,Q3,Q1,MLP,12,0.878294951090119,0.9210231034270979,3.75
ood_primary,E,Q3,Q1,RandomForest,12,4.600260687584105,0.6621218990740153,7.666666666666667
ood_primary,E,Q3,Q1,Ridge,12,0.0985896851121526,0.9911732027720624,1.3333333333333333
ood_primary,E,Q3,Q1,SVR,12,5.052425394840174,0.6389397947089135,7.75
ood_primary,E,Q3,Q1,XGBoost,12,4.752505778795439,0.6285439425438297,8.166666666666666
ood_primary,E,Q3,Q2,AutoGluon,3,0.40377299323479915,0.9741535052870455,3.0
ood_primary,E,Q3,Q2,CatBoost,3,4.00233653867382,0.7326509405936118,6.333333333333333
ood_primary,E,Q3,Q2,DeepSetModel-MC,3,15.218164080415596,-0.0042219286703936995,11.0
ood_primary,E,Q3,Q2,FixedRidgeLambda1,3,0.03977682131498807,0.9972043473682867,2.0
ood_primary,E,Q3,Q2,KNN,3,5.520253476673983,0.6538148901607203,7.666666666666667
ood_primary,E,Q3,Q2,LightGBM,3,3.6509462719605197,0.7545673623112682,5.666666666666667
ood_primary,E,Q3,Q2,LinearRegression,3,0.03840223751659486,0.9972971193850942,1.0
ood_primary,E,Q3,Q2,MLP,3,0.8300340420599168,0.9461046597694961,4.0
ood_primary,E,Q3,Q2,RandomForest,3,5.706757035811923,0.6235463952990844,9.0
ood_primary,E,Q3,Q2,Ridge,3,0.03977682131498807,0.9972043473682867,2.0
ood_primary,E,Q3,Q2,SVR,3,5.523309153657915,0.6547391221751743,7.666666666666667
ood_primary,E,Q3,Q2,XGBoost,3,5.201159561759869,0.6532711880833925,8.666666666666666
ood_primary,E,Q3,Q3,AutoGluon,6,0.4982410773526595,0.9716208391283389,3.0
ood_primary,E,Q3,Q3,CatBoost,6,3.6794773147574786,0.7910869479160878,5.0
ood_primary,E,Q3,Q3,DeepSetModel-MC,6,18.120992813472633,-0.026022448391848547,11.0
ood_primary,E,Q3,Q3,FixedRidgeLambda1,6,0.08263027567122196,0.9952112470170684,1.6666666666666667
ood_primary,E,Q3,Q3,KNN,6,6.756914756530332,0.617837172375732,8.833333333333334
ood_primary,E,Q3,Q3,LightGBM,6,4.961264102892495,0.7166478905087428,6.333333333333333
ood_primary,E,Q3,Q3,LinearRegression,6,0.08113539865729859,0.995297094772608,1.3333333333333333
ood_primary,E,Q3,Q3,MLP,6,0.8870805800831972,0.9497785924444077,4.0
ood_primary,E,Q3,Q3,RandomForest,6,5.704263168154722,0.6743452525868926,7.666666666666667
ood_primary,E,Q3,Q3,Ridge,6,0.08263027567122196,0.9952112470170684,1.6666666666666667
ood_primary,E,Q3,Q3,SVR,6,6.214889731665235,0.6526420304316466,7.833333333333333
ood_primary,E,Q3,Q3,XGBoost,6,6.736901407391142,0.6152807542675257,9.333333333333334
ood_primary,E,Q3,Q4,AutoGluon,3,0.1980890701427669,0.9625221236022242,3.0
ood_primary,E,Q3,Q4,CatBoost,3,1.6770733404947287,0.6821328592049243,5.333333333333333
ood_primary,E,Q3,Q4,DeepSetModel-MC,3,5.378905478232524,-0.023917545319111957,11.0
ood_primary,E,Q3,Q4,FixedRidgeLambda1,3,0.045455826451166435,0.9914254922024438,1.0
ood_primary,E,Q3,Q4,KNN,3,2.354530723330104,0.5512783787863617,9.0
ood_primary,E,Q3,Q4,LightGBM,3,1.9457122835433047,0.6317944373794938,7.666666666666667
ood_primary,E,Q3,Q4,LinearRegression,3,0.04620861622017236,0.9912835852141137,2.0
ood_primary,E,Q3,Q4,MLP,3,0.7279713905739983,0.861566413052702,4.0
ood_primary,E,Q3,Q4,RandomForest,3,2.157617894478849,0.5898392941633243,8.0
ood_primary,E,Q3,Q4,Ridge,3,0.045455826451166435,0.9914254922024438,1.0
ood_primary,E,Q3,Q4,SVR,3,1.7774968508377744,0.6639224719987967,5.666666666666667
ood_primary,E,Q3,Q4,XGBoost,3,2.277507408378421,0.5682280828398015,9.333333333333334
ood_primary,E,Q4,Q1,AutoGluon,6,0.519500680442264,0.9556923503542682,3.1666666666666665
ood_primary,E,Q4,Q1,CatBoost,6,3.6631334397426483,0.6844600255999778,5.666666666666667
ood_primary,E,Q4,Q1,DeepSetModel-MC,6,12.347995925120733,-0.07978543211266086,11.0
ood_primary,E,Q4,Q1,FixedRidgeLambda1,6,0.07311817777949342,0.9927601159777946,1.6666666666666667
ood_primary,E,Q4,Q1,KNN,6,5.376722761351169,0.5273957617147998,8.5
ood_primary,E,Q4,Q1,LightGBM,6,4.440517605300298,0.6062336631636737,6.833333333333333
ood_primary,E,Q4,Q1,LinearRegression,6,0.07323738437595094,0.9927762158907787,1.3333333333333333
ood_primary,E,Q4,Q1,MLP,6,0.823184200368627,0.9250997405529408,3.8333333333333335
ood_primary,E,Q4,Q1,RandomForest,6,5.109023346132231,0.5569786707864267,7.666666666666667
ood_primary,E,Q4,Q1,Ridge,6,0.07311817777949342,0.9927601159777946,1.6666666666666667
ood_primary,E,Q4,Q1,SVR,6,4.871955921921503,0.5898826438598891,7.166666666666667
ood_primary,E,Q4,Q1,XGBoost,6,6.078644398181496,0.46917984795278694,9.166666666666666
ood_primary,E,Q4,Q2,AutoGluon,12,0.5382489736975499,0.965620821078829,3.25
ood_primary,E,Q4,Q2,CatBoost,12,4.760087095759564,0.6917360430687925,5.416666666666667
ood_primary,E,Q4,Q2,DeepSetModel-MC,12,16.010947037250077,-0.014146866973722591,11.0
ood_primary,E,Q4,Q2,FixedRidgeLambda1,12,0.06806618925374737,0.9953982210630592,1.6666666666666667
ood_primary,E,Q4,Q2,KNN,12,7.358870136849066,0.5125134412001149,8.75
ood_primary,E,Q4,Q2,LightGBM,12,5.403033631939562,0.6466344693603552,6.416666666666667
ood_primary,E,Q4,Q2,LinearRegression,12,0.06568442548934125,0.9955360448924893,1.3333333333333333
ood_primary,E,Q4,Q2,MLP,12,0.7746035899203644,0.9458005691189179,3.75
ood_primary,E,Q4,Q2,RandomForest,12,6.973677119423599,0.5391943016534587,8.416666666666666
ood_primary,E,Q4,Q2,Ridge,12,0.06806618925374737,0.9953982210630592,1.6666666666666667
ood_primary,E,Q4,Q2,SVR,12,6.509085949482131,0.5879500181670418,7.666666666666667
ood_primary,E,Q4,Q2,XGBoost,12,6.820814944423643,0.5418671316835865,8.333333333333334
ood_primary,E,Q4,Q3,AutoGluon,9,0.4375471943656089,0.9602094936179176,3.0
ood_primary,E,Q4,Q3,CatBoost,9,3.475528616341544,0.6938851185383138,5.333333333333333
ood_primary,E,Q4,Q3,DeepSetModel-MC,9,12.946288688101696,-0.011996067866741617,11.0
ood_primary,E,Q4,Q3,FixedRidgeLambda1,9,0.0794308365091408,0.9891065694699227,1.2222222222222223
ood_primary,E,Q4,Q3,KNN,9,5.6989123515372215,0.5160681824766834,9.11111111111111
ood_primary,E,Q4,Q3,LightGBM,9,3.7768058794083603,0.6589207078210372,6.222222222222222
ood_primary,E,Q4,Q3,LinearRegression,9,0.08061179568966544,0.9889455399925142,1.7777777777777777
ood_primary,E,Q4,Q3,MLP,9,0.9677139307900122,0.8960329142205874,4.0
ood_primary,E,Q4,Q3,RandomForest,9,4.608138158032725,0.5979244163292672,7.555555555555555
ood_primary,E,Q4,Q3,Ridge,9,0.0794308365091408,0.9891065694699227,1.2222222222222223
ood_primary,E,Q4,Q3,SVR,9,5.182542250188536,0.5930458808940782,7.777777777777778
ood_primary,E,Q4,Q3,XGBoost,9,5.4973766602568706,0.5388035729451028,9.0
ood_primary,E,Q4,Q4,AutoGluon,12,0.4125488998454714,0.9653853598442667,3.0
ood_primary,E,Q4,Q4,CatBoost,12,3.5033848625389017,0.7189925795692522,5.75
ood_primary,E,Q4,Q4,DeepSetModel-MC,12,12.567395066828198,-0.020923404928492383,11.0
ood_primary,E,Q4,Q4,FixedRidgeLambda1,12,0.09727802615070824,0.9912797522170965,1.4166666666666667
ood_primary,E,Q4,Q4,KNN,12,6.220566607870841,0.5016188270762105,9.583333333333334
ood_primary,E,Q4,Q4,LightGBM,12,3.7003409642470912,0.6998223553337719,6.5
ood_primary,E,Q4,Q4,LinearRegression,12,0.09800128286022237,0.9911976571323886,1.5833333333333333
ood_primary,E,Q4,Q4,MLP,12,0.7138960156438774,0.9370078363401725,4.0
ood_primary,E,Q4,Q4,RandomForest,12,5.006598429233923,0.6110044965532185,7.916666666666667
ood_primary,E,Q4,Q4,Ridge,12,0.09727802615070824,0.9912797522170965,1.4166666666666667
ood_primary,E,Q4,Q4,SVR,12,4.155542622463467,0.6678424698053962,6.75
ood_primary,E,Q4,Q4,XGBoost,12,5.186946782246211,0.5936687785716455,8.5
ood_primary,F,Q1,Q1,AutoGluon,6,0.12218206326892038,0.8211457757976678,2.8333333333333335
ood_primary,F,Q1,Q1,CatBoost,6,0.2743167804450633,0.6118926012266626,5.5
ood_primary,F,Q1,Q1,DeepSetModel-MC,6,1.4137277951816458,-0.04192578517047185,9.666666666666666
ood_primary,F,Q1,Q1,FixedRidgeLambda1,6,0.05296763292305651,0.9249010763075951,1.5
ood_primary,F,Q1,Q1,KNN,6,0.44652457564125836,0.47127319562747955,8.0
ood_primary,F,Q1,Q1,LightGBM,6,0.4735603190232797,0.2926953557950028,8.333333333333334
ood_primary,F,Q1,Q1,LinearRegression,6,0.05491972440488535,0.9244659379173866,1.8333333333333333
ood_primary,F,Q1,Q1,MLP,6,0.6330363766936574,-0.15440583743480074,10.166666666666666
ood_primary,F,Q1,Q1,RandomForest,6,0.2013723252709688,0.729555167135417,4.0
ood_primary,F,Q1,Q1,Ridge,6,0.05296763292305651,0.9249010763075951,1.5
ood_primary,F,Q1,Q1,SVR,6,0.2740741719507996,0.6321134545324659,5.333333333333333
ood_primary,F,Q1,Q1,XGBoost,6,0.4603571651108717,0.29509243278603703,8.833333333333334
ood_primary,F,Q1,Q2,AutoGluon,12,0.08370296851377856,0.4795012045106786,3.25
ood_primary,F,Q1,Q2,CatBoost,12,0.241951318554156,0.45490338187580476,6.333333333333333
ood_primary,F,Q1,Q2,DeepSetModel-MC,12,1.5406774677859343,-0.021063004602803196,6.0
ood_primary,F,Q1,Q2,FixedRidgeLambda1,12,0.037961149825927826,0.49425102134412846,1.9166666666666667
ood_primary,F,Q1,Q2,KNN,12,0.5124165680768075,0.36295483647757965,8.583333333333334
ood_primary,F,Q1,Q2,LightGBM,12,0.33615560635878006,0.4356546298337099,8.333333333333334
ood_primary,F,Q1,Q2,LinearRegression,12,0.03793317773872413,0.494260208773823,2.4166666666666665
ood_primary,F,Q1,Q2,MLP,12,0.6795299448647625,0.4098635652872884,9.416666666666666
ood_primary,F,Q1,Q2,RandomForest,12,0.14716226936014545,0.46757681247394345,4.666666666666667
ood_primary,F,Q1,Q2,Ridge,12,0.037961149825927826,0.49425102134412846,1.9166666666666667
ood_primary,F,Q1,Q2,SVR,12,0.29155088559965153,0.43212065733824384,6.75
ood_primary,F,Q1,Q2,XGBoost,12,0.36029822596066235,0.42250766173067267,8.333333333333334
ood_primary,F,Q1,Q3,AutoGluon,21,0.10785244257374604,0.24214031979930736,3.4285714285714284
ood_primary,F,Q1,Q3,CatBoost,21,0.2854536087635316,0.16887126706122182,7.523809523809524
ood_primary,F,Q1,Q3,DeepSetModel-MC,21,2.475490562630282,-0.013504652267103581,3.4761904761904763
ood_primary,F,Q1,Q3,FixedRidgeLambda1,21,0.04471295309130264,0.2730738098349918,2.0952380952380953
ood_primary,F,Q1,Q3,KNN,21,0.7788174713705448,0.12792372654915618,7.571428571428571
ood_primary,F,Q1,Q3,LightGBM,21,0.4051617621810967,0.10488198669262874,9.0
ood_primary,F,Q1,Q3,LinearRegression,21,0.04572341924751722,0.2729806463237234,2.9047619047619047
ood_primary,F,Q1,Q3,MLP,21,0.7395860087478626,0.024543425457239178,10.333333333333334
ood_primary,F,Q1,Q3,RandomForest,21,0.1643110962078757,0.2157787507051554,5.0476190476190474
ood_primary,F,Q1,Q3,Ridge,21,0.04471295309130264,0.2730738098349918,2.0952380952380953
ood_primary,F,Q1,Q3,SVR,21,0.5123309001749947,0.1758776876788365,5.809523809523809
ood_primary,F,Q1,Q3,XGBoost,21,0.38587873181639637,0.11408527603141887,8.80952380952381
ood_primary,F,Q1,Q4,AutoGluon,12,0.11169054522137904,0.23387021302140273,3.5833333333333335
ood_primary,F,Q1,Q4,CatBoost,12,0.22879378123031083,0.2252944069566368,6.666666666666667
ood_primary,F,Q1,Q4,DeepSetModel-MC,12,0.9855391224630506,-0.023961500599627917,3.5
ood_primary,F,Q1,Q4,FixedRidgeLambda1,12,0.06676879338630884,0.24229816392391015,2.25
ood_primary,F,Q1,Q4,KNN,12,0.38624119956229747,0.18199019177077289,8.0
ood_primary,F,Q1,Q4,LightGBM,12,0.35093880997980254,0.21318810325965018,8.583333333333334
ood_primary,F,Q1,Q4,LinearRegression,12,0.06813853253758191,0.24204429725856533,3.0833333333333335
ood_primary,F,Q1,Q4,MLP,12,0.7985249424969867,0.19760033863531665,10.416666666666666
ood_primary,F,Q1,Q4,RandomForest,12,0.13697216534875523,0.23371262986258376,4.666666666666667
ood_primary,F,Q1,Q4,Ridge,12,0.06676879338630884,0.24229816392391015,2.25
ood_primary,F,Q1,Q4,SVR,12,0.25261132966949784,0.2111598687976534,6.583333333333333
ood_primary,F,Q1,Q4,XGBoost,12,0.3406602822511693,0.21549770790748327,8.666666666666666
ood_primary,F,Q2,Q1,AutoGluon,21,0.1110299709750809,0.25778177393053037,3.4761904761904763
ood_primary,F,Q2,Q1,CatBoost,21,0.22041716870770442,0.2551546499667746,6.333333333333333
ood_primary,F,Q2,Q1,DeepSetModel-MC,21,1.969856360891379,-0.010968311914631632,3.8095238095238093
ood_primary,F,Q2,Q1,FixedRidgeLambda1,21,0.08151002935075959,0.26868196911808473,2.380952380952381
ood_primary,F,Q2,Q1,KNN,21,0.6786160318593779,0.1790511510410265,8.142857142857142
ood_primary,F,Q2,Q1,LightGBM,21,0.41113958616325047,0.2301171515223124,8.857142857142858
ood_primary,F,Q2,Q1,LinearRegression,21,0.08229202051908363,0.2684810177698775,3.142857142857143
ood_primary,F,Q2,Q1,MLP,21,0.7078767442231332,0.16131382370221864,10.333333333333334
ood_primary,F,Q2,Q1,RandomForest,21,0.15229361590111268,0.2630716557770817,4.476190476190476
ood_primary,F,Q2,Q1,Ridge,21,0.08151002935075959,0.26868196911808473,2.380952380952381
ood_primary,F,Q2,Q1,SVR,21,0.42131327080068964,0.22658548306190468,6.285714285714286
ood_primary,F,Q2,Q1,XGBoost,21,0.4331474752015275,0.2248412096372599,8.761904761904763
ood_primary,F,Q2,Q2,AutoGluon,18,0.13057853837074443,-0.22996958863478792,4.166666666666667
ood_primary,F,Q2,Q2,CatBoost,18,0.21152003663275218,-0.723693357284835,6.5
ood_primary,F,Q2,Q2,DeepSetModel-MC,18,0.7111201222996901,-0.07649154859201718,4.333333333333333
ood_primary,F,Q2,Q2,FixedRidgeLambda1,18,0.07870535930082148,0.00837706522009898,2.0555555555555554
ood_primary,F,Q2,Q2,KNN,18,0.38397054259539193,-1.1242943399499463,8.277777777777779
ood_primary,F,Q2,Q2,LightGBM,18,0.36460587351397894,-1.5679307184733706,8.61111111111111
ood_primary,F,Q2,Q2,LinearRegression,18,0.07912143286053971,0.002623253413238263,2.7222222222222223
ood_primary,F,Q2,Q2,MLP,18,0.6149643665774325,-4.258667608193073,10.055555555555555
ood_primary,F,Q2,Q2,RandomForest,18,0.1319711724832517,-0.1525901640708434,4.333333333333333
ood_primary,F,Q2,Q2,Ridge,18,0.07870535930082148,0.00837706522009898,2.0555555555555554
ood_primary,F,Q2,Q2,SVR,18,0.23329574577445655,-0.6643786287224079,6.444444444444445
ood_primary,F,Q2,Q2,XGBoost,18,0.3548007227539103,-1.5412276983829283,8.5
ood_primary,F,Q2,Q3,AutoGluon,3,0.21719595571205152,0.6513608200916307,3.6666666666666665
ood_primary,F,Q2,Q3,CatBoost,3,0.28196987875910373,0.5472748344957087,5.333333333333333
ood_primary,F,Q2,Q3,DeepSetModel-MC,3,0.6366491446736529,-0.023323739320774434,9.666666666666666
ood_primary,F,Q2,Q3,FixedRidgeLambda1,3,0.05788588558315407,0.9068917684396927,2.0
ood_primary,F,Q2,Q3,KNN,3,0.5392984084697225,0.131859919796684,8.666666666666666
ood_primary,F,Q2,Q3,LightGBM,3,0.4221091758332077,0.32070436585114753,7.333333333333333
ood_primary,F,Q2,Q3,LinearRegression,3,0.056736087406590835,0.908743129185876,1.0
ood_primary,F,Q2,Q3,MLP,3,0.7776968152431495,-0.24985184929305615,11.0
ood_primary,F,Q2,Q3,RandomForest,3,0.21621781771994283,0.6526766818290378,3.3333333333333335
ood_primary,F,Q2,Q3,Ridge,3,0.05788588558315407,0.9068917684396927,2.0
ood_primary,F,Q2,Q3,SVR,3,0.32155805023299555,0.4829535808134498,6.0
ood_primary,F,Q2,Q3,XGBoost,3,0.46452042943840555,0.25575825142213443,8.0
ood_primary,F,Q2,Q4,AutoGluon,3,0.1404605777002251,0.9861778771198209,3.0
ood_primary,F,Q2,Q4,CatBoost,3,0.3470582959685203,0.9666185840460305,6.333333333333333
ood_primary,F,Q2,Q4,DeepSetModel-MC,3,10.816747940904321,-0.048346845428544095,11.0
ood_primary,F,Q2,Q4,FixedRidgeLambda1,3,0.0282520770239735,0.9972154637246761,1.6666666666666667
ood_primary,F,Q2,Q4,KNN,3,2.4402092646152997,0.7649479636531668,10.0
ood_primary,F,Q2,Q4,LightGBM,3,0.401688168456976,0.9605908917114473,6.666666666666667
ood_primary,F,Q2,Q4,LinearRegression,3,0.027192155344904632,0.99732749780509,1.3333333333333333
ood_primary,F,Q2,Q4,MLP,3,0.44361695094622333,0.9571491577241935,7.333333333333333
ood_primary,F,Q2,Q4,RandomForest,3,0.16205404278981297,0.9842132933738615,4.0
ood_primary,F,Q2,Q4,Ridge,3,0.0282520770239735,0.9972154637246761,1.6666666666666667
ood_primary,F,Q2,Q4,SVR,3,0.9667730115432475,0.9079933232526157,9.0
ood_primary,F,Q2,Q4,XGBoost,3,0.34689966003265976,0.9668628459735601,5.666666666666667
ood_primary,F,Q3,Q1,AutoGluon,6,0.03783608014665562,0.0,2.5
ood_primary,F,Q3,Q1,CatBoost,6,0.1308225565860304,0.0,7.0
ood_primary,F,Q3,Q1,DeepSetModel-MC,6,0.004246427148814133,0.0,1.0
ood_primary,F,Q3,Q1,FixedRidgeLambda1,6,0.06530309176577585,0.0,3.1666666666666665
ood_primary,F,Q3,Q1,KNN,6,0.16219892697035102,0.0,7.833333333333333
ood_primary,F,Q3,Q1,LightGBM,6,0.3091315179099912,0.0,9.5
ood_primary,F,Q3,Q1,LinearRegression,6,0.06633786628380221,0.0,4.166666666666667
ood_primary,F,Q3,Q1,MLP,6,0.5515747183007408,0.0,11.0
ood_primary,F,Q3,Q1,RandomForest,6,0.08009872303366207,0.0,4.5
ood_primary,F,Q3,Q1,Ridge,6,0.06530309176577585,0.0,3.1666666666666665
ood_primary,F,Q3,Q1,SVR,6,0.11317061105522386,0.0,6.0
ood_primary,F,Q3,Q1,XGBoost,6,0.26177065069595934,0.0,9.333333333333334
ood_primary,F,Q3,Q2,AutoGluon,3,0.12567382582299344,0.9257193076494209,3.3333333333333335
ood_primary,F,Q3,Q2,CatBoost,3,0.19411670628460942,0.8876843320122302,5.0
ood_primary,F,Q3,Q2,DeepSetModel-MC,3,1.7691149236530859,-0.0306175423393982,11.0
ood_primary,F,Q3,Q2,FixedRidgeLambda1,3,0.052385611884351264,0.9689942596239504,1.3333333333333333
ood_primary,F,Q3,Q2,KNN,3,0.9056250100841545,0.4755931206048609,10.0
ood_primary,F,Q3,Q2,LightGBM,3,0.38977773303264246,0.7716438724083726,7.333333333333333
ood_primary,F,Q3,Q2,LinearRegression,3,0.05281199900508384,0.9687224254626643,1.6666666666666667
ood_primary,F,Q3,Q2,MLP,3,0.4804136876950218,0.722053913840604,7.666666666666667
ood_primary,F,Q3,Q2,RandomForest,3,0.13576420182418178,0.9203794437272195,3.6666666666666665
ood_primary,F,Q3,Q2,Ridge,3,0.052385611884351264,0.9689942596239504,1.3333333333333333
ood_primary,F,Q3,Q2,SVR,3,0.34479169463327947,0.7997321469993627,6.666666666666667
ood_primary,F,Q3,Q2,XGBoost,3,0.44971108328519155,0.7384544929496567,8.333333333333334
ood_primary,F,Q3,Q3,AutoGluon,3,0.08948587268595422,0.6611711201210771,3.6666666666666665
ood_primary,F,Q3,Q3,CatBoost,3,0.15063071162251543,0.44749808958863824,5.666666666666667
ood_primary,F,Q3,Q3,DeepSetModel-MC,3,0.28516342217759794,-0.026938476320611332,9.333333333333334
ood_primary,F,Q3,Q3,FixedRidgeLambda1,3,0.03738194092811773,0.868094690427793,1.0
ood_primary,F,Q3,Q3,KNN,3,0.20668064452461396,0.2547468326454407,7.0
ood_primary,F,Q3,Q3,LightGBM,3,0.3306635512851636,-0.22148581100965933,9.333333333333334
ood_primary,F,Q3,Q3,LinearRegression,3,0.03827431614397687,0.8650898342334158,2.0
ood_primary,F,Q3,Q3,MLP,3,0.40486993665716847,-0.511335699167387,10.666666666666666
ood_primary,F,Q3,Q3,RandomForest,3,0.1015921098799552,0.6226349588707379,3.6666666666666665
ood_primary,F,Q3,Q3,Ridge,3,0.03738194092811773,0.868094690427793,1.0
ood_primary,F,Q3,Q3,SVR,3,0.141395214792731,0.47903265889681945,5.0
ood_primary,F,Q3,Q3,XGBoost,3,0.28334875756361727,-0.044077308156099705,8.666666666666666
ood_primary,F,Q3,Q4,AutoGluon,12,0.08886043156245682,0.0,3.3333333333333335
ood_primary,F,Q3,Q4,CatBoost,12,0.17320795739889513,0.0,6.666666666666667
ood_primary,F,Q3,Q4,DeepSetModel-MC,12,0.018570745533065713,0.0,1.0
ood_primary,F,Q3,Q4,FixedRidgeLambda1,12,0.08342625569635548,0.0,2.8333333333333335
ood_primary,F,Q3,Q4,KNN,12,0.23347530800596816,0.0,8.0
ood_primary,F,Q3,Q4,LightGBM,12,0.35878756619126734,0.0,9.75
ood_primary,F,Q3,Q4,LinearRegression,12,0.08430778172443824,0.0,3.8333333333333335
ood_primary,F,Q3,Q4,MLP,12,0.714614938768506,0.0,11.0
ood_primary,F,Q3,Q4,RandomForest,12,0.1049766477862255,0.0,4.333333333333333
ood_primary,F,Q3,Q4,Ridge,12,0.08342625569635548,0.0,2.8333333333333335
ood_primary,F,Q3,Q4,SVR,12,0.15308916469437633,0.0,6.25
ood_primary,F,Q3,Q4,XGBoost,12,0.29653497870002227,0.0,9.0
ood_primary,F,Q4,Q1,AutoGluon,15,0.13199947789729588,-0.2583132593081757,3.6
ood_primary,F,Q4,Q1,CatBoost,15,0.304361112160903,-0.32875124935132854,5.733333333333333
ood_primary,F,Q4,Q1,DeepSetModel-MC,15,4.7838455296263325,-0.05610803063765281,3.0
ood_primary,F,Q4,Q1,FixedRidgeLambda1,15,0.15037820257313303,-0.6967015192446073,4.266666666666667
ood_primary,F,Q4,Q1,KNN,15,1.9703222294231144,-0.8232312902541068,7.733333333333333
ood_primary,F,Q4,Q1,LightGBM,15,0.4168302178754548,-1.878002305658213,9.0
ood_primary,F,Q4,Q1,LinearRegression,15,0.15144732344421635,-0.7167861608722295,5.133333333333334
ood_primary,F,Q4,Q1,MLP,15,0.7682926423870431,-3.0288655132018816,10.333333333333334
ood_primary,F,Q4,Q1,RandomForest,15,0.13083552811788596,-0.21717963994362244,3.3333333333333335
ood_primary,F,Q4,Q1,Ridge,15,0.15037820257313303,-0.6967015192446073,4.266666666666667
ood_primary,F,Q4,Q1,SVR,15,1.8799423758145049,-0.28705634835216903,5.6
ood_primary,F,Q4,Q1,XGBoost,15,0.3396419697320698,-1.259614935738879,8.266666666666667
ood_primary,F,Q4,Q2,AutoGluon,6,0.15884140314842393,0.4893437020008782,4.833333333333333
ood_primary,F,Q4,Q2,CatBoost,6,0.31546811006374803,0.4717752726033784,5.5
ood_primary,F,Q4,Q2,DeepSetModel-MC,6,4.872445994356981,-0.06677672700041261,6.0
ood_primary,F,Q4,Q2,FixedRidgeLambda1,6,0.11431419283545352,0.4946839466325752,3.1666666666666665
ood_primary,F,Q4,Q2,KNN,6,2.0716464172004683,0.2648202931640236,8.666666666666666
ood_primary,F,Q4,Q2,LightGBM,6,0.3641503400631682,0.47595253338549526,8.166666666666666
ood_primary,F,Q4,Q2,LinearRegression,6,0.11531734117848969,0.49467528804485655,3.8333333333333335
ood_primary,F,Q4,Q2,MLP,6,0.5399419198569315,0.4613361407947106,9.333333333333334
ood_primary,F,Q4,Q2,RandomForest,6,0.14042089559138154,0.4896666516699048,2.5
ood_primary,F,Q4,Q2,Ridge,6,0.11431419283545352,0.4946839466325752,3.1666666666666665
ood_primary,F,Q4,Q2,SVR,6,1.0864735561658923,0.3809531755002699,6.666666666666667
ood_primary,F,Q4,Q2,XGBoost,6,0.3219075730122379,0.4772254780515109,7.333333333333333
ood_primary,F,Q4,Q4,AutoGluon,9,0.05771451465607098,0.0,2.888888888888889
ood_primary,F,Q4,Q4,CatBoost,9,0.1318318374812735,0.0,7.0
ood_primary,F,Q4,Q4,DeepSetModel-MC,9,0.0016120946540107138,0.0,1.0
ood_primary,F,Q4,Q4,FixedRidgeLambda1,9,0.06928002996362655,0.0,3.3333333333333335
ood_primary,F,Q4,Q4,KNN,9,0.17437820032443876,0.0,7.888888888888889
ood_primary,F,Q4,Q4,LightGBM,9,0.263251699127264,0.0,9.444444444444445
ood_primary,F,Q4,Q4,LinearRegression,9,0.07021237151471646,0.0,4.333333333333333
ood_primary,F,Q4,Q4,MLP,9,0.5268946837455758,0.0,11.0
ood_primary,F,Q4,Q4,RandomForest,9,0.07640618076254989,0.0,4.222222222222222
ood_primary,F,Q4,Q4,Ridge,9,0.06928002996362655,0.0,3.3333333333333335
ood_primary,F,Q4,Q4,SVR,9,0.10338174643464854,0.0,5.777777777777778
ood_primary,F,Q4,Q4,XGBoost,9,0.24686315286276775,0.0,9.11111111111111
ood_primary,G,Q1,Q1,AutoGluon,9,6.528421196282078,0.3402848510368457,2.6666666666666665
ood_primary,G,Q1,Q1,CatBoost,9,10.839173509082345,-0.706081500154257,4.111111111111111
ood_primary,G,Q1,Q1,DeepSetModel-MC,9,13.646477266607722,-0.30976089850476524,5.777777777777778
ood_primary,G,Q1,Q1,FixedRidgeLambda1,9,17.606678279302947,-1.995623163448882,6.111111111111111
ood_primary,G,Q1,Q1,KNN,9,111.86298136360878,-30.017889174835986,8.88888888888889
ood_primary,G,Q1,Q1,LightGBM,9,62.01652732601474,-7.624919509325252,9.11111111111111
ood_primary,G,Q1,Q1,LinearRegression,9,17.88487887425844,-2.0439572937120785,7.111111111111111
ood_primary,G,Q1,Q1,MLP,9,528.5516362281372,-127.31053352017956,10.88888888888889
ood_primary,G,Q1,Q1,RandomForest,9,25.21920036394546,-6.446403835481137,5.222222222222222
ood_primary,G,Q1,Q1,Ridge,9,17.606678279302947,-1.995623163448882,6.111111111111111
ood_primary,G,Q1,Q1,SVR,9,3.019102955812719,0.7526610783842956,1.2222222222222223
ood_primary,G,Q1,Q1,XGBoost,9,139.60361124176944,-55.653788930869545,4.888888888888889
ood_primary,G,Q1,Q2,AutoGluon,18,19.87978368601813,-4.6591517310486905,2.9444444444444446
ood_primary,G,Q1,Q2,CatBoost,18,442.80954924788665,-152.07851965150286,5.833333333333333
ood_primary,G,Q1,Q2,DeepSetModel-MC,18,48.936329028988666,-14.267792213315115,4.611111111111111
ood_primary,G,Q1,Q2,FixedRidgeLambda1,18,433.41873974989255,-123.45320345656384,4.722222222222222
ood_primary,G,Q1,Q2,KNN,18,3285.0426457095264,-1226.4017334791677,7.333333333333333
ood_primary,G,Q1,Q2,LightGBM,18,1608.113943381189,-583.5125769174433,8.555555555555555
ood_primary,G,Q1,Q2,LinearRegression,18,438.7050316653473,-124.84731007978604,5.666666666666667
ood_primary,G,Q1,Q2,MLP,18,1843.634342431983,-530.6977187622588,10.055555555555555
ood_primary,G,Q1,Q2,RandomForest,18,7625.813832675175,-2917.1835308509035,6.833333333333333
ood_primary,G,Q1,Q2,Ridge,18,433.41873974989255,-123.45320345656384,4.722222222222222
ood_primary,G,Q1,Q2,SVR,18,1.2831723582752523,0.7133020730989608,1.3333333333333333
ood_primary,G,Q1,Q2,XGBoost,18,2188.5303178127087,-243.18478641176114,8.11111111111111
ood_primary,G,Q1,Q3,AutoGluon,9,3.692280802335139,0.5533984133999722,2.2222222222222223
ood_primary,G,Q1,Q3,CatBoost,9,10.724280633667426,-1.1243606982075385,6.222222222222222
ood_primary,G,Q1,Q3,DeepSetModel-MC,9,13.405803111739806,-0.3051627351575112,7.0
ood_primary,G,Q1,Q3,FixedRidgeLambda1,9,4.370474675990959,0.33399239252521107,2.6666666666666665
ood_primary,G,Q1,Q3,KNN,9,24.072756418648588,-2.7801294649225885,8.666666666666666
ood_primary,G,Q1,Q3,LightGBM,9,26.309193936210463,-3.441515153498122,9.222222222222221
ood_primary,G,Q1,Q3,LinearRegression,9,4.438946912953131,0.3236391663911686,3.6666666666666665
ood_primary,G,Q1,Q3,MLP,9,87.58929340424432,-12.275026007262309,10.88888888888889
ood_primary,G,Q1,Q3,RandomForest,9,12.243094316918324,-2.1595756435009736,6.111111111111111
ood_primary,G,Q1,Q3,Ridge,9,4.370474675990959,0.33399239252521107,2.6666666666666665
ood_primary,G,Q1,Q3,SVR,9,2.950320982138666,0.7795729427761531,2.4444444444444446
ood_primary,G,Q1,Q3,XGBoost,9,24.61740248395295,-1.9889985336462972,6.888888888888889
ood_primary,G,Q1,Q4,AutoGluon,18,27.565033798897616,-12.137098808047531,2.2222222222222223
ood_primary,G,Q1,Q4,CatBoost,18,150.5460343842373,-63.38133616931955,6.611111111111111
ood_primary,G,Q1,Q4,DeepSetModel-MC,18,35.917784452227835,-14.881520202507497,4.444444444444445
ood_primary,G,Q1,Q4,FixedRidgeLambda1,18,310.0636015123411,-150.27018376042804,3.888888888888889
ood_primary,G,Q1,Q4,KNN,18,653.92968415137,-299.8177522082531,7.722222222222222
ood_primary,G,Q1,Q4,LightGBM,18,535.8985856702731,-253.3122408623343,8.61111111111111
ood_primary,G,Q1,Q4,LinearRegression,18,313.25452382787734,-151.8448811588287,4.888888888888889
ood_primary,G,Q1,Q4,MLP,18,1521.0171315483663,-712.3859319317414,10.38888888888889
ood_primary,G,Q1,Q4,RandomForest,18,1564.8463993552514,-655.0224750352236,7.722222222222222
ood_primary,G,Q1,Q4,Ridge,18,310.0636015123411,-150.27018376042804,3.888888888888889
ood_primary,G,Q1,Q4,SVR,18,1.0832748022180059,0.7713266767856115,1.2222222222222223
ood_primary,G,Q1,Q4,XGBoost,18,3505.7388125518446,-1412.6686855535816,8.277777777777779
ood_primary,G,Q2,Q1,AutoGluon,9,14.949720696923208,-2.388711140427552,3.111111111111111
ood_primary,G,Q2,Q1,CatBoost,9,53.24160124480539,-9.816075427072795,5.444444444444445
ood_primary,G,Q2,Q1,DeepSetModel-MC,9,13.541293007249585,-1.781060611661435,5.0
ood_primary,G,Q2,Q1,FixedRidgeLambda1,9,28.578131089902563,-4.420154391357213,3.7777777777777777
ood_primary,G,Q2,Q1,KNN,9,85.47392802377317,-13.740314368928672,6.777777777777778
ood_primary,G,Q2,Q1,LightGBM,9,94.50482508570633,-20.101257992504316,8.333333333333334
ood_primary,G,Q2,Q1,LinearRegression,9,28.908706816836773,-4.480610643344068,4.555555555555555
ood_primary,G,Q2,Q1,MLP,9,480.06125492532726,-83.31049056248418,10.666666666666666
ood_primary,G,Q2,Q1,RandomForest,9,84.4486750745338,-16.00612067424693,7.777777777777778
ood_primary,G,Q2,Q1,Ridge,9,28.578131089902563,-4.420154391357213,3.7777777777777777
ood_primary,G,Q2,Q1,SVR,9,1.5394385657037208,0.7100854008805115,1.8888888888888888
ood_primary,G,Q2,Q1,XGBoost,9,434.0132645177861,-96.5164676294981,8.666666666666666
ood_primary,G,Q2,Q2,AutoGluon,12,78.80823980806846,-7.074113517662386,3.0
ood_primary,G,Q2,Q2,CatBoost,12,90.36163852362704,-10.657055495960194,4.75
ood_primary,G,Q2,Q2,DeepSetModel-MC,12,18.476005823410556,-1.0599706986885689,5.833333333333333
ood_primary,G,Q2,Q2,FixedRidgeLambda1,12,101.14380696291516,-10.972143139028537,4.166666666666667
ood_primary,G,Q2,Q2,KNN,12,201.55120827590895,-23.049772971093436,7.083333333333333
ood_primary,G,Q2,Q2,LightGBM,12,206.59720184012357,-24.067315656809296,8.333333333333334
ood_primary,G,Q2,Q2,LinearRegression,12,102.26002729983196,-11.10490290969386,4.916666666666667
ood_primary,G,Q2,Q2,MLP,12,857.5681284137748,-101.62129544825365,10.5
ood_primary,G,Q2,Q2,RandomForest,12,775.1919080272916,-97.94971444891553,6.916666666666667
ood_primary,G,Q2,Q2,Ridge,12,101.14380696291516,-10.972143139028537,4.166666666666667
ood_primary,G,Q2,Q2,SVR,12,2.9023534570619076,0.707163451826502,2.3333333333333335
ood_primary,G,Q2,Q2,XGBoost,12,2096.5409570917654,-257.2255708929227,8.166666666666666
ood_primary,G,Q2,Q3,AutoGluon,15,8.556527983335396,0.03426392300979022,2.7333333333333334
ood_primary,G,Q2,Q3,CatBoost,15,24.68297348463548,-3.025954222734904,6.0
ood_primary,G,Q2,Q3,DeepSetModel-MC,15,12.311628238756551,-0.30447109955005697,4.666666666666667
ood_primary,G,Q2,Q3,FixedRidgeLambda1,15,20.556466844158358,-1.0729827282285285,4.4
ood_primary,G,Q2,Q3,KNN,15,87.18466596045265,-9.037391462857238,7.866666666666666
ood_primary,G,Q2,Q3,LightGBM,15,59.68043727332359,-7.093821779764866,9.0
ood_primary,G,Q2,Q3,LinearRegression,15,20.776354566543624,-1.0967681979072827,5.466666666666667
ood_primary,G,Q2,Q3,MLP,15,800.5590108461398,-64.38632823445901,10.8
ood_primary,G,Q2,Q3,RandomForest,15,56.30826537947054,-8.98138889470083,6.6
ood_primary,G,Q2,Q3,Ridge,15,20.556466844158358,-1.0729827282285285,4.4
ood_primary,G,Q2,Q3,SVR,15,2.5139276142505937,0.6928443321678374,1.4
ood_primary,G,Q2,Q3,XGBoost,15,98.39722108103204,-15.394473123184293,7.066666666666666
ood_primary,G,Q2,Q4,AutoGluon,12,66.25536819379053,-18.317675267871568,2.9166666666666665
ood_primary,G,Q2,Q4,CatBoost,12,39.6244163527689,-10.257042025165505,5.666666666666667
ood_primary,G,Q2,Q4,DeepSetModel-MC,12,10.95117965952929,-1.0369544138448563,6.916666666666667
ood_primary,G,Q2,Q4,FixedRidgeLambda1,12,63.941923394145185,-17.837711328218443,2.8333333333333335
ood_primary,G,Q2,Q4,KNN,12,113.77892324683347,-30.84393166258238,7.833333333333333
ood_primary,G,Q2,Q4,LightGBM,12,189.21302643579773,-54.35621639845845,8.666666666666666
ood_primary,G,Q2,Q4,LinearRegression,12,64.65444952122552,-18.04893323119042,3.6666666666666665
ood_primary,G,Q2,Q4,MLP,12,804.5474038856877,-232.28030070830218,10.833333333333334
ood_primary,G,Q2,Q4,RandomForest,12,123.7517788422242,-35.37465232110702,5.833333333333333
ood_primary,G,Q2,Q4,Ridge,12,63.941923394145185,-17.837711328218443,2.8333333333333335
ood_primary,G,Q2,Q4,SVR,12,1.9360629518601895,0.7287285511453564,2.5
ood_primary,G,Q2,Q4,XGBoost,12,389.0381760081987,-114.33364742330313,8.333333333333334
ood_primary,G,Q3,Q1,AutoGluon,12,48.11419287455939,-11.341151192156017,2.25
ood_primary,G,Q3,Q1,CatBoost,12,81.11958235684274,-21.505219427402967,4.666666666666667
ood_primary,G,Q3,Q1,DeepSetModel-MC,12,21.33348825598046,-2.955993366604107,5.166666666666667
ood_primary,G,Q3,Q1,FixedRidgeLambda1,12,171.25882374161733,-47.38822896136438,4.166666666666667
ood_primary,G,Q3,Q1,KNN,12,569.7747918829272,-156.97759689555883,8.416666666666666
ood_primary,G,Q3,Q1,LightGBM,12,653.1761411002789,-174.88278418835475,8.75
ood_primary,G,Q3,Q1,LinearRegression,12,173.75975292806825,-48.09453468546068,5.083333333333333
ood_primary,G,Q3,Q1,MLP,12,2826.8194403801376,-795.7062451477076,10.833333333333334
ood_primary,G,Q3,Q1,RandomForest,12,554.1561380120738,-157.57544881741808,7.0
ood_primary,G,Q3,Q1,Ridge,12,171.25882374161733,-47.38822896136438,4.166666666666667
ood_primary,G,Q3,Q1,SVR,12,3.5134066939851922,0.6745722122374856,2.4166666666666665
ood_primary,G,Q3,Q1,XGBoost,12,3287.9668908348717,-784.7366759685248,7.25
ood_primary,G,Q3,Q2,AutoGluon,9,6.4322847840486475,0.436423580756582,1.8888888888888888
ood_primary,G,Q3,Q2,CatBoost,9,19.457937027171475,-0.6930758077140964,4.222222222222222
ood_primary,G,Q3,Q2,DeepSetModel-MC,9,19.901881419718713,-0.5926710214367227,5.0
ood_primary,G,Q3,Q2,FixedRidgeLambda1,9,49.528929145317576,-3.649788260963471,5.444444444444445
ood_primary,G,Q3,Q2,KNN,9,98.3752969080029,-8.07733259476004,7.111111111111111
ood_primary,G,Q3,Q2,LightGBM,9,141.82637190048024,-12.635286949630592,8.88888888888889
ood_primary,G,Q3,Q2,LinearRegression,9,50.16897367326558,-3.709178062955332,6.555555555555555
ood_primary,G,Q3,Q2,MLP,9,734.7941349860345,-61.57989005702268,10.444444444444445
ood_primary,G,Q3,Q2,RandomForest,9,200.5652118006766,-18.81925227370917,8.444444444444445
ood_primary,G,Q3,Q2,Ridge,9,49.528929145317576,-3.649788260963471,5.444444444444445
ood_primary,G,Q3,Q2,SVR,9,5.306313201943811,0.632934104909525,1.7777777777777777
ood_primary,G,Q3,Q2,XGBoost,9,1115.4564226779985,-88.05057832253456,6.222222222222222
ood_primary,G,Q3,Q3,AutoGluon,6,33.98811558300267,-4.639779041708434,3.6666666666666665
ood_primary,G,Q3,Q3,CatBoost,6,749.0199333200695,-99.77211425994311,6.0
ood_primary,G,Q3,Q3,DeepSetModel-MC,6,88.71957731321523,-12.475306391841992,4.333333333333333
ood_primary,G,Q3,Q3,FixedRidgeLambda1,6,1526.3083803888542,-210.4816093874562,6.5
ood_primary,G,Q3,Q3,KNN,6,54.31783982987008,-15.775308228099442,4.833333333333333
ood_primary,G,Q3,Q3,LightGBM,6,1858.15644856338,-273.7979263701936,8.666666666666666
ood_primary,G,Q3,Q3,LinearRegression,6,1548.09228778997,-213.47527704945847,7.5
ood_primary,G,Q3,Q3,MLP,6,6622.038152606202,-999.0852029199195,10.333333333333334
ood_primary,G,Q3,Q3,RandomForest,6,11727.892781422925,-1502.4307088284886,7.666666666666667
ood_primary,G,Q3,Q3,Ridge,6,1526.3083803888542,-210.4816093874562,6.5
ood_primary,G,Q3,Q3,SVR,6,1.858082022998975,0.690316559955413,1.0
ood_primary,G,Q3,Q3,XGBoost,6,33410.92356806431,-4231.382291022207,5.5
ood_primary,G,Q4,Q1,AutoGluon,9,7.292446421678837,0.12390544879056908,2.5555555555555554
ood_primary,G,Q4,Q1,CatBoost,9,29.615594325795744,-3.4152252737823656,4.222222222222222
ood_primary,G,Q4,Q1,DeepSetModel-MC,9,15.187338270295628,-0.48400683113804166,6.222222222222222
ood_primary,G,Q4,Q1,FixedRidgeLambda1,9,21.061511289809495,-1.705295534076036,4.777777777777778
ood_primary,G,Q4,Q1,KNN,9,136.83048521541812,-20.68226679189143,7.777777777777778
ood_primary,G,Q4,Q1,LightGBM,9,55.20650447014271,-6.235140754193649,8.222222222222221
ood_primary,G,Q4,Q1,LinearRegression,9,21.351239356609025,-1.7420635573095564,5.777777777777778
ood_primary,G,Q4,Q1,MLP,9,521.347562135962,-79.67584499944238,10.444444444444445
ood_primary,G,Q4,Q1,RandomForest,9,93.95319908324808,-13.704151246825653,5.777777777777778
ood_primary,G,Q4,Q1,Ridge,9,21.061511289809495,-1.705295534076036,4.777777777777778
ood_primary,G,Q4,Q1,SVR,9,4.594877348024123,0.6254406696505225,1.7777777777777777
ood_primary,G,Q4,Q1,XGBoost,9,428.3326276009942,-59.030490099093946,8.444444444444445
ood_primary,G,Q4,Q2,AutoGluon,3,45.731114541030784,-2.0127250114695134,2.6666666666666665
ood_primary,G,Q4,Q2,CatBoost,3,406.88270391957843,-23.709176826361233,4.333333333333333
ood_primary,G,Q4,Q2,DeepSetModel-MC,3,115.28783062497486,-6.4700978125011686,4.0
ood_primary,G,Q4,Q2,FixedRidgeLambda1,3,571.9022676342389,-36.74528768715643,5.666666666666667
ood_primary,G,Q4,Q2,KNN,3,2864.674571413568,-189.59018302517015,8.666666666666666
ood_primary,G,Q4,Q2,LightGBM,3,2906.2457297756505,-187.51837205304847,9.0
ood_primary,G,Q4,Q2,LinearRegression,3,580.2510234252608,-37.29391757564229,6.666666666666667
ood_primary,G,Q4,Q2,MLP,3,17041.310168564632,-1160.3464657275501,11.0
ood_primary,G,Q4,Q2,RandomForest,3,2180.8231489895265,-133.25455078344208,7.666666666666667
ood_primary,G,Q4,Q2,Ridge,3,571.9022676342389,-36.74528768715643,5.666666666666667
ood_primary,G,Q4,Q2,SVR,3,6.473023807541625,0.5822516823594385,1.0
ood_primary,G,Q4,Q2,XGBoost,3,10102.389295306688,-716.5273682532553,5.333333333333333
ood_primary,G,Q4,Q3,AutoGluon,9,29869.97853859999,-1086.3151192251605,2.4444444444444446
ood_primary,G,Q4,Q3,CatBoost,9,36898.43145206629,-1347.8396845732493,4.555555555555555
ood_primary,G,Q4,Q3,DeepSetModel-MC,9,8876.149427783155,-338.3949757702255,5.0
ood_primary,G,Q4,Q3,FixedRidgeLambda1,9,313360.76108225173,-11811.186752103333,5.555555555555555
ood_primary,G,Q4,Q3,KNN,9,111.65604814911939,-7.45002158496013,6.777777777777778
ood_primary,G,Q4,Q3,LightGBM,9,552799.2214422055,-20449.417577777316,8.777777777777779
ood_primary,G,Q4,Q3,LinearRegression,9,318228.8845122637,-11995.145721001081,6.666666666666667
ood_primary,G,Q4,Q3,MLP,9,116070.76349630223,-4343.094116859471,10.0
ood_primary,G,Q4,Q3,RandomForest,9,380465.1695546357,-13855.790504181217,6.444444444444445
ood_primary,G,Q4,Q3,Ridge,9,313360.76108225173,-11811.186752103333,5.555555555555555
ood_primary,G,Q4,Q3,SVR,9,7.476475977038763,0.5936351994236799,1.5555555555555556
ood_primary,G,Q4,Q3,XGBoost,9,3788078.6650510365,-137834.04466936862,8.222222222222221
ood_primary,H,Q1,Q1,AutoGluon,6,0.32289047501264434,0.9671751018272755,3.0
ood_primary,H,Q1,Q1,CatBoost,6,1.3276636934059363,0.8637182750193357,5.833333333333333
ood_primary,H,Q1,Q1,DeepSetModel-MC,6,10.334800601206814,-0.053641754896070315,11.0
ood_primary,H,Q1,Q1,FixedRidgeLambda1,6,0.06696295422765897,0.9932708116834483,1.3333333333333333
ood_primary,H,Q1,Q1,KNN,6,2.0711172556390878,0.7896836138321756,8.333333333333334
ood_primary,H,Q1,Q1,LightGBM,6,1.4959759283088836,0.8474148238204763,6.5
ood_primary,H,Q1,Q1,LinearRegression,6,0.07205577153678856,0.9927448647760345,1.6666666666666667
ood_primary,H,Q1,Q1,MLP,6,0.7109152598076013,0.9284625555166622,4.0
ood_primary,H,Q1,Q1,RandomForest,6,1.7185439276531234,0.8215070026761625,7.5
ood_primary,H,Q1,Q1,Ridge,6,0.06696295422765897,0.9932708116834483,1.3333333333333333
ood_primary,H,Q1,Q1,SVR,6,1.8688704345806257,0.809394329488799,8.166666666666666
ood_primary,H,Q1,Q1,XGBoost,6,2.0435561522000065,0.7901235424713594,8.666666666666666
ood_primary,H,Q1,Q2,AutoGluon,6,0.2523984870286826,0.9580963497735877,3.0
ood_primary,H,Q1,Q2,CatBoost,6,0.8799813578103786,0.8522055074169295,5.166666666666667
ood_primary,H,Q1,Q2,DeepSetModel-MC,6,6.125805111066101,-0.015222459842991356,11.0
ood_primary,H,Q1,Q2,FixedRidgeLambda1,6,0.05145433591941898,0.9915851643216991,1.5
ood_primary,H,Q1,Q2,KNN,6,1.8950208371324626,0.6840215882396627,9.666666666666666
ood_primary,H,Q1,Q2,LightGBM,6,1.2306072922988223,0.7931268276205007,7.0
ood_primary,H,Q1,Q2,LinearRegression,6,0.05393765688417788,0.9911604089330353,1.5
ood_primary,H,Q1,Q2,MLP,6,0.7384512562863165,0.8786708061486649,4.5
ood_primary,H,Q1,Q2,RandomForest,6,1.3513035634213724,0.7706369682066284,7.5
ood_primary,H,Q1,Q2,Ridge,6,0.05145433591941898,0.9915851643216991,1.5
ood_primary,H,Q1,Q2,SVR,6,1.0212873596153205,0.8341818327252684,6.5
ood_primary,H,Q1,Q2,XGBoost,6,1.5944851482797038,0.7267040864980502,8.666666666666666
ood_primary,H,Q1,Q3,AutoGluon,9,0.24873342135831328,0.9640678545489438,3.0
ood_primary,H,Q1,Q3,CatBoost,9,0.7853426899576184,0.8918789606451946,5.333333333333333
ood_primary,H,Q1,Q3,DeepSetModel-MC,9,7.885317360359723,-0.046113643482520644,11.0
ood_primary,H,Q1,Q3,FixedRidgeLambda1,9,0.037328974368989805,0.9950351502011264,1.5555555555555556
ood_primary,H,Q1,Q3,KNN,9,1.2930046189816404,0.8280790520820481,8.444444444444445
ood_primary,H,Q1,Q3,LightGBM,9,0.9476969644832975,0.8656228436556553,6.666666666666667
ood_primary,H,Q1,Q3,LinearRegression,9,0.03949561234823918,0.994940266777222,1.4444444444444444
ood_primary,H,Q1,Q3,MLP,9,0.5898842163185171,0.9034772613145314,5.0
ood_primary,H,Q1,Q3,RandomForest,9,1.1062112064501983,0.8600075144785914,6.666666666666667
ood_primary,H,Q1,Q3,Ridge,9,0.037328974368989805,0.9950351502011264,1.5555555555555556
ood_primary,H,Q1,Q3,SVR,9,1.1922307598673663,0.8473626673390438,7.555555555555555
ood_primary,H,Q1,Q3,XGBoost,9,1.4031538705081372,0.8101613041590554,9.333333333333334
ood_primary,H,Q1,Q4,AutoGluon,18,0.18474623019943415,0.8652594653212499,3.111111111111111
ood_primary,H,Q1,Q4,CatBoost,18,0.46205551309360104,0.6337744618309118,5.444444444444445
ood_primary,H,Q1,Q4,DeepSetModel-MC,18,3.689075340862553,-0.04026309273024759,10.11111111111111
ood_primary,H,Q1,Q4,FixedRidgeLambda1,18,0.03615942913390244,0.9813237422006892,1.3888888888888888
ood_primary,H,Q1,Q4,KNN,18,0.6726589320970277,0.6167054333222819,8.0
ood_primary,H,Q1,Q4,LightGBM,18,0.6266471348148777,0.4931313627977683,7.5
ood_primary,H,Q1,Q4,LinearRegression,18,0.036283586581137076,0.9813733754184825,1.6111111111111112
ood_primary,H,Q1,Q4,MLP,18,0.706903941641141,0.18093390636958365,7.944444444444445
ood_primary,H,Q1,Q4,RandomForest,18,0.5205528716129583,0.676136515821473,6.111111111111111
ood_primary,H,Q1,Q4,Ridge,18,0.03615942913390244,0.9813237422006892,1.3888888888888888
ood_primary,H,Q1,Q4,SVR,18,0.6037768321167589,0.804222371520113,5.944444444444445
ood_primary,H,Q1,Q4,XGBoost,18,0.8267216382320673,0.2434055041027012,8.833333333333334
ood_primary,H,Q2,Q1,AutoGluon,15,0.3649526561429208,0.9620159379135018,3.1333333333333333
ood_primary,H,Q2,Q1,CatBoost,15,1.5486234672744643,0.8182421749536186,5.8
ood_primary,H,Q2,Q1,DeepSetModel-MC,15,10.26634235466441,-0.024835390741715875,11.0
ood_primary,H,Q2,Q1,FixedRidgeLambda1,15,0.0665758834879811,0.9929400071136659,1.4
ood_primary,H,Q2,Q1,KNN,15,2.8128540656772514,0.693053082809402,9.266666666666667
ood_primary,H,Q2,Q1,LightGBM,15,1.6947314353227967,0.8120943113760181,5.933333333333334
ood_primary,H,Q2,Q1,LinearRegression,15,0.0695686387770551,0.9925089342639957,1.6
ood_primary,H,Q2,Q1,MLP,15,0.6825230768734861,0.9086033439022005,4.4
ood_primary,H,Q2,Q1,RandomForest,15,2.013771286037663,0.7667397576164963,7.466666666666667
ood_primary,H,Q2,Q1,Ridge,15,0.0665758834879811,0.9929400071136659,1.4
ood_primary,H,Q2,Q1,SVR,15,2.1569772549234143,0.7874871187978729,6.933333333333334
ood_primary,H,Q2,Q1,XGBoost,15,2.658023820580064,0.6926932906657454,9.066666666666666
ood_primary,H,Q2,Q2,AutoGluon,3,0.46330397268997,0.959391545735623,3.3333333333333335
ood_primary,H,Q2,Q2,CatBoost,3,1.8135604880476466,0.8214790264625536,5.333333333333333
ood_primary,H,Q2,Q2,DeepSetModel-MC,3,11.637052943434838,-0.08682599608393893,11.0
ood_primary,H,Q2,Q2,FixedRidgeLambda1,3,0.0744638684990589,0.993103371034195,1.3333333333333333
ood_primary,H,Q2,Q2,KNN,3,4.426658859802127,0.574212547964299,10.0
ood_primary,H,Q2,Q2,LightGBM,3,1.599014575319196,0.8487417897930102,6.333333333333333
ood_primary,H,Q2,Q2,LinearRegression,3,0.07705504938433397,0.9928768234681296,1.6666666666666667
ood_primary,H,Q2,Q2,MLP,3,0.5478684348705259,0.9464499308669007,3.6666666666666665
ood_primary,H,Q2,Q2,RandomForest,3,2.049370631560643,0.7959533977147314,6.333333333333333
ood_primary,H,Q2,Q2,Ridge,3,0.0744638684990589,0.993103371034195,1.3333333333333333
ood_primary,H,Q2,Q2,SVR,3,3.419855485196329,0.6804290900276913,8.666666666666666
ood_primary,H,Q2,Q2,XGBoost,3,2.344156656750153,0.7650226339667182,8.333333333333334
ood_primary,H,Q2,Q3,AutoGluon,15,0.4564086785281082,0.9568270957427328,3.2666666666666666
ood_primary,H,Q2,Q3,CatBoost,15,1.3015108658101693,0.8660887910958822,5.2
ood_primary,H,Q2,Q3,DeepSetModel-MC,15,12.26227944275909,-0.027151791284504394,11.0
ood_primary,H,Q2,Q3,FixedRidgeLambda1,15,0.06334396714771853,0.9932763115556072,1.4
ood_primary,H,Q2,Q3,KNN,15,2.5496904889572187,0.7463351077089234,9.066666666666666
ood_primary,H,Q2,Q3,LightGBM,15,1.7296370088986142,0.8311337365063588,6.466666666666667
ood_primary,H,Q2,Q3,LinearRegression,15,0.0664951080403509,0.9927135974374794,1.6
ood_primary,H,Q2,Q3,MLP,15,0.7431798548344623,0.905021853327965,4.0
ood_primary,H,Q2,Q3,RandomForest,15,2.0334350138932735,0.7990633438951961,7.466666666666667
ood_primary,H,Q2,Q3,Ridge,15,0.06334396714771853,0.9932763115556072,1.4
ood_primary,H,Q2,Q3,SVR,15,2.595087999239772,0.7903041634786424,7.666666666666667
ood_primary,H,Q2,Q3,XGBoost,15,2.5118082569676505,0.7495567572207623,8.866666666666667
ood_primary,H,Q2,Q4,AutoGluon,3,0.2172692065129036,0.8931378741011056,3.0
ood_primary,H,Q2,Q4,CatBoost,3,0.6509827110004615,0.6773372378807433,6.0
ood_primary,H,Q2,Q4,DeepSetModel-MC,3,2.108889703315891,-0.06817706660159971,11.0
ood_primary,H,Q2,Q4,FixedRidgeLambda1,3,0.0803045268587722,0.9572822289192245,1.6666666666666667
ood_primary,H,Q2,Q4,KNN,3,0.9125994732136978,0.5324242316854825,9.0
ood_primary,H,Q2,Q4,LightGBM,3,0.7753903876820498,0.5955325152547429,6.333333333333333
ood_primary,H,Q2,Q4,LinearRegression,3,0.08037110664834544,0.9572150232506381,1.3333333333333333
ood_primary,H,Q2,Q4,MLP,3,1.1964769968674673,0.3619298483550697,9.666666666666666
ood_primary,H,Q2,Q4,RandomForest,3,0.6857395054413323,0.6513341981135581,5.666666666666667
ood_primary,H,Q2,Q4,Ridge,3,0.0803045268587722,0.9572822289192245,1.6666666666666667
ood_primary,H,Q2,Q4,SVR,3,0.5578155417348415,0.7278461547830993,4.666666666666667
ood_primary,H,Q2,Q4,XGBoost,3,0.8402237087120179,0.5673011461092318,7.666666666666667
ood_primary,H,Q3,Q1,AutoGluon,15,0.7043747516762233,0.9589567524585791,3.2
ood_primary,H,Q3,Q1,CatBoost,15,2.929442174045926,0.8247095210869192,5.533333333333333
ood_primary,H,Q3,Q1,DeepSetModel-MC,15,17.56550157119905,-0.02350047953858014,11.0
ood_primary,H,Q3,Q1,FixedRidgeLambda1,15,0.12039137815730303,0.9923400469331047,1.6666666666666667
ood_primary,H,Q3,Q1,KNN,15,5.268551945724474,0.675954973597458,8.666666666666666
ood_primary,H,Q3,Q1,LightGBM,15,3.1332041041214977,0.8171356168871692,6.0
ood_primary,H,Q3,Q1,LinearRegression,15,0.11839047765745732,0.9924100342014124,1.3333333333333333
ood_primary,H,Q3,Q1,MLP,15,0.8588035673809974,0.9450638839604363,3.8666666666666667
ood_primary,H,Q3,Q1,RandomForest,15,4.220275262156087,0.741467845948303,7.533333333333333
ood_primary,H,Q3,Q1,Ridge,15,0.12039137815730303,0.9923400469331047,1.6666666666666667
ood_primary,H,Q3,Q1,SVR,15,5.718334361000014,0.6873617806355478,8.466666666666667
ood_primary,H,Q3,Q1,XGBoost,15,5.015604557307836,0.6852831049667854,8.733333333333333
ood_primary,H,Q3,Q2,AutoGluon,6,0.23126478184443125,0.9368543312601915,3.0
ood_primary,H,Q3,Q2,CatBoost,6,1.0708871761683232,0.6999812259682114,5.833333333333333
ood_primary,H,Q3,Q2,DeepSetModel-MC,6,4.5422045027642595,-0.05166209062032951,11.0
ood_primary,H,Q3,Q2,FixedRidgeLambda1,6,0.05967294445470172,0.9786217581716542,1.8333333333333333
ood_primary,H,Q3,Q2,KNN,6,1.599014313002508,0.5606683721987548,8.666666666666666
ood_primary,H,Q3,Q2,LightGBM,6,1.2284480676033687,0.6380015135230624,7.0
ood_primary,H,Q3,Q2,LinearRegression,6,0.05802209480479112,0.9791721259901713,1.1666666666666667
ood_primary,H,Q3,Q2,MLP,6,0.5488291429866882,0.8546667903621437,4.0
ood_primary,H,Q3,Q2,RandomForest,6,1.4406216464576989,0.6024190523158541,7.666666666666667
ood_primary,H,Q3,Q2,Ridge,6,0.05967294445470172,0.9786217581716542,1.8333333333333333
ood_primary,H,Q3,Q2,SVR,6,1.1819399398071044,0.7003933603447615,6.0
ood_primary,H,Q3,Q2,XGBoost,6,1.7873704287009478,0.5005731721398767,9.833333333333334
ood_primary,H,Q3,Q3,AutoGluon,18,0.38565836650202756,0.950479850546406,3.1666666666666665
ood_primary,H,Q3,Q3,CatBoost,18,1.7072296465749772,0.7990894102428092,5.888888888888889
ood_primary,H,Q3,Q3,DeepSetModel-MC,18,9.539758967504834,-0.03031549326947122,11.0
ood_primary,H,Q3,Q3,FixedRidgeLambda1,18,0.07880308871668978,0.9882314665470648,1.3888888888888888
ood_primary,H,Q3,Q3,KNN,18,3.2952119984346138,0.6134418052440738,9.666666666666666
ood_primary,H,Q3,Q3,LightGBM,18,1.6489746850187856,0.7911394462213974,6.055555555555555
ood_primary,H,Q3,Q3,LinearRegression,18,0.0813377664827918,0.9881319114241186,1.6111111111111112
ood_primary,H,Q3,Q3,MLP,18,0.6843087741790872,0.9071779863391315,3.9444444444444446
ood_primary,H,Q3,Q3,RandomForest,18,2.1991714586944333,0.7370352558158157,7.277777777777778
ood_primary,H,Q3,Q3,Ridge,18,0.07880308871668978,0.9882314665470648,1.3888888888888888
ood_primary,H,Q3,Q3,SVR,18,2.274521607042136,0.7542498287603769,7.166666666666667
ood_primary,H,Q3,Q3,XGBoost,18,2.708994927547981,0.6676726693452789,8.833333333333334
ood_primary,H,Q3,Q4,AutoGluon,6,0.47052578511466897,0.9745725854464696,3.3333333333333335
ood_primary,H,Q3,Q4,CatBoost,6,1.715260050664669,0.8850407992092805,5.333333333333333
ood_primary,H,Q3,Q4,DeepSetModel-MC,6,19.832847137542796,-0.012868050975150216,11.0
ood_primary,H,Q3,Q4,FixedRidgeLambda1,6,0.07245050340091634,0.9945779313837041,1.3333333333333333
ood_primary,H,Q3,Q4,KNN,6,3.526983311496631,0.782945054332782,9.0
ood_primary,H,Q3,Q4,LightGBM,6,1.8643900350164608,0.8798275240481717,6.166666666666667
ood_primary,H,Q3,Q4,LinearRegression,6,0.07584957769988948,0.9943852862950369,1.6666666666666667
ood_primary,H,Q3,Q4,MLP,6,0.6199452665163067,0.9576720442628502,3.6666666666666665
ood_primary,H,Q3,Q4,RandomForest,6,2.7810700410552385,0.8088648730147149,8.0
ood_primary,H,Q3,Q4,Ridge,6,0.07245050340091634,0.9945779313837041,1.3333333333333333
ood_primary,H,Q3,Q4,SVR,6,3.2539490836952485,0.8148522668711674,8.166666666666666
ood_primary,H,Q3,Q4,XGBoost,6,2.8941790314562343,0.8034014779816291,8.333333333333334
ood_primary,H,Q4,Q1,AutoGluon,6,0.572977789025681,0.9648621934166054,3.1666666666666665
ood_primary,H,Q4,Q1,CatBoost,6,3.158510333321494,0.7887725386882302,5.5
ood_primary,H,Q4,Q1,DeepSetModel-MC,6,18.809243611122493,-0.07121246431670483,11.0
ood_primary,H,Q4,Q1,FixedRidgeLambda1,6,0.13085895141407802,0.9911962928876462,1.8333333333333333
ood_primary,H,Q4,Q1,KNN,6,5.015041610500407,0.6702320149956744,8.166666666666666
ood_primary,H,Q4,Q1,LightGBM,6,3.470741986471779,0.7572868799427726,6.333333333333333
ood_primary,H,Q4,Q1,LinearRegression,6,0.12866165289173412,0.9913888778468535,1.1666666666666667
ood_primary,H,Q4,Q1,MLP,6,0.8411148237288798,0.9456064513224861,3.8333333333333335
ood_primary,H,Q4,Q1,RandomForest,6,5.068639150976716,0.6923899978987746,7.666666666666667
ood_primary,H,Q4,Q1,Ridge,6,0.13085895141407802,0.9911962928876462,1.8333333333333333
ood_primary,H,Q4,Q1,SVR,6,6.617014145841435,0.6343318719664326,8.666666666666666
ood_primary,H,Q4,Q1,XGBoost,6,5.984739565137424,0.6186963949853186,8.666666666666666
ood_primary,H,Q4,Q2,AutoGluon,12,0.46979004007857467,0.9584949820359591,3.1666666666666665
ood_primary,H,Q4,Q2,CatBoost,12,2.510260136376623,0.7859129016155944,5.916666666666667
ood_primary,H,Q4,Q2,DeepSetModel-MC,12,12.522439470067711,-0.01576271343358954,11.0
ood_primary,H,Q4,Q2,FixedRidgeLambda1,12,0.1285467717096095,0.9888583792093186,1.75
ood_primary,H,Q4,Q2,KNN,12,4.1524158164818585,0.6395645248721772,9.333333333333334
ood_primary,H,Q4,Q2,LightGBM,12,2.333677556106544,0.8002666830031742,5.833333333333333
ood_primary,H,Q4,Q2,LinearRegression,12,0.12749337832403548,0.9887613481438492,1.25
ood_primary,H,Q4,Q2,MLP,12,0.7088365672675302,0.9346142707467288,3.8333333333333335
ood_primary,H,Q4,Q2,RandomForest,12,3.4142811992936903,0.7119237665024634,7.75
ood_primary,H,Q4,Q2,Ridge,12,0.1285467717096095,0.9888583792093186,1.75
ood_primary,H,Q4,Q2,SVR,12,3.290901525745546,0.7293229135533886,7.083333333333333
ood_primary,H,Q4,Q2,XGBoost,12,4.015543867043463,0.6595697279605482,9.083333333333334
ood_primary,H,Q4,Q3,AutoGluon,6,0.551575429291768,0.962092096791754,3.1666666666666665
ood_primary,H,Q4,Q3,CatBoost,6,2.610647301322637,0.825767597603224,5.5
ood_primary,H,Q4,Q3,DeepSetModel-MC,6,15.76710231864107,-0.0352252691595027,11.0
ood_primary,H,Q4,Q3,FixedRidgeLambda1,6,0.09113389919835461,0.9933225961951951,1.8333333333333333
ood_primary,H,Q4,Q3,KNN,6,4.720022702014204,0.706541815380947,8.333333333333334
ood_primary,H,Q4,Q3,LightGBM,6,2.8466087507704736,0.8141046401679525,5.5
ood_primary,H,Q4,Q3,LinearRegression,6,0.0870798265825542,0.993649517121168,1.1666666666666667
ood_primary,H,Q4,Q3,MLP,6,0.6573345625402399,0.9497937004037279,3.8333333333333335
ood_primary,H,Q4,Q3,RandomForest,6,4.7154842256810365,0.7080779305739614,8.166666666666666
ood_primary,H,Q4,Q3,Ridge,6,0.09113389919835461,0.9933225961951951,1.8333333333333333
ood_primary,H,Q4,Q3,SVR,6,4.084724516118689,0.7371677989245592,7.833333333333333
ood_primary,H,Q4,Q3,XGBoost,6,5.710914355349033,0.6342860366338176,9.666666666666666
ood_primary,H,Q4,Q4,AutoGluon,6,0.40804991052125406,0.9689463002740939,3.1666666666666665
ood_primary,H,Q4,Q4,CatBoost,6,2.7844343972466046,0.7908711185731351,6.166666666666667
ood_primary,H,Q4,Q4,DeepSetModel-MC,6,14.013106120350649,-0.03991752724341988,11.0
ood_primary,H,Q4,Q4,FixedRidgeLambda1,6,0.09331748333495755,0.9929662868097267,1.6666666666666667
ood_primary,H,Q4,Q4,KNN,6,4.84882754376163,0.6391481238981855,9.5
ood_primary,H,Q4,Q4,LightGBM,6,2.537518205877566,0.8093575556353562,5.166666666666667
ood_primary,H,Q4,Q4,LinearRegression,6,0.08930643236523143,0.9932390474953693,1.3333333333333333
ood_primary,H,Q4,Q4,MLP,6,0.6611973828401813,0.9498275873466188,3.8333333333333335
ood_primary,H,Q4,Q4,RandomForest,6,4.049026860042931,0.6984150102807757,8.166666666666666
ood_primary,H,Q4,Q4,Ridge,6,0.09331748333495755,0.9929662868097267,1.6666666666666667
ood_primary,H,Q4,Q4,SVR,6,3.3830519970485065,0.7458909975053839,7.0
ood_primary,H,Q4,Q4,XGBoost,6,4.412554049332521,0.6695400099122851,9.0
primary,A,Q1,Q1,AutoGluon,15,0.2928289451815488,0.9497548105865271,3.066666666666667
primary,A,Q1,Q1,CatBoost,15,0.7680898070984135,0.8538469247933348,4.666666666666667
primary,A,Q1,Q1,DeepSetModel-MC,15,6.485969399263484,-0.03985780746628224,11.0
primary,A,Q1,Q1,FixedRidgeLambda1,15,0.04766718981093467,0.9888030784415415,1.5333333333333334
primary,A,Q1,Q1,KNN,15,1.6534237492741555,0.7117738257869602,9.266666666666667
primary,A,Q1,Q1,LightGBM,15,1.1252589547124723,0.7821322268878301,7.133333333333334
primary,A,Q1,Q1,LinearRegression,15,0.04665987784115751,0.9890710903821407,1.4666666666666666
primary,A,Q1,Q1,MLP,15,0.6919693679061829,0.8598611939443167,4.866666666666666
primary,A,Q1,Q1,RandomForest,15,1.1449431767045704,0.7926503222767934,7.133333333333334
primary,A,Q1,Q1,Ridge,15,0.04766718981093467,0.9888030784415415,1.5333333333333334
primary,A,Q1,Q1,SVR,15,1.4393156127991316,0.7771706639952737,7.266666666666667
primary,A,Q1,Q1,XGBoost,15,1.4053428809503659,0.7269587252675233,8.6
primary,A,Q1,Q2,AutoGluon,12,0.2540422725858081,0.9549236427081264,3.0
primary,A,Q1,Q2,CatBoost,12,0.9586721163914392,0.8503495949498557,5.083333333333333
primary,A,Q1,Q2,DeepSetModel-MC,12,7.573340425307379,-0.057618900935031324,11.0
primary,A,Q1,Q2,FixedRidgeLambda1,12,0.05097901310252164,0.9908750747288085,1.3333333333333333
primary,A,Q1,Q2,KNN,12,2.0783433140351315,0.7113253911492818,8.916666666666666
primary,A,Q1,Q2,LightGBM,12,1.2947137669052864,0.8016581370029557,6.666666666666667
primary,A,Q1,Q2,LinearRegression,12,0.05195868291229246,0.990743569053332,1.6666666666666667
primary,A,Q1,Q2,MLP,12,0.7250236949505805,0.8691755650730788,5.0
primary,A,Q1,Q2,RandomForest,12,1.5087761408231304,0.7757660760923047,7.333333333333333
primary,A,Q1,Q2,Ridge,12,0.05097901310252164,0.9908750747288085,1.3333333333333333
primary,A,Q1,Q2,SVR,12,1.5659273941727847,0.7772627615334505,7.166666666666667
primary,A,Q1,Q2,XGBoost,12,1.8192404924970462,0.7195932773588344,8.833333333333334
primary,A,Q1,Q3,AutoGluon,6,0.24478766590774423,0.9107585915316266,2.6666666666666665
primary,A,Q1,Q3,CatBoost,6,0.6748718860871725,0.8167000194960118,5.0
primary,A,Q1,Q3,DeepSetModel-MC,6,5.410424561544711,-0.0697319281567587,11.0
primary,A,Q1,Q3,FixedRidgeLambda1,6,0.09275945034993067,0.9800790801585672,1.3333333333333333
primary,A,Q1,Q3,KNN,6,1.1204688162459617,0.7037564838952108,8.5
primary,A,Q1,Q3,LightGBM,6,0.837151483343582,0.7647390461328655,6.5
primary,A,Q1,Q3,LinearRegression,6,0.1009176265484446,0.9791539313901855,2.0
primary,A,Q1,Q3,MLP,6,0.6648971149819728,0.7047284145267451,7.0
primary,A,Q1,Q3,RandomForest,6,1.008175977427789,0.7815903177955871,7.0
primary,A,Q1,Q3,Ridge,6,0.09275945034993067,0.9800790801585672,1.3333333333333333
primary,A,Q1,Q3,SVR,6,0.8723846377074883,0.8076348886552073,6.0
primary,A,Q1,Q3,XGBoost,6,1.1317356316143314,0.6944287109827121,9.0
primary,A,Q1,Q4,AutoGluon,9,0.17654799885615508,0.9524078008254142,3.0
primary,A,Q1,Q4,CatBoost,9,0.4598960205571497,0.8798717984226164,4.666666666666667
primary,A,Q1,Q4,DeepSetModel-MC,9,3.9565703949484834,-0.03533079364664064,11.0
primary,A,Q1,Q4,FixedRidgeLambda1,9,0.03739031819601722,0.9902116733997338,1.3333333333333333
primary,A,Q1,Q4,KNN,9,0.8220606144711312,0.7825520488012216,9.11111111111111
primary,A,Q1,Q4,LightGBM,9,0.6883918451349648,0.8177055627250109,7.888888888888889
primary,A,Q1,Q4,LinearRegression,9,0.03808668707047159,0.9900912575877672,1.6666666666666667
primary,A,Q1,Q4,MLP,9,0.7073948059086859,0.8102439333459794,7.666666666666667
primary,A,Q1,Q4,RandomForest,9,0.4934116786186663,0.8680499585043295,5.333333333333333
primary,A,Q1,Q4,Ridge,9,0.03739031819601722,0.9902116733997338,1.3333333333333333
primary,A,Q1,Q4,SVR,9,0.5942654869220011,0.8442901907540222,6.111111111111111
primary,A,Q1,Q4,XGBoost,9,0.7321101027858765,0.8043134327309812,8.222222222222221
primary,A,Q2,Q1,AutoGluon,6,0.27894581094669363,0.9464481776405096,3.0
primary,A,Q2,Q1,CatBoost,6,1.0039780614413836,0.807468136450724,5.5
primary,A,Q2,Q1,DeepSetModel-MC,6,5.535481567046458,-0.05306998408658825,11.0
primary,A,Q2,Q1,FixedRidgeLambda1,6,0.10265067949327428,0.9807508914205196,1.5
primary,A,Q2,Q1,KNN,6,1.986726238350782,0.619838230232345,9.666666666666666
primary,A,Q2,Q1,LightGBM,6,1.1272393496722761,0.7826456309764374,6.0
primary,A,Q2,Q1,LinearRegression,6,0.10203402150889852,0.980880243672587,1.5
primary,A,Q2,Q1,MLP,6,0.6106495887945954,0.8794308444763538,4.166666666666667
primary,A,Q2,Q1,RandomForest,6,1.607692357917977,0.691215983115919,8.333333333333334
primary,A,Q2,Q1,Ridge,6,0.10265067949327428,0.9807508914205196,1.5
primary,A,Q2,Q1,SVR,6,1.260119307764694,0.7569248856522828,6.333333333333333
primary,A,Q2,Q1,XGBoost,6,1.6978746006393006,0.6746132764495751,9.0
primary,A,Q2,Q2,AutoGluon,6,0.3187049990816078,0.9620781200757295,3.0
primary,A,Q2,Q2,CatBoost,6,1.383847256930742,0.8343276321765952,4.833333333333333
primary,A,Q2,Q2,DeepSetModel-MC,6,8.484450226792067,-0.04048536000026479,11.0
primary,A,Q2,Q2,FixedRidgeLambda1,6,0.08316487684365702,0.9897955123496763,1.3333333333333333
primary,A,Q2,Q2,KNN,6,3.0043222000387675,0.6376373379163246,9.5
primary,A,Q2,Q2,LightGBM,6,1.8851227762390383,0.77477793684228,6.833333333333333
primary,A,Q2,Q2,LinearRegression,6,0.08362464524169483,0.989722946824577,1.6666666666666667
primary,A,Q2,Q2,MLP,6,0.7009017323301551,0.911162248067178,4.166666666666667
primary,A,Q2,Q2,RandomForest,6,2.2768792923032657,0.7274344395837629,7.5
primary,A,Q2,Q2,Ridge,6,0.08316487684365702,0.9897955123496763,1.3333333333333333
primary,A,Q2,Q2,SVR,6,1.8875319636587011,0.7677621635012851,6.833333333333333
primary,A,Q2,Q2,XGBoost,6,3.1350308817413666,0.6230872642534366,9.333333333333334
primary,A,Q2,Q3,AutoGluon,18,0.3434389184358654,0.9573188017949382,3.0
primary,A,Q2,Q3,CatBoost,18,1.5706612259850354,0.8108601757736662,5.388888888888889
primary,A,Q2,Q3,DeepSetModel-MC,18,8.845072857135165,-0.04206043122006483,11.0
primary,A,Q2,Q3,FixedRidgeLambda1,18,0.0736965382935639,0.9901359539468422,1.4444444444444444
primary,A,Q2,Q3,KNN,18,3.1165464433883456,0.6292816643130466,9.11111111111111
primary,A,Q2,Q3,LightGBM,18,1.8363225243223869,0.7778025094995651,6.388888888888889
primary,A,Q2,Q3,LinearRegression,18,0.0735123597655454,0.9901651621425969,1.5555555555555556
primary,A,Q2,Q3,MLP,18,0.7401616002859519,0.9048825586347539,4.222222222222222
primary,A,Q2,Q3,RandomForest,18,2.627176451006784,0.6917548809665094,8.166666666666666
primary,A,Q2,Q3,Ridge,18,0.0736965382935639,0.9901359539468422,1.4444444444444444
primary,A,Q2,Q3,SVR,18,1.9808235988140095,0.7657205868193473,6.611111111111111
primary,A,Q2,Q3,XGBoost,18,3.1275491099474944,0.637018033456575,9.11111111111111
primary,A,Q2,Q4,AutoGluon,9,0.27837295509760474,0.9722937777774538,3.0
primary,A,Q2,Q4,CatBoost,9,1.4636336126337348,0.8625477314418287,5.555555555555555
primary,A,Q2,Q4,DeepSetModel-MC,9,11.010692508232916,-0.038886410137493554,11.0
primary,A,Q2,Q4,FixedRidgeLambda1,9,0.06446711550088101,0.9931309916022886,1.3333333333333333
primary,A,Q2,Q4,KNN,9,3.0387139373947534,0.7076327276677298,9.666666666666666
primary,A,Q2,Q4,LightGBM,9,1.5463524678007339,0.851832288826315,5.888888888888889
primary,A,Q2,Q4,LinearRegression,9,0.06699991784194735,0.992932260209354,1.6666666666666667
primary,A,Q2,Q4,MLP,9,0.7903072157297831,0.9160391185786305,4.111111111111111
primary,A,Q2,Q4,RandomForest,9,2.4852075633492654,0.7629653218648936,8.222222222222221
primary,A,Q2,Q4,Ridge,9,0.06446711550088101,0.9931309916022886,1.3333333333333333
primary,A,Q2,Q4,SVR,9,2.108368732376123,0.8087952188697831,6.888888888888889
primary,A,Q2,Q4,XGBoost,9,2.567731717204214,0.7552727663655009,8.666666666666666
primary,A,Q3,Q1,AutoGluon,6,0.5107511464129987,0.9280793652586753,3.0
primary,A,Q3,Q1,CatBoost,6,1.703896865483369,0.775493555975864,5.5
primary,A,Q3,Q1,DeepSetModel-MC,6,8.058777160477451,-0.046622948072237276,11.0
primary,A,Q3,Q1,FixedRidgeLambda1,6,0.11896848875366976,0.9820757771481549,1.5
primary,A,Q3,Q1,KNN,6,3.5083089904840032,0.545012959898244,9.666666666666666
primary,A,Q3,Q1,LightGBM,6,1.7346083891360111,0.7681949049341371,5.833333333333333
primary,A,Q3,Q1,LinearRegression,6,0.12145523462435842,0.9819295467924234,1.5
primary,A,Q3,Q1,MLP,6,0.955006725092472,0.860378510938718,4.5
primary,A,Q3,Q1,RandomForest,6,2.3517806640713084,0.6832070798555595,7.833333333333333
primary,A,Q3,Q1,Ridge,6,0.11896848875366976,0.9820757771481549,1.5
primary,A,Q3,Q1,SVR,6,2.5367999724109525,0.6727413932876126,7.333333333333333
primary,A,Q3,Q1,XGBoost,6,2.7198348897460867,0.6354459432937763,8.333333333333334
primary,A,Q3,Q2,AutoGluon,9,0.4491525881434695,0.970511559824182,3.2222222222222223
primary,A,Q3,Q2,CatBoost,9,3.523762993038721,0.7756011168680188,6.0
primary,A,Q3,Q2,DeepSetModel-MC,9,16.216305451416797,-0.027187154320020654,11.0
primary,A,Q3,Q2,FixedRidgeLambda1,9,0.07384969357223177,0.992959460641392,1.6666666666666667
primary,A,Q3,Q2,KNN,9,6.026012819387423,0.5894615942307665,9.11111111111111
primary,A,Q3,Q2,LightGBM,9,3.1580477160897775,0.7779382044414603,5.666666666666667
primary,A,Q3,Q2,LinearRegression,9,0.07155085293866453,0.9930886437642885,1.3333333333333333
primary,A,Q3,Q2,MLP,9,0.7423712432145191,0.923466288918007,4.0
primary,A,Q3,Q2,RandomForest,9,5.079879797694541,0.6600971445699042,7.777777777777778
primary,A,Q3,Q2,Ridge,9,0.07384969357223177,0.992959460641392,1.6666666666666667
primary,A,Q3,Q2,SVR,9,5.1689660537266935,0.7007663842582459,7.333333333333333
primary,A,Q3,Q2,XGBoost,9,5.388961194453327,0.622676952335183,8.88888888888889
primary,A,Q3,Q3,AutoGluon,9,0.35302833144572315,0.9567003864233254,3.111111111111111
primary,A,Q3,Q3,CatBoost,9,1.7400558480640087,0.7858080048883032,5.666666666666667
primary,A,Q3,Q3,DeepSetModel-MC,9,8.44801156597634,-0.03538152943849917,11.0
primary,A,Q3,Q3,FixedRidgeLambda1,9,0.10329390311901547,0.9866020416422986,1.2222222222222223
primary,A,Q3,Q3,KNN,9,3.5543440296684294,0.5621524265163778,9.333333333333334
primary,A,Q3,Q3,LightGBM,9,1.9186301743591097,0.762560483552445,5.777777777777778
primary,A,Q3,Q3,LinearRegression,9,0.105616835874669,0.9863168663495527,1.7777777777777777
primary,A,Q3,Q3,MLP,9,0.6236243486211079,0.9193444716925759,3.888888888888889
primary,A,Q3,Q3,RandomForest,9,3.1562380815200672,0.6047596790292228,8.444444444444445
primary,A,Q3,Q3,Ridge,9,0.10329390311901547,0.9866020416422986,1.2222222222222223
primary,A,Q3,Q3,SVR,9,2.249525472145324,0.7255031794710934,7.222222222222222
primary,A,Q3,Q3,XGBoost,9,3.1344317060347326,0.6059919997447653,8.555555555555555
primary,A,Q3,Q4,AutoGluon,9,0.5141116857565676,0.9589595332400792,3.2222222222222223
primary,A,Q3,Q4,CatBoost,9,2.210499914100053,0.8094954832461501,5.222222222222222
primary,A,Q3,Q4,DeepSetModel-MC,9,12.191992821729361,-0.0241319728386303,11.0
primary,A,Q3,Q4,FixedRidgeLambda1,9,0.09492044595518857,0.9916495835381384,1.7777777777777777
primary,A,Q3,Q4,KNN,9,4.773290474486461,0.5811670797291515,9.777777777777779
primary,A,Q3,Q4,LightGBM,9,2.556839868122506,0.7784500099114045,6.111111111111111
primary,A,Q3,Q4,LinearRegression,9,0.09450754398835642,0.9916800640220286,1.2222222222222223
primary,A,Q3,Q4,MLP,9,0.8196616797124431,0.9244197143381254,3.7777777777777777
primary,A,Q3,Q4,RandomForest,9,3.5492006357934454,0.6987107418859035,7.888888888888889
primary,A,Q3,Q4,Ridge,9,0.09492044595518857,0.9916495835381384,1.7777777777777777
primary,A,Q3,Q4,SVR,9,3.1556809095031895,0.73294273060805,7.0
primary,A,Q3,Q4,XGBoost,9,4.212370135850231,0.6436207585748885,9.0
primary,A,Q4,Q2,AutoGluon,12,0.4140202701313,0.9702106622910615,3.0833333333333335
primary,A,Q4,Q2,CatBoost,12,3.224216265069441,0.775116947857102,6.083333333333333
primary,A,Q4,Q2,DeepSetModel-MC,12,14.34653445967505,-0.011814502322863088,11.0
primary,A,Q4,Q2,FixedRidgeLambda1,12,0.11644980622209548,0.9916450168927392,1.0833333333333333
primary,A,Q4,Q2,KNN,12,5.0778994974075795,0.645549306990246,8.75
primary,A,Q4,Q2,LightGBM,12,2.827793963346924,0.8005315041543769,5.333333333333333
primary,A,Q4,Q2,LinearRegression,12,0.12390872574552327,0.9912029712462737,1.9166666666666667
primary,A,Q4,Q2,MLP,12,0.789197761436148,0.9423150155522005,3.9166666666666665
primary,A,Q4,Q2,RandomForest,12,4.772111730371914,0.6665287323738728,8.583333333333334
primary,A,Q4,Q2,Ridge,12,0.11644980622209548,0.9916450168927392,1.0833333333333333
primary,A,Q4,Q2,SVR,12,3.9958233476689298,0.7305869008236607,7.083333333333333
primary,A,Q4,Q2,XGBoost,12,5.2868753544497995,0.6235815535963918,9.166666666666666
primary,A,Q4,Q3,AutoGluon,12,0.5053410917856798,0.9533948020655475,3.0833333333333335
primary,A,Q4,Q3,CatBoost,12,3.7231808869402236,0.7607395753506929,5.75
primary,A,Q4,Q3,DeepSetModel-MC,12,15.437994988946343,-0.031000882712335576,11.0
primary,A,Q4,Q3,FixedRidgeLambda1,12,0.13732164750812131,0.9800932529963956,1.4166666666666667
primary,A,Q4,Q3,KNN,12,6.08011169557346,0.5963381427284017,9.0
primary,A,Q4,Q3,LightGBM,12,3.118398900891957,0.7849798566636724,5.25
primary,A,Q4,Q3,LinearRegression,12,0.13869375903493245,0.979847155531441,1.5833333333333333
primary,A,Q4,Q3,MLP,12,0.8164908258211362,0.908755101317992,4.166666666666667
primary,A,Q4,Q3,RandomForest,12,5.903735050114019,0.6311908757960065,8.583333333333334
primary,A,Q4,Q3,Ridge,12,0.13732164750812131,0.9800932529963956,1.4166666666666667
primary,A,Q4,Q3,SVR,12,4.998591016058083,0.7012831431131133,6.833333333333333
primary,A,Q4,Q3,XGBoost,12,6.489513364060496,0.5732149483253086,9.333333333333334
primary,A,Q4,Q4,AutoGluon,12,0.7079736805229149,0.9596038973988551,3.1666666666666665
primary,A,Q4,Q4,CatBoost,12,3.6666388140132864,0.7779215016351536,5.916666666666667
primary,A,Q4,Q4,DeepSetModel-MC,12,17.248411371239445,-0.025705170728680476,11.0
primary,A,Q4,Q4,FixedRidgeLambda1,12,0.14346462336313578,0.987581229056082,1.3333333333333333
primary,A,Q4,Q4,KNN,12,6.722722280274168,0.583488805325859,9.333333333333334
primary,A,Q4,Q4,LightGBM,12,3.2482836603825174,0.7911843157984769,5.416666666666667
primary,A,Q4,Q4,LinearRegression,12,0.14703332162322955,0.987311407255269,1.6666666666666667
primary,A,Q4,Q4,MLP,12,1.010684862137116,0.9265621545557109,3.8333333333333335
primary,A,Q4,Q4,RandomForest,12,5.958339461929211,0.6374902867551963,8.416666666666666
primary,A,Q4,Q4,Ridge,12,0.14346462336313578,0.987581229056082,1.3333333333333333
primary,A,Q4,Q4,SVR,12,5.370339426368459,0.6937095573948863,7.416666666666667
primary,A,Q4,Q4,XGBoost,12,6.1490886502073,0.6270355787236409,8.5
primary,B,Q1,Q1,AutoGluon,9,0.3018846212463529,0.7051393340509058,3.5555555555555554
primary,B,Q1,Q1,CatBoost,9,0.9244528775772741,0.5724210064041275,5.222222222222222
primary,B,Q1,Q1,DeepSetModel-MC,9,10.600735853196127,-0.03652406790850919,9.333333333333334
primary,B,Q1,Q1,FixedRidgeLambda1,9,0.03493328041019436,0.9315632208974878,1.0
primary,B,Q1,Q1,KNN,9,2.1109213631828516,0.4133031780777465,8.777777777777779
primary,B,Q1,Q1,LightGBM,9,1.5732278661382015,0.38262883068704096,8.555555555555555
primary,B,Q1,Q1,LinearRegression,9,0.039105497056544966,0.9293497327124854,2.0
primary,B,Q1,Q1,MLP,9,0.8307457611676394,-0.23821417404862258,6.444444444444445
primary,B,Q1,Q1,RandomForest,9,1.0855420473011204,0.7418133976820365,5.666666666666667
primary,B,Q1,Q1,Ridge,9,0.03493328041019436,0.9315632208974878,1.0
primary,B,Q1,Q1,SVR,9,2.28581182213418,0.4706535279303462,7.777777777777778
primary,B,Q1,Q1,XGBoost,9,1.3344367740363774,0.44610655987790143,7.666666666666667
primary,B,Q1,Q2,AutoGluon,18,0.23543943687115915,0.9588402619363006,3.3333333333333335
primary,B,Q1,Q2,CatBoost,18,0.6527180951224577,0.9057891577115039,5.555555555555555
primary,B,Q1,Q2,DeepSetModel-MC,18,8.04733605228073,-0.04718583950162006,11.0
primary,B,Q1,Q2,FixedRidgeLambda1,18,0.05052247967041672,0.9906338592363289,1.6111111111111112
primary,B,Q1,Q2,KNN,18,2.085680741289561,0.7263940347528003,9.88888888888889
primary,B,Q1,Q2,LightGBM,18,1.0277494777412945,0.8488525111392352,7.611111111111111
primary,B,Q1,Q2,LinearRegression,18,0.050631671657221954,0.9905407572295165,1.3888888888888888
primary,B,Q1,Q2,MLP,18,0.6746965786625333,0.8753290484376448,6.388888888888889
primary,B,Q1,Q2,RandomForest,18,0.5650232162914988,0.931610727471241,4.166666666666667
primary,B,Q1,Q2,Ridge,18,0.05052247967041672,0.9906338592363289,1.6111111111111112
primary,B,Q1,Q2,SVR,18,1.5333273222302624,0.8113600315465287,8.277777777777779
primary,B,Q1,Q2,XGBoost,18,0.8836543994367995,0.8713095401061943,6.777777777777778
primary,B,Q1,Q3,AutoGluon,12,0.22160603102408263,0.9329731539529379,3.3333333333333335
primary,B,Q1,Q3,CatBoost,12,0.46659685971336023,0.8781401444763698,5.416666666666667
primary,B,Q1,Q3,DeepSetModel-MC,12,4.996486285512002,-0.027654457648447206,11.0
primary,B,Q1,Q3,FixedRidgeLambda1,12,0.08022955389877166,0.9715836539000221,1.3333333333333333
primary,B,Q1,Q3,KNN,12,1.3167025555108673,0.7240335778881376,9.083333333333334
primary,B,Q1,Q3,LightGBM,12,0.7672065430169793,0.8003758339195949,7.75
primary,B,Q1,Q3,LinearRegression,12,0.08057086394235038,0.9712999416303112,1.6666666666666667
primary,B,Q1,Q3,MLP,12,0.7769530473609301,0.7665149898396736,8.083333333333334
primary,B,Q1,Q3,RandomForest,12,0.296328550202915,0.9110728418255677,3.75
primary,B,Q1,Q3,Ridge,12,0.08022955389877166,0.9715836539000221,1.3333333333333333
primary,B,Q1,Q3,SVR,12,1.026833307513963,0.7771749555489657,8.166666666666666
primary,B,Q1,Q3,XGBoost,12,0.5603814048258544,0.8321342213227324,6.416666666666667
primary,B,Q1,Q4,AutoGluon,12,0.19005516248055407,-0.03064571277640038,3.25
primary,B,Q1,Q4,CatBoost,12,0.39842321709258344,-1.8379691882447389,5.833333333333333
primary,B,Q1,Q4,DeepSetModel-MC,12,3.483461752013477,-0.05815089553311362,8.5
primary,B,Q1,Q4,FixedRidgeLambda1,12,0.05349827810751486,0.1794344303527932,1.8333333333333333
primary,B,Q1,Q4,KNN,12,0.8559694250945059,-2.0023765552794415,9.083333333333334
primary,B,Q1,Q4,LightGBM,12,0.5759955925899976,-3.37810926252429,7.833333333333333
primary,B,Q1,Q4,LinearRegression,12,0.05447341591727598,0.1702370317727354,2.0
primary,B,Q1,Q4,MLP,12,0.7170883272521054,-11.853606642383205,8.5
primary,B,Q1,Q4,RandomForest,12,0.26356911076333417,-0.7836783436839622,4.25
primary,B,Q1,Q4,Ridge,12,0.05349827810751486,0.1794344303527932,1.8333333333333333
primary,B,Q1,Q4,SVR,12,0.6848715124988427,-1.437922717059758,7.666666666666667
primary,B,Q1,Q4,XGBoost,12,0.5192653279982236,-3.9986394828168255,7.25
primary,B,Q2,Q1,AutoGluon,21,0.3963494032299131,0.8096595620590373,3.0952380952380953
primary,B,Q2,Q1,CatBoost,21,1.4883780837057157,0.7416075628729505,5.9523809523809526
primary,B,Q2,Q1,DeepSetModel-MC,21,16.110269585904646,-0.0444916344524971,9.571428571428571
primary,B,Q2,Q1,FixedRidgeLambda1,21,0.05360537689646889,0.849425509973635,1.4285714285714286
primary,B,Q2,Q1,KNN,21,5.3139685665543555,0.5153122498741085,9.285714285714286
primary,B,Q2,Q1,LightGBM,21,1.9144368582387332,0.7004513089511095,7.619047619047619
primary,B,Q2,Q1,LinearRegression,21,0.05700415710737957,0.8490959789019612,2.0476190476190474
primary,B,Q2,Q1,MLP,21,0.7286353787234487,0.7483809583768266,5.904761904761905
primary,B,Q2,Q1,RandomForest,21,1.3952848592611484,0.7464137957399731,5.857142857142857
primary,B,Q2,Q1,Ridge,21,0.05360537689646889,0.849425509973635,1.4285714285714286
primary,B,Q2,Q1,SVR,21,4.702323014278267,0.5975575272212049,8.095238095238095
primary,B,Q2,Q1,XGBoost,21,1.5645396440289514,0.7159124797006582,7.142857142857143
primary,B,Q2,Q2,AutoGluon,12,0.1423917626910717,-137.74762899189327,3.6666666666666665
primary,B,Q2,Q2,CatBoost,12,0.3662647514147377,-223.03440532239517,5.833333333333333
primary,B,Q2,Q2,DeepSetModel-MC,12,3.0688250232759025,-50.90808868459706,6.0
primary,B,Q2,Q2,FixedRidgeLambda1,12,0.07093950731074901,-110.42170634027387,2.0833333333333335
primary,B,Q2,Q2,KNN,12,1.1682936600280711,-330.0334145417055,9.25
primary,B,Q2,Q2,LightGBM,12,0.49699669651797,-413.25477398850967,7.916666666666667
primary,B,Q2,Q2,LinearRegression,12,0.07065996816730073,-111.45400182429688,2.5833333333333335
primary,B,Q2,Q2,MLP,12,0.64939984457704,-883.9912126916937,8.583333333333334
primary,B,Q2,Q2,RandomForest,12,0.3549944552742547,-138.95151153982235,4.666666666666667
primary,B,Q2,Q2,Ridge,12,0.07093950731074901,-110.42170634027387,2.0833333333333335
primary,B,Q2,Q2,SVR,12,0.7388600574481848,-157.89536224256918,7.416666666666667
primary,B,Q2,Q2,XGBoost,12,0.5266374792737856,-335.6637606947494,8.0
primary,B,Q2,Q4,AutoGluon,9,0.21823700518456934,0.9483048300848888,3.3333333333333335
primary,B,Q2,Q4,CatBoost,9,0.4398765611712038,0.8851594809782094,5.333333333333333
primary,B,Q2,Q4,DeepSetModel-MC,9,5.212805847055879,-0.04321264636562286,11.0
primary,B,Q2,Q4,FixedRidgeLambda1,9,0.08080306562507983,0.9814036087276564,1.7777777777777777
primary,B,Q2,Q4,KNN,9,1.9967856327077236,0.5972997728093649,9.777777777777779
primary,B,Q2,Q4,LightGBM,9,0.6344448557392951,0.8395792208497999,7.222222222222222
primary,B,Q2,Q4,LinearRegression,9,0.07969259660980457,0.9817811972392173,1.2222222222222223
primary,B,Q2,Q4,MLP,9,0.6447994231456643,0.7782083252420271,7.444444444444445
primary,B,Q2,Q4,RandomForest,9,0.2419257530485839,0.9220253781046553,3.7777777777777777
primary,B,Q2,Q4,Ridge,9,0.08080306562507983,0.9814036087276564,1.7777777777777777
primary,B,Q2,Q4,SVR,9,1.128462966763413,0.7682564183653806,8.222222222222221
primary,B,Q2,Q4,XGBoost,9,0.5720790528597754,0.8248271257730273,6.888888888888889
primary,B,Q3,Q1,AutoGluon,12,0.6214076493973623,0.9743361950649727,3.25
primary,B,Q3,Q1,CatBoost,12,3.473508304562636,0.8500531367344687,5.666666666666667
primary,B,Q3,Q1,DeepSetModel-MC,12,24.591772480096633,-0.08091305815807932,11.0
primary,B,Q3,Q1,FixedRidgeLambda1,12,0.0938299582659481,0.9948617285167275,1.5833333333333333
primary,B,Q3,Q1,KNN,12,9.508576481424841,0.5808767600689874,9.916666666666666
primary,B,Q3,Q1,LightGBM,12,3.737501840670353,0.8335041481550141,6.083333333333333
primary,B,Q3,Q1,LinearRegression,12,0.09192156165646342,0.9950157618977687,1.4166666666666667
primary,B,Q3,Q1,MLP,12,0.7315411284939737,0.9565907739915492,3.75
primary,B,Q3,Q1,RandomForest,12,4.5069893201828135,0.8030105007139872,6.916666666666667
primary,B,Q3,Q1,Ridge,12,0.0938299582659481,0.9948617285167275,1.5833333333333333
primary,B,Q3,Q1,SVR,12,7.96006629492812,0.6854658606733629,8.75
primary,B,Q3,Q1,XGBoost,12,4.773479821062645,0.7823874455454533,7.666666666666667
primary,B,Q3,Q2,AutoGluon,12,0.4333147281130421,0.9403476500088775,3.1666666666666665
primary,B,Q3,Q2,CatBoost,12,2.584679400157625,0.8544199354839431,5.666666666666667
primary,B,Q3,Q2,DeepSetModel-MC,12,18.27859242315084,-0.016358221431331,11.0
primary,B,Q3,Q2,FixedRidgeLambda1,12,0.09972020579092243,0.9811661256552949,1.75
primary,B,Q3,Q2,KNN,12,8.150432490319284,0.5901635537274037,9.666666666666666
primary,B,Q3,Q2,LightGBM,12,2.5190255734825864,0.8364657711568483,5.916666666666667
primary,B,Q3,Q2,LinearRegression,12,0.09844840969583891,0.9811051449191531,1.25
primary,B,Q3,Q2,MLP,12,0.717976632678076,0.8678900731533544,5.666666666666667
primary,B,Q3,Q2,RandomForest,12,3.705559819971112,0.8304945296451498,6.0
primary,B,Q3,Q2,Ridge,12,0.09972020579092243,0.9811661256552949,1.75
primary,B,Q3,Q2,SVR,12,7.886091442846799,0.6955980412014844,8.5
primary,B,Q3,Q2,XGBoost,12,3.6937064530464636,0.789836634369927,7.416666666666667
primary,B,Q3,Q3,AutoGluon,3,0.24212331000581785,0.9732515246026567,3.0
primary,B,Q3,Q3,CatBoost,3,0.8145663376099943,0.913217194082034,5.666666666666667
primary,B,Q3,Q3,DeepSetModel-MC,3,9.16355804061489,-0.004870157694850633,11.0
primary,B,Q3,Q3,FixedRidgeLambda1,3,0.1036373744181468,0.9879831482342514,1.6666666666666667
primary,B,Q3,Q3,KNN,3,3.110703426322191,0.6591559310539062,10.0
primary,B,Q3,Q3,LightGBM,3,1.109779766732314,0.8779690931117488,8.0
primary,B,Q3,Q3,LinearRegression,3,0.10386032724781259,0.9879341842203356,1.3333333333333333
primary,B,Q3,Q3,MLP,3,0.6106204971796648,0.9316440198831937,5.0
primary,B,Q3,Q3,RandomForest,3,0.6168732437646732,0.9336033794943589,4.666666666666667
primary,B,Q3,Q3,Ridge,3,0.1036373744181468,0.9879831482342514,1.6666666666666667
primary,B,Q3,Q3,SVR,3,1.567876392451889,0.8293468473355124,9.0
primary,B,Q3,Q3,XGBoost,3,0.9971472766977394,0.8908566669356118,6.666666666666667
primary,B,Q4,Q1,AutoGluon,18,0.613108294015682,0.9585089003656417,3.111111111111111
primary,B,Q4,Q1,CatBoost,18,4.158334623830601,0.8299262026977787,5.944444444444445
primary,B,Q4,Q1,DeepSetModel-MC,18,27.763640772340423,-0.01625609452827863,11.0
primary,B,Q4,Q1,FixedRidgeLambda1,18,0.11901015501489821,0.9870859399890897,1.3888888888888888
primary,B,Q4,Q1,KNN,18,11.636090611234046,0.5573748013375155,9.333333333333334
primary,B,Q4,Q1,LightGBM,18,3.7813017719468274,0.8283811452131423,5.944444444444445
primary,B,Q4,Q1,LinearRegression,18,0.11968824275214113,0.9869058220563249,1.6111111111111112
primary,B,Q4,Q1,MLP,18,1.022765980575764,0.9012842534902816,4.833333333333333
primary,B,Q4,Q1,RandomForest,18,5.579235671014849,0.7879284353529401,6.388888888888889
primary,B,Q4,Q1,Ridge,18,0.11901015501489821,0.9870859399890897,1.3888888888888888
primary,B,Q4,Q1,SVR,18,14.228266259847734,0.6112202654444711,8.777777777777779
primary,B,Q4,Q1,XGBoost,18,5.873487344440007,0.7407881027940925,7.666666666666667
primary,B,Q4,Q2,AutoGluon,6,0.439721204732538,0.9561036299315765,3.3333333333333335
primary,B,Q4,Q2,CatBoost,6,1.261399693658382,0.8930962851539083,6.333333333333333
primary,B,Q4,Q2,DeepSetModel-MC,6,12.7641430825531,-0.036136386595232266,11.0
primary,B,Q4,Q2,FixedRidgeLambda1,6,0.1533204428741759,0.9799210045573054,1.1666666666666667
primary,B,Q4,Q2,KNN,6,5.53330030412,0.5405375301268552,10.0
primary,B,Q4,Q2,LightGBM,6,1.628570682979576,0.8545470018322822,7.833333333333333
primary,B,Q4,Q2,LinearRegression,6,0.15778017112131967,0.9796313239785214,1.8333333333333333
primary,B,Q4,Q2,MLP,6,0.791536343041018,0.9011029176637136,5.166666666666667
primary,B,Q4,Q2,RandomForest,6,0.8374085550125554,0.9243905743685273,4.5
primary,B,Q4,Q2,Ridge,6,0.1533204428741759,0.9799210045573054,1.1666666666666667
primary,B,Q4,Q2,SVR,6,3.786329322519378,0.7227242275966824,9.0
primary,B,Q4,Q2,XGBoost,6,1.1544067061111523,0.8899624642571001,5.833333333333333
primary,B,Q4,Q4,AutoGluon,6,0.6799321374959398,0.936765575553101,3.1666666666666665
primary,B,Q4,Q4,CatBoost,6,1.8051372254698992,0.8312052717901454,5.666666666666667
primary,B,Q4,Q4,DeepSetModel-MC,6,13.023211696503855,-0.046811082487684834,11.0
primary,B,Q4,Q4,FixedRidgeLambda1,6,0.07300915583329169,0.9769830634994331,1.5
primary,B,Q4,Q4,KNN,6,5.655791998154851,0.4989092855321154,9.833333333333334
primary,B,Q4,Q4,LightGBM,6,1.7622278222342007,0.794984343247394,7.333333333333333
primary,B,Q4,Q4,LinearRegression,6,0.07243339587900395,0.9770363985790071,1.5
primary,B,Q4,Q4,MLP,6,0.8073389420175431,0.8585159554494511,5.166666666666667
primary,B,Q4,Q4,RandomForest,6,1.695775622842618,0.8321598155228421,5.333333333333333
primary,B,Q4,Q4,Ridge,6,0.07300915583329169,0.9769830634994331,1.5
primary,B,Q4,Q4,SVR,6,4.417130950560044,0.6846475033342646,8.333333333333334
primary,B,Q4,Q4,XGBoost,6,1.9568796389383731,0.7859292137276549,7.166666666666667
primary,C,Q1,Q1,AutoGluon,9,0.4749551662829601,0.8427595859552559,3.4444444444444446
primary,C,Q1,Q1,CatBoost,9,1.1465032014890293,0.6222324884133994,5.222222222222222
primary,C,Q1,Q1,DeepSetModel-MC,9,6.490210899720387,-0.06716112284364563,10.222222222222221
primary,C,Q1,Q1,FixedRidgeLambda1,9,0.17603486848295352,0.9286505124968686,1.3333333333333333
primary,C,Q1,Q1,KNN,9,1.9908507068160475,0.5900506798458675,7.777777777777778
primary,C,Q1,Q1,LightGBM,9,1.5724210725723917,0.4808510505738247,7.777777777777778
primary,C,Q1,Q1,LinearRegression,9,0.17865638560766517,0.9282027152875743,1.6666666666666667
primary,C,Q1,Q1,MLP,9,2.0817266019826115,-0.12599917289722887,7.888888888888889
primary,C,Q1,Q1,RandomForest,9,1.2778706099045303,0.716321029347408,6.0
primary,C,Q1,Q1,Ridge,9,0.17603486848295352,0.9286505124968686,1.3333333333333333
primary,C,Q1,Q1,SVR,9,1.4492866641294082,0.7577279272945987,5.888888888888889
primary,C,Q1,Q1,XGBoost,9,1.9220972645222583,0.4784180799787203,8.777777777777779
primary,C,Q1,Q2,AutoGluon,9,0.33641596642796123,0.8635165841008731,3.111111111111111
primary,C,Q1,Q2,CatBoost,9,0.959078305882069,0.6348374016959996,6.0
primary,C,Q1,Q2,DeepSetModel-MC,9,3.488024243743983,-0.02527633860972177,10.555555555555555
primary,C,Q1,Q2,FixedRidgeLambda1,9,0.1275318929738728,0.952180661431804,1.6666666666666667
primary,C,Q1,Q2,KNN,9,1.353932613058329,0.6084965838475945,7.222222222222222
primary,C,Q1,Q2,LightGBM,9,1.2761019924862953,0.5225658955814295,7.888888888888889
primary,C,Q1,Q2,LinearRegression,9,0.12642537025490624,0.9521349995131675,1.3333333333333333
primary,C,Q1,Q2,MLP,9,1.6800535866543893,0.22282082643631773,9.11111111111111
primary,C,Q1,Q2,RandomForest,9,0.9819368485318076,0.6807853458772125,5.888888888888889
primary,C,Q1,Q2,Ridge,9,0.1275318929738728,0.952180661431804,1.6666666666666667
primary,C,Q1,Q2,SVR,9,0.7923029631537276,0.7616865859177077,4.555555555555555
primary,C,Q1,Q2,XGBoost,9,1.644555844473783,0.3837615413799733,8.666666666666666
primary,C,Q1,Q3,AutoGluon,12,0.29053587823400834,0.9104249879205875,2.0
primary,C,Q1,Q3,CatBoost,12,0.8241686229449101,0.7601139362922972,5.083333333333333
primary,C,Q1,Q3,DeepSetModel-MC,12,4.174421909876336,-0.08498622266562016,10.833333333333334
primary,C,Q1,Q3,FixedRidgeLambda1,12,0.26552903367944203,0.9198271980477055,2.0833333333333335
primary,C,Q1,Q3,KNN,12,1.7279333211548533,0.5034527037950006,8.0
primary,C,Q1,Q3,LightGBM,12,1.908032402845686,0.4218473921824757,8.25
primary,C,Q1,Q3,LinearRegression,12,0.26762087167776,0.9191147141089594,2.0833333333333335
primary,C,Q1,Q3,MLP,12,2.389343271878536,0.30754337931418324,9.166666666666666
primary,C,Q1,Q3,RandomForest,12,1.0728878860685696,0.6994683437352164,6.083333333333333
primary,C,Q1,Q3,Ridge,12,0.26552903367944203,0.9198271980477055,2.0833333333333335
primary,C,Q1,Q3,SVR,12,0.6850134672050858,0.8155969003109464,4.333333333333333
primary,C,Q1,Q3,XGBoost,12,1.6781038161315507,0.5139704358540961,8.083333333333334
primary,C,Q1,Q4,AutoGluon,24,0.3591210103236935,0.922255272852864,2.9166666666666665
primary,C,Q1,Q4,CatBoost,24,1.131642994585155,0.7734675201345821,4.958333333333333
primary,C,Q1,Q4,DeepSetModel-MC,24,5.86854759347199,-0.02843776081265771,10.791666666666666
primary,C,Q1,Q4,FixedRidgeLambda1,24,0.1766976625492441,0.9605067860959964,1.3333333333333333
primary,C,Q1,Q4,KNN,24,1.8808683904449568,0.659484831733952,8.125
primary,C,Q1,Q4,LightGBM,24,1.561993561058545,0.6812628531360648,7.5
primary,C,Q1,Q4,LinearRegression,24,0.17917384666378267,0.9601953113215468,1.75
primary,C,Q1,Q4,MLP,24,2.493407544730939,0.39590206437872616,9.375
primary,C,Q1,Q4,RandomForest,24,1.2885171526504178,0.7566152258687605,5.375
primary,C,Q1,Q4,Ridge,24,0.1766976625492441,0.9605067860959964,1.3333333333333333
primary,C,Q1,Q4,SVR,24,1.3067602333941435,0.7689385629206992,5.625
primary,C,Q1,Q4,XGBoost,24,1.9996150043708472,0.60546840193829,8.25
primary,C,Q2,Q1,AutoGluon,12,0.49069070313884966,0.9275039631252248,3.0
primary,C,Q2,Q1,CatBoost,12,1.7317915903294947,0.788028836730558,5.0
primary,C,Q2,Q1,DeepSetModel-MC,12,9.406577690968197,-0.027034806209314907,10.916666666666666
primary,C,Q2,Q1,FixedRidgeLambda1,12,0.17544426363732588,0.9716611377657612,1.3333333333333333
primary,C,Q2,Q1,KNN,12,4.193506829834917,0.5334773060528845,9.5
primary,C,Q2,Q1,LightGBM,12,2.128099584786619,0.7315593431378181,6.583333333333333
primary,C,Q2,Q1,LinearRegression,12,0.1784506860487868,0.9713293413927381,1.6666666666666667
primary,C,Q2,Q1,MLP,12,1.8793498215200364,0.6500094888189932,6.166666666666667
primary,C,Q2,Q1,RandomForest,12,2.3531206165534626,0.7271376389394709,6.75
primary,C,Q2,Q1,Ridge,12,0.17544426363732588,0.9716611377657612,1.3333333333333333
primary,C,Q2,Q1,SVR,12,2.6224784195233464,0.7223784936216527,6.833333333333333
primary,C,Q2,Q1,XGBoost,12,2.822610607664146,0.660206869489886,8.25
primary,C,Q2,Q2,AutoGluon,9,0.6583222617685135,0.937133512034403,3.0
primary,C,Q2,Q2,CatBoost,9,2.3826223688983634,0.7861346726162501,5.0
primary,C,Q2,Q2,DeepSetModel-MC,9,12.379410494431774,-0.04618994806426904,11.0
primary,C,Q2,Q2,FixedRidgeLambda1,9,0.20153203481186965,0.9794685374465142,1.4444444444444444
primary,C,Q2,Q2,KNN,9,4.445322465792749,0.6128206816066982,9.11111111111111
primary,C,Q2,Q2,LightGBM,9,2.5511334880214336,0.7726504373266183,6.0
primary,C,Q2,Q2,LinearRegression,9,0.2012206561630888,0.979338794635768,1.5555555555555556
primary,C,Q2,Q2,MLP,9,1.8720268122660784,0.8347530760665183,4.555555555555555
primary,C,Q2,Q2,RandomForest,9,3.6640462784748595,0.6893907278224964,7.666666666666667
primary,C,Q2,Q2,Ridge,9,0.20153203481186965,0.9794685374465142,1.4444444444444444
primary,C,Q2,Q2,SVR,9,3.522491074860373,0.6993064029032249,7.666666666666667
primary,C,Q2,Q2,XGBoost,9,4.282414091285068,0.626844975682233,9.0
primary,C,Q2,Q3,AutoGluon,12,0.5592770169251461,0.8899449668691428,3.0833333333333335
primary,C,Q2,Q3,CatBoost,12,1.4079192042864321,0.739752802678769,4.833333333333333
primary,C,Q2,Q3,DeepSetModel-MC,12,6.583476151817063,-0.021657576988780625,10.333333333333334
primary,C,Q2,Q3,FixedRidgeLambda1,12,0.17175396536494206,0.9576672649583586,1.5833333333333333
primary,C,Q2,Q3,KNN,12,2.7150228948920963,0.4847081785471276,8.75
primary,C,Q2,Q3,LightGBM,12,1.8130275841884789,0.6088164518103051,5.833333333333333
primary,C,Q2,Q3,LinearRegression,12,0.17101652422862731,0.9580087967277797,1.4166666666666667
primary,C,Q2,Q3,MLP,12,4.57914148774,-0.4323244909592788,8.25
primary,C,Q2,Q3,RandomForest,12,2.5386256340106934,0.3374182393820219,7.083333333333333
primary,C,Q2,Q3,Ridge,12,0.17175396536494206,0.9576672649583586,1.5833333333333333
primary,C,Q2,Q3,SVR,12,1.5595904489378134,0.7530114568088752,5.916666666666667
primary,C,Q2,Q3,XGBoost,12,5.755589426100417,-0.7908951688340023,8.916666666666666
primary,C,Q2,Q4,AutoGluon,6,0.4310414021856122,0.8413598076836263,2.8333333333333335
primary,C,Q2,Q4,CatBoost,6,0.9461639451201634,0.6567869183584277,5.166666666666667
primary,C,Q2,Q4,DeepSetModel-MC,6,3.4367484481710413,-0.022331046949026153,10.0
primary,C,Q2,Q4,FixedRidgeLambda1,6,0.17406813823322884,0.9291194212446824,2.0
primary,C,Q2,Q4,KNN,6,1.9233341340599708,0.3390333288583354,9.166666666666666
primary,C,Q2,Q4,LightGBM,6,1.1669909094443371,0.5452226003436743,6.333333333333333
primary,C,Q2,Q4,LinearRegression,6,0.17229146560231998,0.9297166437543177,1.3333333333333333
primary,C,Q2,Q4,MLP,6,2.130747805312652,0.15465669964862905,8.833333333333334
primary,C,Q2,Q4,RandomForest,6,1.1411801263279264,0.631519298787052,6.333333333333333
primary,C,Q2,Q4,Ridge,6,0.17406813823322884,0.9291194212446824,2.0
primary,C,Q2,Q4,SVR,6,1.0259281554048167,0.6646549577831615,5.666666666666667
primary,C,Q2,Q4,XGBoost,6,1.7811437916532455,0.2192156750204218,8.333333333333334
primary,C,Q3,Q1,AutoGluon,6,0.4141594896474971,0.9481848438828849,2.6666666666666665
primary,C,Q3,Q1,CatBoost,6,3.28013333818674,0.707095561186497,6.0
primary,C,Q3,Q1,DeepSetModel-MC,6,13.06263216616964,-0.035215185706688835,11.0
primary,C,Q3,Q1,FixedRidgeLambda1,6,0.30044989805984174,0.9605538432348633,1.6666666666666667
primary,C,Q3,Q1,KNN,6,4.949384255668601,0.5470380408380934,8.666666666666666
primary,C,Q3,Q1,LightGBM,6,3.1130272119542113,0.7066818883707903,5.833333333333333
primary,C,Q3,Q1,LinearRegression,6,0.2978480046034035,0.9611987332061164,1.6666666666666667
primary,C,Q3,Q1,MLP,6,1.8486557016355298,0.7964265737423193,4.833333333333333
primary,C,Q3,Q1,RandomForest,6,4.907358892202311,0.58289802203789,8.0
primary,C,Q3,Q1,Ridge,6,0.30044989805984174,0.9605538432348633,1.6666666666666667
primary,C,Q3,Q1,SVR,6,3.627231599240711,0.6723491729587584,6.333333333333333
primary,C,Q3,Q1,XGBoost,6,6.454408508074831,0.45425259480815816,9.333333333333334
primary,C,Q3,Q2,AutoGluon,3,0.48811692283549357,0.9037601274622898,3.0
primary,C,Q3,Q2,CatBoost,3,1.4809714899442137,0.7354454682562769,4.333333333333333
primary,C,Q3,Q2,DeepSetModel-MC,3,5.98130271334336,-0.02180345535062947,11.0
primary,C,Q3,Q2,FixedRidgeLambda1,3,0.2561331170093282,0.9521729949146334,1.0
primary,C,Q3,Q2,KNN,3,2.38970468038139,0.5705908088276638,8.0
primary,C,Q3,Q2,LightGBM,3,2.3842638696779126,0.577092823392487,8.0
primary,C,Q3,Q2,LinearRegression,3,0.25946901952061335,0.9516347648772658,2.0
primary,C,Q3,Q2,MLP,3,2.4122312151429326,0.5576061009582237,7.333333333333333
primary,C,Q3,Q2,RandomForest,3,2.068886850447489,0.6342404614791106,6.333333333333333
primary,C,Q3,Q2,Ridge,3,0.2561331170093282,0.9521729949146334,1.0
primary,C,Q3,Q2,SVR,3,1.393980100076868,0.7658751536118502,5.0
primary,C,Q3,Q2,XGBoost,3,2.988334080786739,0.46975224550141964,10.0
primary,C,Q3,Q3,AutoGluon,3,0.3645778469338463,0.9518072889705996,3.0
primary,C,Q3,Q3,CatBoost,3,2.4357184267131555,0.6756016199985456,5.0
primary,C,Q3,Q3,DeepSetModel-MC,3,7.694895378379445,-0.0047954279138027,11.0
primary,C,Q3,Q3,FixedRidgeLambda1,3,0.2050030645526629,0.973071178449422,1.0
primary,C,Q3,Q3,KNN,3,3.469117493312391,0.5433682083946779,8.333333333333334
primary,C,Q3,Q3,LightGBM,3,2.887637069604219,0.6184976059956133,6.666666666666667
primary,C,Q3,Q3,LinearRegression,3,0.20979714300490035,0.9724256211140864,2.0
primary,C,Q3,Q3,MLP,3,2.6690886688275164,0.643710156937107,6.333333333333333
primary,C,Q3,Q3,RandomForest,3,3.7827757767289114,0.5042574673058643,9.0
primary,C,Q3,Q3,Ridge,3,0.2050030645526629,0.973071178449422,1.0
primary,C,Q3,Q3,SVR,3,1.9907712042364702,0.7368247449428095,4.333333333333333
primary,C,Q3,Q3,XGBoost,3,4.310629677318421,0.43029842138675267,9.333333333333334
primary,C,Q3,Q4,AutoGluon,3,0.47810006853407844,0.9470184553508204,3.0
primary,C,Q3,Q4,CatBoost,3,2.0166268273588512,0.7730152861853671,6.0
primary,C,Q3,Q4,DeepSetModel-MC,3,8.97858690244149,-0.013618335581002934,11.0
primary,C,Q3,Q4,FixedRidgeLambda1,3,0.09329842443659547,0.9886725221987026,1.3333333333333333
primary,C,Q3,Q4,KNN,3,3.148857993237041,0.6496605463989911,10.0
primary,C,Q3,Q4,LightGBM,3,2.0444680565877675,0.7607191244583587,6.666666666666667
primary,C,Q3,Q4,LinearRegression,3,0.09493457373732284,0.9885256518690012,1.6666666666666667
primary,C,Q3,Q4,MLP,3,1.9823690815184989,0.7688030733850922,5.333333333333333
primary,C,Q3,Q4,RandomForest,3,2.0949073822533486,0.7651938326326411,6.0
primary,C,Q3,Q4,Ridge,3,0.09329842443659547,0.9886725221987026,1.3333333333333333
primary,C,Q3,Q4,SVR,3,2.375830356815417,0.740588458621413,6.666666666666667
primary,C,Q3,Q4,XGBoost,3,2.675381100553205,0.705302392766932,8.333333333333334
primary,C,Q4,Q1,AutoGluon,9,0.8251116935902109,0.9263847251336303,3.0
primary,C,Q4,Q1,CatBoost,9,2.5617712013278866,0.7666891745405979,5.777777777777778
primary,C,Q4,Q1,DeepSetModel-MC,9,11.886665520533978,-0.0655082558811521,11.0
primary,C,Q4,Q1,FixedRidgeLambda1,9,0.28895102322567046,0.9741098314332761,1.4444444444444444
primary,C,Q4,Q1,KNN,9,3.9931141631457385,0.6435271554246546,8.666666666666666
primary,C,Q4,Q1,LightGBM,9,2.4276258711721845,0.7805505306164093,5.444444444444445
primary,C,Q4,Q1,LinearRegression,9,0.2891736247571661,0.9740688773089199,1.5555555555555556
primary,C,Q4,Q1,MLP,9,2.0487691264077466,0.814581815318,4.333333333333333
primary,C,Q4,Q1,RandomForest,9,3.6954663562959333,0.6661773238230464,8.333333333333334
primary,C,Q4,Q1,Ridge,9,0.28895102322567046,0.9741098314332761,1.4444444444444444
primary,C,Q4,Q1,SVR,9,3.2974949637713356,0.7056518240355943,7.444444444444445
primary,C,Q4,Q1,XGBoost,9,3.9550162235228705,0.6418832296876187,9.0
primary,C,Q4,Q2,AutoGluon,3,0.615558285077341,0.9510409986376596,3.0
primary,C,Q4,Q2,CatBoost,3,3.4637403604994077,0.6992602786183487,6.0
primary,C,Q4,Q2,DeepSetModel-MC,3,12.200235181803981,-0.021222539520307834,11.0
primary,C,Q4,Q2,FixedRidgeLambda1,3,0.1932643353028767,0.9841264511177382,1.0
primary,C,Q4,Q2,KNN,3,5.71777934450591,0.511974725980166,8.666666666666666
primary,C,Q4,Q2,LightGBM,3,4.06230368140568,0.6311678855071654,6.666666666666667
primary,C,Q4,Q2,LinearRegression,3,0.1955374603873866,0.9839533196188756,2.0
primary,C,Q4,Q2,MLP,3,2.998782982410756,0.7404347988855954,4.666666666666667
primary,C,Q4,Q2,RandomForest,3,5.406020883539988,0.5405188006475395,8.666666666666666
primary,C,Q4,Q2,Ridge,3,0.1932643353028767,0.9841264511177382,1.0
primary,C,Q4,Q2,SVR,3,3.4658528549798238,0.716188182173728,5.333333333333333
primary,C,Q4,Q2,XGBoost,3,6.163715457730965,0.4398925863458496,9.0
primary,C,Q4,Q3,AutoGluon,9,0.6785618870984523,0.9540123654395916,3.0
primary,C,Q4,Q3,CatBoost,9,3.974007003368446,0.7318555847528678,5.888888888888889
primary,C,Q4,Q3,DeepSetModel-MC,9,15.685431627051166,-0.04410783187830763,11.0
primary,C,Q4,Q3,FixedRidgeLambda1,9,0.2778121478438159,0.9808111970667643,1.3333333333333333
primary,C,Q4,Q3,KNN,9,6.266309925421236,0.576019960905926,9.0
primary,C,Q4,Q3,LightGBM,9,3.454078795518969,0.766299084265144,5.444444444444445
primary,C,Q4,Q3,LinearRegression,9,0.2805063196281003,0.9806622488905004,1.6666666666666667
primary,C,Q4,Q3,MLP,9,2.37752637812831,0.829666882785205,4.111111111111111
primary,C,Q4,Q3,RandomForest,9,5.664535272835797,0.6145265458035367,8.444444444444445
primary,C,Q4,Q3,Ridge,9,0.2778121478438159,0.9808111970667643,1.3333333333333333
primary,C,Q4,Q3,SVR,9,4.650996656302063,0.6925997432161485,6.888888888888889
primary,C,Q4,Q3,XGBoost,9,6.676240840006132,0.5555250564061146,9.222222222222221
primary,C,Q4,Q4,AutoGluon,21,0.6725206387879444,0.9492053339075331,2.9047619047619047
primary,C,Q4,Q4,CatBoost,21,3.4668524212543805,0.7623943957646979,5.619047619047619
primary,C,Q4,Q4,DeepSetModel-MC,21,14.60607496022248,-0.033574629244830664,11.0
primary,C,Q4,Q4,FixedRidgeLambda1,21,0.23026963136235268,0.9802488615684397,1.4285714285714286
primary,C,Q4,Q4,KNN,21,6.1100339536964805,0.5519365936338133,9.095238095238095
primary,C,Q4,Q4,LightGBM,21,3.1642632126456736,0.7672845988990828,5.428571428571429
primary,C,Q4,Q4,LinearRegression,21,0.23295700420861626,0.9800338783869981,1.6666666666666667
primary,C,Q4,Q4,MLP,21,2.101532612925816,0.8185284045954507,4.857142857142857
primary,C,Q4,Q4,RandomForest,21,5.113832927721565,0.6472069029379474,8.0
primary,C,Q4,Q4,Ridge,21,0.23026963136235268,0.9802488615684397,1.4285714285714286
primary,C,Q4,Q4,SVR,21,5.042441873804514,0.6741962718221935,7.142857142857143
primary,C,Q4,Q4,XGBoost,21,5.82380781104767,0.5842466525758153,8.857142857142858
primary,D,Q1,Q1,AutoGluon,3,0.20067622426251217,0.9321152663497417,3.0
primary,D,Q1,Q1,CatBoost,3,0.41789379364421286,0.8466261331159707,4.666666666666667
primary,D,Q1,Q1,DeepSetModel-MC,3,2.824985115298188,-0.0037028680351231667,11.0
primary,D,Q1,Q1,FixedRidgeLambda1,3,0.032110275916314,0.9888191949537358,1.3333333333333333
primary,D,Q1,Q1,KNN,3,0.5823889411448813,0.7938450826290895,8.333333333333334
primary,D,Q1,Q1,LightGBM,3,0.6366693961293686,0.7731385796787206,8.333333333333334
primary,D,Q1,Q1,LinearRegression,3,0.03215875256211943,0.9887419481687316,1.6666666666666667
primary,D,Q1,Q1,MLP,3,0.6796532079907092,0.7469238240737773,8.333333333333334
primary,D,Q1,Q1,RandomForest,3,0.4187340705662779,0.8545012199689687,5.666666666666667
primary,D,Q1,Q1,Ridge,3,0.032110275916314,0.9888191949537358,1.3333333333333333
primary,D,Q1,Q1,SVR,3,0.45259406535836844,0.8482144703133491,6.0
primary,D,Q1,Q1,XGBoost,3,0.5808483904517044,0.7927841325976344,7.666666666666667
primary,D,Q1,Q2,AutoGluon,18,0.3012224867079719,0.9550595830086736,3.0555555555555554
primary,D,Q1,Q2,CatBoost,18,1.243947471998128,0.8447822744283866,5.277777777777778
primary,D,Q1,Q2,DeepSetModel-MC,18,8.889686591271829,-0.060461027323534915,11.0
primary,D,Q1,Q2,FixedRidgeLambda1,18,0.07444503012174067,0.9882536168597853,1.5555555555555556
primary,D,Q1,Q2,KNN,18,2.0991458913620984,0.742366170092778,8.944444444444445
primary,D,Q1,Q2,LightGBM,18,1.4694270956035604,0.8099489949722355,6.777777777777778
primary,D,Q1,Q2,LinearRegression,18,0.0729175138440497,0.9882852268040225,1.4444444444444444
primary,D,Q1,Q2,MLP,18,0.6833860293484072,0.8807620729976657,4.888888888888889
primary,D,Q1,Q2,RandomForest,18,1.8737626859479488,0.7855425731957936,7.277777777777778
primary,D,Q1,Q2,Ridge,18,0.07444503012174067,0.9882536168597853,1.5555555555555556
primary,D,Q1,Q2,SVR,18,1.7609933520602037,0.8010695119425276,7.166666666666667
primary,D,Q1,Q2,XGBoost,18,2.0035169583058687,0.7355629495419949,8.61111111111111
primary,D,Q1,Q3,AutoGluon,9,0.1811955965386356,0.9485110920917782,3.0
primary,D,Q1,Q3,CatBoost,9,0.5329250669006966,0.84739623175111,5.111111111111111
primary,D,Q1,Q3,DeepSetModel-MC,9,3.9862415178103365,-0.055719540988763784,11.0
primary,D,Q1,Q3,FixedRidgeLambda1,9,0.04670599646412084,0.9862296988482733,1.2222222222222223
primary,D,Q1,Q3,KNN,9,0.8744166624266848,0.7537402561308999,8.222222222222221
primary,D,Q1,Q3,LightGBM,9,0.8324658777389787,0.765536203172244,7.444444444444445
primary,D,Q1,Q3,LinearRegression,9,0.048909966015619935,0.9856062187166719,1.7777777777777777
primary,D,Q1,Q3,MLP,9,0.6899141006577589,0.810099749498299,6.555555555555555
primary,D,Q1,Q3,RandomForest,9,0.7958842894440302,0.7756412007287289,7.111111111111111
primary,D,Q1,Q3,Ridge,9,0.04670599646412084,0.9862296988482733,1.2222222222222223
primary,D,Q1,Q3,SVR,9,0.5034337559184815,0.8658919381573715,5.111111111111111
primary,D,Q1,Q3,XGBoost,9,1.0529626317343512,0.7046416392030874,9.444444444444445
primary,D,Q1,Q4,AutoGluon,24,0.26364646015147114,0.9531668173060819,3.0416666666666665
primary,D,Q1,Q4,CatBoost,24,0.8457396546017427,0.8685990617503995,5.0
primary,D,Q1,Q4,DeepSetModel-MC,24,7.3700361966648975,-0.053932379218458,11.0
primary,D,Q1,Q4,FixedRidgeLambda1,24,0.039453876378055495,0.9918934384904947,1.2916666666666667
primary,D,Q1,Q4,KNN,24,1.677750423881161,0.7516969312433828,8.708333333333334
primary,D,Q1,Q4,LightGBM,24,1.0941844765642441,0.8188599054704487,6.583333333333333
primary,D,Q1,Q4,LinearRegression,24,0.040815697701952244,0.9916497833292685,1.7083333333333333
primary,D,Q1,Q4,MLP,24,0.6691461179866162,0.8449758942507289,5.708333333333333
primary,D,Q1,Q4,RandomForest,24,1.3180140066638362,0.8114670128625341,7.0
primary,D,Q1,Q4,Ridge,24,0.039453876378055495,0.9918934384904947,1.2916666666666667
primary,D,Q1,Q4,SVR,24,1.4555461150730256,0.8011750411679617,7.333333333333333
primary,D,Q1,Q4,XGBoost,24,1.5910478706546598,0.7557618786353278,8.625
primary,D,Q2,Q1,AutoGluon,3,0.3457826937111137,0.9761432171029377,3.0
primary,D,Q2,Q1,CatBoost,3,1.8028705542084582,0.8818325327744273,5.333333333333333
primary,D,Q2,Q1,DeepSetModel-MC,3,15.415985238403238,-0.0023849234450282666,11.0
primary,D,Q2,Q1,FixedRidgeLambda1,3,0.11065040157164424,0.9926802765537076,1.6666666666666667
primary,D,Q2,Q1,KNN,3,4.189594838581862,0.7256231920885364,9.333333333333334
primary,D,Q2,Q1,LightGBM,3,1.886083173873298,0.876959707205399,5.666666666666667
primary,D,Q2,Q1,LinearRegression,3,0.10909255846422676,0.9927786768003223,1.3333333333333333
primary,D,Q2,Q1,MLP,3,0.7279920458593345,0.9516449004056787,4.0
primary,D,Q2,Q1,RandomForest,3,2.8398248118643052,0.8170286895243835,8.333333333333334
primary,D,Q2,Q1,Ridge,3,0.11065040157164424,0.9926802765537076,1.6666666666666667
primary,D,Q2,Q1,SVR,3,2.764482966590753,0.8196307982126777,7.333333333333333
primary,D,Q2,Q1,XGBoost,3,3.3336591621996283,0.7846365283886229,9.0
primary,D,Q2,Q2,AutoGluon,9,0.5454755035528548,0.9477254883914665,3.111111111111111
primary,D,Q2,Q2,CatBoost,9,1.816287242343743,0.8483165895551615,5.333333333333333
primary,D,Q2,Q2,DeepSetModel-MC,9,11.319184482094718,-0.0373234904974583,11.0
primary,D,Q2,Q2,FixedRidgeLambda1,9,0.080685449563847,0.9890378334600851,1.7777777777777777
primary,D,Q2,Q2,KNN,9,2.8621568829125703,0.7304871081865697,8.666666666666666
primary,D,Q2,Q2,LightGBM,9,1.8059061824298412,0.8280507008580792,5.888888888888889
primary,D,Q2,Q2,LinearRegression,9,0.07767186039383632,0.9891688678825368,1.2222222222222223
primary,D,Q2,Q2,MLP,9,0.6786422047181498,0.9038668530463821,4.666666666666667
primary,D,Q2,Q2,RandomForest,9,2.736341110181937,0.7652490885639,7.555555555555555
primary,D,Q2,Q2,Ridge,9,0.080685449563847,0.9890378334600851,1.7777777777777777
primary,D,Q2,Q2,SVR,9,2.7865760720806887,0.7545701205417568,8.0
primary,D,Q2,Q2,XGBoost,9,2.945586696460921,0.7287555054250213,8.777777777777779
primary,D,Q2,Q3,AutoGluon,6,0.3098516129138581,0.9547430156860041,3.0
primary,D,Q2,Q3,CatBoost,6,1.1975767845789276,0.8329594340015462,5.833333333333333
primary,D,Q2,Q3,DeepSetModel-MC,6,7.273635479468996,-0.01635453887589136,11.0
primary,D,Q2,Q3,FixedRidgeLambda1,6,0.06996937564538315,0.9898293335046914,1.3333333333333333
primary,D,Q2,Q3,KNN,6,2.6726500798874433,0.6288440949042665,9.833333333333334
primary,D,Q2,Q3,LightGBM,6,1.1026208432779603,0.8446606077034947,5.333333333333333
primary,D,Q2,Q3,LinearRegression,6,0.07220999140488525,0.9895584610138748,1.6666666666666667
primary,D,Q2,Q3,MLP,6,0.5978659037805932,0.9165085305508516,4.0
primary,D,Q2,Q3,RandomForest,6,1.6017966803416295,0.7726228878019216,7.5
primary,D,Q2,Q3,Ridge,6,0.06996937564538315,0.9898293335046914,1.3333333333333333
primary,D,Q2,Q3,SVR,6,1.565588385952431,0.7809241799053508,7.333333333333333
primary,D,Q2,Q3,XGBoost,6,2.1334731790751875,0.6999496287755687,9.166666666666666
primary,D,Q2,Q4,AutoGluon,9,0.40174142358090453,0.9621505380604639,3.111111111111111
primary,D,Q2,Q4,CatBoost,9,1.4949529088774298,0.864121484679894,5.111111111111111
primary,D,Q2,Q4,DeepSetModel-MC,9,11.793539615313414,-0.017928387635173636,11.0
primary,D,Q2,Q4,FixedRidgeLambda1,9,0.09060511288537881,0.9923247666698849,1.6666666666666667
primary,D,Q2,Q4,KNN,9,3.7943078202387586,0.6690929279283484,9.777777777777779
primary,D,Q2,Q4,LightGBM,9,1.7754568823092316,0.8229694384563555,6.777777777777778
primary,D,Q2,Q4,LinearRegression,9,0.08882592722706774,0.9924158529253663,1.3333333333333333
primary,D,Q2,Q4,MLP,9,0.8345158357938609,0.9095087792417674,4.555555555555555
primary,D,Q2,Q4,RandomForest,9,2.6084529236750607,0.7620857522785917,8.0
primary,D,Q2,Q4,Ridge,9,0.09060511288537881,0.9923247666698849,1.6666666666666667
primary,D,Q2,Q4,SVR,9,2.533204131977814,0.7890765893930757,7.222222222222222
primary,D,Q2,Q4,XGBoost,9,2.468871161674827,0.7785511633087191,7.444444444444445
primary,D,Q3,Q1,AutoGluon,15,0.41974944968271016,0.9655550979039059,3.2
primary,D,Q3,Q1,CatBoost,15,2.4402490366160303,0.7971329351893636,5.6
primary,D,Q3,Q1,DeepSetModel-MC,15,12.627450412939794,-0.030020102918830054,11.0
primary,D,Q3,Q1,FixedRidgeLambda1,15,0.07483689638396487,0.9927882975167098,1.2
primary,D,Q3,Q1,KNN,15,4.458111844528022,0.631421000429789,9.333333333333334
primary,D,Q3,Q1,LightGBM,15,2.5261093393907688,0.7845715261278018,5.933333333333334
primary,D,Q3,Q1,LinearRegression,15,0.08038693604474113,0.9923170979847985,1.8
primary,D,Q3,Q1,MLP,15,0.7119933204330825,0.929230355661342,3.8
primary,D,Q3,Q1,RandomForest,15,3.62134836876898,0.6943801998571124,8.333333333333334
primary,D,Q3,Q1,Ridge,15,0.07483689638396487,0.9927882975167098,1.2
primary,D,Q3,Q1,SVR,15,3.2382615315436825,0.7482668747651692,7.066666666666666
primary,D,Q3,Q1,XGBoost,15,3.939373106391069,0.6530301587159804,8.733333333333333
primary,D,Q3,Q2,AutoGluon,18,0.4057393970541158,0.9644659749711191,3.0
primary,D,Q3,Q2,CatBoost,18,2.200806484694727,0.8210788406038068,5.666666666666667
primary,D,Q3,Q2,DeepSetModel-MC,18,13.211597138573321,-0.04143402943864201,11.0
primary,D,Q3,Q2,FixedRidgeLambda1,18,0.12167243370790332,0.9881000132844348,1.5
primary,D,Q3,Q2,KNN,18,3.8008057573535887,0.6825447425678761,9.055555555555555
primary,D,Q3,Q2,LightGBM,18,2.2532298500010306,0.8108748429697389,5.722222222222222
primary,D,Q3,Q2,LinearRegression,18,0.1218299605648954,0.9880620482532516,1.5
primary,D,Q3,Q2,MLP,18,0.8064038751220792,0.9221356419952189,4.222222222222222
primary,D,Q3,Q2,RandomForest,18,3.1497024329348946,0.7416930832412494,7.611111111111111
primary,D,Q3,Q2,Ridge,18,0.12167243370790332,0.9881000132844348,1.5
primary,D,Q3,Q2,SVR,18,3.3730806938608033,0.7398134662520681,8.0
primary,D,Q3,Q2,XGBoost,18,3.686114001393711,0.6997918976903177,8.722222222222221
primary,D,Q3,Q3,AutoGluon,3,0.3543429587660953,0.9784169830468935,3.0
primary,D,Q3,Q3,CatBoost,3,5.459531509340749,0.6774369184823771,6.333333333333333
primary,D,Q3,Q3,DeepSetModel-MC,3,17.211094920341584,-0.020037937021074034,11.0
primary,D,Q3,Q3,FixedRidgeLambda1,3,0.0816952513080416,0.9949469133119576,2.0
primary,D,Q3,Q3,KNN,3,9.270467850439244,0.4499280163865113,9.333333333333334
primary,D,Q3,Q3,LightGBM,3,3.9511686419635983,0.7602414830965772,5.0
primary,D,Q3,Q3,LinearRegression,3,0.0694922605228947,0.9956645510527946,1.0
primary,D,Q3,Q3,MLP,3,0.8272306814899265,0.947477664504146,4.0
primary,D,Q3,Q3,RandomForest,3,8.387915560166421,0.4951018537846459,9.0
primary,D,Q3,Q3,Ridge,3,0.0816952513080416,0.9949469133119576,2.0
primary,D,Q3,Q3,SVR,3,6.002387755742677,0.6509072908663761,7.0
primary,D,Q3,Q3,XGBoost,3,7.347852378718016,0.547147141253376,8.333333333333334
primary,D,Q3,Q4,AutoGluon,6,0.4552034629573131,0.9591418480951345,3.0
primary,D,Q3,Q4,CatBoost,6,2.091106458660932,0.8153621025272028,5.666666666666667
primary,D,Q3,Q4,DeepSetModel-MC,6,11.352584164554957,-0.014980149685893009,11.0
primary,D,Q3,Q4,FixedRidgeLambda1,6,0.109733422588983,0.9896072916157319,1.5
primary,D,Q3,Q4,KNN,6,4.6047798625320056,0.577043938043002,9.333333333333334
primary,D,Q3,Q4,LightGBM,6,1.8695920310161707,0.8322042080725374,5.333333333333333
primary,D,Q3,Q4,LinearRegression,6,0.11159854912644644,0.9894832137489042,1.5
primary,D,Q3,Q4,MLP,6,0.8992639124906758,0.9202863090110401,4.0
primary,D,Q3,Q4,RandomForest,6,3.11087942028723,0.7247630291712998,8.0
primary,D,Q3,Q4,Ridge,6,0.109733422588983,0.9896072916157319,1.5
primary,D,Q3,Q4,SVR,6,2.7699656299387896,0.7524933907792232,7.5
primary,D,Q3,Q4,XGBoost,6,3.8498897457608696,0.6592531999392109,9.166666666666666
primary,D,Q4,Q1,AutoGluon,6,0.49579960914282023,0.9712124125792415,3.0
primary,D,Q4,Q1,CatBoost,6,3.561229737439605,0.7957280645360223,6.166666666666667
primary,D,Q4,Q1,DeepSetModel-MC,6,18.200881063285006,-0.028068806749674186,11.0
primary,D,Q4,Q1,FixedRidgeLambda1,6,0.10619214756668453,0.9937787887992812,1.0
primary,D,Q4,Q1,KNN,6,7.177262140831637,0.5898926008353186,9.333333333333334
primary,D,Q4,Q1,LightGBM,6,2.8936341478769445,0.8342781073815241,5.0
primary,D,Q4,Q1,LinearRegression,6,0.11012335630479565,0.9935314772590808,2.0
primary,D,Q4,Q1,MLP,6,0.9104660361989406,0.9475872432888761,4.0
primary,D,Q4,Q1,RandomForest,6,5.226823936258966,0.6993048997627537,7.666666666666667
primary,D,Q4,Q1,Ridge,6,0.10619214756668453,0.9937787887992812,1.0
primary,D,Q4,Q1,SVR,6,5.813052247678303,0.6698885135852994,8.333333333333334
primary,D,Q4,Q1,XGBoost,6,5.6176946290521945,0.6765160283063963,8.5
primary,D,Q4,Q2,AutoGluon,3,0.4850842836582417,0.9592921058787942,3.3333333333333335
primary,D,Q4,Q2,CatBoost,3,2.8215096804472872,0.7389291410725164,5.666666666666667
primary,D,Q4,Q2,DeepSetModel-MC,3,10.992752688557388,-0.026282211394212968,11.0
primary,D,Q4,Q2,FixedRidgeLambda1,3,0.13336027465742106,0.9847394552555976,1.3333333333333333
primary,D,Q4,Q2,KNN,3,3.7720686750620867,0.6507315241251092,8.333333333333334
primary,D,Q4,Q2,LightGBM,3,2.545479234272599,0.7432336027786696,6.333333333333333
primary,D,Q4,Q2,LinearRegression,3,0.13557540864009263,0.9845943645291347,1.6666666666666667
primary,D,Q4,Q2,MLP,3,0.7165319577118606,0.9251767832902734,3.6666666666666665
primary,D,Q4,Q2,RandomForest,3,3.8866135173520298,0.634957119723161,8.0
primary,D,Q4,Q2,Ridge,3,0.13336027465742106,0.9847394552555976,1.3333333333333333
primary,D,Q4,Q2,SVR,3,3.4510292250397323,0.6967839363889968,6.666666666666667
primary,D,Q4,Q2,XGBoost,3,5.264380339210131,0.49884586278673976,10.0
primary,D,Q4,Q3,AutoGluon,6,0.364218627795192,0.9651107211991915,3.0
primary,D,Q4,Q3,CatBoost,6,2.172861052005947,0.7882385755144089,6.0
primary,D,Q4,Q3,DeepSetModel-MC,6,11.042165183195328,-0.02358703636989985,11.0
primary,D,Q4,Q3,FixedRidgeLambda1,6,0.13802469824072117,0.9869364546080227,1.1666666666666667
primary,D,Q4,Q3,KNN,6,3.2705165625489667,0.6886902177486189,8.666666666666666
primary,D,Q4,Q3,LightGBM,6,1.9580272192392487,0.8109558021817594,5.5
primary,D,Q4,Q3,LinearRegression,6,0.1395571395878439,0.9868296984281509,1.8333333333333333
primary,D,Q4,Q3,MLP,6,0.8122066419739834,0.9203484670491638,4.0
primary,D,Q4,Q3,RandomForest,6,3.3787155745483015,0.6715478455891261,9.333333333333334
primary,D,Q4,Q3,Ridge,6,0.13802469824072117,0.9869364546080227,1.1666666666666667
primary,D,Q4,Q3,SVR,6,2.4037695897213465,0.7823589989747816,6.5
primary,D,Q4,Q3,XGBoost,6,3.410370867879766,0.6641824147452041,9.0
primary,D,Q4,Q4,AutoGluon,12,0.3383540233796454,0.9665435236221734,3.0833333333333335
primary,D,Q4,Q4,CatBoost,12,2.510814836754508,0.7732172408468895,5.833333333333333
primary,D,Q4,Q4,DeepSetModel-MC,12,11.568301902721428,-0.0525596783044478,11.0
primary,D,Q4,Q4,FixedRidgeLambda1,12,0.11276944701763032,0.9886326975703631,1.3333333333333333
primary,D,Q4,Q4,KNN,12,3.756591489318659,0.6432008325541683,9.0
primary,D,Q4,Q4,LightGBM,12,2.287743704675246,0.7921676445810674,5.5
primary,D,Q4,Q4,LinearRegression,12,0.11479996102073205,0.9885205671259425,1.6666666666666667
primary,D,Q4,Q4,MLP,12,0.6536342637310913,0.9329697443089553,3.9166666666666665
primary,D,Q4,Q4,RandomForest,12,3.9801837965377316,0.6421263356353674,8.916666666666666
primary,D,Q4,Q4,Ridge,12,0.11276944701763032,0.9886326975703631,1.3333333333333333
primary,D,Q4,Q4,SVR,12,2.8701379168648224,0.7466230721894425,6.833333333333333
primary,D,Q4,Q4,XGBoost,12,3.9319868785309033,0.6371657623964869,8.916666666666666
