benchmark_suite,source,task_id,dataset_name,name,rep,seed,method,mse,rmse,r2,rank_mse,rank_rmse,rank_r2,raw_features,processed_features,selected_features,feature_selector,feature_cap,processed_matrix_bytes,estimated_gpu_inference_bytes
openml,openml,361259,pumadyn32nh,pumadyn32nh,0,0,AutoGluon,0.0004552539584957,0.0213366810562397,0.6653904534020159,1.0,1.0,1.0,,,,,,,
openml,openml,361259,pumadyn32nh,pumadyn32nh,1,1,AutoGluon,0.0004420257883053,0.0210244093449825,0.6657598958637172,1.0,1.0,1.0,,,,,,,
openml,openml,361259,pumadyn32nh,pumadyn32nh,2,2,AutoGluon,0.0004572778195833,0.0213840552651575,0.6463234657974171,1.0,1.0,1.0,,,,,,,
openml,openml,361259,pumadyn32nh,pumadyn32nh,3,3,AutoGluon,0.000491226510919,0.0221636303641581,0.6174312444077776,1.0,1.0,1.0,,,,,,,
openml,openml,361259,pumadyn32nh,pumadyn32nh,4,4,AutoGluon,0.0003932338953771,0.0198301259546454,0.7010875394810334,1.0,1.0,1.0,,,,,,,
openml,openml,361259,pumadyn32nh,pumadyn32nh,5,5,AutoGluon,0.000472214156015,0.0217304890882619,0.6486328450095451,1.0,1.0,1.0,,,,,,,
openml,openml,361259,pumadyn32nh,pumadyn32nh,6,6,AutoGluon,0.0004205830250713,0.0205081209541821,0.664417039708777,1.0,1.0,1.0,,,,,,,
openml,openml,361259,pumadyn32nh,pumadyn32nh,7,7,AutoGluon,0.0004396553523631,0.0209679601383429,0.6444720448688487,1.0,1.0,1.0,,,,,,,
openml,openml,361259,pumadyn32nh,pumadyn32nh,8,8,AutoGluon,0.0004164003575739,0.0204058902666351,0.67423323289333,1.0,1.0,1.0,,,,,,,
openml,openml,361259,pumadyn32nh,pumadyn32nh,9,9,AutoGluon,0.000458623988943,0.0214155081411345,0.650861899457214,1.0,1.0,1.0,,,,,,,
openml,openml,361250,red_wine,red_wine,0,0,AutoGluon,0.3120491527938114,0.5586135988264261,0.4785261236685443,1.0,1.0,1.0,,,,,,,
openml,openml,361250,red_wine,red_wine,1,1,AutoGluon,0.2421922534463846,0.4921303216083973,0.5125690496676536,1.0,1.0,1.0,,,,,,,
openml,openml,361250,red_wine,red_wine,2,2,AutoGluon,0.2823613221563036,0.5313768174810636,0.4336845936069122,1.0,1.0,1.0,,,,,,,
openml,openml,361250,red_wine,red_wine,3,3,AutoGluon,0.295553790640534,0.5436485911326673,0.4837488373091111,2.0,2.0,2.0,,,,,,,
openml,openml,361250,red_wine,red_wine,4,4,AutoGluon,0.3084240442015655,0.5553593829238554,0.5103165758149295,2.0,2.0,2.0,,,,,,,
openml,openml,361250,red_wine,red_wine,5,5,AutoGluon,0.2441233317280733,0.4940883845306155,0.5507470855985422,1.0,1.0,1.0,,,,,,,
openml,openml,361250,red_wine,red_wine,6,6,AutoGluon,0.2610528957348535,0.5109333574301579,0.5479603537058815,1.0,1.0,1.0,,,,,,,
openml,openml,361250,red_wine,red_wine,7,7,AutoGluon,0.2374642559290777,0.4873030432175421,0.4681930756902818,1.0,1.0,1.0,,,,,,,
openml,openml,361250,red_wine,red_wine,8,8,AutoGluon,0.3222695938229222,0.5676879370066993,0.4842397098107772,2.0,2.0,2.0,,,,,,,
openml,openml,361250,red_wine,red_wine,9,9,AutoGluon,0.2543214207022728,0.5043029057047688,0.5727653802757278,1.0,1.0,1.0,,,,,,,
openml,openml,361236,auction_verification,auction_verification,0,0,AutoGluon,63341.48878856674,251.6773505672824,0.9992704368197328,1.0,1.0,1.0,,,,,,,
openml,openml,361236,auction_verification,auction_verification,1,1,AutoGluon,40219.66207471782,200.54840332128757,0.9996059415932964,1.0,1.0,1.0,,,,,,,
openml,openml,361236,auction_verification,auction_verification,2,2,AutoGluon,105000.79384540596,324.03825984813267,0.9991278286591412,1.0,1.0,1.0,,,,,,,
openml,openml,361236,auction_verification,auction_verification,3,3,AutoGluon,117624.79984222366,342.9647209877769,0.998828509042882,2.0,2.0,2.0,,,,,,,
openml,openml,361236,auction_verification,auction_verification,4,4,AutoGluon,68296.68484781287,261.33634429182035,0.999299824141674,1.0,1.0,1.0,,,,,,,
openml,openml,361236,auction_verification,auction_verification,5,5,AutoGluon,101788.58046352337,319.04322663790145,0.9991660686532512,1.0,1.0,1.0,,,,,,,
openml,openml,361236,auction_verification,auction_verification,6,6,AutoGluon,109657.86384493115,331.1462876810356,0.9988647886884436,1.0,1.0,1.0,,,,,,,
openml,openml,361236,auction_verification,auction_verification,7,7,AutoGluon,92552.54099056764,304.22449110906183,0.9992154852958088,1.0,1.0,1.0,,,,,,,
openml,openml,361236,auction_verification,auction_verification,8,8,AutoGluon,125085.50057177056,353.6742859917449,0.9988890987540032,1.0,1.0,1.0,,,,,,,
openml,openml,361236,auction_verification,auction_verification,9,9,AutoGluon,49939.2584653953,223.4709342742257,0.999453423856328,1.0,1.0,1.0,,,,,,,
openml,openml,361622,cars,cars,0,0,AutoGluon,4190161.3977152505,2046.9883726380203,0.9554667339543508,1.0,1.0,1.0,,,,,,,
openml,openml,361622,cars,cars,1,1,AutoGluon,6594483.770358168,2567.9726965756795,0.955112711584179,1.0,1.0,1.0,,,,,,,
openml,openml,361622,cars,cars,2,2,AutoGluon,4002518.610706777,2000.629553592263,0.9551361955730464,1.0,1.0,1.0,,,,,,,
openml,openml,361622,cars,cars,3,3,AutoGluon,4001044.907733411,2000.261209875703,0.9561984669519944,1.0,1.0,1.0,,,,,,,
openml,openml,361622,cars,cars,4,4,AutoGluon,3303442.321232902,1817.5374332411704,0.9693129777394364,1.0,1.0,1.0,,,,,,,
openml,openml,361622,cars,cars,5,5,AutoGluon,5632176.522432834,2373.22070664168,0.954164162443661,1.0,1.0,1.0,,,,,,,
openml,openml,361622,cars,cars,6,6,AutoGluon,4812700.004142008,2193.7866815490534,0.957796784791516,1.0,1.0,1.0,,,,,,,
openml,openml,361622,cars,cars,7,7,AutoGluon,5886923.622640668,2426.2983375176,0.9065492924025784,1.0,1.0,1.0,,,,,,,
openml,openml,361622,cars,cars,8,8,AutoGluon,4222358.260767348,2054.8377699388698,0.9489531206899438,1.0,1.0,1.0,,,,,,,
openml,openml,361622,cars,cars,9,9,AutoGluon,6146683.001970362,2479.250491977437,0.9379227243249249,1.0,1.0,1.0,,,,,,,
openml,openml,361237,concrete_compressive_strength,concrete_compressive_strength,0,0,AutoGluon,17.432465329898143,4.175220392973063,0.9360881979744508,1.0,1.0,1.0,,,,,,,
openml,openml,361237,concrete_compressive_strength,concrete_compressive_strength,1,1,AutoGluon,10.885489821779592,3.299316568894169,0.9526945381582308,1.0,1.0,1.0,,,,,,,
openml,openml,361237,concrete_compressive_strength,concrete_compressive_strength,2,2,AutoGluon,5.6806423096016,2.3834098073142185,0.9742714400700992,1.0,1.0,1.0,,,,,,,
openml,openml,361237,concrete_compressive_strength,concrete_compressive_strength,3,3,AutoGluon,9.685114847567482,3.11209171580265,0.9684403594178363,3.0,3.0,3.0,,,,,,,
openml,openml,361237,concrete_compressive_strength,concrete_compressive_strength,4,4,AutoGluon,13.971098715916623,3.737793294969189,0.9553960042403536,1.0,1.0,1.0,,,,,,,
openml,openml,361237,concrete_compressive_strength,concrete_compressive_strength,5,5,AutoGluon,15.060075423741264,3.880731300121314,0.9346844231093746,1.0,1.0,1.0,,,,,,,
openml,openml,361237,concrete_compressive_strength,concrete_compressive_strength,6,6,AutoGluon,10.915302579806028,3.303831499911281,0.9628705727060296,1.0,1.0,1.0,,,,,,,
openml,openml,361237,concrete_compressive_strength,concrete_compressive_strength,7,7,AutoGluon,8.483939665958122,2.912720320586603,0.9699911774460328,1.0,1.0,1.0,,,,,,,
openml,openml,361237,concrete_compressive_strength,concrete_compressive_strength,8,8,AutoGluon,13.552841530516924,3.6814184128562353,0.9523986992717174,1.0,1.0,1.0,,,,,,,
openml,openml,361237,concrete_compressive_strength,concrete_compressive_strength,9,9,AutoGluon,15.58710786469712,3.948051147679969,0.9327726416869212,2.0,2.0,2.0,,,,,,,
openml,openml,361235,airfoil_self_noise,airfoil_self_noise,0,0,AutoGluon,2.0094665371896143,1.41755653756371,0.955478570552222,1.0,1.0,1.0,,,,,,,
openml,openml,361235,airfoil_self_noise,airfoil_self_noise,1,1,AutoGluon,1.372275077437578,1.1714414528424275,0.9651740557295876,1.0,1.0,1.0,,,,,,,
openml,openml,361235,airfoil_self_noise,airfoil_self_noise,2,2,AutoGluon,2.3788550450356327,1.542353735378377,0.9546744823222868,1.0,1.0,1.0,,,,,,,
openml,openml,361235,airfoil_self_noise,airfoil_self_noise,3,3,AutoGluon,1.9313811459462928,1.3897413953488946,0.9596091354173802,1.0,1.0,1.0,,,,,,,
openml,openml,361235,airfoil_self_noise,airfoil_self_noise,4,4,AutoGluon,1.4239194377229876,1.1932809550659005,0.9707533771018184,1.0,1.0,1.0,,,,,,,
openml,openml,361235,airfoil_self_noise,airfoil_self_noise,5,5,AutoGluon,1.749486849161824,1.3226816885259371,0.9589974479749748,1.0,1.0,1.0,,,,,,,
openml,openml,361235,airfoil_self_noise,airfoil_self_noise,6,6,AutoGluon,1.3804949709616712,1.1749446671914687,0.9724128393192896,1.0,1.0,1.0,,,,,,,
openml,openml,361235,airfoil_self_noise,airfoil_self_noise,7,7,AutoGluon,2.1131648272661407,1.4536728749158596,0.9613264228353212,2.0,2.0,2.0,,,,,,,
openml,openml,361235,airfoil_self_noise,airfoil_self_noise,8,8,AutoGluon,1.3191211622205272,1.148530000574877,0.9725461823703376,1.0,1.0,1.0,,,,,,,
openml,openml,361235,airfoil_self_noise,airfoil_self_noise,9,9,AutoGluon,1.522976491337377,1.2340893368542558,0.9679466299223156,1.0,1.0,1.0,,,,,,,
openml,openml,361617,energy_efficiency,energy_efficiency,0,0,AutoGluon,0.2081768472875788,0.4562640105109966,0.9982523625793726,3.0,3.0,3.0,,,,,,,
openml,openml,361617,energy_efficiency,energy_efficiency,1,1,AutoGluon,0.1085799741490813,0.3295147555862732,0.9988549436053916,3.0,3.0,3.0,,,,,,,
openml,openml,361617,energy_efficiency,energy_efficiency,2,2,AutoGluon,0.1378891797292619,0.3713343233923601,0.9984445604001952,2.0,2.0,2.0,,,,,,,
openml,openml,361617,energy_efficiency,energy_efficiency,3,3,AutoGluon,0.0861260791379203,0.2934724503900158,0.9990985742998156,1.0,1.0,1.0,,,,,,,
openml,openml,361617,energy_efficiency,energy_efficiency,4,4,AutoGluon,0.09263840426978,0.3043655766833366,0.9990086680219602,3.0,3.0,3.0,,,,,,,
openml,openml,361617,energy_efficiency,energy_efficiency,5,5,AutoGluon,0.0917583808106765,0.3029164584678034,0.9990333912102864,2.0,2.0,2.0,,,,,,,
openml,openml,361617,energy_efficiency,energy_efficiency,6,6,AutoGluon,0.0861139471578022,0.2934517799533719,0.9991393987064948,3.0,3.0,3.0,,,,,,,
openml,openml,361617,energy_efficiency,energy_efficiency,7,7,AutoGluon,0.1264740795877869,0.3556319439923626,0.9986781864915344,1.0,1.0,1.0,,,,,,,
openml,openml,361617,energy_efficiency,energy_efficiency,8,8,AutoGluon,0.0716447921365611,0.2676654481560164,0.9993908162527656,3.0,3.0,3.0,,,,,,,
openml,openml,361617,energy_efficiency,energy_efficiency,9,9,AutoGluon,0.0729784928733576,0.2701453180666984,0.9992850091048064,2.0,2.0,2.0,,,,,,,
openml,openml,361621,QSAR_fish_toxicity,QSAR_fish_toxicity,0,0,AutoGluon,0.910446542447056,0.9541732245494294,0.6345433427599033,1.0,1.0,1.0,,,,,,,
openml,openml,361621,QSAR_fish_toxicity,QSAR_fish_toxicity,1,1,AutoGluon,1.0129303985981954,1.0064444339347285,0.4862871541876843,1.0,1.0,1.0,,,,,,,
openml,openml,361621,QSAR_fish_toxicity,QSAR_fish_toxicity,2,2,AutoGluon,0.4856826922089693,0.696909385938351,0.7143483361489803,1.0,1.0,1.0,,,,,,,
openml,openml,361621,QSAR_fish_toxicity,QSAR_fish_toxicity,3,3,AutoGluon,0.9504811755862396,0.9749262411004432,0.53480823404072,1.0,1.0,1.0,,,,,,,
openml,openml,361621,QSAR_fish_toxicity,QSAR_fish_toxicity,4,4,AutoGluon,0.9348270994392712,0.9668645714055673,0.6382325459423932,1.0,1.0,1.0,,,,,,,
openml,openml,361621,QSAR_fish_toxicity,QSAR_fish_toxicity,5,5,AutoGluon,0.5632928651331257,0.7505283906243159,0.7607838972161087,1.0,1.0,1.0,,,,,,,
openml,openml,361621,QSAR_fish_toxicity,QSAR_fish_toxicity,6,6,AutoGluon,0.5415179327836206,0.7358790204806905,0.6654189151491934,1.0,1.0,1.0,,,,,,,
openml,openml,361621,QSAR_fish_toxicity,QSAR_fish_toxicity,7,7,AutoGluon,0.6927049960694833,0.8322890099415486,0.6261145438192014,1.0,1.0,1.0,,,,,,,
openml,openml,361621,QSAR_fish_toxicity,QSAR_fish_toxicity,8,8,AutoGluon,0.7411281375216066,0.8608879935982419,0.7015448180299717,1.0,1.0,1.0,,,,,,,
openml,openml,361621,QSAR_fish_toxicity,QSAR_fish_toxicity,9,9,AutoGluon,1.1921246959596996,1.091844629954143,0.487309794640187,1.0,1.0,1.0,,,,,,,
openml,openml,361256,cpu_activity,cpu_activity,0,0,AutoGluon,4.814327162961106,2.1941575064158694,0.9863761864092058,1.0,1.0,1.0,,,,,,,
openml,openml,361256,cpu_activity,cpu_activity,1,1,AutoGluon,3.571186762304181,1.889758387282401,0.9903925600104784,1.0,1.0,1.0,,,,,,,
openml,openml,361256,cpu_activity,cpu_activity,2,2,AutoGluon,4.270316131731156,2.0664743239951364,0.9847758948121936,1.0,1.0,1.0,,,,,,,
openml,openml,361256,cpu_activity,cpu_activity,3,3,AutoGluon,4.8796882047894,2.2090016307801585,0.987941329134409,1.0,1.0,1.0,,,,,,,
openml,openml,361256,cpu_activity,cpu_activity,4,4,AutoGluon,4.146201565699498,2.036222376288872,0.9873231192842268,1.0,1.0,1.0,,,,,,,
openml,openml,361256,cpu_activity,cpu_activity,5,5,AutoGluon,5.0320774008147096,2.243229235012488,0.985429393812942,1.0,1.0,1.0,,,,,,,
openml,openml,361256,cpu_activity,cpu_activity,6,6,AutoGluon,3.480689859443277,1.8656607031942536,0.9884135035834618,1.0,1.0,1.0,,,,,,,
openml,openml,361256,cpu_activity,cpu_activity,7,7,AutoGluon,4.725611618737789,2.1738471930514778,0.9874700169653764,1.0,1.0,1.0,,,,,,,
openml,openml,361256,cpu_activity,cpu_activity,8,8,AutoGluon,3.836273563274745,1.958640743800339,0.98589479782574,1.0,1.0,1.0,,,,,,,
openml,openml,361256,cpu_activity,cpu_activity,9,9,AutoGluon,5.453248912346425,2.335219242886292,0.9830207435255204,2.0,2.0,2.0,,,,,,,
openml,openml,361243,geographical_origin_of_music,geographical_origin_of_music,0,0,AutoGluon,224.44924411180824,14.981630222102272,0.3217005656494854,1.0,1.0,1.0,,,,,,,
openml,openml,361243,geographical_origin_of_music,geographical_origin_of_music,1,1,AutoGluon,254.72676541628508,15.96016182299807,0.3012184402736461,1.0,1.0,1.0,,,,,,,
openml,openml,361243,geographical_origin_of_music,geographical_origin_of_music,2,2,AutoGluon,210.5738950492306,14.511164496663616,0.4077266735237216,1.0,1.0,1.0,,,,,,,
openml,openml,361243,geographical_origin_of_music,geographical_origin_of_music,3,3,AutoGluon,288.9404504555055,16.998248452576092,0.359862609144979,1.0,1.0,1.0,,,,,,,
openml,openml,361243,geographical_origin_of_music,geographical_origin_of_music,4,4,AutoGluon,302.6931265476198,17.39807824294453,0.3041844602718707,1.0,1.0,1.0,,,,,,,
openml,openml,361243,geographical_origin_of_music,geographical_origin_of_music,5,5,AutoGluon,243.07765896843785,15.590947981711627,0.2736847467057861,1.0,1.0,1.0,,,,,,,
openml,openml,361243,geographical_origin_of_music,geographical_origin_of_music,6,6,AutoGluon,241.35212002391992,15.535511579086153,0.2930238925133409,1.0,1.0,1.0,,,,,,,
openml,openml,361243,geographical_origin_of_music,geographical_origin_of_music,7,7,AutoGluon,263.5548351881933,16.23437202937623,0.2500282328864529,1.0,1.0,1.0,,,,,,,
openml,openml,361243,geographical_origin_of_music,geographical_origin_of_music,8,8,AutoGluon,273.6094822722181,16.54114513182863,0.2784671043261665,1.0,1.0,1.0,,,,,,,
openml,openml,361243,geographical_origin_of_music,geographical_origin_of_music,9,9,AutoGluon,214.4483296637034,14.64405441343699,0.4567559173457897,1.0,1.0,1.0,,,,,,,
openml,openml,361251,grid_stability,grid_stability,0,0,AutoGluon,2.556171834021864e-05,0.0050558598022708,0.9811229464751344,1.0,1.0,1.0,,,,,,,
openml,openml,361251,grid_stability,grid_stability,1,1,AutoGluon,2.501042117100292e-05,0.0050010420085221,0.9808446196783696,1.0,1.0,1.0,,,,,,,
openml,openml,361251,grid_stability,grid_stability,2,2,AutoGluon,2.2469449949571208e-05,0.004740195138343,0.9840967081609612,1.0,1.0,1.0,,,,,,,
openml,openml,361251,grid_stability,grid_stability,3,3,AutoGluon,2.4582668544817707e-05,0.0049580912198967,0.9822978592323948,1.0,1.0,1.0,,,,,,,
openml,openml,361251,grid_stability,grid_stability,4,4,AutoGluon,3.1348289569572536e-05,0.005598954328227,0.9780030862030412,1.0,1.0,1.0,,,,,,,
openml,openml,361251,grid_stability,grid_stability,5,5,AutoGluon,2.1339571541023456e-05,0.0046194774099483,0.9838485397800208,1.0,1.0,1.0,,,,,,,
openml,openml,361251,grid_stability,grid_stability,6,6,AutoGluon,2.199699055403878e-05,0.0046900949408342,0.984174207739138,1.0,1.0,1.0,,,,,,,
openml,openml,361251,grid_stability,grid_stability,7,7,AutoGluon,2.216295178055388e-05,0.0047077544307826,0.9841226482377212,1.0,1.0,1.0,,,,,,,
openml,openml,361251,grid_stability,grid_stability,8,8,AutoGluon,2.3811222824410405e-05,0.0048796744588558,0.9823232624029292,1.0,1.0,1.0,,,,,,,
openml,openml,361251,grid_stability,grid_stability,9,9,AutoGluon,2.4359287948437906e-05,0.0049355129367106,0.9825541288878628,1.0,1.0,1.0,,,,,,,
openml,openml,361258,kin8nm,kin8nm,0,0,AutoGluon,0.0047986614413602,0.0692723714142967,0.9293790463010712,1.0,1.0,1.0,,,,,,,
openml,openml,361258,kin8nm,kin8nm,1,1,AutoGluon,0.0048893045473213,0.069923562175574,0.9290678532482533,1.0,1.0,1.0,,,,,,,
openml,openml,361258,kin8nm,kin8nm,2,2,AutoGluon,0.005145353797749,0.0717311215425291,0.9282529166003676,1.0,1.0,1.0,,,,,,,
openml,openml,361258,kin8nm,kin8nm,3,3,AutoGluon,0.0047562295027788,0.0689654225157715,0.9317780382350118,1.0,1.0,1.0,,,,,,,
openml,openml,361258,kin8nm,kin8nm,4,4,AutoGluon,0.0049336064341102,0.0702396357771752,0.9302226266953584,1.0,1.0,1.0,,,,,,,
openml,openml,361258,kin8nm,kin8nm,5,5,AutoGluon,0.0051353474256518,0.071661338430508,0.9267076073493796,1.0,1.0,1.0,,,,,,,
openml,openml,361258,kin8nm,kin8nm,6,6,AutoGluon,0.0045152554545112,0.0671956505624525,0.9317436706997856,1.0,1.0,1.0,,,,,,,
openml,openml,361258,kin8nm,kin8nm,7,7,AutoGluon,0.0049847785207985,0.0706029639661009,0.9275258633595568,1.0,1.0,1.0,,,,,,,
openml,openml,361258,kin8nm,kin8nm,8,8,AutoGluon,0.0047358798431321,0.0688177291337935,0.9339572403817912,1.0,1.0,1.0,,,,,,,
openml,openml,361258,kin8nm,kin8nm,9,9,AutoGluon,0.0051359525756244,0.0716655605965963,0.9282133855688156,1.0,1.0,1.0,,,,,,,
openml,openml,361249,white_wine,white_wine,0,0,AutoGluon,0.4012819385694651,0.6334681827601645,0.547705410522352,1.0,1.0,1.0,,,,,,,
openml,openml,361249,white_wine,white_wine,1,1,AutoGluon,0.3056656100446482,0.5528703374613692,0.5857960483355155,1.0,1.0,1.0,,,,,,,
openml,openml,361249,white_wine,white_wine,2,2,AutoGluon,0.3631292923966356,0.602602101221557,0.543571947040209,1.0,1.0,1.0,,,,,,,
openml,openml,361249,white_wine,white_wine,3,3,AutoGluon,0.3882326045620769,0.6230831441806759,0.5358968759846717,1.0,1.0,1.0,,,,,,,
openml,openml,361249,white_wine,white_wine,4,4,AutoGluon,0.360417227173829,0.6003475886299778,0.5471680991918557,1.0,1.0,1.0,,,,,,,
openml,openml,361249,white_wine,white_wine,5,5,AutoGluon,0.276591688223768,0.5259198496194719,0.6028985126257103,1.0,1.0,1.0,,,,,,,
openml,openml,361249,white_wine,white_wine,6,6,AutoGluon,0.2758040059511706,0.5251704541871817,0.6108702647325353,1.0,1.0,1.0,,,,,,,
openml,openml,361249,white_wine,white_wine,7,7,AutoGluon,0.2919840561105734,0.540355490497296,0.6191250224261742,1.0,1.0,1.0,,,,,,,
openml,openml,361249,white_wine,white_wine,8,8,AutoGluon,0.2662259418742994,0.5159708730871341,0.6477821444447669,1.0,1.0,1.0,,,,,,,
openml,openml,361249,white_wine,white_wine,9,9,AutoGluon,0.4451797724411015,0.6672179347417915,0.5047851735161138,1.0,1.0,1.0,,,,,,,
kaggle,kaggle,playground-series-s3e9,Concrete Strength,Concrete Strength,0,0,AutoGluon,136.1753318707735,11.669418660360655,0.4697378878304687,1.0,1.0,1.0,,,,,,,
kaggle,kaggle,playground-series-s3e9,Concrete Strength,Concrete Strength,1,1,AutoGluon,157.69276765149473,12.557578096571596,0.4151259734604828,1.0,1.0,1.0,,,,,,,
kaggle,kaggle,playground-series-s3e9,Concrete Strength,Concrete Strength,2,2,AutoGluon,144.57855861137938,12.024082443636994,0.4780544436553625,1.0,1.0,1.0,,,,,,,
kaggle,kaggle,playground-series-s3e9,Concrete Strength,Concrete Strength,3,3,AutoGluon,141.6129281239001,11.90012302977999,0.4612259269978515,1.0,1.0,1.0,,,,,,,
kaggle,kaggle,playground-series-s3e9,Concrete Strength,Concrete Strength,4,4,AutoGluon,136.3337821378826,11.676205810873778,0.441688083487523,1.0,1.0,1.0,,,,,,,
kaggle,kaggle,playground-series-s3e9,Concrete Strength,Concrete Strength,5,5,AutoGluon,147.434335120779,12.142254120252096,0.4738343899327549,1.0,1.0,1.0,,,,,,,
kaggle,kaggle,playground-series-s3e9,Concrete Strength,Concrete Strength,6,6,AutoGluon,148.25689484568215,12.17607879597049,0.4521217425164666,1.0,1.0,1.0,,,,,,,
kaggle,kaggle,playground-series-s3e9,Concrete Strength,Concrete Strength,7,7,AutoGluon,150.37995683668024,12.262950576296076,0.4565894505930414,1.0,1.0,1.0,,,,,,,
kaggle,kaggle,playground-series-s3e9,Concrete Strength,Concrete Strength,8,8,AutoGluon,145.02044538105747,12.042443497108778,0.4740316540589803,1.0,1.0,1.0,,,,,,,
kaggle,kaggle,playground-series-s3e9,Concrete Strength,Concrete Strength,9,9,AutoGluon,153.1131629333536,12.373890371801169,0.4725774578057009,1.0,1.0,1.0,,,,,,,
openml,openml,361234,abalone,abalone,0,0,AutoGluon,4.134007462310182,2.0332258758707016,0.6186543013920085,1.0,1.0,1.0,,,,,,,
openml,openml,361234,abalone,abalone,1,1,AutoGluon,4.033282602691268,2.008303414001796,0.5878363247585929,2.0,2.0,2.0,,,,,,,
openml,openml,361234,abalone,abalone,2,2,AutoGluon,4.731990612991813,2.175313911368153,0.5955811262278046,1.0,1.0,1.0,,,,,,,
openml,openml,361234,abalone,abalone,3,3,AutoGluon,4.344119539514529,2.084255152210144,0.5509726323529736,1.0,1.0,1.0,,,,,,,
openml,openml,361234,abalone,abalone,4,4,AutoGluon,3.882813972073408,1.9704857198349368,0.551218771197017,1.0,1.0,1.0,,,,,,,
openml,openml,361234,abalone,abalone,5,5,AutoGluon,4.2851878597450535,2.0700695301716445,0.5881835342719147,1.0,1.0,1.0,,,,,,,
openml,openml,361234,abalone,abalone,6,6,AutoGluon,3.962971823744283,1.990721432984606,0.6308589512869088,1.0,1.0,1.0,,,,,,,
openml,openml,361234,abalone,abalone,7,7,AutoGluon,4.816832920386879,2.1947284388704857,0.5849895385555406,2.0,2.0,2.0,,,,,,,
openml,openml,361234,abalone,abalone,8,8,AutoGluon,4.581693668456405,2.1404891189764093,0.5620217407329965,1.0,1.0,1.0,,,,,,,
openml,openml,361234,abalone,abalone,9,9,AutoGluon,5.446342779899903,2.333740084049615,0.5203780922437835,2.0,2.0,2.0,,,,,,,
kaggle,kaggle,playground-series-s3e5,Wine Quality,Wine Quality,0,0,AutoGluon,0.4527316418110095,0.6728533583263218,0.3382661126341748,2.0,2.0,2.0,,,,,,,
kaggle,kaggle,playground-series-s3e5,Wine Quality,Wine Quality,1,1,AutoGluon,0.5337828138486465,0.7306044168006696,0.2955932615455061,1.0,1.0,1.0,,,,,,,
kaggle,kaggle,playground-series-s3e5,Wine Quality,Wine Quality,2,2,AutoGluon,0.3838823828740123,0.619582426214634,0.4418026041789478,1.0,1.0,1.0,,,,,,,
kaggle,kaggle,playground-series-s3e5,Wine Quality,Wine Quality,3,3,AutoGluon,0.4734576458878127,0.6880825865314517,0.359240698402372,2.0,2.0,2.0,,,,,,,
kaggle,kaggle,playground-series-s3e5,Wine Quality,Wine Quality,4,4,AutoGluon,0.4379930849971345,0.6618104600239668,0.3918171998645856,1.0,1.0,1.0,,,,,,,
kaggle,kaggle,playground-series-s3e5,Wine Quality,Wine Quality,5,5,AutoGluon,0.3904752335283586,0.6248801753363269,0.3375097149364534,2.0,2.0,2.0,,,,,,,
kaggle,kaggle,playground-series-s3e5,Wine Quality,Wine Quality,6,6,AutoGluon,0.558820214081919,0.7475427841146746,0.4035090400246424,2.0,2.0,2.0,,,,,,,
kaggle,kaggle,playground-series-s3e5,Wine Quality,Wine Quality,7,7,AutoGluon,0.4514506075402416,0.6719007423274971,0.365300888497956,1.0,1.0,1.0,,,,,,,
kaggle,kaggle,playground-series-s3e5,Wine Quality,Wine Quality,8,8,AutoGluon,0.4461739513372871,0.6679625373756279,0.3783215852722247,1.0,1.0,1.0,,,,,,,
kaggle,kaggle,playground-series-s3e5,Wine Quality,Wine Quality,9,9,AutoGluon,0.448131371857757,0.6694261511606466,0.3574502332695034,1.0,1.0,1.0,,,,,,,
openml,openml,361623,space_ga,space_ga,0,0,AutoGluon,0.0080851878231409,0.0899176724739965,0.7912097044548616,1.0,1.0,1.0,,,,,,,
openml,openml,361623,space_ga,space_ga,1,1,AutoGluon,0.009665624306293,0.0983139069831582,0.7319431370603415,1.0,1.0,1.0,,,,,,,
openml,openml,361623,space_ga,space_ga,2,2,AutoGluon,0.0083959086174399,0.0916291908588085,0.7972909462170211,1.0,1.0,1.0,,,,,,,
openml,openml,361623,space_ga,space_ga,3,3,AutoGluon,0.006123685851504,0.0782539829753349,0.8196975517760587,1.0,1.0,1.0,,,,,,,
openml,openml,361623,space_ga,space_ga,4,4,AutoGluon,0.0097577713225679,0.0987814320738872,0.7554729211927841,1.0,1.0,1.0,,,,,,,
openml,openml,361623,space_ga,space_ga,5,5,AutoGluon,0.0081635561426697,0.0903523997615431,0.7704428669361721,1.0,1.0,1.0,,,,,,,
openml,openml,361623,space_ga,space_ga,6,6,AutoGluon,0.0071651187316996,0.0846470243523048,0.8122854568925961,1.0,1.0,1.0,,,,,,,
openml,openml,361623,space_ga,space_ga,7,7,AutoGluon,0.0095133472419821,0.0975363893220479,0.7524760844307467,1.0,1.0,1.0,,,,,,,
openml,openml,361623,space_ga,space_ga,8,8,AutoGluon,0.0107185857801317,0.103530603109089,0.7300349855613313,3.0,3.0,3.0,,,,,,,
openml,openml,361623,space_ga,space_ga,9,9,AutoGluon,0.0083454473440009,0.0913534199907206,0.7764776873047121,1.0,1.0,1.0,,,,,,,
openml,openml,361234,abalone,abalone,0,0,CatBoost,4.488333672256431,2.118568779213087,0.5859691218660951,4.0,4.0,4.0,,,,,,,
openml,openml,361234,abalone,abalone,1,1,CatBoost,4.311386269582402,2.076387793641256,0.5594167368607658,5.0,5.0,5.0,,,,,,,
openml,openml,361234,abalone,abalone,2,2,CatBoost,5.507405185212755,2.346786139641351,0.5293104351695497,6.0,6.0,6.0,,,,,,,
openml,openml,361234,abalone,abalone,3,3,CatBoost,4.870145961260901,2.206840719503993,0.4966002198719039,6.0,6.0,6.0,,,,,,,
openml,openml,361234,abalone,abalone,4,4,CatBoost,4.233063983972075,2.057441125274809,0.5107363705827515,3.0,3.0,3.0,,,,,,,
openml,openml,361234,abalone,abalone,5,5,CatBoost,4.668571915527547,2.160687833891686,0.5513394396752688,3.0,3.0,3.0,,,,,,,
openml,openml,361234,abalone,abalone,6,6,CatBoost,4.477494009331639,2.116008981392007,0.5829324790279116,5.0,5.0,5.0,,,,,,,
openml,openml,361234,abalone,abalone,7,7,CatBoost,5.212762355647865,2.283147466907879,0.5508769047268571,5.0,5.0,5.0,,,,,,,
openml,openml,361234,abalone,abalone,8,8,CatBoost,5.100304557814946,2.2583853873541924,0.5124461228513474,7.0,7.0,7.0,,,,,,,
openml,openml,361234,abalone,abalone,9,9,CatBoost,5.745983140851219,2.3970780422946643,0.4939908288327074,4.0,4.0,4.0,,,,,,,
openml,openml,361235,airfoil_self_noise,airfoil_self_noise,0,0,CatBoost,3.286517535877685,1.8128754882444864,0.9271844263666598,3.0,3.0,3.0,,,,,,,
openml,openml,361235,airfoil_self_noise,airfoil_self_noise,1,1,CatBoost,2.2002766703176606,1.4833329600321232,0.9441608217187366,3.0,3.0,3.0,,,,,,,
openml,openml,361235,airfoil_self_noise,airfoil_self_noise,2,2,CatBoost,3.2127837005735684,1.792423973443105,0.9387852216052808,3.0,3.0,3.0,,,,,,,
openml,openml,361235,airfoil_self_noise,airfoil_self_noise,3,3,CatBoost,3.3717478644914016,1.8362319745858369,0.9294868277619622,5.0,5.0,5.0,,,,,,,
openml,openml,361235,airfoil_self_noise,airfoil_self_noise,4,4,CatBoost,2.1136487137388174,1.4538393012086368,0.9565866682957862,2.0,2.0,2.0,,,,,,,
openml,openml,361235,airfoil_self_noise,airfoil_self_noise,5,5,CatBoost,3.037119275559134,1.7427332772283697,0.9288193328449528,5.0,5.0,5.0,,,,,,,
openml,openml,361235,airfoil_self_noise,airfoil_self_noise,6,6,CatBoost,2.07655960967633,1.441027275826634,0.9585030117311416,3.0,3.0,3.0,,,,,,,
openml,openml,361235,airfoil_self_noise,airfoil_self_noise,7,7,CatBoost,3.04670882622636,1.745482405017696,0.9442413921673072,3.0,3.0,3.0,,,,,,,
openml,openml,361235,airfoil_self_noise,airfoil_self_noise,8,8,CatBoost,2.332810472037904,1.5273540755299355,0.9514490745064792,3.0,3.0,3.0,,,,,,,
openml,openml,361235,airfoil_self_noise,airfoil_self_noise,9,9,CatBoost,2.192514724028037,1.480714261438728,0.9538551735697972,3.0,3.0,3.0,,,,,,,
openml,openml,361237,concrete_compressive_strength,concrete_compressive_strength,0,0,CatBoost,22.33038683518644,4.725503871037081,0.918131185947828,3.0,3.0,3.0,,,,,,,
openml,openml,361237,concrete_compressive_strength,concrete_compressive_strength,1,1,CatBoost,14.87674095465746,3.85703784719018,0.935349615581618,3.0,3.0,3.0,,,,,,,
openml,openml,361237,concrete_compressive_strength,concrete_compressive_strength,2,2,CatBoost,8.069872647857649,2.8407521271412697,0.9634502243353472,2.0,2.0,2.0,,,,,,,
openml,openml,361237,concrete_compressive_strength,concrete_compressive_strength,3,3,CatBoost,14.19696528794631,3.7678860502868594,0.9537381715243602,5.0,5.0,5.0,,,,,,,
openml,openml,361237,concrete_compressive_strength,concrete_compressive_strength,4,4,CatBoost,17.504200015066658,4.1838021003707455,0.9441162589196684,2.0,2.0,2.0,,,,,,,
openml,openml,361237,concrete_compressive_strength,concrete_compressive_strength,5,5,CatBoost,17.56196216894126,4.190699484446631,0.9238337353485326,2.0,2.0,2.0,,,,,,,
openml,openml,361237,concrete_compressive_strength,concrete_compressive_strength,6,6,CatBoost,13.311164413251172,3.648446849448567,0.9547208235716468,3.0,3.0,3.0,,,,,,,
openml,openml,361237,concrete_compressive_strength,concrete_compressive_strength,7,7,CatBoost,9.920427149459847,3.1496709589193355,0.9649101302332188,3.0,3.0,3.0,,,,,,,
openml,openml,361237,concrete_compressive_strength,concrete_compressive_strength,8,8,CatBoost,16.222891411945135,4.027765064144772,0.9430207509588714,3.0,3.0,3.0,,,,,,,
openml,openml,361237,concrete_compressive_strength,concrete_compressive_strength,9,9,CatBoost,14.328840745017052,3.78534552518222,0.9381995608590072,1.0,1.0,1.0,,,,,,,
openml,openml,361250,red_wine,red_wine,0,0,CatBoost,0.345208885994649,0.5875447948834617,0.4231119863265871,3.0,3.0,3.0,,,,,,,
openml,openml,361250,red_wine,red_wine,1,1,CatBoost,0.2838238775669905,0.5327512342238079,0.4287821331985095,5.0,5.0,5.0,,,,,,,
openml,openml,361250,red_wine,red_wine,2,2,CatBoost,0.2897341703856795,0.538269607525522,0.4188973079071298,2.0,2.0,2.0,,,,,,,
openml,openml,361250,red_wine,red_wine,3,3,CatBoost,0.3129121563628558,0.5593855167617909,0.4534285478378065,3.0,3.0,3.0,,,,,,,
openml,openml,361250,red_wine,red_wine,4,4,CatBoost,0.3125909108417877,0.559098301590863,0.5037008609805405,4.0,4.0,4.0,,,,,,,
openml,openml,361250,red_wine,red_wine,5,5,CatBoost,0.2636304303210203,0.5134495401897058,0.5148487516197167,4.0,4.0,4.0,,,,,,,
openml,openml,361250,red_wine,red_wine,6,6,CatBoost,0.2842383766143349,0.5331401097407087,0.5078123348669525,3.0,3.0,3.0,,,,,,,
openml,openml,361250,red_wine,red_wine,7,7,CatBoost,0.2791092008637446,0.5283078656084392,0.3749282178189255,3.0,3.0,3.0,,,,,,,
openml,openml,361250,red_wine,red_wine,8,8,CatBoost,0.3137458121061509,0.560130174250728,0.4978811709228893,1.0,1.0,1.0,,,,,,,
openml,openml,361250,red_wine,red_wine,9,9,CatBoost,0.2864870395995034,0.5352448407967175,0.5187303488583708,5.0,5.0,5.0,,,,,,,
openml,openml,361259,pumadyn32nh,pumadyn32nh,0,0,CatBoost,0.000479797426054,0.0219042787156775,0.6473511186562195,3.0,3.0,3.0,,,,,,,
openml,openml,361259,pumadyn32nh,pumadyn32nh,1,1,CatBoost,0.0004789274191982,0.0218844104146819,0.6378565352934894,4.0,4.0,4.0,,,,,,,
openml,openml,361259,pumadyn32nh,pumadyn32nh,2,2,CatBoost,0.000475991477775,0.0218172289206282,0.6318495912990771,3.0,3.0,3.0,,,,,,,
openml,openml,361259,pumadyn32nh,pumadyn32nh,3,3,CatBoost,0.0005336936520955,0.0231018105804622,0.5843577009561701,4.0,4.0,4.0,,,,,,,
openml,openml,361259,pumadyn32nh,pumadyn32nh,4,4,CatBoost,0.0004246423280165,0.0206068514823713,0.6772127616664556,4.0,4.0,4.0,,,,,,,
openml,openml,361259,pumadyn32nh,pumadyn32nh,5,5,CatBoost,0.0005025446213807,0.0224175070286765,0.6260644209389649,4.0,4.0,4.0,,,,,,,
openml,openml,361259,pumadyn32nh,pumadyn32nh,6,6,CatBoost,0.0004341666474596,0.0208366659391491,0.6535786750082935,2.0,2.0,2.0,,,,,,,
openml,openml,361259,pumadyn32nh,pumadyn32nh,7,7,CatBoost,0.0004639588809604,0.0215397047556476,0.6248189602919473,3.0,3.0,3.0,,,,,,,
openml,openml,361259,pumadyn32nh,pumadyn32nh,8,8,CatBoost,0.0004472594135047,0.0211485085409056,0.6500909508234674,4.0,4.0,4.0,,,,,,,
openml,openml,361259,pumadyn32nh,pumadyn32nh,9,9,CatBoost,0.0004823345675345,0.0219621166451368,0.6328116740616374,3.0,3.0,3.0,,,,,,,
openml,openml,361236,auction_verification,auction_verification,0,0,CatBoost,221169.682690905,470.286808969702,0.997452581867451,3.0,3.0,3.0,,,,,,,
openml,openml,361236,auction_verification,auction_verification,1,1,CatBoost,206762.62201321556,454.7115811294183,0.9979742109905096,3.0,3.0,3.0,,,,,,,
openml,openml,361236,auction_verification,auction_verification,2,2,CatBoost,365336.0296059373,604.4303347830396,0.9969653980399946,3.0,3.0,3.0,,,,,,,
openml,openml,361236,auction_verification,auction_verification,3,3,CatBoost,191836.20032993396,437.9910961765478,0.9980893963327816,3.0,3.0,3.0,,,,,,,
openml,openml,361236,auction_verification,auction_verification,4,4,CatBoost,268946.4668780117,518.6004886981998,0.9972427677315574,3.0,3.0,3.0,,,,,,,
openml,openml,361236,auction_verification,auction_verification,5,5,CatBoost,347325.2986338185,589.3431077342116,0.9971544405793789,3.0,3.0,3.0,,,,,,,
openml,openml,361236,auction_verification,auction_verification,6,6,CatBoost,317155.80917136226,563.1658806882411,0.9967167073160724,3.0,3.0,3.0,,,,,,,
openml,openml,361236,auction_verification,auction_verification,7,7,CatBoost,305895.8870222374,553.0785541152698,0.9974070963503312,3.0,3.0,3.0,,,,,,,
openml,openml,361236,auction_verification,auction_verification,8,8,CatBoost,468571.848905931,684.5230813536757,0.9958385500444956,3.0,3.0,3.0,,,,,,,
openml,openml,361236,auction_verification,auction_verification,9,9,CatBoost,216308.37350393503,465.0896402887674,0.9976325440091252,3.0,3.0,3.0,,,,,,,
openml,openml,361249,white_wine,white_wine,0,0,CatBoost,0.5029059440066351,0.7091586169586005,0.4331625333020698,5.0,5.0,5.0,,,,,,,
openml,openml,361249,white_wine,white_wine,1,1,CatBoost,0.378366251566283,0.6151148279518899,0.4872802453886098,5.0,5.0,5.0,,,,,,,
openml,openml,361249,white_wine,white_wine,2,2,CatBoost,0.4153877447954133,0.6445058144000048,0.4778867374509673,5.0,5.0,5.0,,,,,,,
openml,openml,361249,white_wine,white_wine,3,3,CatBoost,0.486188620547466,0.6972722714603429,0.4187977645223696,5.0,5.0,5.0,,,,,,,
openml,openml,361249,white_wine,white_wine,4,4,CatBoost,0.4588546644893761,0.6773881195366332,0.4234902933338608,5.0,5.0,5.0,,,,,,,
openml,openml,361249,white_wine,white_wine,5,5,CatBoost,0.348296806071649,0.5901667612392696,0.4999517858726414,5.0,5.0,5.0,,,,,,,
openml,openml,361249,white_wine,white_wine,6,6,CatBoost,0.3823215696976577,0.6183215746661747,0.4605854592633061,5.0,5.0,5.0,,,,,,,
openml,openml,361249,white_wine,white_wine,7,7,CatBoost,0.3861360166891548,0.6213984363427018,0.4963096661646705,5.0,5.0,5.0,,,,,,,
openml,openml,361249,white_wine,white_wine,8,8,CatBoost,0.3588718135765281,0.5990591069139406,0.5252113309948458,5.0,5.0,5.0,,,,,,,
openml,openml,361249,white_wine,white_wine,9,9,CatBoost,0.5106213197183697,0.7145777212580656,0.4319884597255361,5.0,5.0,5.0,,,,,,,
openml,openml,361256,cpu_activity,cpu_activity,0,0,CatBoost,5.717248550646178,2.3910768600457364,0.9838210562203809,3.0,3.0,3.0,,,,,,,
openml,openml,361256,cpu_activity,cpu_activity,1,1,CatBoost,5.083522505332053,2.254666828010749,0.986323975570001,4.0,4.0,4.0,,,,,,,
openml,openml,361256,cpu_activity,cpu_activity,2,2,CatBoost,5.170450301001536,2.2738624191013703,0.9815668262436434,3.0,3.0,3.0,,,,,,,
openml,openml,361256,cpu_activity,cpu_activity,3,3,CatBoost,5.752220796227929,2.3983787849770373,0.9857851292097228,3.0,3.0,3.0,,,,,,,
openml,openml,361256,cpu_activity,cpu_activity,4,4,CatBoost,5.796261058565984,2.407542535151972,0.982278114348132,5.0,5.0,5.0,,,,,,,
openml,openml,361256,cpu_activity,cpu_activity,5,5,CatBoost,6.280482888752333,2.506089162171277,0.981814579636285,3.0,3.0,3.0,,,,,,,
openml,openml,361256,cpu_activity,cpu_activity,6,6,CatBoost,4.474993464265908,2.115418035345711,0.9851036725960866,4.0,4.0,4.0,,,,,,,
openml,openml,361256,cpu_activity,cpu_activity,7,7,CatBoost,5.521078011448636,2.349697429765934,0.9853608338141924,4.0,4.0,4.0,,,,,,,
openml,openml,361256,cpu_activity,cpu_activity,8,8,CatBoost,4.1332882962719815,2.033049014724432,0.9848027347106988,3.0,3.0,3.0,,,,,,,
openml,openml,361256,cpu_activity,cpu_activity,9,9,CatBoost,6.416026286171102,2.532987620611499,0.9800230362466572,3.0,3.0,3.0,,,,,,,
openml,openml,361258,kin8nm,kin8nm,0,0,CatBoost,0.0102317844782614,0.1011522836037896,0.8494208464742422,4.0,4.0,4.0,,,,,,,
openml,openml,361258,kin8nm,kin8nm,1,1,CatBoost,0.0102138135549426,0.1010634135330025,0.8518219278504365,4.0,4.0,4.0,,,,,,,
openml,openml,361258,kin8nm,kin8nm,2,2,CatBoost,0.0110794558125618,0.1052589939746804,0.8455074866660939,4.0,4.0,4.0,,,,,,,
openml,openml,361258,kin8nm,kin8nm,3,3,CatBoost,0.0102169132151751,0.1010787475940176,0.8534515917882771,4.0,4.0,4.0,,,,,,,
openml,openml,361258,kin8nm,kin8nm,4,4,CatBoost,0.0111799279837806,0.1057351785536899,0.8418791569895532,4.0,4.0,4.0,,,,,,,
openml,openml,361258,kin8nm,kin8nm,5,5,CatBoost,0.0109611640662064,0.1046955780642453,0.8435607420375639,4.0,4.0,4.0,,,,,,,
openml,openml,361258,kin8nm,kin8nm,6,6,CatBoost,0.0100810054749712,0.1004042104444395,0.8476071982395975,4.0,4.0,4.0,,,,,,,
openml,openml,361258,kin8nm,kin8nm,7,7,CatBoost,0.0108503849192957,0.1041651809353572,0.8422452921506196,4.0,4.0,4.0,,,,,,,
openml,openml,361258,kin8nm,kin8nm,8,8,CatBoost,0.0114173013318867,0.1068517727128882,0.8407835265407078,4.0,4.0,4.0,,,,,,,
openml,openml,361258,kin8nm,kin8nm,9,9,CatBoost,0.0106515255642012,0.1032062283207815,0.8511207127553629,4.0,4.0,4.0,,,,,,,
openml,openml,361617,energy_efficiency,energy_efficiency,0,0,CatBoost,0.1851277943187223,0.4302647955837455,0.9984458585805044,2.0,2.0,2.0,,,,,,,
openml,openml,361617,energy_efficiency,energy_efficiency,1,1,CatBoost,0.0886034400459524,0.2976632997968551,0.9990656109802566,2.0,2.0,2.0,,,,,,,
openml,openml,361617,energy_efficiency,energy_efficiency,2,2,CatBoost,0.1414340910287579,0.3760772407747614,0.9984045725242512,3.0,3.0,3.0,,,,,,,
openml,openml,361617,energy_efficiency,energy_efficiency,3,3,CatBoost,0.0878377041337942,0.2963742636157773,0.9990806598333056,2.0,2.0,2.0,,,,,,,
openml,openml,361617,energy_efficiency,energy_efficiency,4,4,CatBoost,0.0818630894394163,0.2861172651893211,0.9991239756446356,2.0,2.0,2.0,,,,,,,
openml,openml,361617,energy_efficiency,energy_efficiency,5,5,CatBoost,0.0999436577253275,0.3161386685069188,0.9989471651833878,3.0,3.0,3.0,,,,,,,
openml,openml,361617,energy_efficiency,energy_efficiency,6,6,CatBoost,0.069157502786511,0.2629781412713062,0.9993088571791444,1.0,1.0,1.0,,,,,,,
openml,openml,361617,energy_efficiency,energy_efficiency,7,7,CatBoost,0.1412238139668047,0.3757975704642124,0.998524033180342,3.0,3.0,3.0,,,,,,,
openml,openml,361617,energy_efficiency,energy_efficiency,8,8,CatBoost,0.0504618517349683,0.2246371557311219,0.9995709312705702,1.0,1.0,1.0,,,,,,,
openml,openml,361617,energy_efficiency,energy_efficiency,9,9,CatBoost,0.1127122253080106,0.3357264143733862,0.9988957265120274,3.0,3.0,3.0,,,,,,,
openml,openml,361623,space_ga,space_ga,0,0,CatBoost,0.010513385647415,0.1025348021279365,0.728504402801731,4.0,4.0,4.0,,,,,,,
openml,openml,361623,space_ga,space_ga,1,1,CatBoost,0.0115448767758744,0.1074470882614994,0.6798258080907467,4.0,4.0,4.0,,,,,,,
openml,openml,361623,space_ga,space_ga,2,2,CatBoost,0.0104270379131997,0.1021128684995177,0.7482517872153229,3.0,3.0,3.0,,,,,,,
openml,openml,361623,space_ga,space_ga,3,3,CatBoost,0.0081444591150636,0.0902466570852554,0.7601990119161464,3.0,3.0,3.0,,,,,,,
openml,openml,361623,space_ga,space_ga,4,4,CatBoost,0.0116673895403462,0.1080156911765425,0.7076184112853459,4.0,4.0,4.0,,,,,,,
openml,openml,361623,space_ga,space_ga,5,5,CatBoost,0.0101486245422274,0.1007403818844632,0.7146232458330259,5.0,5.0,5.0,,,,,,,
openml,openml,361623,space_ga,space_ga,6,6,CatBoost,0.0092011616279638,0.0959226856794777,0.7589444200820805,4.0,4.0,4.0,,,,,,,
openml,openml,361623,space_ga,space_ga,7,7,CatBoost,0.0115115708353326,0.107291988681973,0.7004851168534995,5.0,5.0,5.0,,,,,,,
openml,openml,361623,space_ga,space_ga,8,8,CatBoost,0.0116707975642783,0.108031465621264,0.7060519832017922,4.0,4.0,4.0,,,,,,,
openml,openml,361623,space_ga,space_ga,9,9,CatBoost,0.0106050346700253,0.1029807490263364,0.7159574822119346,4.0,4.0,4.0,,,,,,,
openml,openml,361243,geographical_origin_of_music,geographical_origin_of_music,0,0,CatBoost,263.72667902796894,16.23966375969555,0.203001739142859,3.0,3.0,3.0,,,,,,,
openml,openml,361243,geographical_origin_of_music,geographical_origin_of_music,1,1,CatBoost,246.6684588891931,15.70568237578976,0.323324464328684,2.0,2.0,2.0,,,,,,,
openml,openml,361243,geographical_origin_of_music,geographical_origin_of_music,2,2,CatBoost,258.1310137507532,16.06645616652139,0.2739645427316173,2.0,2.0,2.0,,,,,,,
openml,openml,361243,geographical_origin_of_music,geographical_origin_of_music,3,3,CatBoost,283.10505492851735,16.825725985184633,0.3727907223993345,1.0,1.0,1.0,,,,,,,
openml,openml,361243,geographical_origin_of_music,geographical_origin_of_music,4,4,CatBoost,315.6405313950903,17.766275113120653,0.2744216255660618,4.0,4.0,4.0,,,,,,,
openml,openml,361243,geographical_origin_of_music,geographical_origin_of_music,5,5,CatBoost,266.82113055571307,16.33466040527666,0.20273933093545,3.0,3.0,3.0,,,,,,,
openml,openml,361243,geographical_origin_of_music,geographical_origin_of_music,6,6,CatBoost,244.94624993453772,15.650758765457276,0.2824958558267018,1.0,1.0,1.0,,,,,,,
openml,openml,361243,geographical_origin_of_music,geographical_origin_of_music,7,7,CatBoost,301.16637231242214,17.354145680857417,0.1430008245644888,2.0,2.0,2.0,,,,,,,
openml,openml,361243,geographical_origin_of_music,geographical_origin_of_music,8,8,CatBoost,292.3464119387773,17.098140598871485,0.229056129947366,3.0,3.0,3.0,,,,,,,
openml,openml,361243,geographical_origin_of_music,geographical_origin_of_music,9,9,CatBoost,243.4046398076904,15.601430697461383,0.3834033099093538,3.0,3.0,3.0,,,,,,,
openml,openml,361251,grid_stability,grid_stability,0,0,CatBoost,5.3921919853159904e-05,0.0073431546254426,0.9601792432854536,1.0,1.0,1.0,,,,,,,
openml,openml,361251,grid_stability,grid_stability,1,1,CatBoost,5.72988489234838e-05,0.0075696003146456,0.9561150435805732,1.0,1.0,1.0,,,,,,,
openml,openml,361251,grid_stability,grid_stability,2,2,CatBoost,5.081688132562705e-05,0.007128596027664,0.9640331340604684,1.0,1.0,1.0,,,,,,,
openml,openml,361251,grid_stability,grid_stability,3,3,CatBoost,5.843594407301234e-05,0.0076443406565257,0.9579198936038034,1.0,1.0,1.0,,,,,,,
openml,openml,361251,grid_stability,grid_stability,4,4,CatBoost,5.8531068478381046e-05,0.0076505600107692,0.9589290871865456,1.0,1.0,1.0,,,,,,,
openml,openml,361251,grid_stability,grid_stability,5,5,CatBoost,5.37101613144855e-05,0.0073287216698743,0.9593479404114608,1.0,1.0,1.0,,,,,,,
openml,openml,361251,grid_stability,grid_stability,6,6,CatBoost,5.487491168306835e-05,0.0074077602339079,0.9605201015795344,1.0,1.0,1.0,,,,,,,
openml,openml,361251,grid_stability,grid_stability,7,7,CatBoost,5.739920117917988e-05,0.0075762260512196,0.9588796963049264,1.0,1.0,1.0,,,,,,,
openml,openml,361251,grid_stability,grid_stability,8,8,CatBoost,5.519349068942941e-05,0.0074292321736118,0.9590260080644314,1.0,1.0,1.0,,,,,,,
openml,openml,361251,grid_stability,grid_stability,9,9,CatBoost,5.531953234476246e-05,0.007437710154662,0.9603807207619004,1.0,1.0,1.0,,,,,,,
openml,openml,361621,QSAR_fish_toxicity,QSAR_fish_toxicity,0,0,CatBoost,0.9561616172965962,0.9778351687767198,0.6161931402372052,3.0,3.0,3.0,,,,,,,
openml,openml,361621,QSAR_fish_toxicity,QSAR_fish_toxicity,1,1,CatBoost,1.0071110242325867,1.0035492136575002,0.489238479738128,4.0,4.0,4.0,,,,,,,
openml,openml,361621,QSAR_fish_toxicity,QSAR_fish_toxicity,2,2,CatBoost,0.5028273109161941,0.7091031736751671,0.7042648208449123,1.0,1.0,1.0,,,,,,,
openml,openml,361621,QSAR_fish_toxicity,QSAR_fish_toxicity,3,3,CatBoost,0.899634592502434,0.9484906918375288,0.5596939575934897,3.0,3.0,3.0,,,,,,,
openml,openml,361621,QSAR_fish_toxicity,QSAR_fish_toxicity,4,4,CatBoost,0.9504093612412278,0.9748894097492432,0.6322023878693824,4.0,4.0,4.0,,,,,,,
openml,openml,361621,QSAR_fish_toxicity,QSAR_fish_toxicity,5,5,CatBoost,0.534937183470389,0.7313940001602344,0.7728258314904536,1.0,1.0,1.0,,,,,,,
openml,openml,361621,QSAR_fish_toxicity,QSAR_fish_toxicity,6,6,CatBoost,0.542017182710823,0.7362181624429154,0.6651104496817684,4.0,4.0,4.0,,,,,,,
openml,openml,361621,QSAR_fish_toxicity,QSAR_fish_toxicity,7,7,CatBoost,0.6986226743365377,0.835836511727346,0.6229204946193789,1.0,1.0,1.0,,,,,,,
openml,openml,361621,QSAR_fish_toxicity,QSAR_fish_toxicity,8,8,CatBoost,0.7339909298050703,0.8567327061604864,0.7044189993219141,1.0,1.0,1.0,,,,,,,
openml,openml,361621,QSAR_fish_toxicity,QSAR_fish_toxicity,9,9,CatBoost,1.0784186976310706,1.038469401393739,0.5362106787769905,1.0,1.0,1.0,,,,,,,
openml,openml,361622,cars,cars,0,0,CatBoost,5142625.037662136,2267.7356630926224,0.9453438979462462,3.0,3.0,3.0,,,,,,,
openml,openml,361622,cars,cars,1,1,CatBoost,5982698.560404344,2445.955551600304,0.9592770070960078,3.0,3.0,3.0,,,,,,,
openml,openml,361622,cars,cars,2,2,CatBoost,3768656.189575467,1941.302704262132,0.9577575345210734,1.0,1.0,1.0,,,,,,,
openml,openml,361622,cars,cars,3,3,CatBoost,4002369.875149186,2000.592381058467,0.956183961840108,1.0,1.0,1.0,,,,,,,
openml,openml,361622,cars,cars,4,4,CatBoost,3569902.6001562597,1889.4185878614244,0.9668377195948274,1.0,1.0,1.0,,,,,,,
openml,openml,361622,cars,cars,5,5,CatBoost,6379697.6539003765,2525.8063373703803,0.9480806781964242,1.0,1.0,1.0,,,,,,,
openml,openml,361622,cars,cars,6,6,CatBoost,4051127.391859712,2012.7412630190972,0.9644751177076286,1.0,1.0,1.0,,,,,,,
openml,openml,361622,cars,cars,7,7,CatBoost,5881420.913201721,2425.1641002624383,0.9066366439844464,1.0,1.0,1.0,,,,,,,
openml,openml,361622,cars,cars,8,8,CatBoost,4484916.235107896,2117.762081799534,0.9457788838298012,1.0,1.0,1.0,,,,,,,
openml,openml,361622,cars,cars,9,9,CatBoost,7086088.990776082,2661.970884659725,0.928435369190584,1.0,1.0,1.0,,,,,,,
kaggle,kaggle,playground-series-s3e5,Wine Quality,Wine Quality,0,0,CatBoost,0.5046785274777593,0.7104072968922541,0.262338098300341,5.0,5.0,5.0,,,,,,,
kaggle,kaggle,playground-series-s3e5,Wine Quality,Wine Quality,1,1,CatBoost,0.5599128956431144,0.7482732760449984,0.2611106869573902,2.0,2.0,2.0,,,,,,,
kaggle,kaggle,playground-series-s3e5,Wine Quality,Wine Quality,2,2,CatBoost,0.4123723315910095,0.6421622315202051,0.4003758133430618,3.0,3.0,3.0,,,,,,,
kaggle,kaggle,playground-series-s3e5,Wine Quality,Wine Quality,3,3,CatBoost,0.5021785080495625,0.7086455447186291,0.3203709922314314,3.0,3.0,3.0,,,,,,,
kaggle,kaggle,playground-series-s3e5,Wine Quality,Wine Quality,4,4,CatBoost,0.4940893800126466,0.7029149166240866,0.3139237286012672,6.0,6.0,6.0,,,,,,,
kaggle,kaggle,playground-series-s3e5,Wine Quality,Wine Quality,5,5,CatBoost,0.4407389807011985,0.6638817520471537,0.2522309537407621,4.0,4.0,4.0,,,,,,,
kaggle,kaggle,playground-series-s3e5,Wine Quality,Wine Quality,6,6,CatBoost,0.5480296527723636,0.7402902490053234,0.4150270061110769,1.0,1.0,1.0,,,,,,,
kaggle,kaggle,playground-series-s3e5,Wine Quality,Wine Quality,7,7,CatBoost,0.4626862886847859,0.6802104738129118,0.3495045273446999,3.0,3.0,3.0,,,,,,,
kaggle,kaggle,playground-series-s3e5,Wine Quality,Wine Quality,8,8,CatBoost,0.4878177338026297,0.6984394990281045,0.3202970399379957,5.0,5.0,5.0,,,,,,,
kaggle,kaggle,playground-series-s3e5,Wine Quality,Wine Quality,9,9,CatBoost,0.5006490558482029,0.7075655841321021,0.2821481506293304,6.0,6.0,6.0,,,,,,,
kaggle,kaggle,playground-series-s3e9,Concrete Strength,Concrete Strength,0,0,CatBoost,142.81149973713565,11.95037655210645,0.4438968757970403,3.0,3.0,3.0,,,,,,,
kaggle,kaggle,playground-series-s3e9,Concrete Strength,Concrete Strength,1,1,CatBoost,160.87474151113494,12.683640704117051,0.4033242028951755,2.0,2.0,2.0,,,,,,,
kaggle,kaggle,playground-series-s3e9,Concrete Strength,Concrete Strength,2,2,CatBoost,150.92784914680166,12.28526960008618,0.4551327600202908,2.0,2.0,2.0,,,,,,,
kaggle,kaggle,playground-series-s3e9,Concrete Strength,Concrete Strength,3,3,CatBoost,150.90127397930658,12.284187965808185,0.4258879109405068,3.0,3.0,3.0,,,,,,,
kaggle,kaggle,playground-series-s3e9,Concrete Strength,Concrete Strength,4,4,CatBoost,153.1760869333897,12.376432722452368,0.372715747200712,3.0,3.0,3.0,,,,,,,
kaggle,kaggle,playground-series-s3e9,Concrete Strength,Concrete Strength,5,5,CatBoost,150.87348084280043,12.283056657151771,0.461560721079057,2.0,2.0,2.0,,,,,,,
kaggle,kaggle,playground-series-s3e9,Concrete Strength,Concrete Strength,6,6,CatBoost,158.88629821476755,12.605010837550578,0.412841147829752,3.0,3.0,3.0,,,,,,,
kaggle,kaggle,playground-series-s3e9,Concrete Strength,Concrete Strength,7,7,CatBoost,157.2962343532891,12.541779552889976,0.4315969034197956,2.0,2.0,2.0,,,,,,,
kaggle,kaggle,playground-series-s3e9,Concrete Strength,Concrete Strength,8,8,CatBoost,156.01102481157355,12.49043733468022,0.43417039953854,3.0,3.0,3.0,,,,,,,
kaggle,kaggle,playground-series-s3e9,Concrete Strength,Concrete Strength,9,9,CatBoost,158.29740719177454,12.581629751020913,0.4547195072954451,2.0,2.0,2.0,,,,,,,
openml,openml,361259,pumadyn32nh,pumadyn32nh,0,0,DeepSetModel-MC,0.0013623122600145,0.036909514491721,-0.0012931884317775,10.0,10.0,10.0,32.0,32.0,32.0,train_f_regression,128.0,2097152.0,175232.0
openml,openml,361259,pumadyn32nh,pumadyn32nh,1,1,DeepSetModel-MC,0.0013278448916914,0.0364396060858433,-0.0040568369941933,9.0,9.0,9.0,32.0,32.0,32.0,train_f_regression,128.0,2097152.0,175232.0
openml,openml,361259,pumadyn32nh,pumadyn32nh,2,2,DeepSetModel-MC,0.0012948392770563,0.0359838752367829,-0.0014792938699201,10.0,10.0,10.0,32.0,32.0,32.0,train_f_regression,128.0,2097152.0,175232.0
openml,openml,361259,pumadyn32nh,pumadyn32nh,3,3,DeepSetModel-MC,0.0012890793826142,0.0359037516509664,-0.0039390877818867,9.0,9.0,9.0,32.0,32.0,32.0,train_f_regression,128.0,2097152.0,175232.0
openml,openml,361259,pumadyn32nh,pumadyn32nh,4,4,DeepSetModel-MC,0.0013162124294864,0.0362796420804626,-0.0005045355669439,10.0,10.0,10.0,32.0,32.0,32.0,train_f_regression,128.0,2097152.0,175232.0
openml,openml,361259,pumadyn32nh,pumadyn32nh,5,5,DeepSetModel-MC,0.0013453768736791,0.0366793794069525,-0.0010738527701266,9.0,9.0,9.0,32.0,32.0,32.0,train_f_regression,128.0,2097152.0,175232.0
openml,openml,361259,pumadyn32nh,pumadyn32nh,6,6,DeepSetModel-MC,0.0012551121230217,0.0354275616296376,-0.0014532604343251,10.0,10.0,10.0,32.0,32.0,32.0,train_f_regression,128.0,2097152.0,175232.0
openml,openml,361259,pumadyn32nh,pumadyn32nh,7,7,DeepSetModel-MC,0.0012390914783525,0.0352007312190043,-0.0019931684017504,9.0,9.0,9.0,32.0,32.0,32.0,train_f_regression,128.0,2097152.0,175232.0
openml,openml,361259,pumadyn32nh,pumadyn32nh,8,8,DeepSetModel-MC,0.0012780534083557,0.0357498728439107,0.0001273547038688,10.0,10.0,10.0,32.0,32.0,32.0,train_f_regression,128.0,2097152.0,175232.0
openml,openml,361259,pumadyn32nh,pumadyn32nh,9,9,DeepSetModel-MC,0.001314494862716,0.0362559631332009,-0.0006895640144142,10.0,10.0,10.0,32.0,32.0,32.0,train_f_regression,128.0,2097152.0,175232.0
openml,openml,361256,cpu_activity,cpu_activity,0,0,DeepSetModel-MC,353.6143312899252,18.80463589889273,-0.0006747712517691,11.0,11.0,11.0,21.0,21.0,21.0,train_f_regression,128.0,1376256.0,117504.0
openml,openml,361256,cpu_activity,cpu_activity,1,1,DeepSetModel-MC,371.6762167760242,19.278906005684664,9.235419987663196e-05,11.0,11.0,11.0,21.0,21.0,21.0,train_f_regression,128.0,1376256.0,117504.0
openml,openml,361256,cpu_activity,cpu_activity,2,2,DeepSetModel-MC,280.4325956653638,16.746121809701606,0.0002296778978001,11.0,11.0,11.0,21.0,21.0,21.0,train_f_regression,128.0,1376256.0,117504.0
openml,openml,361256,cpu_activity,cpu_activity,3,3,DeepSetModel-MC,405.2300673929125,20.13032705628283,-0.0014033279290821,11.0,11.0,11.0,21.0,21.0,21.0,train_f_regression,128.0,1376256.0,117504.0
openml,openml,361256,cpu_activity,cpu_activity,4,4,DeepSetModel-MC,328.2531524150811,18.11775793013808,-0.0036236762262922,11.0,11.0,11.0,21.0,21.0,21.0,train_f_regression,128.0,1376256.0,117504.0
openml,openml,361256,cpu_activity,cpu_activity,5,5,DeepSetModel-MC,345.3719643335976,18.5841858668492,-4.003903848692758e-05,11.0,11.0,11.0,21.0,21.0,21.0,train_f_regression,128.0,1376256.0,117504.0
openml,openml,361256,cpu_activity,cpu_activity,6,6,DeepSetModel-MC,300.2673754897271,17.328224822229398,0.0004720297971316,11.0,11.0,11.0,21.0,21.0,21.0,train_f_regression,128.0,1376256.0,117504.0
openml,openml,361256,cpu_activity,cpu_activity,7,7,DeepSetModel-MC,377.6481220128383,19.43317066288562,-0.0013358996993233,11.0,11.0,11.0,21.0,21.0,21.0,train_f_regression,128.0,1376256.0,117504.0
openml,openml,361256,cpu_activity,cpu_activity,8,8,DeepSetModel-MC,276.04211829455403,16.614515289184755,-0.0149510515699553,11.0,11.0,11.0,21.0,21.0,21.0,train_f_regression,128.0,1376256.0,117504.0
openml,openml,361256,cpu_activity,cpu_activity,9,9,DeepSetModel-MC,322.53196150682805,17.959174855956718,-0.0042367373406775,11.0,11.0,11.0,21.0,21.0,21.0,train_f_regression,128.0,1376256.0,117504.0
openml,openml,361243,geographical_origin_of_music,geographical_origin_of_music,0,0,DeepSetModel-MC,335.5882492585948,18.319067914569093,-0.0141683503883485,2.0,2.0,2.0,116.0,116.0,116.0,train_f_regression,128.0,982752.0,574528.0
openml,openml,361243,geographical_origin_of_music,geographical_origin_of_music,1,1,DeepSetModel-MC,381.4575385221243,19.530937983674114,-0.0464369274357552,2.0,2.0,2.0,116.0,116.0,116.0,train_f_regression,128.0,982752.0,574528.0
openml,openml,361243,geographical_origin_of_music,geographical_origin_of_music,2,2,DeepSetModel-MC,356.5060431054838,18.881367617455144,-0.0027312265350618,2.0,2.0,2.0,116.0,116.0,116.0,train_f_regression,128.0,982752.0,574528.0
openml,openml,361243,geographical_origin_of_music,geographical_origin_of_music,3,3,DeepSetModel-MC,452.5150755947119,21.27240173545789,-0.0025312113866469,2.0,2.0,2.0,116.0,116.0,116.0,train_f_regression,128.0,982752.0,574528.0
openml,openml,361243,geographical_origin_of_music,geographical_origin_of_music,4,4,DeepSetModel-MC,461.1084913023748,21.473436876810727,-0.0599727103426963,2.0,2.0,2.0,116.0,116.0,116.0,train_f_regression,128.0,982752.0,574528.0
openml,openml,361243,geographical_origin_of_music,geographical_origin_of_music,5,5,DeepSetModel-MC,334.8098186392584,18.29780912129259,-0.0004106476191541,2.0,2.0,2.0,116.0,116.0,116.0,train_f_regression,128.0,982752.0,574528.0
openml,openml,361243,geographical_origin_of_music,geographical_origin_of_music,6,6,DeepSetModel-MC,341.92968795138194,18.491340891113925,-0.001591035529491,2.0,2.0,2.0,116.0,116.0,116.0,train_f_regression,128.0,982752.0,574528.0
openml,openml,361243,geographical_origin_of_music,geographical_origin_of_music,7,7,DeepSetModel-MC,352.88771533850985,18.785305835639456,-0.0041774542899399,2.0,2.0,2.0,116.0,116.0,116.0,train_f_regression,128.0,982752.0,574528.0
openml,openml,361243,geographical_origin_of_music,geographical_origin_of_music,8,8,DeepSetModel-MC,380.7768239168302,19.51350362996943,-0.0041428465291641,2.0,2.0,2.0,116.0,116.0,116.0,train_f_regression,128.0,982752.0,574528.0
openml,openml,361243,geographical_origin_of_music,geographical_origin_of_music,9,9,DeepSetModel-MC,395.637840430952,19.890647059131886,-0.0022363709955401,2.0,2.0,2.0,116.0,116.0,116.0,train_f_regression,128.0,982752.0,574528.0
openml,openml,361251,grid_stability,grid_stability,0,0,DeepSetModel-MC,0.0013595577152227,0.0368721807766063,-0.0040187212306186,2.0,2.0,2.0,12.0,12.0,12.0,train_f_regression,128.0,960000.0,70272.0
openml,openml,361251,grid_stability,grid_stability,1,1,DeepSetModel-MC,0.0013113890031303,0.0362131054057828,-0.0043875284151428,2.0,2.0,2.0,12.0,12.0,12.0,train_f_regression,128.0,960000.0,70272.0
openml,openml,361251,grid_stability,grid_stability,2,2,DeepSetModel-MC,0.0014145281843489,0.037610213830141,-0.0011662315158706,2.0,2.0,2.0,12.0,12.0,12.0,train_f_regression,128.0,960000.0,70272.0
openml,openml,361251,grid_stability,grid_stability,3,3,DeepSetModel-MC,0.0013917094141583,0.0373056217500566,-0.0021790723051959,2.0,2.0,2.0,12.0,12.0,12.0,train_f_regression,128.0,960000.0,70272.0
openml,openml,361251,grid_stability,grid_stability,4,4,DeepSetModel-MC,0.0014350892892333,0.0378825723682189,-0.0069938685536747,2.0,2.0,2.0,12.0,12.0,12.0,train_f_regression,128.0,960000.0,70272.0
openml,openml,361251,grid_stability,grid_stability,5,5,DeepSetModel-MC,0.0013214478510803,0.0363517241830471,-0.0001753014801797,2.0,2.0,2.0,12.0,12.0,12.0,train_f_regression,128.0,960000.0,70272.0
openml,openml,361251,grid_stability,grid_stability,6,6,DeepSetModel-MC,0.0013920699140511,0.0373104531472239,-0.0015283326257262,2.0,2.0,2.0,12.0,12.0,12.0,train_f_regression,128.0,960000.0,70272.0
openml,openml,361251,grid_stability,grid_stability,7,7,DeepSetModel-MC,0.0013954633620095,0.0373559013009937,0.0003018149667783,2.0,2.0,2.0,12.0,12.0,12.0,train_f_regression,128.0,960000.0,70272.0
openml,openml,361251,grid_stability,grid_stability,8,8,DeepSetModel-MC,0.0013574258764471,0.0368432609366646,-0.0077122541069896,2.0,2.0,2.0,12.0,12.0,12.0,train_f_regression,128.0,960000.0,70272.0
openml,openml,361251,grid_stability,grid_stability,9,9,DeepSetModel-MC,0.0013968053448989,0.0373738591116692,-0.0003776000116348,2.0,2.0,2.0,12.0,12.0,12.0,train_f_regression,128.0,960000.0,70272.0
openml,openml,361258,kin8nm,kin8nm,0,0,DeepSetModel-MC,0.0679345779780838,0.2606426250214723,0.0002202187894817,11.0,11.0,11.0,8.0,8.0,8.0,train_f_regression,128.0,524288.0,49280.0
openml,openml,361258,kin8nm,kin8nm,1,1,DeepSetModel-MC,0.0690005624377724,0.2626795813110954,-0.0010335771516902,11.0,11.0,11.0,8.0,8.0,8.0,train_f_regression,128.0,524288.0,49280.0
openml,openml,361258,kin8nm,kin8nm,2,2,DeepSetModel-MC,0.0717216259959124,0.2678089356162569,-9.011705610895147e-05,11.0,11.0,11.0,8.0,8.0,8.0,train_f_regression,128.0,524288.0,49280.0
openml,openml,361258,kin8nm,kin8nm,3,3,DeepSetModel-MC,0.0697312533374345,0.2640667592436325,-0.0002046571200382,11.0,11.0,11.0,8.0,8.0,8.0,train_f_regression,128.0,524288.0,49280.0
openml,openml,361258,kin8nm,kin8nm,4,4,DeepSetModel-MC,0.0707568726430333,0.2660016403013961,-0.0007342057417969,11.0,11.0,11.0,8.0,8.0,8.0,train_f_regression,128.0,524288.0,49280.0
openml,openml,361258,kin8nm,kin8nm,5,5,DeepSetModel-MC,0.0700741223491563,0.2647151721174219,-0.0001076196339502,11.0,11.0,11.0,8.0,8.0,8.0,train_f_regression,128.0,524288.0,49280.0
openml,openml,361258,kin8nm,kin8nm,6,6,DeepSetModel-MC,0.0661819429272499,0.2572585138090671,-0.0004608899053686,11.0,11.0,11.0,8.0,8.0,8.0,train_f_regression,128.0,524288.0,49280.0
openml,openml,361258,kin8nm,kin8nm,7,7,DeepSetModel-MC,0.0687480885971312,0.2621985671149467,0.0004654477688595,11.0,11.0,11.0,8.0,8.0,8.0,train_f_regression,128.0,524288.0,49280.0
openml,openml,361258,kin8nm,kin8nm,8,8,DeepSetModel-MC,0.0718251128645322,0.2680020762317566,-0.0016150790527218,11.0,11.0,11.0,8.0,8.0,8.0,train_f_regression,128.0,524288.0,49280.0
openml,openml,361258,kin8nm,kin8nm,9,9,DeepSetModel-MC,0.071587194974022,0.2675578348208514,-0.000593811594016,11.0,11.0,11.0,8.0,8.0,8.0,train_f_regression,128.0,524288.0,49280.0
openml,openml,361249,white_wine,white_wine,0,0,DeepSetModel-MC,0.8903026862339507,0.9435585229512532,-0.0034817151665174,11.0,11.0,11.0,11.0,11.0,11.0,train_f_regression,128.0,431024.0,65024.0
openml,openml,361249,white_wine,white_wine,1,1,DeepSetModel-MC,0.738671450046732,0.8594599758259438,-0.0009651839681932,11.0,11.0,11.0,11.0,11.0,11.0,train_f_regression,128.0,431024.0,65024.0
openml,openml,361249,white_wine,white_wine,2,2,DeepSetModel-MC,0.7955586293828885,0.8919409337971257,3.859829635721734e-05,11.0,11.0,11.0,11.0,11.0,11.0,train_f_regression,128.0,431024.0,65024.0
openml,openml,361249,white_wine,white_wine,3,3,DeepSetModel-MC,0.8373966642388533,0.9150938007870304,-0.0010452582972713,11.0,11.0,11.0,11.0,11.0,11.0,train_f_regression,128.0,431024.0,65024.0
openml,openml,361249,white_wine,white_wine,4,4,DeepSetModel-MC,0.7969772175247167,0.8927358049976022,-0.0013303502233621,11.0,11.0,11.0,11.0,11.0,11.0,train_f_regression,128.0,431024.0,65024.0
openml,openml,361249,white_wine,white_wine,5,5,DeepSetModel-MC,0.6971896199811386,0.8349788140911951,-0.0009521141229844,11.0,11.0,11.0,11.0,11.0,11.0,train_f_regression,128.0,431024.0,65024.0
openml,openml,361249,white_wine,white_wine,6,6,DeepSetModel-MC,0.7103706292759346,0.8428348766371351,-0.0022564174099282,11.0,11.0,11.0,11.0,11.0,11.0,train_f_regression,128.0,431024.0,65024.0
openml,openml,361249,white_wine,white_wine,7,7,DeepSetModel-MC,0.7669365717172762,0.8757491488532982,-0.0004208909364027,11.0,11.0,11.0,11.0,11.0,11.0,train_f_regression,128.0,431024.0,65024.0
openml,openml,361249,white_wine,white_wine,8,8,DeepSetModel-MC,0.7551554051693642,0.8689967808739939,0.000926748358427,11.0,11.0,11.0,11.0,11.0,11.0,train_f_regression,128.0,431024.0,65024.0
openml,openml,361249,white_wine,white_wine,9,9,DeepSetModel-MC,0.9003840229617694,0.9488856743368872,-0.0015808113987649,11.0,11.0,11.0,11.0,11.0,11.0,train_f_regression,128.0,431024.0,65024.0
openml,openml,361617,energy_efficiency,energy_efficiency,0,0,DeepSetModel-MC,119.0774809685864,10.912262871127435,0.0003486727451739,1.0,1.0,1.0,8.0,8.0,8.0,train_f_regression,128.0,49152.0,41120.0
openml,openml,361617,energy_efficiency,energy_efficiency,1,1,DeepSetModel-MC,95.5891243229974,9.77696907650819,-0.008058243878235,1.0,1.0,1.0,8.0,8.0,8.0,train_f_regression,128.0,49152.0,41120.0
openml,openml,361617,energy_efficiency,energy_efficiency,2,2,DeepSetModel-MC,90.24211355905942,9.49958491509284,-0.0179635361921655,1.0,1.0,1.0,8.0,8.0,8.0,train_f_regression,128.0,49152.0,41120.0
openml,openml,361617,energy_efficiency,energy_efficiency,3,3,DeepSetModel-MC,95.92091793952804,9.793922500179796,-0.0039419126175219,1.0,1.0,1.0,8.0,8.0,8.0,train_f_regression,128.0,49152.0,41120.0
openml,openml,361617,energy_efficiency,energy_efficiency,4,4,DeepSetModel-MC,93.86062498524188,9.688169330954215,-0.0044110729249893,1.0,1.0,1.0,8.0,8.0,8.0,train_f_regression,128.0,49152.0,41120.0
openml,openml,361617,energy_efficiency,energy_efficiency,5,5,DeepSetModel-MC,96.35377473857258,9.815995860765865,-0.0150179717814138,1.0,1.0,1.0,8.0,8.0,8.0,train_f_regression,128.0,49152.0,41120.0
openml,openml,361617,energy_efficiency,energy_efficiency,6,6,DeepSetModel-MC,100.37748614332662,10.018856528732538,-0.0031475418893025,1.0,1.0,1.0,8.0,8.0,8.0,train_f_regression,128.0,49152.0,41120.0
openml,openml,361617,energy_efficiency,energy_efficiency,7,7,DeepSetModel-MC,96.9854432563781,9.848118767377764,-0.0136200985896881,1.0,1.0,1.0,8.0,8.0,8.0,train_f_regression,128.0,49152.0,41120.0
openml,openml,361617,energy_efficiency,energy_efficiency,8,8,DeepSetModel-MC,117.64869880985368,10.846598490303478,-0.0003473115205074,1.0,1.0,1.0,8.0,8.0,8.0,train_f_regression,128.0,49152.0,41120.0
openml,openml,361617,energy_efficiency,energy_efficiency,9,9,DeepSetModel-MC,103.29153544566408,10.163244336611418,-0.0119763301002246,1.0,1.0,1.0,8.0,8.0,8.0,train_f_regression,128.0,49152.0,41120.0
kaggle,kaggle,playground-series-s3e9,Concrete Strength,Concrete Strength,0,0,DeepSetModel-MC,256.9227071226138,16.02880866198776,-0.0004482858351724,11.0,11.0,11.0,8.0,8.0,8.0,train_f_regression,128.0,346048.0,49280.0
kaggle,kaggle,playground-series-s3e9,Concrete Strength,Concrete Strength,1,1,DeepSetModel-MC,269.6282973300165,16.420362277672698,-3.690896540686772e-05,11.0,11.0,11.0,8.0,8.0,8.0,train_f_regression,128.0,346048.0,49280.0
kaggle,kaggle,playground-series-s3e9,Concrete Strength,Concrete Strength,2,2,DeepSetModel-MC,277.94339031597514,16.671634302490418,-0.0034082431318984,11.0,11.0,11.0,8.0,8.0,8.0,train_f_regression,128.0,346048.0,49280.0
kaggle,kaggle,playground-series-s3e9,Concrete Strength,Concrete Strength,3,3,DeepSetModel-MC,263.0429698236185,16.21859950253469,-0.0007612589046794,11.0,11.0,11.0,8.0,8.0,8.0,train_f_regression,128.0,346048.0,49280.0
kaggle,kaggle,playground-series-s3e9,Concrete Strength,Concrete Strength,4,4,DeepSetModel-MC,244.2525399495041,15.628580868060418,-0.0002590814529717,11.0,11.0,11.0,8.0,8.0,8.0,train_f_regression,128.0,346048.0,49280.0
kaggle,kaggle,playground-series-s3e9,Concrete Strength,Concrete Strength,5,5,DeepSetModel-MC,280.3381555172858,16.743301810493826,-0.0004745265208583,11.0,11.0,11.0,8.0,8.0,8.0,train_f_regression,128.0,346048.0,49280.0
kaggle,kaggle,playground-series-s3e9,Concrete Strength,Concrete Strength,6,6,DeepSetModel-MC,271.4205953095212,16.474847353147805,-0.0030254778916591,11.0,11.0,11.0,8.0,8.0,8.0,train_f_regression,128.0,346048.0,49280.0
kaggle,kaggle,playground-series-s3e9,Concrete Strength,Concrete Strength,7,7,DeepSetModel-MC,277.25970694565297,16.651117288207807,-0.0019011366214172,11.0,11.0,11.0,8.0,8.0,8.0,train_f_regression,128.0,346048.0,49280.0
kaggle,kaggle,playground-series-s3e9,Concrete Strength,Concrete Strength,8,8,DeepSetModel-MC,276.3064374507413,16.622467850795843,-0.0021238005231296,11.0,11.0,11.0,8.0,8.0,8.0,train_f_regression,128.0,346048.0,49280.0
kaggle,kaggle,playground-series-s3e9,Concrete Strength,Concrete Strength,9,9,DeepSetModel-MC,290.53814268700523,17.045179455992983,-0.0008046524849749,11.0,11.0,11.0,8.0,8.0,8.0,train_f_regression,128.0,346048.0,49280.0
openml,openml,361234,abalone,abalone,0,0,DeepSetModel-MC,10.87712094035156,3.2980480500368032,-0.003371019926512,11.0,11.0,11.0,8.0,10.0,10.0,train_f_regression,128.0,334160.0,59776.0
openml,openml,361234,abalone,abalone,1,1,DeepSetModel-MC,9.802213812126585,3.1308487367048867,-0.0016943686545416,11.0,11.0,11.0,8.0,10.0,10.0,train_f_regression,128.0,334160.0,59776.0
openml,openml,361234,abalone,abalone,2,2,DeepSetModel-MC,11.74117690132592,3.4265400772974948,-0.0034579371644585,11.0,11.0,11.0,8.0,10.0,10.0,train_f_regression,128.0,334160.0,59776.0
openml,openml,361234,abalone,abalone,3,3,DeepSetModel-MC,9.667756648723726,3.1093016336025885,0.0006980057658391,11.0,11.0,11.0,8.0,10.0,10.0,train_f_regression,128.0,334160.0,59776.0
openml,openml,361234,abalone,abalone,4,4,DeepSetModel-MC,8.663419376583605,2.943368712306293,-0.0013304838765162,11.0,11.0,11.0,8.0,10.0,10.0,train_f_regression,128.0,334160.0,59776.0
openml,openml,361234,abalone,abalone,5,5,DeepSetModel-MC,10.425147849946548,3.2287997537702067,-0.0018808236129841,11.0,11.0,11.0,8.0,10.0,10.0,train_f_regression,128.0,334160.0,59776.0
openml,openml,361234,abalone,abalone,6,6,DeepSetModel-MC,10.736167082475614,3.276609082950789,-4.747756181511242e-05,11.0,11.0,11.0,8.0,10.0,10.0,train_f_regression,128.0,334160.0,59776.0
openml,openml,361234,abalone,abalone,7,7,DeepSetModel-MC,11.618360487364122,3.4085716198085265,-0.001018973832662,11.0,11.0,11.0,8.0,10.0,10.0,train_f_regression,128.0,334160.0,59776.0
openml,openml,361234,abalone,abalone,8,8,DeepSetModel-MC,10.508640545597258,3.241703340158883,-0.0045534307783532,11.0,11.0,11.0,8.0,10.0,10.0,train_f_regression,128.0,334160.0,59776.0
openml,openml,361234,abalone,abalone,9,9,DeepSetModel-MC,11.355612476932098,3.3698089674241327,-1.0601614495842073e-05,11.0,11.0,11.0,8.0,10.0,10.0,train_f_regression,128.0,334160.0,59776.0
openml,openml,361622,cars,cars,0,0,DeepSetModel-MC,94203860.05499844,9705.86730050429,-0.0012038115390609,2.0,2.0,2.0,17.0,17.0,17.0,train_f_regression,128.0,109344.0,82224.0
openml,openml,361622,cars,cars,1,1,DeepSetModel-MC,148961324.11332807,12204.971286870285,-0.0139489535682622,2.0,2.0,2.0,17.0,17.0,17.0,train_f_regression,128.0,109344.0,82224.0
openml,openml,361622,cars,cars,2,2,DeepSetModel-MC,90155955.57728972,9495.049003416978,-0.0105484951712491,2.0,2.0,2.0,17.0,17.0,17.0,train_f_regression,128.0,109344.0,82224.0
openml,openml,361622,cars,cars,3,3,DeepSetModel-MC,91350915.19253863,9557.767270264463,-6.628844320610838e-05,2.0,2.0,2.0,17.0,17.0,17.0,train_f_regression,128.0,109344.0,82224.0
openml,openml,361622,cars,cars,4,4,DeepSetModel-MC,109863213.63551304,10481.565419130537,-0.0205641735533019,2.0,2.0,2.0,17.0,17.0,17.0,train_f_regression,128.0,109344.0,82224.0
openml,openml,361622,cars,cars,5,5,DeepSetModel-MC,123761732.44418883,11124.825052295826,-0.0071990182496242,2.0,2.0,2.0,17.0,17.0,17.0,train_f_regression,128.0,109344.0,82224.0
openml,openml,361622,cars,cars,6,6,DeepSetModel-MC,114000026.09548035,10677.079474064074,0.0003184011179463,2.0,2.0,2.0,17.0,17.0,17.0,train_f_regression,128.0,109344.0,82224.0
openml,openml,361622,cars,cars,7,7,DeepSetModel-MC,63326892.163663015,7957.819560888712,-0.0052691799635291,2.0,2.0,2.0,17.0,17.0,17.0,train_f_regression,128.0,109344.0,82224.0
openml,openml,361622,cars,cars,8,8,DeepSetModel-MC,82816402.32427257,9100.351769259943,-0.0012222159405106,2.0,2.0,2.0,17.0,17.0,17.0,train_f_regression,128.0,109344.0,82224.0
openml,openml,361622,cars,cars,9,9,DeepSetModel-MC,99792528.6769181,9989.621047713375,-0.0078359842217472,2.0,2.0,2.0,17.0,17.0,17.0,train_f_regression,128.0,109344.0,82224.0
openml,openml,361235,airfoil_self_noise,airfoil_self_noise,0,0,DeepSetModel-MC,45.13100303762313,6.717961226266726,8.448488167389634e-05,1.0,1.0,1.0,5.0,5.0,5.0,train_f_regression,128.0,60120.0,33536.0
openml,openml,361235,airfoil_self_noise,airfoil_self_noise,1,1,DeepSetModel-MC,39.58988169155599,6.2920490852786575,-0.0047220387015061,1.0,1.0,1.0,5.0,5.0,5.0,train_f_regression,128.0,60120.0,33536.0
openml,openml,361235,airfoil_self_noise,airfoil_self_noise,2,2,DeepSetModel-MC,52.926611454921655,7.275067797273208,-0.0084372598186517,1.0,1.0,1.0,5.0,5.0,5.0,train_f_regression,128.0,60120.0,33536.0
openml,openml,361235,airfoil_self_noise,airfoil_self_noise,3,3,DeepSetModel-MC,47.896055742815385,6.920697634112863,-0.0016475026744722,1.0,1.0,1.0,5.0,5.0,5.0,train_f_regression,128.0,60120.0,33536.0
openml,openml,361235,airfoil_self_noise,airfoil_self_noise,4,4,DeepSetModel-MC,48.72435736711233,6.9802834732632695,-0.0007749512507142,1.0,1.0,1.0,5.0,5.0,5.0,train_f_regression,128.0,60120.0,33536.0
openml,openml,361235,airfoil_self_noise,airfoil_self_noise,5,5,DeepSetModel-MC,42.85751064066186,6.546564796949761,-0.0044472815264153,1.0,1.0,1.0,5.0,5.0,5.0,train_f_regression,128.0,60120.0,33536.0
openml,openml,361235,airfoil_self_noise,airfoil_self_noise,6,6,DeepSetModel-MC,50.05661960768564,7.07507028994664,-0.0003078876038675,1.0,1.0,1.0,5.0,5.0,5.0,train_f_regression,128.0,60120.0,33536.0
openml,openml,361235,airfoil_self_noise,airfoil_self_noise,7,7,DeepSetModel-MC,55.36122750989404,7.44051258381397,-0.0131801724170816,1.0,1.0,1.0,5.0,5.0,5.0,train_f_regression,128.0,60120.0,33536.0
openml,openml,361235,airfoil_self_noise,airfoil_self_noise,8,8,DeepSetModel-MC,48.07871085138052,6.933881369866413,-0.0006238982332458,1.0,1.0,1.0,5.0,5.0,5.0,train_f_regression,128.0,60120.0,33536.0
openml,openml,361235,airfoil_self_noise,airfoil_self_noise,9,9,DeepSetModel-MC,47.6945166916628,6.906121682367232,-0.0038040658471985,1.0,1.0,1.0,5.0,5.0,5.0,train_f_regression,128.0,60120.0,33536.0
openml,openml,361236,auction_verification,auction_verification,0,0,DeepSetModel-MC,88234290.10980932,9393.310923727018,-0.0162768594846016,1.0,1.0,1.0,7.0,16.0,16.0,train_f_regression,128.0,261504.0,91264.0
openml,openml,361236,auction_verification,auction_verification,1,1,DeepSetModel-MC,102227681.94452864,10110.770591034525,-0.001591644236683,1.0,1.0,1.0,7.0,16.0,16.0,train_f_regression,128.0,261504.0,91264.0
openml,openml,361236,auction_verification,auction_verification,2,2,DeepSetModel-MC,121280435.17088524,11012.739675979145,-0.0073954290160116,1.0,1.0,1.0,7.0,16.0,16.0,train_f_regression,128.0,261504.0,91264.0
openml,openml,361236,auction_verification,auction_verification,3,3,DeepSetModel-MC,101219595.79223049,10060.794988082724,-0.0081023841298359,1.0,1.0,1.0,7.0,16.0,16.0,train_f_regression,128.0,261504.0,91264.0
openml,openml,361236,auction_verification,auction_verification,4,4,DeepSetModel-MC,98222683.69974265,9910.735779937968,-0.006976429672894,1.0,1.0,1.0,7.0,16.0,16.0,train_f_regression,128.0,261504.0,91264.0
openml,openml,361236,auction_verification,auction_verification,5,5,DeepSetModel-MC,122187783.23942822,11053.858296514762,-0.0010575073264049,1.0,1.0,1.0,7.0,16.0,16.0,train_f_regression,128.0,261504.0,91264.0
openml,openml,361236,auction_verification,auction_verification,6,6,DeepSetModel-MC,96562288.88514106,9826.611261525566,0.0003580339006845,1.0,1.0,1.0,7.0,16.0,16.0,train_f_regression,128.0,261504.0,91264.0
openml,openml,361236,auction_verification,auction_verification,7,7,DeepSetModel-MC,117893987.5098817,10857.89977435239,0.0006804162550145,1.0,1.0,1.0,7.0,16.0,16.0,train_f_regression,128.0,261504.0,91264.0
openml,openml,361236,auction_verification,auction_verification,8,8,DeepSetModel-MC,113039185.23383316,10631.988771336864,-0.0039162904470875,1.0,1.0,1.0,7.0,16.0,16.0,train_f_regression,128.0,261504.0,91264.0
openml,openml,361236,auction_verification,auction_verification,9,9,DeepSetModel-MC,92696199.05885632,9627.886531262004,-0.0145431184115008,1.0,1.0,1.0,7.0,16.0,16.0,train_f_regression,128.0,261504.0,91264.0
kaggle,kaggle,playground-series-s3e5,Wine Quality,Wine Quality,0,0,DeepSetModel-MC,0.6851430004028357,0.8277336530568488,-0.0014372736229373,9.0,9.0,9.0,12.0,12.0,12.0,train_f_regression,128.0,197376.0,70272.0
kaggle,kaggle,playground-series-s3e5,Wine Quality,Wine Quality,1,1,DeepSetModel-MC,0.757886049119004,0.8705665104510993,-0.0001446770660837,10.0,10.0,10.0,12.0,12.0,12.0,train_f_regression,128.0,197376.0,70272.0
kaggle,kaggle,playground-series-s3e5,Wine Quality,Wine Quality,2,2,DeepSetModel-MC,0.6884638009625877,0.8297371878869765,-0.0010844934775346,10.0,10.0,10.0,12.0,12.0,12.0,train_f_regression,128.0,197376.0,70272.0
kaggle,kaggle,playground-series-s3e5,Wine Quality,Wine Quality,3,3,DeepSetModel-MC,0.743609717272759,0.8623280798354875,-0.0063726866369053,9.0,9.0,9.0,12.0,12.0,12.0,train_f_regression,128.0,197376.0,70272.0
kaggle,kaggle,playground-series-s3e5,Wine Quality,Wine Quality,4,4,DeepSetModel-MC,0.7275372670691836,0.8529579515246831,-0.010234333475602,10.0,10.0,10.0,12.0,12.0,12.0,train_f_regression,128.0,197376.0,70272.0
kaggle,kaggle,playground-series-s3e5,Wine Quality,Wine Quality,5,5,DeepSetModel-MC,0.5973717694967191,0.7728982918189942,-0.0135162486151756,9.0,9.0,9.0,12.0,12.0,12.0,train_f_regression,128.0,197376.0,70272.0
kaggle,kaggle,playground-series-s3e5,Wine Quality,Wine Quality,6,6,DeepSetModel-MC,0.950329730819811,0.9748485681477976,-0.0143926063253221,10.0,10.0,10.0,12.0,12.0,12.0,train_f_regression,128.0,197376.0,70272.0
kaggle,kaggle,playground-series-s3e5,Wine Quality,Wine Quality,7,7,DeepSetModel-MC,0.712569714400998,0.8441384450438199,-0.0018091836840961,10.0,10.0,10.0,12.0,12.0,12.0,train_f_regression,128.0,197376.0,70272.0
kaggle,kaggle,playground-series-s3e5,Wine Quality,Wine Quality,8,8,DeepSetModel-MC,0.7183790364636435,0.8475724372958594,-0.0009565534335167,9.0,9.0,9.0,12.0,12.0,12.0,train_f_regression,128.0,197376.0,70272.0
kaggle,kaggle,playground-series-s3e5,Wine Quality,Wine Quality,9,9,DeepSetModel-MC,0.697692462707734,0.8352798708862401,-0.0003810429607176,9.0,9.0,9.0,12.0,12.0,12.0,train_f_regression,128.0,197376.0,70272.0
openml,openml,361237,concrete_compressive_strength,concrete_compressive_strength,0,0,DeepSetModel-MC,273.3102683409635,16.532098122772062,-0.0020241790929429,11.0,11.0,11.0,8.0,8.0,8.0,train_f_regression,128.0,65920.0,45280.0
openml,openml,361237,concrete_compressive_strength,concrete_compressive_strength,1,1,DeepSetModel-MC,231.69097750670585,15.221398671170329,-0.0068677546872089,11.0,11.0,11.0,8.0,8.0,8.0,train_f_regression,128.0,65920.0,45280.0
openml,openml,361237,concrete_compressive_strength,concrete_compressive_strength,2,2,DeepSetModel-MC,226.0890483865225,15.036257791968136,-0.0239943502647426,11.0,11.0,11.0,8.0,8.0,8.0,train_f_regression,128.0,65920.0,45280.0
openml,openml,361237,concrete_compressive_strength,concrete_compressive_strength,3,3,DeepSetModel-MC,309.0874828424151,17.580884017660065,-0.0071837061800346,11.0,11.0,11.0,8.0,8.0,8.0,train_f_regression,128.0,65920.0,45280.0
openml,openml,361237,concrete_compressive_strength,concrete_compressive_strength,4,4,DeepSetModel-MC,313.9058190535078,17.71738747822341,-0.0021727071500667,11.0,11.0,11.0,8.0,8.0,8.0,train_f_regression,128.0,65920.0,45280.0
openml,openml,361237,concrete_compressive_strength,concrete_compressive_strength,5,5,DeepSetModel-MC,230.87551094545344,15.1945882124345,-0.0013075474740242,11.0,11.0,11.0,8.0,8.0,8.0,train_f_regression,128.0,65920.0,45280.0
openml,openml,361237,concrete_compressive_strength,concrete_compressive_strength,6,6,DeepSetModel-MC,300.55724706070794,17.336586949590394,-0.0223737153253302,11.0,11.0,11.0,8.0,8.0,8.0,train_f_regression,128.0,65920.0,45280.0
openml,openml,361237,concrete_compressive_strength,concrete_compressive_strength,7,7,DeepSetModel-MC,283.606278422153,16.840613956211723,-0.0031531127585229,11.0,11.0,11.0,8.0,8.0,8.0,train_f_regression,128.0,65920.0,45280.0
openml,openml,361237,concrete_compressive_strength,concrete_compressive_strength,8,8,DeepSetModel-MC,288.2573451293272,16.978143159053854,-0.012438944389701,11.0,11.0,11.0,8.0,8.0,8.0,train_f_regression,128.0,65920.0,45280.0
openml,openml,361237,concrete_compressive_strength,concrete_compressive_strength,9,9,DeepSetModel-MC,232.04648509314035,15.233072083238508,-0.0008189032924355,11.0,11.0,11.0,8.0,8.0,8.0,train_f_regression,128.0,65920.0,45280.0
openml,openml,361250,red_wine,red_wine,0,0,DeepSetModel-MC,0.5995531295423076,0.7743081618724599,-0.0019296374621757,10.0,10.0,10.0,11.0,11.0,11.0,train_f_regression,128.0,140712.0,65024.0
openml,openml,361250,red_wine,red_wine,1,1,DeepSetModel-MC,0.4971337583711975,0.705077129377487,-0.0005207715646742,11.0,11.0,11.0,11.0,11.0,11.0,train_f_regression,128.0,140712.0,65024.0
openml,openml,361250,red_wine,red_wine,2,2,DeepSetModel-MC,0.498488036385404,0.7060368520023612,0.0002120235454133,11.0,11.0,11.0,11.0,11.0,11.0,train_f_regression,128.0,140712.0,65024.0
openml,openml,361250,red_wine,red_wine,3,3,DeepSetModel-MC,0.584390165716157,0.7644541619457356,-0.020768848412501,10.0,10.0,10.0,11.0,11.0,11.0,train_f_regression,128.0,140712.0,65024.0
openml,openml,361250,red_wine,red_wine,4,4,DeepSetModel-MC,0.6329470659160684,0.795579704313822,-0.0049271202835121,11.0,11.0,11.0,11.0,11.0,11.0,train_f_regression,128.0,140712.0,65024.0
openml,openml,361250,red_wine,red_wine,5,5,DeepSetModel-MC,0.5477482725913074,0.7401001774025645,-0.0080048722836223,11.0,11.0,11.0,11.0,11.0,11.0,train_f_regression,128.0,140712.0,65024.0
openml,openml,361250,red_wine,red_wine,6,6,DeepSetModel-MC,0.5777662770462925,0.7601093849218628,-0.0004610857944458,11.0,11.0,11.0,11.0,11.0,11.0,train_f_regression,128.0,140712.0,65024.0
openml,openml,361250,red_wine,red_wine,7,7,DeepSetModel-MC,0.4592453916257577,0.6776764653031399,-0.0284911228780857,11.0,11.0,11.0,11.0,11.0,11.0,train_f_regression,128.0,140712.0,65024.0
openml,openml,361250,red_wine,red_wine,8,8,DeepSetModel-MC,0.6250155163897814,0.7905792284077424,-0.0002748949473869,11.0,11.0,11.0,11.0,11.0,11.0,train_f_regression,128.0,140712.0,65024.0
openml,openml,361250,red_wine,red_wine,9,9,DeepSetModel-MC,0.5980989254645925,0.7733685573286468,-0.0047465379548241,11.0,11.0,11.0,11.0,11.0,11.0,train_f_regression,128.0,140712.0,65024.0
openml,openml,361621,QSAR_fish_toxicity,QSAR_fish_toxicity,0,0,DeepSetModel-MC,2.497918952035489,1.5804806079276927,-0.002674037087313,2.0,2.0,2.0,6.0,6.0,6.0,train_f_regression,128.0,43584.0,34048.0
openml,openml,361621,QSAR_fish_toxicity,QSAR_fish_toxicity,1,1,DeepSetModel-MC,1.99473071187563,1.4123493590028036,-0.0116379092235507,2.0,2.0,2.0,6.0,6.0,6.0,train_f_regression,128.0,43584.0,34048.0
openml,openml,361621,QSAR_fish_toxicity,QSAR_fish_toxicity,2,2,DeepSetModel-MC,1.7247591196627352,1.313300848877642,-0.0144078020015179,2.0,2.0,2.0,6.0,6.0,6.0,train_f_regression,128.0,43584.0,34048.0
openml,openml,361621,QSAR_fish_toxicity,QSAR_fish_toxicity,3,3,DeepSetModel-MC,2.0512411251437146,1.4322154604471056,-0.0039341187639609,2.0,2.0,2.0,6.0,6.0,6.0,train_f_regression,128.0,43584.0,34048.0
openml,openml,361621,QSAR_fish_toxicity,QSAR_fish_toxicity,4,4,DeepSetModel-MC,2.7096298275821478,1.6460953276108123,-0.0485959219099698,2.0,2.0,2.0,6.0,6.0,6.0,train_f_regression,128.0,43584.0,34048.0
openml,openml,361621,QSAR_fish_toxicity,QSAR_fish_toxicity,5,5,DeepSetModel-MC,2.3683379763059893,1.5389405369623574,-0.0057726909662034,2.0,2.0,2.0,6.0,6.0,6.0,train_f_regression,128.0,43584.0,34048.0
openml,openml,361621,QSAR_fish_toxicity,QSAR_fish_toxicity,6,6,DeepSetModel-MC,1.6214726588876935,1.273370589768624,-0.0018395484667059,2.0,2.0,2.0,6.0,6.0,6.0,train_f_regression,128.0,43584.0,34048.0
openml,openml,361621,QSAR_fish_toxicity,QSAR_fish_toxicity,7,7,DeepSetModel-MC,1.8524347259571177,1.3610417796515717,0.0001538800939194,2.0,2.0,2.0,6.0,6.0,6.0,train_f_regression,128.0,43584.0,34048.0
openml,openml,361621,QSAR_fish_toxicity,QSAR_fish_toxicity,8,8,DeepSetModel-MC,2.4876700298753973,1.577234931731921,-0.0017943913594864,2.0,2.0,2.0,6.0,6.0,6.0,train_f_regression,128.0,43584.0,34048.0
openml,openml,361621,QSAR_fish_toxicity,QSAR_fish_toxicity,9,9,DeepSetModel-MC,2.334482224337568,1.5279012482282903,-0.0039773314493281,2.0,2.0,2.0,6.0,6.0,6.0,train_f_regression,128.0,43584.0,34048.0
openml,openml,361623,space_ga,space_ga,0,0,DeepSetModel-MC,0.0387345774114026,0.1968110195375317,-0.0002740866941344,11.0,11.0,11.0,6.0,6.0,6.0,train_f_regression,128.0,149136.0,38784.0
openml,openml,361623,space_ga,space_ga,1,1,DeepSetModel-MC,0.0363400299732958,0.1906306113227774,-0.0078184424603136,11.0,11.0,11.0,6.0,6.0,6.0,train_f_regression,128.0,149136.0,38784.0
openml,openml,361623,space_ga,space_ga,2,2,DeepSetModel-MC,0.0414858923671594,0.2036808591084577,-0.0016266696401465,11.0,11.0,11.0,6.0,6.0,6.0,train_f_regression,128.0,149136.0,38784.0
openml,openml,361623,space_ga,space_ga,3,3,DeepSetModel-MC,0.0339526520276234,0.1842624541995016,0.0003167319936019,11.0,11.0,11.0,6.0,6.0,6.0,train_f_regression,128.0,149136.0,38784.0
openml,openml,361623,space_ga,space_ga,4,4,DeepSetModel-MC,0.0401807414428101,0.2004513443277699,-0.0069183837701018,11.0,11.0,11.0,6.0,6.0,6.0,train_f_regression,128.0,149136.0,38784.0
openml,openml,361623,space_ga,space_ga,5,5,DeepSetModel-MC,0.0355850338408191,0.1886399582294778,-0.0006421473333941,11.0,11.0,11.0,6.0,6.0,6.0,train_f_regression,128.0,149136.0,38784.0
openml,openml,361623,space_ga,space_ga,6,6,DeepSetModel-MC,0.0381616212490324,0.1953499967981377,0.0002271329702568,11.0,11.0,11.0,6.0,6.0,6.0,train_f_regression,128.0,149136.0,38784.0
openml,openml,361623,space_ga,space_ga,7,7,DeepSetModel-MC,0.0384974197441363,0.1962075934925463,-0.0016487185845979,11.0,11.0,11.0,6.0,6.0,6.0,train_f_regression,128.0,149136.0,38784.0
openml,openml,361623,space_ga,space_ga,8,8,DeepSetModel-MC,0.0397191999085128,0.1992967634170531,-0.0003926447713029,11.0,11.0,11.0,6.0,6.0,6.0,train_f_regression,128.0,149136.0,38784.0
openml,openml,361623,space_ga,space_ga,9,9,DeepSetModel-MC,0.0377158710006879,0.1942057439950939,-0.0101721769835323,11.0,11.0,11.0,6.0,6.0,6.0,train_f_regression,128.0,149136.0,38784.0
openml,openml,361234,abalone,abalone,0,0,KNN,5.073875598086125,2.252526492205169,0.5319552148266018,9.0,9.0,9.0,,,,,,,
openml,openml,361234,abalone,abalone,1,1,KNN,4.808708133971292,2.192876680064634,0.5085951040627916,9.0,9.0,9.0,,,,,,,
openml,openml,361234,abalone,abalone,2,2,KNN,5.951387559808613,2.439546588980955,0.4913655475749316,9.0,9.0,9.0,,,,,,,
openml,openml,361234,abalone,abalone,3,3,KNN,5.3088995215311,2.304104928498505,0.4512487155171445,9.0,9.0,9.0,,,,,,,
openml,openml,361234,abalone,abalone,4,4,KNN,4.631866028708134,2.152177043997109,0.4646422561149861,7.0,7.0,7.0,,,,,,,
openml,openml,361234,abalone,abalone,5,5,KNN,5.048995215311006,2.24699693264388,0.5147798805788887,6.0,6.0,6.0,,,,,,,
openml,openml,361234,abalone,abalone,6,6,KNN,5.015789473684212,2.2395958281985195,0.5327915845007162,9.0,9.0,9.0,,,,,,,
openml,openml,361234,abalone,abalone,7,7,KNN,5.541913875598086,2.354126987993232,0.5225177470733848,9.0,9.0,9.0,,,,,,,
openml,openml,361234,abalone,abalone,8,8,KNN,5.210813397129186,2.28272061302499,0.5018822413309194,8.0,8.0,8.0,,,,,,,
openml,openml,361234,abalone,abalone,9,9,KNN,6.30421052631579,2.510818696424692,0.4448315866773316,9.0,9.0,9.0,,,,,,,
openml,openml,361235,airfoil_self_noise,airfoil_self_noise,0,0,KNN,35.55243171900601,5.9625859925879485,0.212305827850015,10.0,10.0,10.0,,,,,,,
openml,openml,361235,airfoil_self_noise,airfoil_self_noise,1,1,KNN,41.60323866150716,6.450057260327784,-0.055817521513082,10.0,10.0,10.0,,,,,,,
openml,openml,361235,airfoil_self_noise,airfoil_self_noise,2,2,KNN,39.72006337944061,6.302385530847872,0.2431937210206279,10.0,10.0,10.0,,,,,,,
openml,openml,361235,airfoil_self_noise,airfoil_self_noise,3,3,KNN,32.601452060147274,5.709768126653417,0.318207678416057,10.0,10.0,10.0,,,,,,,
openml,openml,361235,airfoil_self_noise,airfoil_self_noise,4,4,KNN,34.17070774952673,5.845571635822003,0.2981500376787478,10.0,10.0,10.0,,,,,,,
openml,openml,361235,airfoil_self_noise,airfoil_self_noise,5,5,KNN,37.63987940011255,6.135134831453384,0.1178378310999048,10.0,10.0,10.0,,,,,,,
openml,openml,361235,airfoil_self_noise,airfoil_self_noise,6,6,KNN,37.05968490186966,6.087666622103223,0.2594167282969638,10.0,10.0,10.0,,,,,,,
openml,openml,361235,airfoil_self_noise,airfoil_self_noise,7,7,KNN,51.56004076358313,7.180532066886348,0.0563863313662477,10.0,10.0,10.0,,,,,,,
openml,openml,361235,airfoil_self_noise,airfoil_self_noise,8,8,KNN,35.95511610379565,5.996258508753242,0.2516948187645528,10.0,10.0,10.0,,,,,,,
openml,openml,361235,airfoil_self_noise,airfoil_self_noise,9,9,KNN,39.168283733005886,6.258456977003668,0.1756435500200631,10.0,10.0,10.0,,,,,,,
openml,openml,361237,concrete_compressive_strength,concrete_compressive_strength,0,0,KNN,97.86846309699403,9.892849088962896,0.6411896011476883,8.0,8.0,8.0,,,,,,,
openml,openml,361237,concrete_compressive_strength,concrete_compressive_strength,1,1,KNN,68.06407261106142,8.250095309210762,0.7042115290709452,7.0,7.0,7.0,,,,,,,
openml,openml,361237,concrete_compressive_strength,concrete_compressive_strength,2,2,KNN,56.97555640676256,7.548215445173949,0.741948368220064,7.0,7.0,7.0,,,,,,,
openml,openml,361237,concrete_compressive_strength,concrete_compressive_strength,3,3,KNN,82.9948974342606,9.11015353516397,0.7295551808725672,7.0,7.0,7.0,,,,,,,
openml,openml,361237,concrete_compressive_strength,concrete_compressive_strength,4,4,KNN,80.97442091416995,8.99857882746881,0.7414818404381668,7.0,7.0,7.0,,,,,,,
openml,openml,361237,concrete_compressive_strength,concrete_compressive_strength,5,5,KNN,66.2914244728728,8.141954585532444,0.7124939609849992,7.0,7.0,7.0,,,,,,,
openml,openml,361237,concrete_compressive_strength,concrete_compressive_strength,6,6,KNN,84.23241618867037,9.177821974121658,0.7134755221116125,7.0,7.0,7.0,,,,,,,
openml,openml,361237,concrete_compressive_strength,concrete_compressive_strength,7,7,KNN,73.21000966827725,8.556284805233943,0.7410464623970847,7.0,7.0,7.0,,,,,,,
openml,openml,361237,concrete_compressive_strength,concrete_compressive_strength,8,8,KNN,89.1095824916905,9.439787205847942,0.6870226790147614,7.0,7.0,7.0,,,,,,,
openml,openml,361237,concrete_compressive_strength,concrete_compressive_strength,9,9,KNN,78.0714766192702,8.835806506441289,0.6632769094642544,10.0,10.0,10.0,,,,,,,
openml,openml,361250,red_wine,red_wine,0,0,KNN,0.6045,0.7774959806970065,-0.0101964880214111,11.0,11.0,11.0,,,,,,,
openml,openml,361250,red_wine,red_wine,1,1,KNN,0.4672499999999999,0.6835568740053749,0.059622641509434,10.0,10.0,10.0,,,,,,,
openml,openml,361250,red_wine,red_wine,2,2,KNN,0.398,0.6308724118235002,0.201754935756816,7.0,7.0,7.0,,,,,,,
openml,openml,361250,red_wine,red_wine,3,3,KNN,0.6297499999999999,0.7935678924956578,-0.0999999999999996,11.0,11.0,11.0,,,,,,,
openml,openml,361250,red_wine,red_wine,4,4,KNN,0.5599999999999999,0.7483314773547882,0.1108905978665344,10.0,10.0,10.0,,,,,,,
openml,openml,361250,red_wine,red_wine,5,5,KNN,0.427,0.6534523701081817,0.2142045862986125,10.0,10.0,10.0,,,,,,,
openml,openml,361250,red_wine,red_wine,6,6,KNN,0.4834999999999999,0.6953416426476987,0.162770562770563,10.0,10.0,10.0,,,,,,,
openml,openml,361250,red_wine,red_wine,7,7,KNN,0.3687499999999999,0.6072478900745559,0.174175487708862,10.0,10.0,10.0,,,,,,,
openml,openml,361250,red_wine,red_wine,8,8,KNN,0.56475,0.751498502992521,0.0961740435108777,10.0,10.0,10.0,,,,,,,
openml,openml,361250,red_wine,red_wine,9,9,KNN,0.4984999999999999,0.7060453243241541,0.1625697224227312,10.0,10.0,10.0,,,,,,,
openml,openml,361259,pumadyn32nh,pumadyn32nh,0,0,KNN,0.0012506840718836,0.0353650119734697,0.0807530117626361,8.0,8.0,8.0,,,,,,,
openml,openml,361259,pumadyn32nh,pumadyn32nh,1,1,KNN,0.0014176471876248,0.0376516558417408,-0.0719613112094916,10.0,10.0,10.0,,,,,,,
openml,openml,361259,pumadyn32nh,pumadyn32nh,2,2,KNN,0.0012309806507406,0.0350853338410883,0.0479114630552035,8.0,8.0,8.0,,,,,,,
openml,openml,361259,pumadyn32nh,pumadyn32nh,3,3,KNN,0.0012959624617139,0.0359994786311402,-0.009299651487763,10.0,10.0,10.0,,,,,,,
openml,openml,361259,pumadyn32nh,pumadyn32nh,4,4,KNN,0.0012789034322648,0.0357617593563966,0.0278554921166432,9.0,9.0,9.0,,,,,,,
openml,openml,361259,pumadyn32nh,pumadyn32nh,5,5,KNN,0.0013984119274254,0.0373953463338074,-0.0405364053264394,10.0,10.0,10.0,,,,,,,
openml,openml,361259,pumadyn32nh,pumadyn32nh,6,6,KNN,0.0012403164441117,0.0352181266411448,0.0103522034864119,9.0,9.0,9.0,,,,,,,
openml,openml,361259,pumadyn32nh,pumadyn32nh,7,7,KNN,0.0012567991853386,0.0354513636597892,-0.0163125320145616,10.0,10.0,10.0,,,,,,,
openml,openml,361259,pumadyn32nh,pumadyn32nh,8,8,KNN,0.0012663784619763,0.035586211683409,0.0092611353766737,9.0,9.0,9.0,,,,,,,
openml,openml,361259,pumadyn32nh,pumadyn32nh,9,9,KNN,0.0013139635813184,0.0362486355787152,-0.0002851137840329,9.0,9.0,9.0,,,,,,,
openml,openml,361236,auction_verification,auction_verification,0,0,KNN,10543683.913962996,3247.103927188503,0.8785585290917486,7.0,7.0,7.0,,,,,,,
openml,openml,361236,auction_verification,auction_verification,1,1,KNN,10249866.172052104,3201.5412182341342,0.8995753389180602,7.0,7.0,7.0,,,,,,,
openml,openml,361236,auction_verification,auction_verification,2,2,KNN,10404149.634761369,3225.5464087130053,0.9135796901611604,7.0,7.0,7.0,,,,,,,
openml,openml,361236,auction_verification,auction_verification,3,3,KNN,8766023.444425147,2960.7471091643656,0.9126942854839838,7.0,7.0,7.0,,,,,,,
openml,openml,361236,auction_verification,auction_verification,4,4,KNN,11029026.425691774,3320.9978057342605,0.8869307044505016,7.0,7.0,7.0,,,,,,,
openml,openml,361236,auction_verification,auction_verification,5,5,KNN,11014691.571313413,3318.8388890263127,0.9097590659555388,7.0,7.0,7.0,,,,,,,
openml,openml,361236,auction_verification,auction_verification,6,6,KNN,7048673.929536318,2654.933884211868,0.92702999953019,7.0,7.0,7.0,,,,,,,
openml,openml,361236,auction_verification,auction_verification,7,7,KNN,9676884.444353318,3110.769108171373,0.9179746114358128,7.0,7.0,7.0,,,,,,,
openml,openml,361236,auction_verification,auction_verification,8,8,KNN,14779650.06291241,3844.431045410024,0.8687399291265933,6.0,6.0,6.0,,,,,,,
openml,openml,361236,auction_verification,auction_verification,9,9,KNN,8798411.460834535,2966.211634532259,0.9037029792896376,7.0,7.0,7.0,,,,,,,
openml,openml,361249,white_wine,white_wine,0,0,KNN,0.7428571428571429,0.8618916073713346,0.1627077269739931,10.0,10.0,10.0,,,,,,,
openml,openml,361249,white_wine,white_wine,1,1,KNN,0.6016326530612245,0.7756498263141844,0.1847345132743363,10.0,10.0,10.0,,,,,,,
openml,openml,361249,white_wine,white_wine,2,2,KNN,0.7115102040816328,0.8435106425420089,0.1056815742771735,10.0,10.0,10.0,,,,,,,
openml,openml,361249,white_wine,white_wine,3,3,KNN,0.7057959183673469,0.8401166099818208,0.1562736184895121,10.0,10.0,10.0,,,,,,,
openml,openml,361249,white_wine,white_wine,4,4,KNN,0.6587755102040815,0.8116498692195309,0.1723076923076923,10.0,10.0,10.0,,,,,,,
openml,openml,361249,white_wine,white_wine,5,5,KNN,0.5482448979591836,0.7404356136486032,0.2128871774019947,10.0,10.0,10.0,,,,,,,
openml,openml,361249,white_wine,white_wine,6,6,KNN,0.5811428571428571,0.7623272638065998,0.1800700451297479,10.0,10.0,10.0,,,,,,,
openml,openml,361249,white_wine,white_wine,7,7,KNN,0.6475102040816326,0.8046801874543903,0.1553633518776077,10.0,10.0,10.0,,,,,,,
openml,openml,361249,white_wine,white_wine,8,8,KNN,0.5653877551020409,0.7519227055369726,0.2519900154837147,10.0,10.0,10.0,,,,,,,
openml,openml,361249,white_wine,white_wine,9,9,KNN,0.7532244897959184,0.8678850671580416,0.162118411237902,10.0,10.0,10.0,,,,,,,
openml,openml,361256,cpu_activity,cpu_activity,0,0,KNN,40.10019512195122,6.3324714860748665,0.8865225472213402,7.0,7.0,7.0,,,,,,,
openml,openml,361256,cpu_activity,cpu_activity,1,1,KNN,40.505024390243904,6.364355771815707,0.8910307365576425,7.0,7.0,7.0,,,,,,,
openml,openml,361256,cpu_activity,cpu_activity,2,2,KNN,47.571951219512194,6.897242290909621,0.8304012239343399,7.0,7.0,7.0,,,,,,,
openml,openml,361256,cpu_activity,cpu_activity,3,3,KNN,49.87921951219512,7.0625221778197,0.8767386222464424,7.0,7.0,7.0,,,,,,,
openml,openml,361256,cpu_activity,cpu_activity,4,4,KNN,47.23375609756098,6.872681870824589,0.8555842782077354,7.0,7.0,7.0,,,,,,,
openml,openml,361256,cpu_activity,cpu_activity,5,5,KNN,45.84282926829269,6.770733288816854,0.8672600283014971,7.0,7.0,7.0,,,,,,,
openml,openml,361256,cpu_activity,cpu_activity,6,6,KNN,38.63843902439024,6.215982546982435,0.8713806304568796,7.0,7.0,7.0,,,,,,,
openml,openml,361256,cpu_activity,cpu_activity,7,7,KNN,50.811414634146345,7.128212583400297,0.8652732778955838,7.0,7.0,7.0,,,,,,,
openml,openml,361256,cpu_activity,cpu_activity,8,8,KNN,46.96541463414634,6.85313173915009,0.8273176670833923,7.0,7.0,7.0,,,,,,,
openml,openml,361256,cpu_activity,cpu_activity,9,9,KNN,46.389219512195126,6.810963185350155,0.8555623503696668,7.0,7.0,7.0,,,,,,,
openml,openml,361258,kin8nm,kin8nm,0,0,KNN,0.0139786122459174,0.1182311813605761,0.7942795214337148,6.0,6.0,6.0,,,,,,,
openml,openml,361258,kin8nm,kin8nm,1,1,KNN,0.0143289528714007,0.1197036042540104,0.792121072018332,6.0,6.0,6.0,,,,,,,
openml,openml,361258,kin8nm,kin8nm,2,2,KNN,0.0145592769209616,0.1206618287651967,0.7969846784989693,6.0,6.0,6.0,,,,,,,
openml,openml,361258,kin8nm,kin8nm,3,3,KNN,0.0136348830530208,0.11676850197301,0.8044252343647854,6.0,6.0,6.0,,,,,,,
openml,openml,361258,kin8nm,kin8nm,4,4,KNN,0.0147051491735903,0.1212647895045812,0.7920209694288043,6.0,6.0,6.0,,,,,,,
openml,openml,361258,kin8nm,kin8nm,5,5,KNN,0.0134389537983279,0.1159265017083149,0.8081973823853648,5.0,5.0,5.0,,,,,,,
openml,openml,361258,kin8nm,kin8nm,6,6,KNN,0.0135756823957178,0.1165147303808314,0.7947787766578209,6.0,6.0,6.0,,,,,,,
openml,openml,361258,kin8nm,kin8nm,7,7,KNN,0.0139317304402796,0.1180327515576911,0.7974453365673508,6.0,6.0,6.0,,,,,,,
openml,openml,361258,kin8nm,kin8nm,8,8,KNN,0.0145989939673447,0.120826296671481,0.7964142078791921,6.0,6.0,6.0,,,,,,,
openml,openml,361258,kin8nm,kin8nm,9,9,KNN,0.0138859096598879,0.1178384897216864,0.8059128412688961,7.0,7.0,7.0,,,,,,,
openml,openml,361617,energy_efficiency,energy_efficiency,0,0,KNN,4.782700601830823,2.1869386369605395,0.959849394145784,7.0,7.0,7.0,,,,,,,
openml,openml,361617,energy_efficiency,energy_efficiency,1,1,KNN,5.84978872723114,2.418633648825539,0.938309637281481,7.0,7.0,7.0,,,,,,,
openml,openml,361617,energy_efficiency,energy_efficiency,2,2,KNN,5.411639136646824,2.326293003180559,0.9389547618636878,7.0,7.0,7.0,,,,,,,
openml,openml,361617,energy_efficiency,energy_efficiency,3,3,KNN,3.396806958011644,1.843042853004684,0.9644478290296532,7.0,7.0,7.0,,,,,,,
openml,openml,361617,energy_efficiency,energy_efficiency,4,4,KNN,3.2818783946727037,1.8115955383784488,0.9648803212196716,7.0,7.0,7.0,,,,,,,
openml,openml,361617,energy_efficiency,energy_efficiency,5,5,KNN,5.024907254599369,2.2416304902011324,0.9470662028157018,7.0,7.0,7.0,,,,,,,
openml,openml,361617,energy_efficiency,energy_efficiency,6,6,KNN,3.8137528376294503,1.9528832114669452,0.9618863060688864,7.0,7.0,7.0,,,,,,,
openml,openml,361617,energy_efficiency,energy_efficiency,7,7,KNN,2.722759137877949,1.650078524761155,0.9715437359143037,7.0,7.0,7.0,,,,,,,
openml,openml,361617,energy_efficiency,energy_efficiency,8,8,KNN,2.973060921773355,1.7242566287456618,0.9747205576417852,7.0,7.0,7.0,,,,,,,
openml,openml,361617,energy_efficiency,energy_efficiency,9,9,KNN,4.33678748552877,2.082495494719921,0.9575112688073202,7.0,7.0,7.0,,,,,,,
openml,openml,361623,space_ga,space_ga,0,0,KNN,0.0189324709089695,0.137595315723209,0.5110916056681194,10.0,10.0,10.0,,,,,,,
openml,openml,361623,space_ga,space_ga,1,1,KNN,0.0162906897297868,0.1276349863077784,0.548210126349851,10.0,10.0,10.0,,,,,,,
openml,openml,361623,space_ga,space_ga,2,2,KNN,0.0159866427921207,0.1264382963825467,0.6140218550228345,8.0,8.0,8.0,,,,,,,
openml,openml,361623,space_ga,space_ga,3,3,KNN,0.0134755297638561,0.1160841494944772,0.6032338910819351,10.0,10.0,10.0,,,,,,,
openml,openml,361623,space_ga,space_ga,4,4,KNN,0.0190024600175147,0.1378494106534906,0.5238035526117535,10.0,10.0,10.0,,,,,,,
openml,openml,361623,space_ga,space_ga,5,5,KNN,0.0168585955030231,0.1298406542767833,0.5259405602751033,10.0,10.0,10.0,,,,,,,
openml,openml,361623,space_ga,space_ga,6,6,KNN,0.0150689047590718,0.1227554673286363,0.6052190231735131,8.0,8.0,8.0,,,,,,,
openml,openml,361623,space_ga,space_ga,7,7,KNN,0.0201365721341756,0.1419033901433494,0.4760747133460679,10.0,10.0,10.0,,,,,,,
openml,openml,361623,space_ga,space_ga,8,8,KNN,0.0166696045502772,0.1291108227464967,0.5801488997322546,10.0,10.0,10.0,,,,,,,
openml,openml,361623,space_ga,space_ga,9,9,KNN,0.0165784007337657,0.1287571385740058,0.5559683837123093,8.0,8.0,8.0,,,,,,,
openml,openml,361243,geographical_origin_of_music,geographical_origin_of_music,0,0,KNN,278.8465960679188,16.69870043051012,0.157308418961679,4.0,4.0,4.0,,,,,,,
openml,openml,361243,geographical_origin_of_music,geographical_origin_of_music,1,1,KNN,270.2138083917759,16.43818141984617,0.2587334661160357,3.0,3.0,3.0,,,,,,,
openml,openml,361243,geographical_origin_of_music,geographical_origin_of_music,2,2,KNN,262.674248002389,16.207228264030498,0.2611859575107464,3.0,3.0,3.0,,,,,,,
openml,openml,361243,geographical_origin_of_music,geographical_origin_of_music,3,3,KNN,354.2013664142706,18.820238213536797,0.2152793484738123,7.0,7.0,7.0,,,,,,,
openml,openml,361243,geographical_origin_of_music,geographical_origin_of_music,4,4,KNN,330.66291178672725,18.184139016921517,0.2398889427812623,5.0,5.0,5.0,,,,,,,
openml,openml,361243,geographical_origin_of_music,geographical_origin_of_music,5,5,KNN,311.88307321820645,17.660211584751934,0.0680943930265823,8.0,8.0,8.0,,,,,,,
openml,openml,361243,geographical_origin_of_music,geographical_origin_of_music,6,6,KNN,305.56543795189026,17.480430142072883,0.1049282521973556,7.0,7.0,7.0,,,,,,,
openml,openml,361243,geographical_origin_of_music,geographical_origin_of_music,7,7,KNN,353.2045175131572,18.79373612438881,-0.0050789467120995,8.0,8.0,8.0,,,,,,,
openml,openml,361243,geographical_origin_of_music,geographical_origin_of_music,8,8,KNN,310.16045620222235,17.611372922126836,0.1820788876591134,4.0,4.0,4.0,,,,,,,
openml,openml,361243,geographical_origin_of_music,geographical_origin_of_music,9,9,KNN,241.02712307412065,15.525048247078676,0.3894260749220194,1.0,1.0,1.0,,,,,,,
openml,openml,361251,grid_stability,grid_stability,0,0,KNN,0.00065307578815,0.0255553475450834,0.5177105684125975,8.0,8.0,8.0,,,,,,,
openml,openml,361251,grid_stability,grid_stability,1,1,KNN,0.000614011783417,0.0247792611555931,0.5297308608719773,8.0,8.0,8.0,,,,,,,
openml,openml,361251,grid_stability,grid_stability,2,2,KNN,0.0006490252717529,0.0254759744024246,0.5406368054952639,8.0,8.0,8.0,,,,,,,
openml,openml,361251,grid_stability,grid_stability,3,3,KNN,0.0006789279193558,0.0260562453042617,0.5110995546482939,8.0,8.0,8.0,,,,,,,
openml,openml,361251,grid_stability,grid_stability,4,4,KNN,0.0006817994864244,0.0261112904013652,0.5215852368466732,8.0,8.0,8.0,,,,,,,
openml,openml,361251,grid_stability,grid_stability,5,5,KNN,0.0006662364827598,0.0258115571548846,0.4957400139122514,8.0,8.0,8.0,,,,,,,
openml,openml,361251,grid_stability,grid_stability,6,6,KNN,0.0006428077994035,0.0253536545571555,0.5375302511481479,8.0,8.0,8.0,,,,,,,
openml,openml,361251,grid_stability,grid_stability,7,7,KNN,0.000648270508094,0.0254611568490917,0.5355844746658895,8.0,8.0,8.0,,,,,,,
openml,openml,361251,grid_stability,grid_stability,8,8,KNN,0.0006470979749605,0.0254381205076275,0.5196138733686646,8.0,8.0,8.0,,,,,,,
openml,openml,361251,grid_stability,grid_stability,9,9,KNN,0.0006209992733754,0.0249198570095306,0.5552467171055468,8.0,8.0,8.0,,,,,,,
openml,openml,361621,QSAR_fish_toxicity,QSAR_fish_toxicity,0,0,KNN,1.009090620789861,1.0045350271592628,0.594947239697336,5.0,5.0,5.0,,,,,,,
openml,openml,361621,QSAR_fish_toxicity,QSAR_fish_toxicity,1,1,KNN,1.1174591250693326,1.0570993922377083,0.4332748745493815,6.0,6.0,6.0,,,,,,,
openml,openml,361621,QSAR_fish_toxicity,QSAR_fish_toxicity,2,2,KNN,0.5663353790792901,0.7525525756246471,0.6669128920449728,6.0,6.0,6.0,,,,,,,
openml,openml,361621,QSAR_fish_toxicity,QSAR_fish_toxicity,3,3,KNN,1.3476050678075524,1.1608639316507134,0.3404448216216241,9.0,9.0,9.0,,,,,,,
openml,openml,361621,QSAR_fish_toxicity,QSAR_fish_toxicity,4,4,KNN,0.9447381693919642,0.9719764242984312,0.6343970746066528,3.0,3.0,3.0,,,,,,,
openml,openml,361621,QSAR_fish_toxicity,QSAR_fish_toxicity,5,5,KNN,0.6882379095097702,0.8296010544290371,0.7077229258670797,7.0,7.0,7.0,,,,,,,
openml,openml,361621,QSAR_fish_toxicity,QSAR_fish_toxicity,6,6,KNN,0.6921439915752812,0.8319519166245614,0.5723534281056597,7.0,7.0,7.0,,,,,,,
openml,openml,361621,QSAR_fish_toxicity,QSAR_fish_toxicity,7,7,KNN,0.9397464613623424,0.9694052100965532,0.4927746495342053,9.0,9.0,9.0,,,,,,,
openml,openml,361621,QSAR_fish_toxicity,QSAR_fish_toxicity,8,8,KNN,0.9288367701814634,0.9637617808262908,0.6259538219774037,8.0,8.0,8.0,,,,,,,
openml,openml,361621,QSAR_fish_toxicity,QSAR_fish_toxicity,9,9,KNN,1.48108227688378,1.2169972378291496,0.3630394712366612,9.0,9.0,9.0,,,,,,,
openml,openml,361622,cars,cars,0,0,KNN,104258833.98991644,10210.721521514355,-0.108068628147302,9.0,9.0,9.0,,,,,,,
openml,openml,361622,cars,cars,1,1,KNN,150958131.7759428,12286.502015461634,-0.0275408107300914,8.0,8.0,8.0,,,,,,,
openml,openml,361622,cars,cars,2,2,KNN,105334132.3969959,10263.241807391849,-0.1806790611042767,9.0,9.0,9.0,,,,,,,
openml,openml,361622,cars,cars,3,3,KNN,113368150.1702106,10647.44805905202,-0.2411004851942069,9.0,9.0,9.0,,,,,,,
openml,openml,361622,cars,cars,4,4,KNN,113237757.6714723,10641.323116580585,-0.051911688624213,9.0,9.0,9.0,,,,,,,
openml,openml,361622,cars,cars,5,5,KNN,136979811.15728524,11703.837454326049,-0.1147705239166174,8.0,8.0,8.0,,,,,,,
openml,openml,361622,cars,cars,6,6,KNN,145108447.83569258,12046.09678840796,-0.2724755433141903,9.0,9.0,9.0,,,,,,,
openml,openml,361622,cars,cars,7,7,KNN,79439280.59101887,8912.871624286916,-0.2610418374904664,9.0,9.0,9.0,,,,,,,
openml,openml,361622,cars,cars,8,8,KNN,102050241.88305248,10101.991975994264,-0.2337528128225461,9.0,9.0,9.0,,,,,,,
openml,openml,361622,cars,cars,9,9,KNN,112392118.8582254,10601.514932226686,-0.1350831893935871,8.0,8.0,8.0,,,,,,,
kaggle,kaggle,playground-series-s3e5,Wine Quality,Wine Quality,0,0,KNN,0.7246601941747572,0.8512697540584637,-0.0591974649536735,10.0,10.0,10.0,,,,,,,
kaggle,kaggle,playground-series-s3e5,Wine Quality,Wine Quality,1,1,KNN,0.7532038834951454,0.8678731955159955,0.0060341449762106,9.0,9.0,9.0,,,,,,,
kaggle,kaggle,playground-series-s3e5,Wine Quality,Wine Quality,2,2,KNN,0.7499029126213593,0.8659693485461014,-0.0904221491228072,11.0,11.0,11.0,,,,,,,
kaggle,kaggle,playground-series-s3e5,Wine Quality,Wine Quality,3,3,KNN,0.8236893203883495,0.907573314056969,-0.1147493302717184,11.0,11.0,11.0,,,,,,,
kaggle,kaggle,playground-series-s3e5,Wine Quality,Wine Quality,4,4,KNN,0.7405825242718447,0.8605710454528694,-0.0283485488040311,11.0,11.0,11.0,,,,,,,
kaggle,kaggle,playground-series-s3e5,Wine Quality,Wine Quality,5,5,KNN,0.7625242718446601,0.8732263577358738,-0.2937182152566766,11.0,11.0,11.0,,,,,,,
kaggle,kaggle,playground-series-s3e5,Wine Quality,Wine Quality,6,6,KNN,1.108349514563107,1.0527817981723977,-0.183064694637288,11.0,11.0,11.0,,,,,,,
kaggle,kaggle,playground-series-s3e5,Wine Quality,Wine Quality,7,7,KNN,0.778252427184466,0.8821861635643953,-0.0941531937450306,11.0,11.0,11.0,,,,,,,
kaggle,kaggle,playground-series-s3e5,Wine Quality,Wine Quality,8,8,KNN,0.780776699029126,0.8836156964592277,-0.0878986078276859,11.0,11.0,11.0,,,,,,,
kaggle,kaggle,playground-series-s3e5,Wine Quality,Wine Quality,9,9,KNN,0.7174757281553399,0.8470393899668066,-0.0287471279902691,10.0,10.0,10.0,,,,,,,
kaggle,kaggle,playground-series-s3e9,Concrete Strength,Concrete Strength,0,0,KNN,172.52070909426988,13.134713894648405,0.3282102247114342,8.0,8.0,8.0,,,,,,,
kaggle,kaggle,playground-series-s3e9,Concrete Strength,Concrete Strength,1,1,KNN,194.6224889981516,13.950716433149646,0.2781556155634331,7.0,7.0,7.0,,,,,,,
kaggle,kaggle,playground-series-s3e9,Concrete Strength,Concrete Strength,2,2,KNN,189.0771252643253,13.750531817508923,0.31740939814318,8.0,8.0,8.0,,,,,,,
kaggle,kaggle,playground-series-s3e9,Concrete Strength,Concrete Strength,3,3,KNN,173.33434668391868,13.16565025678256,0.3405400679777332,6.0,6.0,6.0,,,,,,,
kaggle,kaggle,playground-series-s3e9,Concrete Strength,Concrete Strength,4,4,KNN,179.69785401109056,13.4051428194962,0.2641042323270687,8.0,8.0,8.0,,,,,,,
kaggle,kaggle,playground-series-s3e9,Concrete Strength,Concrete Strength,5,5,KNN,175.85046582624767,13.2608621826127,0.3724225258907386,7.0,7.0,7.0,,,,,,,
kaggle,kaggle,playground-series-s3e9,Concrete Strength,Concrete Strength,6,6,KNN,199.25722575231052,14.115850160451211,0.2636517731616421,8.0,8.0,8.0,,,,,,,
kaggle,kaggle,playground-series-s3e9,Concrete Strength,Concrete Strength,7,7,KNN,191.62314648428836,13.842801251346792,0.3075537358797929,8.0,8.0,8.0,,,,,,,
kaggle,kaggle,playground-series-s3e9,Concrete Strength,Concrete Strength,8,8,KNN,183.3542868909427,13.540837747013391,0.3350003115504077,8.0,8.0,8.0,,,,,,,
kaggle,kaggle,playground-series-s3e9,Concrete Strength,Concrete Strength,9,9,KNN,192.3247854343808,13.868121193383796,0.3375068131475607,7.0,7.0,7.0,,,,,,,
openml,openml,361234,abalone,abalone,0,0,LightGBM,5.015351462248948,2.2394980380096223,0.5373538329156426,8.0,8.0,8.0,,,,,,,
openml,openml,361234,abalone,abalone,1,1,LightGBM,4.278657660212286,2.0684916389031613,0.5627612939504492,3.0,3.0,3.0,,,,,,,
openml,openml,361234,abalone,abalone,2,2,LightGBM,5.417500185594592,2.3275524023305234,0.5369941525869599,4.0,4.0,4.0,,,,,,,
openml,openml,361234,abalone,abalone,3,3,LightGBM,5.204340201075992,2.281302303745821,0.4620564283344042,8.0,8.0,8.0,,,,,,,
openml,openml,361234,abalone,abalone,4,4,LightGBM,4.584671721610316,2.141184653786384,0.4700970420728501,6.0,6.0,6.0,,,,,,,
openml,openml,361234,abalone,abalone,5,5,LightGBM,5.307349155852918,2.3037684683693627,0.4899514692739,9.0,9.0,9.0,,,,,,,
openml,openml,361234,abalone,abalone,6,6,LightGBM,4.623587286017648,2.1502528423461387,0.5693242507173575,8.0,8.0,8.0,,,,,,,
openml,openml,361234,abalone,abalone,7,7,LightGBM,5.484686687975329,2.3419407951473343,0.5274483481415617,7.0,7.0,7.0,,,,,,,
openml,openml,361234,abalone,abalone,8,8,LightGBM,5.438519265838498,2.3320633065674907,0.4801151335277945,9.0,9.0,9.0,,,,,,,
openml,openml,361234,abalone,abalone,9,9,LightGBM,5.868835868756457,2.4225680318117915,0.4831720349902735,6.0,6.0,6.0,,,,,,,
openml,openml,361235,airfoil_self_noise,airfoil_self_noise,0,0,LightGBM,3.413326039369108,1.847518887418775,0.92437487679861,4.0,4.0,4.0,,,,,,,
openml,openml,361235,airfoil_self_noise,airfoil_self_noise,1,1,LightGBM,2.235993300831464,1.4953238113637677,0.9432543960288352,4.0,4.0,4.0,,,,,,,
openml,openml,361235,airfoil_self_noise,airfoil_self_noise,2,2,LightGBM,4.320145577123528,2.078495989200732,0.9176861006580274,5.0,5.0,5.0,,,,,,,
openml,openml,361235,airfoil_self_noise,airfoil_self_noise,3,3,LightGBM,3.0986260202839784,1.7602914589021836,0.9351986094302732,4.0,4.0,4.0,,,,,,,
openml,openml,361235,airfoil_self_noise,airfoil_self_noise,4,4,LightGBM,2.156078664515497,1.468359174219815,0.9557151774395772,3.0,3.0,3.0,,,,,,,
openml,openml,361235,airfoil_self_noise,airfoil_self_noise,5,5,LightGBM,2.994384863677288,1.7304290981364383,0.929820895072919,4.0,4.0,4.0,,,,,,,
openml,openml,361235,airfoil_self_noise,airfoil_self_noise,6,6,LightGBM,2.15926357050318,1.4694432859090478,0.9568502947678394,4.0,4.0,4.0,,,,,,,
openml,openml,361235,airfoil_self_noise,airfoil_self_noise,7,7,LightGBM,3.133077490181916,1.7700501377593565,0.9426607368644188,4.0,4.0,4.0,,,,,,,
openml,openml,361235,airfoil_self_noise,airfoil_self_noise,8,8,LightGBM,2.498537861714396,1.5806763937360473,0.9479999224022408,5.0,5.0,5.0,,,,,,,
openml,openml,361235,airfoil_self_noise,airfoil_self_noise,9,9,LightGBM,2.4339899637159697,1.560124983363823,0.9487729577468084,4.0,4.0,4.0,,,,,,,
openml,openml,361237,concrete_compressive_strength,concrete_compressive_strength,0,0,LightGBM,17.895227489495976,4.23027510801555,0.934391595516369,2.0,2.0,2.0,,,,,,,
openml,openml,361237,concrete_compressive_strength,concrete_compressive_strength,1,1,LightGBM,14.086455366456438,3.753192689758472,0.9387839878835372,2.0,2.0,2.0,,,,,,,
openml,openml,361237,concrete_compressive_strength,concrete_compressive_strength,2,2,LightGBM,9.332110178430144,3.0548502710329597,0.9577333437114408,4.0,4.0,4.0,,,,,,,
openml,openml,361237,concrete_compressive_strength,concrete_compressive_strength,3,3,LightGBM,8.48972200344493,2.9137127523908277,0.9723356326395548,2.0,2.0,2.0,,,,,,,
openml,openml,361237,concrete_compressive_strength,concrete_compressive_strength,4,4,LightGBM,17.754102052246978,4.21356168250175,0.9433184240726484,3.0,3.0,3.0,,,,,,,
openml,openml,361237,concrete_compressive_strength,concrete_compressive_strength,5,5,LightGBM,19.91369019895314,4.462475792534133,0.913634286232366,3.0,3.0,3.0,,,,,,,
openml,openml,361237,concrete_compressive_strength,concrete_compressive_strength,6,6,LightGBM,15.8775680104546,3.984666612209182,0.9459909606042528,4.0,4.0,4.0,,,,,,,
openml,openml,361237,concrete_compressive_strength,concrete_compressive_strength,7,7,LightGBM,11.912197222796484,3.451405108473429,0.9578649746743112,4.0,4.0,4.0,,,,,,,
openml,openml,361237,concrete_compressive_strength,concrete_compressive_strength,8,8,LightGBM,15.60742429486768,3.95062327928995,0.9451824404660056,2.0,2.0,2.0,,,,,,,
openml,openml,361237,concrete_compressive_strength,concrete_compressive_strength,9,9,LightGBM,18.9160913341782,4.349263309363805,0.9184147013644576,3.0,3.0,3.0,,,,,,,
openml,openml,361250,red_wine,red_wine,0,0,LightGBM,0.363981464235045,0.603308763598744,0.3917406172454369,5.0,5.0,5.0,,,,,,,
openml,openml,361250,red_wine,red_wine,1,1,LightGBM,0.295713083513495,0.5437950749257435,0.4048541715451672,6.0,6.0,6.0,,,,,,,
openml,openml,361250,red_wine,red_wine,2,2,LightGBM,0.2993434972523941,0.5471229270030585,0.399624449258752,4.0,4.0,4.0,,,,,,,
openml,openml,361250,red_wine,red_wine,3,3,LightGBM,0.3275522526513186,0.5723218086455545,0.4278563272466051,4.0,4.0,4.0,,,,,,,
openml,openml,361250,red_wine,red_wine,4,4,LightGBM,0.3444662538258803,0.5869124754389536,0.4530925267959231,5.0,5.0,5.0,,,,,,,
openml,openml,361250,red_wine,red_wine,5,5,LightGBM,0.2603822583734321,0.5102766488616073,0.5208262659506964,3.0,3.0,3.0,,,,,,,
openml,openml,361250,red_wine,red_wine,6,6,LightGBM,0.3052765544764589,0.5525183747862681,0.4713825896511533,5.0,5.0,5.0,,,,,,,
openml,openml,361250,red_wine,red_wine,7,7,LightGBM,0.2855066805150738,0.5343282516534886,0.3606009079532944,5.0,5.0,5.0,,,,,,,
openml,openml,361250,red_wine,red_wine,8,8,LightGBM,0.3502847911294066,0.5918486218024053,0.4394041852392593,5.0,5.0,5.0,,,,,,,
openml,openml,361250,red_wine,red_wine,9,9,LightGBM,0.2726330546480066,0.5221427531317528,0.542003661723934,2.0,2.0,2.0,,,,,,,
openml,openml,361259,pumadyn32nh,pumadyn32nh,0,0,LightGBM,0.0004876954426461,0.0220838276267074,0.6415461131168518,4.0,4.0,4.0,,,,,,,
openml,openml,361259,pumadyn32nh,pumadyn32nh,1,1,LightGBM,0.000458752570924,0.0214185100070948,0.6531118519888319,3.0,3.0,3.0,,,,,,,
openml,openml,361259,pumadyn32nh,pumadyn32nh,2,2,LightGBM,0.0004806417331823,0.0219235428975871,0.6282529020542542,4.0,4.0,4.0,,,,,,,
openml,openml,361259,pumadyn32nh,pumadyn32nh,3,3,LightGBM,0.0005263391819512,0.02294208320862,0.5900853854939736,3.0,3.0,3.0,,,,,,,
openml,openml,361259,pumadyn32nh,pumadyn32nh,4,4,LightGBM,0.0004210880320168,0.0205204296255419,0.679914521039619,3.0,3.0,3.0,,,,,,,
openml,openml,361259,pumadyn32nh,pumadyn32nh,5,5,LightGBM,0.0004847383428242,0.0220167741239329,0.6393137938297659,2.0,2.0,2.0,,,,,,,
openml,openml,361259,pumadyn32nh,pumadyn32nh,6,6,LightGBM,0.0004429518257229,0.0210464207342481,0.6465689861893482,4.0,4.0,4.0,,,,,,,
openml,openml,361259,pumadyn32nh,pumadyn32nh,7,7,LightGBM,0.0004793414159527,0.0218938670853915,0.6123798504729554,4.0,4.0,4.0,,,,,,,
openml,openml,361259,pumadyn32nh,pumadyn32nh,8,8,LightGBM,0.0004408377384841,0.0209961362751387,0.6551148857764679,3.0,3.0,3.0,,,,,,,
openml,openml,361259,pumadyn32nh,pumadyn32nh,9,9,LightGBM,0.0004863720875862,0.0220538451882268,0.6297380187018373,4.0,4.0,4.0,,,,,,,
openml,openml,361236,auction_verification,auction_verification,0,0,LightGBM,1113761.1078777805,1055.3488086304833,0.9871717714335156,5.0,5.0,5.0,,,,,,,
openml,openml,361236,auction_verification,auction_verification,1,1,LightGBM,794394.6577726323,891.2882012977801,0.9922167945480456,5.0,5.0,5.0,,,,,,,
openml,openml,361236,auction_verification,auction_verification,2,2,LightGBM,1080771.7595103036,1039.6017311982043,0.9910227521132638,5.0,5.0,5.0,,,,,,,
openml,openml,361236,auction_verification,auction_verification,3,3,LightGBM,1536094.0670638997,1239.3926202232688,0.9847011828180638,5.0,5.0,5.0,,,,,,,
openml,openml,361236,auction_verification,auction_verification,4,4,LightGBM,1637254.311696712,1279.5523872420042,0.9832149108621512,5.0,5.0,5.0,,,,,,,
openml,openml,361236,auction_verification,auction_verification,5,5,LightGBM,1077251.8139314414,1037.907420693889,0.991174313936902,5.0,5.0,5.0,,,,,,,
openml,openml,361236,auction_verification,auction_verification,6,6,LightGBM,2208128.390095609,1485.9772508674582,0.977140788285368,5.0,5.0,5.0,,,,,,,
openml,openml,361236,auction_verification,auction_verification,7,7,LightGBM,1457425.4909008236,1207.2387878546745,0.9876462416305644,5.0,5.0,5.0,,,,,,,
openml,openml,361236,auction_verification,auction_verification,8,8,LightGBM,1474967.111632895,1214.482240147173,0.986900617620528,5.0,5.0,5.0,,,,,,,
openml,openml,361236,auction_verification,auction_verification,9,9,LightGBM,1010243.8506579552,1005.1088750269572,0.9889430639334869,5.0,5.0,5.0,,,,,,,
openml,openml,361249,white_wine,white_wine,0,0,LightGBM,0.4605567728155304,0.6786433325507076,0.4808953095812185,3.0,3.0,3.0,,,,,,,
openml,openml,361249,white_wine,white_wine,1,1,LightGBM,0.3292719927283433,0.5738222658004335,0.5538073107386942,4.0,4.0,4.0,,,,,,,
openml,openml,361249,white_wine,white_wine,2,2,LightGBM,0.400751549809419,0.6330494055043564,0.4962834080585824,2.0,2.0,2.0,,,,,,,
openml,openml,361249,white_wine,white_wine,3,3,LightGBM,0.4678726278660606,0.6840121547648556,0.4406931677496967,4.0,4.0,4.0,,,,,,,
openml,openml,361249,white_wine,white_wine,4,4,LightGBM,0.4170767202263585,0.645814772381647,0.475980530997652,3.0,3.0,3.0,,,,,,,
openml,openml,361249,white_wine,white_wine,5,5,LightGBM,0.3320141027974465,0.5762066493866992,0.5233287923553128,3.0,3.0,3.0,,,,,,,
openml,openml,361249,white_wine,white_wine,6,6,LightGBM,0.3316406435764275,0.5758824911181338,0.5320907852887583,4.0,4.0,4.0,,,,,,,
openml,openml,361249,white_wine,white_wine,7,7,LightGBM,0.3623867795273505,0.6019856971119417,0.5272890637793546,4.0,4.0,4.0,,,,,,,
openml,openml,361249,white_wine,white_wine,8,8,LightGBM,0.3353616681502298,0.5791041945541664,0.5563153359146679,4.0,4.0,4.0,,,,,,,
openml,openml,361249,white_wine,white_wine,9,9,LightGBM,0.4751441228664184,0.6893069873912627,0.4714530422847046,3.0,3.0,3.0,,,,,,,
openml,openml,361256,cpu_activity,cpu_activity,0,0,LightGBM,11.596070787269412,3.405300396039887,0.9671848834855162,6.0,6.0,6.0,,,,,,,
openml,openml,361256,cpu_activity,cpu_activity,1,1,LightGBM,3.7440268603622022,1.9349488004498212,0.9899275742843316,2.0,2.0,2.0,,,,,,,
openml,openml,361256,cpu_activity,cpu_activity,2,2,LightGBM,4.431347201928582,2.1050765311333888,0.9842018029005962,2.0,2.0,2.0,,,,,,,
openml,openml,361256,cpu_activity,cpu_activity,3,3,LightGBM,5.0131353952357705,2.2390032146550776,0.9876115548373644,2.0,2.0,2.0,,,,,,,
openml,openml,361256,cpu_activity,cpu_activity,4,4,LightGBM,4.407667856972367,2.099444654419917,0.986523694332704,2.0,2.0,2.0,,,,,,,
openml,openml,361256,cpu_activity,cpu_activity,5,5,LightGBM,5.20106994104177,2.28058543822453,0.9849400683204924,2.0,2.0,2.0,,,,,,,
openml,openml,361256,cpu_activity,cpu_activity,6,6,LightGBM,3.794791199733693,1.9480223817332525,0.9873679252065688,2.0,2.0,2.0,,,,,,,
openml,openml,361256,cpu_activity,cpu_activity,7,7,LightGBM,4.913229267337614,2.2165805348188035,0.9869725478241056,2.0,2.0,2.0,,,,,,,
openml,openml,361256,cpu_activity,cpu_activity,8,8,LightGBM,4.050886309010647,2.0126813729477018,0.9851057101556744,2.0,2.0,2.0,,,,,,,
openml,openml,361256,cpu_activity,cpu_activity,9,9,LightGBM,11.705256282780356,3.4212945331819,0.9635544696896436,6.0,6.0,6.0,,,,,,,
openml,openml,361258,kin8nm,kin8nm,0,0,LightGBM,0.0129629188850943,0.1138548149403191,0.8092272802376088,5.0,5.0,5.0,,,,,,,
openml,openml,361258,kin8nm,kin8nm,1,1,LightGBM,0.0114366645149893,0.1069423420118958,0.8340812772294679,5.0,5.0,5.0,,,,,,,
openml,openml,361258,kin8nm,kin8nm,2,2,LightGBM,0.0121746553018762,0.1103388204662177,0.8302359675076928,5.0,5.0,5.0,,,,,,,
openml,openml,361258,kin8nm,kin8nm,3,3,LightGBM,0.01211166204862,0.110052996545392,0.8262738699407478,5.0,5.0,5.0,,,,,,,
openml,openml,361258,kin8nm,kin8nm,4,4,LightGBM,0.0137668388697567,0.11733217320819,0.8052917540405489,5.0,5.0,5.0,,,,,,,
openml,openml,361258,kin8nm,kin8nm,5,5,LightGBM,0.0139429112314611,0.1180801051467227,0.8010048318124683,6.0,6.0,6.0,,,,,,,
openml,openml,361258,kin8nm,kin8nm,6,6,LightGBM,0.0122731975807697,0.1107844645280634,0.8144682124678818,5.0,5.0,5.0,,,,,,,
openml,openml,361258,kin8nm,kin8nm,7,7,LightGBM,0.012402305823055,0.1113656402264856,0.8196817766072658,5.0,5.0,5.0,,,,,,,
openml,openml,361258,kin8nm,kin8nm,8,8,LightGBM,0.0126350500847444,0.1124057386646449,0.8238017848529442,5.0,5.0,5.0,,,,,,,
openml,openml,361258,kin8nm,kin8nm,9,9,LightGBM,0.0121150800917257,0.1100685245277945,0.8306642106713972,5.0,5.0,5.0,,,,,,,
openml,openml,361617,energy_efficiency,energy_efficiency,0,0,LightGBM,0.2709092993982859,0.5204894805836963,0.9977257258172886,4.0,4.0,4.0,,,,,,,
openml,openml,361617,energy_efficiency,energy_efficiency,1,1,LightGBM,0.1287086991844835,0.3587599464606989,0.9986426712642188,4.0,4.0,4.0,,,,,,,
openml,openml,361617,energy_efficiency,energy_efficiency,2,2,LightGBM,0.2256585212377718,0.4750352842029441,0.9974544906231528,4.0,4.0,4.0,,,,,,,
openml,openml,361617,energy_efficiency,energy_efficiency,3,3,LightGBM,0.1511954799197287,0.3888386296649662,0.9984175351680284,3.0,3.0,3.0,,,,,,,
openml,openml,361617,energy_efficiency,energy_efficiency,4,4,LightGBM,0.1838540517228708,0.4287820562043972,0.9980325610938388,4.0,4.0,4.0,,,,,,,
openml,openml,361617,energy_efficiency,energy_efficiency,5,5,LightGBM,0.1325307947051903,0.3640477917872738,0.9986038830465622,4.0,4.0,4.0,,,,,,,
openml,openml,361617,energy_efficiency,energy_efficiency,6,6,LightGBM,0.1527446053668908,0.3908255433910261,0.9984735085396356,4.0,4.0,4.0,,,,,,,
openml,openml,361617,energy_efficiency,energy_efficiency,7,7,LightGBM,0.1800784914005657,0.4243565616325094,0.9981179528382954,4.0,4.0,4.0,,,,,,,
openml,openml,361617,energy_efficiency,energy_efficiency,8,8,LightGBM,0.1650072681512435,0.4062108666090108,0.9985969706529164,4.0,4.0,4.0,,,,,,,
openml,openml,361617,energy_efficiency,energy_efficiency,9,9,LightGBM,0.1213993616159931,0.3484241117029549,0.998810616185396,4.0,4.0,4.0,,,,,,,
openml,openml,361623,space_ga,space_ga,0,0,LightGBM,0.0094242988602729,0.0970788280742663,0.7566287651710115,2.0,2.0,2.0,,,,,,,
openml,openml,361623,space_ga,space_ga,1,1,LightGBM,0.0113803277038534,0.1066786187755233,0.6843892492765238,3.0,3.0,3.0,,,,,,,
openml,openml,361623,space_ga,space_ga,2,2,LightGBM,0.0108718800288519,0.1042683078833253,0.7375116126308408,6.0,6.0,6.0,,,,,,,
openml,openml,361623,space_ga,space_ga,3,3,LightGBM,0.0075273238657767,0.0867601513701813,0.7783696037835248,2.0,2.0,2.0,,,,,,,
openml,openml,361623,space_ga,space_ga,4,4,LightGBM,0.0114709186074201,0.1071023744247535,0.7125419190937151,3.0,3.0,3.0,,,,,,,
openml,openml,361623,space_ga,space_ga,5,5,LightGBM,0.009474156454371,0.0973352785703676,0.7335891177992997,3.0,3.0,3.0,,,,,,,
openml,openml,361623,space_ga,space_ga,6,6,LightGBM,0.0089850610556799,0.0947895619553122,0.7646059061942443,3.0,3.0,3.0,,,,,,,
openml,openml,361623,space_ga,space_ga,7,7,LightGBM,0.011437455837902,0.106946041712174,0.7024134848505659,4.0,4.0,4.0,,,,,,,
openml,openml,361623,space_ga,space_ga,8,8,LightGBM,0.010602634152254,0.1029690931894324,0.7329554158808058,2.0,2.0,2.0,,,,,,,
openml,openml,361623,space_ga,space_ga,9,9,LightGBM,0.0104858574836265,0.1024004759931639,0.7191494932841174,3.0,3.0,3.0,,,,,,,
openml,openml,361243,geographical_origin_of_music,geographical_origin_of_music,0,0,LightGBM,241.62770782839604,15.544378656877734,0.2697861906731639,1.0,1.0,1.0,,,,,,,
openml,openml,361243,geographical_origin_of_music,geographical_origin_of_music,1,1,LightGBM,270.7414952714405,16.454224237910474,0.257285884193435,4.0,4.0,4.0,,,,,,,
openml,openml,361243,geographical_origin_of_music,geographical_origin_of_music,2,2,LightGBM,276.399271578394,16.625260045436704,0.2225820965363111,5.0,5.0,5.0,,,,,,,
openml,openml,361243,geographical_origin_of_music,geographical_origin_of_music,3,3,LightGBM,297.13658872801835,17.237650325030334,0.3417043534885552,2.0,2.0,2.0,,,,,,,
openml,openml,361243,geographical_origin_of_music,geographical_origin_of_music,4,4,LightGBM,290.43565705827524,17.042172897206367,0.3323613067226195,3.0,3.0,3.0,,,,,,,
openml,openml,361243,geographical_origin_of_music,geographical_origin_of_music,5,5,LightGBM,266.80696987884136,16.33422694463504,0.2027816429918214,2.0,2.0,2.0,,,,,,,
openml,openml,361243,geographical_origin_of_music,geographical_origin_of_music,6,6,LightGBM,275.0460505305831,16.584512369394016,0.1943265873760755,3.0,3.0,3.0,,,,,,,
openml,openml,361243,geographical_origin_of_music,geographical_origin_of_music,7,7,LightGBM,307.35712371048527,17.53160356928268,0.1253844193771176,3.0,3.0,3.0,,,,,,,
openml,openml,361243,geographical_origin_of_music,geographical_origin_of_music,8,8,LightGBM,266.952367984574,16.338677057356083,0.2960225154504659,1.0,1.0,1.0,,,,,,,
openml,openml,361243,geographical_origin_of_music,geographical_origin_of_music,9,9,LightGBM,241.56868200928224,15.5424799182525,0.3880541888019624,2.0,2.0,2.0,,,,,,,
openml,openml,361251,grid_stability,grid_stability,0,0,LightGBM,6.378803062548013e-05,0.0079867409264029,0.9528932268035994,2.0,2.0,2.0,,,,,,,
openml,openml,361251,grid_stability,grid_stability,1,1,LightGBM,6.605909817088272e-05,0.0081276748317635,0.9494056041473518,2.0,2.0,2.0,,,,,,,
openml,openml,361251,grid_stability,grid_stability,2,2,LightGBM,6.212715212657846e-05,0.0078820779066549,0.956028018771497,2.0,2.0,2.0,,,,,,,
openml,openml,361251,grid_stability,grid_stability,3,3,LightGBM,6.695503572291003e-05,0.0081826056805219,0.9517852398609162,2.0,2.0,2.0,,,,,,,
openml,openml,361251,grid_stability,grid_stability,4,4,LightGBM,7.155990917647142e-05,0.008459309024765,0.9497868248926444,2.0,2.0,2.0,,,,,,,
openml,openml,361251,grid_stability,grid_stability,5,5,LightGBM,6.470680399391954e-05,0.0080440539526982,0.95102481937556,2.0,2.0,2.0,,,,,,,
openml,openml,361251,grid_stability,grid_stability,6,6,LightGBM,5.9138880547613207e-05,0.0076901807877066,0.957452378052023,2.0,2.0,2.0,,,,,,,
openml,openml,361251,grid_stability,grid_stability,7,7,LightGBM,6.202158302145984e-05,0.0078753782779914,0.9555682609322318,2.0,2.0,2.0,,,,,,,
openml,openml,361251,grid_stability,grid_stability,8,8,LightGBM,6.14763342829539e-05,0.0078406845544859,0.9543618134371686,2.0,2.0,2.0,,,,,,,
openml,openml,361251,grid_stability,grid_stability,9,9,LightGBM,7.029176503688986e-05,0.0083840184301377,0.9496577619315488,2.0,2.0,2.0,,,,,,,
openml,openml,361621,QSAR_fish_toxicity,QSAR_fish_toxicity,0,0,LightGBM,0.95989788221719,0.9797437839645576,0.6146933894832799,4.0,4.0,4.0,,,,,,,
openml,openml,361621,QSAR_fish_toxicity,QSAR_fish_toxicity,1,1,LightGBM,0.8856796152995402,0.9411055282483152,0.5508230414615436,1.0,1.0,1.0,,,,,,,
openml,openml,361621,QSAR_fish_toxicity,QSAR_fish_toxicity,2,2,LightGBM,0.6061058668202008,0.7785280128680027,0.643522093530642,7.0,7.0,7.0,,,,,,,
openml,openml,361621,QSAR_fish_toxicity,QSAR_fish_toxicity,3,3,LightGBM,1.0356948313150107,1.0176909311352886,0.4931023149646651,4.0,4.0,4.0,,,,,,,
openml,openml,361621,QSAR_fish_toxicity,QSAR_fish_toxicity,4,4,LightGBM,1.1077662665264565,1.0525047584341158,0.571307055419599,9.0,9.0,9.0,,,,,,,
openml,openml,361621,QSAR_fish_toxicity,QSAR_fish_toxicity,5,5,LightGBM,0.6439857142128748,0.8024872050150549,0.7265157037519073,6.0,6.0,6.0,,,,,,,
openml,openml,361621,QSAR_fish_toxicity,QSAR_fish_toxicity,6,6,LightGBM,0.6564820731308983,0.8102358132857979,0.5943874229904611,6.0,6.0,6.0,,,,,,,
openml,openml,361621,QSAR_fish_toxicity,QSAR_fish_toxicity,7,7,LightGBM,0.7383665394807032,0.8592825725456692,0.6014688619126272,4.0,4.0,4.0,,,,,,,
openml,openml,361621,QSAR_fish_toxicity,QSAR_fish_toxicity,8,8,LightGBM,0.8267317584709848,0.9092479081477092,0.6670719071063931,5.0,5.0,5.0,,,,,,,
openml,openml,361621,QSAR_fish_toxicity,QSAR_fish_toxicity,9,9,LightGBM,1.1767827595643523,1.0847961834208084,0.4939078129077437,2.0,2.0,2.0,,,,,,,
openml,openml,361622,cars,cars,0,0,LightGBM,4688171.17459421,2165.218505046133,0.95017385862521,1.0,1.0,1.0,,,,,,,
openml,openml,361622,cars,cars,1,1,LightGBM,7128586.725247713,2669.94133367153,0.9514771831311964,4.0,4.0,4.0,,,,,,,
openml,openml,361622,cars,cars,2,2,LightGBM,4585253.743741325,2141.320560715122,0.9486043795881708,3.0,3.0,3.0,,,,,,,
openml,openml,361622,cars,cars,3,3,LightGBM,6696694.002528232,2587.797133186493,0.9266877852090168,4.0,4.0,4.0,,,,,,,
openml,openml,361622,cars,cars,4,4,LightGBM,4932667.919278291,2220.9610350652915,0.9541784370594464,3.0,3.0,3.0,,,,,,,
openml,openml,361622,cars,cars,5,5,LightGBM,7589835.874735254,2754.9656757816883,0.9382323187407186,3.0,3.0,3.0,,,,,,,
openml,openml,361622,cars,cars,6,6,LightGBM,5136909.123887772,2266.475043738133,0.9549537513089786,2.0,2.0,2.0,,,,,,,
openml,openml,361622,cars,cars,7,7,LightGBM,6895104.70427426,2625.853138367464,0.8905451378552615,7.0,7.0,7.0,,,,,,,
openml,openml,361622,cars,cars,8,8,LightGBM,5168249.915977005,2273.3785245702056,0.9375176113887738,2.0,2.0,2.0,,,,,,,
openml,openml,361622,cars,cars,9,9,LightGBM,8407499.7828446,2899.568896033443,0.9150900279727334,3.0,3.0,3.0,,,,,,,
kaggle,kaggle,playground-series-s3e5,Wine Quality,Wine Quality,0,0,LightGBM,0.5359854947765901,0.7321103023292256,0.2165783606124278,7.0,7.0,7.0,,,,,,,
kaggle,kaggle,playground-series-s3e5,Wine Quality,Wine Quality,1,1,LightGBM,0.6109270597976759,0.7816182314900773,0.1937898215140039,7.0,7.0,7.0,,,,,,,
kaggle,kaggle,playground-series-s3e5,Wine Quality,Wine Quality,2,2,LightGBM,0.4250204018313922,0.6519358878228688,0.381984451339194,4.0,4.0,4.0,,,,,,,
kaggle,kaggle,playground-series-s3e5,Wine Quality,Wine Quality,3,3,LightGBM,0.5367588534472897,0.7326382828158038,0.2735712876358851,8.0,8.0,8.0,,,,,,,
kaggle,kaggle,playground-series-s3e5,Wine Quality,Wine Quality,4,4,LightGBM,0.5197910921030192,0.7209653889771819,0.2782351760582533,7.0,7.0,7.0,,,,,,,
kaggle,kaggle,playground-series-s3e5,Wine Quality,Wine Quality,5,5,LightGBM,0.4541785238665381,0.6739276844488125,0.2294290804893487,5.0,5.0,5.0,,,,,,,
kaggle,kaggle,playground-series-s3e5,Wine Quality,Wine Quality,6,6,LightGBM,0.6018851809023636,0.7758125939312687,0.3575410117523717,7.0,7.0,7.0,,,,,,,
kaggle,kaggle,playground-series-s3e5,Wine Quality,Wine Quality,7,7,LightGBM,0.4890925418403397,0.6993515152198784,0.3123797009827505,6.0,6.0,6.0,,,,,,,
kaggle,kaggle,playground-series-s3e5,Wine Quality,Wine Quality,8,8,LightGBM,0.5220931899758756,0.7225601635683188,0.2725391840748533,7.0,7.0,7.0,,,,,,,
kaggle,kaggle,playground-series-s3e5,Wine Quality,Wine Quality,9,9,LightGBM,0.4826501733705915,0.69473028822025,0.3079557116787937,3.0,3.0,3.0,,,,,,,
kaggle,kaggle,playground-series-s3e9,Concrete Strength,Concrete Strength,0,0,LightGBM,143.4362638930085,11.976487961544006,0.441464065416851,4.0,4.0,4.0,,,,,,,
kaggle,kaggle,playground-series-s3e9,Concrete Strength,Concrete Strength,1,1,LightGBM,161.4907866286429,12.707902526721035,0.4010393245600882,3.0,3.0,3.0,,,,,,,
kaggle,kaggle,playground-series-s3e9,Concrete Strength,Concrete Strength,2,2,LightGBM,153.2417507800447,12.379085215800265,0.4467793036925365,4.0,4.0,4.0,,,,,,,
kaggle,kaggle,playground-series-s3e9,Concrete Strength,Concrete Strength,3,3,LightGBM,155.17149416269694,12.45678506528458,0.4096416264289099,4.0,4.0,4.0,,,,,,,
kaggle,kaggle,playground-series-s3e9,Concrete Strength,Concrete Strength,4,4,LightGBM,159.11177968863592,12.613951787153615,0.3484079934947441,4.0,4.0,4.0,,,,,,,
kaggle,kaggle,playground-series-s3e9,Concrete Strength,Concrete Strength,5,5,LightGBM,156.99091168186973,12.529601417518029,0.4397287527872324,4.0,4.0,4.0,,,,,,,
kaggle,kaggle,playground-series-s3e9,Concrete Strength,Concrete Strength,6,6,LightGBM,163.7487603561121,12.796435455083266,0.3948720861692306,4.0,4.0,4.0,,,,,,,
kaggle,kaggle,playground-series-s3e9,Concrete Strength,Concrete Strength,7,7,LightGBM,159.48413365768823,12.628702770185392,0.4236907463223981,4.0,4.0,4.0,,,,,,,
kaggle,kaggle,playground-series-s3e9,Concrete Strength,Concrete Strength,8,8,LightGBM,156.05102058923572,12.49203828801512,0.4340253405920837,4.0,4.0,4.0,,,,,,,
kaggle,kaggle,playground-series-s3e9,Concrete Strength,Concrete Strength,9,9,LightGBM,166.72596671706435,12.912240964180633,0.4256859989627924,4.0,4.0,4.0,,,,,,,
openml,openml,361234,abalone,abalone,0,0,LinearRegression,4.907101301601697,2.215197801913341,0.5473394784455092,6.0,6.0,6.0,,,,,,,
openml,openml,361234,abalone,abalone,1,1,LinearRegression,4.453887953268946,2.1104236430795,0.544854400555062,6.0,6.0,6.0,,,,,,,
openml,openml,361234,abalone,abalone,2,2,LinearRegression,6.297863201011092,2.5095543829554865,0.4617540584439307,10.0,10.0,10.0,,,,,,,
openml,openml,361234,abalone,abalone,3,3,LinearRegression,4.799745810008378,2.1908322185891778,0.5038770902046217,3.0,3.0,3.0,,,,,,,
openml,openml,361234,abalone,abalone,4,4,LinearRegression,4.676144200792628,2.162439409739063,0.459524521240189,9.0,9.0,9.0,,,,,,,
openml,openml,361234,abalone,abalone,5,5,LinearRegression,5.228656100956403,2.286625483317372,0.4975140538805774,7.0,7.0,7.0,,,,,,,
openml,openml,361234,abalone,abalone,6,6,LinearRegression,4.491177329767599,2.119239799967809,0.5816579114861127,6.0,6.0,6.0,,,,,,,
openml,openml,361234,abalone,abalone,7,7,LinearRegression,5.1984134677392575,2.280002953449679,0.5521131814860034,4.0,4.0,4.0,,,,,,,
openml,openml,361234,abalone,abalone,8,8,LinearRegression,4.917423790172757,2.217526502699068,0.5299282606941256,5.0,5.0,5.0,,,,,,,
openml,openml,361234,abalone,abalone,9,9,LinearRegression,5.874039621656441,2.423641809685672,0.4827137763028855,7.0,7.0,7.0,,,,,,,
openml,openml,361235,airfoil_self_noise,airfoil_self_noise,0,0,LinearRegression,20.037971913435317,4.476379330824781,0.5560417970093391,8.0,8.0,8.0,,,,,,,
openml,openml,361235,airfoil_self_noise,airfoil_self_noise,1,1,LinearRegression,24.00472609880627,4.8994618172617965,0.390801984901916,8.0,8.0,8.0,,,,,,,
openml,openml,361235,airfoil_self_noise,airfoil_self_noise,2,2,LinearRegression,25.71292926113434,5.070791778522792,0.5100786690624624,8.0,8.0,8.0,,,,,,,
openml,openml,361235,airfoil_self_noise,airfoil_self_noise,3,3,LinearRegression,21.78389041308,4.667321545927599,0.5444347328314395,8.0,8.0,8.0,,,,,,,
openml,openml,361235,airfoil_self_noise,airfoil_self_noise,4,4,LinearRegression,22.26386750705589,4.718460289867436,0.5427108304138375,8.0,8.0,8.0,,,,,,,
openml,openml,361235,airfoil_self_noise,airfoil_self_noise,5,5,LinearRegression,27.039078549605453,5.199911398245691,0.3662877629116776,8.0,8.0,8.0,,,,,,,
openml,openml,361235,airfoil_self_noise,airfoil_self_noise,6,6,LinearRegression,22.12007866556732,4.703198769514991,0.5579627762121658,8.0,8.0,8.0,,,,,,,
openml,openml,361235,airfoil_self_noise,airfoil_self_noise,7,7,LinearRegression,28.31578730400305,5.321258056512863,0.4817854380546748,8.0,8.0,8.0,,,,,,,
openml,openml,361235,airfoil_self_noise,airfoil_self_noise,8,8,LinearRegression,21.23995477213772,4.608682541913439,0.5579497460301805,8.0,8.0,8.0,,,,,,,
openml,openml,361235,airfoil_self_noise,airfoil_self_noise,9,9,LinearRegression,22.87904176102813,4.783204131231296,0.518475566261007,8.0,8.0,8.0,,,,,,,
openml,openml,361237,concrete_compressive_strength,concrete_compressive_strength,0,0,LinearRegression,105.54773510676984,10.273642737937204,0.613035458684122,10.0,10.0,10.0,,,,,,,
openml,openml,361237,concrete_compressive_strength,concrete_compressive_strength,1,1,LinearRegression,108.40981318719406,10.412003322473254,0.5288796034938796,10.0,10.0,10.0,,,,,,,
openml,openml,361237,concrete_compressive_strength,concrete_compressive_strength,2,2,LinearRegression,96.79338542340852,9.838362944281355,0.5616068954957995,9.0,9.0,9.0,,,,,,,
openml,openml,361237,concrete_compressive_strength,concrete_compressive_strength,3,3,LinearRegression,123.3475664586828,11.106194958611288,0.5980631179507083,10.0,10.0,10.0,,,,,,,
openml,openml,361237,concrete_compressive_strength,concrete_compressive_strength,4,4,LinearRegression,143.19944405912943,11.966597012481428,0.5428228283634979,9.0,9.0,9.0,,,,,,,
openml,openml,361237,concrete_compressive_strength,concrete_compressive_strength,5,5,LinearRegression,109.4924234190343,10.463862738923629,0.5251311431353882,10.0,10.0,10.0,,,,,,,
openml,openml,361237,concrete_compressive_strength,concrete_compressive_strength,6,6,LinearRegression,119.19642232279556,10.917711404996725,0.5945421701343001,9.0,9.0,9.0,,,,,,,
openml,openml,361237,concrete_compressive_strength,concrete_compressive_strength,7,7,LinearRegression,98.48928605445066,9.924176845182206,0.651630300892629,9.0,9.0,9.0,,,,,,,
openml,openml,361237,concrete_compressive_strength,concrete_compressive_strength,8,8,LinearRegression,137.65076347652482,11.732466214591236,0.5165327231953665,9.0,9.0,9.0,,,,,,,
openml,openml,361237,concrete_compressive_strength,concrete_compressive_strength,9,9,LinearRegression,68.67824327166228,8.287233752686253,0.7037900225741104,8.0,8.0,8.0,,,,,,,
openml,openml,361250,red_wine,red_wine,0,0,LinearRegression,0.3894470243555825,0.6240569079463687,0.3491844230365618,8.0,8.0,8.0,,,,,,,
openml,openml,361250,red_wine,red_wine,1,1,LinearRegression,0.2774244797142441,0.5267110020820185,0.4416614244744772,3.0,3.0,3.0,,,,,,,
openml,openml,361250,red_wine,red_wine,2,2,LinearRegression,0.4136903750805213,0.6431876670774412,0.1702856783092019,8.0,8.0,8.0,,,,,,,
openml,openml,361250,red_wine,red_wine,3,3,LinearRegression,0.3668051351095398,0.6056443965806502,0.3592923404200179,8.0,8.0,8.0,,,,,,,
openml,openml,361250,red_wine,red_wine,4,4,LinearRegression,0.4603733188184897,0.6785081567811029,0.2690674174055236,9.0,9.0,9.0,,,,,,,
openml,openml,361250,red_wine,red_wine,5,5,LinearRegression,0.3263804459480825,0.5712971608087007,0.3993717621830988,9.0,9.0,9.0,,,,,,,
openml,openml,361250,red_wine,red_wine,6,6,LinearRegression,0.3701710483356489,0.6084168376496897,0.3590111717131621,9.0,9.0,9.0,,,,,,,
openml,openml,361250,red_wine,red_wine,7,7,LinearRegression,0.3111249486777005,0.5577857551763943,0.3032281789739188,9.0,9.0,9.0,,,,,,,
openml,openml,361250,red_wine,red_wine,8,8,LinearRegression,0.4107503375382205,0.6408980710988452,0.3426351187185269,7.0,7.0,7.0,,,,,,,
openml,openml,361250,red_wine,red_wine,9,9,LinearRegression,0.4003442407183463,0.6327276196898207,0.3274616075602292,8.0,8.0,8.0,,,,,,,
openml,openml,361259,pumadyn32nh,pumadyn32nh,0,0,LinearRegression,0.0010234554327143,0.0319914900045981,0.2477650069526856,7.0,7.0,7.0,,,,,,,
openml,openml,361259,pumadyn32nh,pumadyn32nh,1,1,LinearRegression,0.0011152439376869,0.0333952681930685,0.1567024826788627,7.0,7.0,7.0,,,,,,,
openml,openml,361259,pumadyn32nh,pumadyn32nh,2,2,LinearRegression,0.0010737264629515,0.032767765608164,0.16953799673827,7.0,7.0,7.0,,,,,,,
openml,openml,361259,pumadyn32nh,pumadyn32nh,3,3,LinearRegression,0.0010705495228512,0.0327192530912802,0.16625265604902,7.0,7.0,7.0,,,,,,,
openml,openml,361259,pumadyn32nh,pumadyn32nh,4,4,LinearRegression,0.0010966876174336,0.0331162742082148,0.166364858163064,7.0,7.0,7.0,,,,,,,
openml,openml,361259,pumadyn32nh,pumadyn32nh,5,5,LinearRegression,0.0011271050044008,0.033572384550413,0.1613388253460681,7.0,7.0,7.0,,,,,,,
openml,openml,361259,pumadyn32nh,pumadyn32nh,6,6,LinearRegression,0.0010490446061009,0.0323889580891539,0.1629678959744754,7.0,7.0,7.0,,,,,,,
openml,openml,361259,pumadyn32nh,pumadyn32nh,7,7,LinearRegression,0.0010284953223407,0.0320701624932078,0.1683057266371185,7.0,7.0,7.0,,,,,,,
openml,openml,361259,pumadyn32nh,pumadyn32nh,8,8,LinearRegression,0.0010670755737622,0.0326661227231252,0.1651838102437423,7.0,7.0,7.0,,,,,,,
openml,openml,361259,pumadyn32nh,pumadyn32nh,9,9,LinearRegression,0.0011480862282262,0.033883421141117,0.1259928511238923,7.0,7.0,7.0,,,,,,,
openml,openml,361236,auction_verification,auction_verification,0,0,LinearRegression,36737882.11703181,6061.178277944959,0.5768554445720889,9.0,9.0,9.0,,,,,,,
openml,openml,361236,auction_verification,auction_verification,1,1,LinearRegression,39575561.98492135,6290.911061596829,0.6122522642978734,8.0,8.0,8.0,,,,,,,
openml,openml,361236,auction_verification,auction_verification,2,2,LinearRegression,34072876.87757256,5837.197690465226,0.7169794091559129,8.0,8.0,8.0,,,,,,,
openml,openml,361236,auction_verification,auction_verification,3,3,LinearRegression,38208802.17946581,6181.3268947262295,0.61945723779682,9.0,9.0,9.0,,,,,,,
openml,openml,361236,auction_verification,auction_verification,4,4,LinearRegression,44336588.495463766,6658.572556897144,0.5454624338761028,9.0,9.0,9.0,,,,,,,
openml,openml,361236,auction_verification,auction_verification,5,5,LinearRegression,42399479.580217,6511.4882769008345,0.652630433131447,8.0,8.0,8.0,,,,,,,
openml,openml,361236,auction_verification,auction_verification,6,6,LinearRegression,31985933.83816782,5655.610828033327,0.6688719565508465,9.0,9.0,9.0,,,,,,,
openml,openml,361236,auction_verification,auction_verification,7,7,LinearRegression,38811465.58825664,6229.884877608626,0.6710175094133741,8.0,8.0,8.0,,,,,,,
openml,openml,361236,auction_verification,auction_verification,8,8,LinearRegression,45024908.9290046,6710.060277598451,0.6001276950446799,9.0,9.0,9.0,,,,,,,
openml,openml,361236,auction_verification,auction_verification,9,9,LinearRegression,35532977.686087295,5960.954427445935,0.6110979915670551,9.0,9.0,9.0,,,,,,,
openml,openml,361249,white_wine,white_wine,0,0,LinearRegression,0.6679336035880203,0.8172720499246382,0.247155862259489,9.0,9.0,9.0,,,,,,,
openml,openml,361249,white_wine,white_wine,1,1,LinearRegression,0.5298728368205338,0.7279236476585533,0.2819754147066883,8.0,8.0,8.0,,,,,,,
openml,openml,361249,white_wine,white_wine,2,2,LinearRegression,0.5598253632524218,0.7482147841712444,0.2963387809879201,8.0,8.0,8.0,,,,,,,
openml,openml,361249,white_wine,white_wine,3,3,LinearRegression,0.6210604511685982,0.7880738868714013,0.2575685498778662,8.0,8.0,8.0,,,,,,,
openml,openml,361249,white_wine,white_wine,4,4,LinearRegression,0.5882267351946453,0.7669594090919318,0.2609458968067277,8.0,8.0,8.0,,,,,,,
openml,openml,361249,white_wine,white_wine,5,5,LinearRegression,0.4684961931872434,0.684467817495639,0.3273820470218304,7.0,7.0,7.0,,,,,,,
openml,openml,361249,white_wine,white_wine,6,6,LinearRegression,0.4906643546321554,0.7004743782838566,0.3077254633604002,8.0,8.0,8.0,,,,,,,
openml,openml,361249,white_wine,white_wine,7,7,LinearRegression,0.5370886921100004,0.7328633515942794,0.2994013224986357,8.0,8.0,8.0,,,,,,,
openml,openml,361249,white_wine,white_wine,8,8,LinearRegression,0.5505933382346164,0.7420197694365134,0.2715630809278582,8.0,8.0,8.0,,,,,,,
openml,openml,361249,white_wine,white_wine,9,9,LinearRegression,0.6687208678501619,0.8177535495796774,0.2561196419085165,8.0,8.0,8.0,,,,,,,
openml,openml,361256,cpu_activity,cpu_activity,0,0,LinearRegression,103.92532092081322,10.194376926561684,0.7059071492935716,9.0,9.0,9.0,,,,,,,
openml,openml,361256,cpu_activity,cpu_activity,1,1,LinearRegression,105.41152055849771,10.26701127682724,0.7164150392077013,9.0,9.0,9.0,,,,,,,
openml,openml,361256,cpu_activity,cpu_activity,2,2,LinearRegression,76.6844839790967,8.756967738840695,0.7266121255764862,10.0,10.0,10.0,,,,,,,
openml,openml,361256,cpu_activity,cpu_activity,3,3,LinearRegression,100.86749076492907,10.043280876532782,0.7507365591558703,8.0,8.0,8.0,,,,,,,
openml,openml,361256,cpu_activity,cpu_activity,4,4,LinearRegression,86.9397799780241,9.324150362259507,0.7341843606074056,10.0,10.0,10.0,,,,,,,
openml,openml,361256,cpu_activity,cpu_activity,5,5,LinearRegression,94.16696384961668,9.703966397799237,0.7273353255930578,9.0,9.0,9.0,,,,,,,
openml,openml,361256,cpu_activity,cpu_activity,6,6,LinearRegression,79.7925219495962,8.932666004592146,0.7343872028335747,8.0,8.0,8.0,,,,,,,
openml,openml,361256,cpu_activity,cpu_activity,7,7,LinearRegression,86.64705754320013,9.308440124059462,0.770254890031282,9.0,9.0,9.0,,,,,,,
openml,openml,361256,cpu_activity,cpu_activity,8,8,LinearRegression,98.46604301544848,9.92300574500733,0.6379602702663598,9.0,9.0,9.0,,,,,,,
openml,openml,361256,cpu_activity,cpu_activity,9,9,LinearRegression,92.81533618970155,9.634071630920207,0.7110098175856263,10.0,10.0,10.0,,,,,,,
openml,openml,361258,kin8nm,kin8nm,0,0,LinearRegression,0.0399773532379704,0.199943375078972,0.4116611795759171,10.0,10.0,10.0,,,,,,,
openml,openml,361258,kin8nm,kin8nm,1,1,LinearRegression,0.0421372708310686,0.2052736486523993,0.3886887083061868,9.0,9.0,9.0,,,,,,,
openml,openml,361258,kin8nm,kin8nm,2,2,LinearRegression,0.0433305138183714,0.2081598275805672,0.3957970411994536,10.0,10.0,10.0,,,,,,,
openml,openml,361258,kin8nm,kin8nm,3,3,LinearRegression,0.0391489774013427,0.1978610052570814,0.4384585441362041,9.0,9.0,9.0,,,,,,,
openml,openml,361258,kin8nm,kin8nm,4,4,LinearRegression,0.0401446918283223,0.2003614030404119,0.4322224147152026,9.0,9.0,9.0,,,,,,,
openml,openml,361258,kin8nm,kin8nm,5,5,LinearRegression,0.0409609166263707,0.202388034790525,0.4154001013226023,10.0,10.0,10.0,,,,,,,
openml,openml,361258,kin8nm,kin8nm,6,6,LinearRegression,0.038954294382189,0.1973684229611947,0.4111347249795831,10.0,10.0,10.0,,,,,,,
openml,openml,361258,kin8nm,kin8nm,7,7,LinearRegression,0.0407793615954333,0.201939004641088,0.407105248097557,10.0,10.0,10.0,,,,,,,
openml,openml,361258,kin8nm,kin8nm,8,8,LinearRegression,0.0426582415497119,0.2065387168298281,0.4051225779115514,10.0,10.0,10.0,,,,,,,
openml,openml,361258,kin8nm,kin8nm,9,9,LinearRegression,0.0406305356792033,0.2015701755697092,0.4320958856243245,9.0,9.0,9.0,,,,,,,
openml,openml,361617,energy_efficiency,energy_efficiency,0,0,LinearRegression,12.514971748893135,3.537650597344675,0.8949372457531406,9.0,9.0,9.0,,,,,,,
openml,openml,361617,energy_efficiency,energy_efficiency,1,1,LinearRegression,10.740889887088214,3.2773296884946155,0.8867293463147385,9.0,9.0,9.0,,,,,,,
openml,openml,361617,energy_efficiency,energy_efficiency,2,2,LinearRegression,11.657713007406556,3.414339322241794,0.8684967994553178,10.0,10.0,10.0,,,,,,,
openml,openml,361617,energy_efficiency,energy_efficiency,3,3,LinearRegression,8.20167876167933,2.8638573221582337,0.9141583583690696,8.0,8.0,8.0,,,,,,,
openml,openml,361617,energy_efficiency,energy_efficiency,4,4,LinearRegression,9.06231910454119,3.0103685994477805,0.9030233001707368,9.0,9.0,9.0,,,,,,,
openml,openml,361617,energy_efficiency,energy_efficiency,5,5,LinearRegression,10.485109640915368,3.238071901751931,0.8895468833421094,9.0,9.0,9.0,,,,,,,
openml,openml,361617,energy_efficiency,energy_efficiency,6,6,LinearRegression,8.671378333624258,2.94472041688583,0.9133404093449132,9.0,9.0,9.0,,,,,,,
openml,openml,361617,energy_efficiency,energy_efficiency,7,7,LinearRegression,8.360183341840704,2.8913981638371262,0.9126255489621928,9.0,9.0,9.0,,,,,,,
openml,openml,361617,energy_efficiency,energy_efficiency,8,8,LinearRegression,9.34436549009092,3.0568554905475858,0.9205464149587812,9.0,9.0,9.0,,,,,,,
openml,openml,361617,energy_efficiency,energy_efficiency,9,9,LinearRegression,10.025883925430945,3.1663676232286964,0.901773585056196,8.0,8.0,8.0,,,,,,,
openml,openml,361623,space_ga,space_ga,0,0,LinearRegression,0.0176659047484887,0.1329131473876407,0.5437991603667732,9.0,9.0,9.0,,,,,,,
openml,openml,361623,space_ga,space_ga,1,1,LinearRegression,0.0143391678003378,0.1197462642437659,0.6023317050279555,8.0,8.0,8.0,,,,,,,
openml,openml,361623,space_ga,space_ga,2,2,LinearRegression,0.0174445894927598,0.1320779674766381,0.5788214961791609,9.0,9.0,9.0,,,,,,,
openml,openml,361623,space_ga,space_ga,3,3,LinearRegression,0.0131177535310474,0.1145327618240624,0.6137680582903831,9.0,9.0,9.0,,,,,,,
openml,openml,361623,space_ga,space_ga,4,4,LinearRegression,0.0188451441006568,0.1372776168960433,0.5277458464335161,8.0,8.0,8.0,,,,,,,
openml,openml,361623,space_ga,space_ga,5,5,LinearRegression,0.0141613946294838,0.1190016580955233,0.6017851663519418,9.0,9.0,9.0,,,,,,,
openml,openml,361623,space_ga,space_ga,6,6,LinearRegression,0.016066341066297,0.1267530712302349,0.5790878022265178,10.0,10.0,10.0,,,,,,,
openml,openml,361623,space_ga,space_ga,7,7,LinearRegression,0.0154002224500089,0.1240976327332996,0.5993078708783142,8.0,8.0,8.0,,,,,,,
openml,openml,361623,space_ga,space_ga,8,8,LinearRegression,0.0156215088416448,0.1249860345864481,0.6065468946653694,9.0,9.0,9.0,,,,,,,
openml,openml,361623,space_ga,space_ga,9,9,LinearRegression,0.01829383794772,0.1352547150664998,0.5100225551016646,10.0,10.0,10.0,,,,,,,
openml,openml,361243,geographical_origin_of_music,geographical_origin_of_music,0,0,LinearRegression,287.335102638265,16.95096170245998,0.1316556294950399,6.0,6.0,6.0,,,,,,,
openml,openml,361243,geographical_origin_of_music,geographical_origin_of_music,1,1,LinearRegression,339.7839836371205,18.433230417838335,0.0678844381823983,7.0,7.0,7.0,,,,,,,
openml,openml,361243,geographical_origin_of_music,geographical_origin_of_music,2,2,LinearRegression,280.04071611467634,16.734417113083932,0.2123399415522918,6.0,6.0,6.0,,,,,,,
openml,openml,361243,geographical_origin_of_music,geographical_origin_of_music,3,3,LinearRegression,350.0847955381648,18.71055305270704,0.2243994662549879,5.0,5.0,5.0,,,,,,,
openml,openml,361243,geographical_origin_of_music,geographical_origin_of_music,4,4,LinearRegression,346.0371525799248,18.60207387846648,0.2045474212295794,6.0,6.0,6.0,,,,,,,
openml,openml,361243,geographical_origin_of_music,geographical_origin_of_music,5,5,LinearRegression,271.80338602424246,16.486460688220575,0.1878523678226809,6.0,6.0,6.0,,,,,,,
openml,openml,361243,geographical_origin_of_music,geographical_origin_of_music,6,6,LinearRegression,285.45510611296754,16.895416719127336,0.1638360592733304,4.0,4.0,4.0,,,,,,,
openml,openml,361243,geographical_origin_of_music,geographical_origin_of_music,7,7,LinearRegression,333.08732692462854,18.25068017704076,0.0521665406046694,6.0,6.0,6.0,,,,,,,
openml,openml,361243,geographical_origin_of_music,geographical_origin_of_music,8,8,LinearRegression,378.7002315267322,19.46022177485992,0.0013333149982749,9.0,9.0,9.0,,,,,,,
openml,openml,361243,geographical_origin_of_music,geographical_origin_of_music,9,9,LinearRegression,307.1715198815261,17.52630936282725,0.2218679865810924,6.0,6.0,6.0,,,,,,,
openml,openml,361251,grid_stability,grid_stability,0,0,LinearRegression,0.0004768509073829,0.0218369161600923,0.6478507437473479,7.0,7.0,7.0,,,,,,,
openml,openml,361251,grid_stability,grid_stability,1,1,LinearRegression,0.0004675368175211,0.0216225996938663,0.6419154442562347,7.0,7.0,7.0,,,,,,,
openml,openml,361251,grid_stability,grid_stability,2,2,LinearRegression,0.0005070994075692,0.0225188678127759,0.6410882381154258,7.0,7.0,7.0,,,,,,,
openml,openml,361251,grid_stability,grid_stability,3,3,LinearRegression,0.0005092275398351,0.0225660705448495,0.6333019103899132,7.0,7.0,7.0,,,,,,,
openml,openml,361251,grid_stability,grid_stability,4,4,LinearRegression,0.0004563232199503,0.0213617232439313,0.6798006312108129,5.0,5.0,5.0,,,,,,,
openml,openml,361251,grid_stability,grid_stability,5,5,LinearRegression,0.0004726069321224,0.021739524652633,0.6422940334491873,6.0,6.0,6.0,,,,,,,
openml,openml,361251,grid_stability,grid_stability,6,6,LinearRegression,0.0004546126294223,0.0213216469678681,0.6729277573344141,6.0,6.0,6.0,,,,,,,
openml,openml,361251,grid_stability,grid_stability,7,7,LinearRegression,0.0004793391916728,0.0218938162884605,0.656605445204546,7.0,7.0,7.0,,,,,,,
openml,openml,361251,grid_stability,grid_stability,8,8,LinearRegression,0.0004777878515536,0.0218583588485878,0.6453046304567085,6.0,6.0,6.0,,,,,,,
openml,openml,361251,grid_stability,grid_stability,9,9,LinearRegression,0.00050234752406,0.0224131105395928,0.6402238777749578,7.0,7.0,7.0,,,,,,,
openml,openml,361621,QSAR_fish_toxicity,QSAR_fish_toxicity,0,0,LinearRegression,1.0700432460184228,1.034428946819656,0.5704806272961647,6.0,6.0,6.0,,,,,,,
openml,openml,361621,QSAR_fish_toxicity,QSAR_fish_toxicity,1,1,LinearRegression,1.4507048541424858,1.2044520970725594,0.2642675942131562,9.0,9.0,9.0,,,,,,,
openml,openml,361621,QSAR_fish_toxicity,QSAR_fish_toxicity,2,2,LinearRegression,0.7027961852590613,0.838329401404401,0.5866542026557872,9.0,9.0,9.0,,,,,,,
openml,openml,361621,QSAR_fish_toxicity,QSAR_fish_toxicity,3,3,LinearRegression,1.1320251467525746,1.063966703780045,0.4459555952769495,7.0,7.0,7.0,,,,,,,
openml,openml,361621,QSAR_fish_toxicity,QSAR_fish_toxicity,4,4,LinearRegression,1.0614124884202925,1.0302487507492026,0.5892454402840053,8.0,8.0,8.0,,,,,,,
openml,openml,361621,QSAR_fish_toxicity,QSAR_fish_toxicity,5,5,LinearRegression,0.8287403692341027,0.9103517832322308,0.6480551172949578,9.0,9.0,9.0,,,,,,,
openml,openml,361621,QSAR_fish_toxicity,QSAR_fish_toxicity,6,6,LinearRegression,0.7204438359739113,0.8487896299872609,0.5548681481790461,8.0,8.0,8.0,,,,,,,
openml,openml,361621,QSAR_fish_toxicity,QSAR_fish_toxicity,7,7,LinearRegression,0.8824540302585893,0.9393902438595948,0.5236980683928518,8.0,8.0,8.0,,,,,,,
openml,openml,361621,QSAR_fish_toxicity,QSAR_fish_toxicity,8,8,LinearRegression,0.7380027725436444,0.8590708774854636,0.7028034146558395,2.0,2.0,2.0,,,,,,,
openml,openml,361621,QSAR_fish_toxicity,QSAR_fish_toxicity,9,9,LinearRegression,1.355315982297709,1.1641803907890345,0.4171270575581304,7.0,7.0,7.0,,,,,,,
openml,openml,361622,cars,cars,0,0,LinearRegression,6381286.092572757,2526.1207596971203,0.9321793400538468,6.0,6.0,6.0,,,,,,,
openml,openml,361622,cars,cars,1,1,LinearRegression,10211681.589640033,3195.572185014764,0.9304911934448804,6.0,6.0,6.0,,,,,,,
openml,openml,361622,cars,cars,2,2,LinearRegression,7212284.232211775,2685.5696290008523,0.9191582748922148,7.0,7.0,7.0,,,,,,,
openml,openml,361622,cars,cars,3,3,LinearRegression,7973767.887520007,2823.7860909636915,0.912706988875016,6.0,6.0,6.0,,,,,,,
openml,openml,361622,cars,cars,4,4,LinearRegression,9253579.106357086,3041.9696097030765,0.9140397317666238,6.0,6.0,6.0,,,,,,,
openml,openml,361622,cars,cars,5,5,LinearRegression,10648558.705360698,3263.212942080351,0.9133397887860903,6.0,6.0,6.0,,,,,,,
openml,openml,361622,cars,cars,6,6,LinearRegression,10176543.546127236,3190.0695205790166,0.9107605175917706,6.0,6.0,6.0,,,,,,,
openml,openml,361622,cars,cars,7,7,LinearRegression,6859510.181349479,2619.06666225766,0.8911101754822354,5.0,5.0,5.0,,,,,,,
openml,openml,361622,cars,cars,8,8,LinearRegression,6842503.06092326,2615.8178569853176,0.9172764587090813,6.0,6.0,6.0,,,,,,,
openml,openml,361622,cars,cars,9,9,LinearRegression,11611884.220260575,3407.6214901688504,0.8827279465010475,7.0,7.0,7.0,,,,,,,
kaggle,kaggle,playground-series-s3e5,Wine Quality,Wine Quality,0,0,LinearRegression,0.493479546759688,0.7024809938779042,0.278707055891774,3.0,3.0,3.0,,,,,,,
kaggle,kaggle,playground-series-s3e5,Wine Quality,Wine Quality,1,1,LinearRegression,0.5655657298464207,0.7520410426608516,0.2536509216729573,5.0,5.0,5.0,,,,,,,
kaggle,kaggle,playground-series-s3e5,Wine Quality,Wine Quality,2,2,LinearRegression,0.4419908095790378,0.6648238936583415,0.3573080456655685,7.0,7.0,7.0,,,,,,,
kaggle,kaggle,playground-series-s3e5,Wine Quality,Wine Quality,3,3,LinearRegression,0.5213513106709979,0.7220466125334277,0.2944232612694709,5.0,5.0,5.0,,,,,,,
kaggle,kaggle,playground-series-s3e5,Wine Quality,Wine Quality,4,4,LinearRegression,0.4462332454276072,0.6680069201943998,0.3803751839610636,2.0,2.0,2.0,,,,,,,
kaggle,kaggle,playground-series-s3e5,Wine Quality,Wine Quality,5,5,LinearRegression,0.4617390197033717,0.6795138112675648,0.2166017495549224,7.0,7.0,7.0,,,,,,,
kaggle,kaggle,playground-series-s3e5,Wine Quality,Wine Quality,6,6,LinearRegression,0.5943174501292595,0.7709198727035511,0.3656188924015178,5.0,5.0,5.0,,,,,,,
kaggle,kaggle,playground-series-s3e5,Wine Quality,Wine Quality,7,7,LinearRegression,0.4739736836039909,0.6884574668082196,0.3336354612569918,5.0,5.0,5.0,,,,,,,
kaggle,kaggle,playground-series-s3e5,Wine Quality,Wine Quality,8,8,LinearRegression,0.4744103777259166,0.6887745478209227,0.3389782378126805,3.0,3.0,3.0,,,,,,,
kaggle,kaggle,playground-series-s3e5,Wine Quality,Wine Quality,9,9,LinearRegression,0.5205471480185743,0.7214895342405004,0.2536174221747459,8.0,8.0,8.0,,,,,,,
kaggle,kaggle,playground-series-s3e9,Concrete Strength,Concrete Strength,0,0,LinearRegression,207.8621866024914,14.41742649027528,0.190591712949807,10.0,10.0,10.0,,,,,,,
kaggle,kaggle,playground-series-s3e9,Concrete Strength,Concrete Strength,1,1,LinearRegression,231.0701049628363,15.200990262572908,0.1429733606984359,10.0,10.0,10.0,,,,,,,
kaggle,kaggle,playground-series-s3e9,Concrete Strength,Concrete Strength,2,2,LinearRegression,215.7595329064125,14.688755321892064,0.2210827765810014,10.0,10.0,10.0,,,,,,,
kaggle,kaggle,playground-series-s3e9,Concrete Strength,Concrete Strength,3,3,LinearRegression,218.4051286249478,14.7785360785481,0.1690658312575217,10.0,10.0,10.0,,,,,,,
kaggle,kaggle,playground-series-s3e9,Concrete Strength,Concrete Strength,4,4,LinearRegression,190.55571324973897,13.804191872389303,0.2196393014369276,9.0,9.0,9.0,,,,,,,
kaggle,kaggle,playground-series-s3e9,Concrete Strength,Concrete Strength,5,5,LinearRegression,222.29154871874357,14.909444950055772,0.2066829734839284,9.0,9.0,9.0,,,,,,,
kaggle,kaggle,playground-series-s3e9,Concrete Strength,Concrete Strength,6,6,LinearRegression,210.17713245333832,14.497487108231493,0.2232976333999181,9.0,9.0,9.0,,,,,,,
kaggle,kaggle,playground-series-s3e9,Concrete Strength,Concrete Strength,7,7,LinearRegression,216.80600763756405,14.724333860571216,0.2165533612101627,10.0,10.0,10.0,,,,,,,
kaggle,kaggle,playground-series-s3e9,Concrete Strength,Concrete Strength,8,8,LinearRegression,215.60986246934735,14.683659709668682,0.2180139673851382,9.0,9.0,9.0,,,,,,,
kaggle,kaggle,playground-series-s3e9,Concrete Strength,Concrete Strength,9,9,LinearRegression,232.3173266119202,15.241959408551129,0.1997461704139945,9.0,9.0,9.0,,,,,,,
openml,openml,361234,abalone,abalone,0,0,MLP,4.3998844203735175,2.0975901459468957,0.5941282125446095,2.0,2.0,2.0,,,,,,,
openml,openml,361234,abalone,abalone,1,1,MLP,3.933699673422478,1.983355659840785,0.598012766670038,1.0,1.0,1.0,,,,,,,
openml,openml,361234,abalone,abalone,2,2,MLP,5.169366919842648,2.2736241817509435,0.5582008252302456,3.0,3.0,3.0,,,,,,,
openml,openml,361234,abalone,abalone,3,3,MLP,4.40039082557562,2.097710853663016,0.5451561838818184,2.0,2.0,2.0,,,,,,,
openml,openml,361234,abalone,abalone,4,4,MLP,4.206016646643839,2.050857539334178,0.5138625407699708,2.0,2.0,2.0,,,,,,,
openml,openml,361234,abalone,abalone,5,5,MLP,4.446627298963527,2.108702752633364,0.5726688307246981,2.0,2.0,2.0,,,,,,,
openml,openml,361234,abalone,abalone,6,6,MLP,4.146941815458394,2.0364041385389084,0.6137226004135073,2.0,2.0,2.0,,,,,,,
openml,openml,361234,abalone,abalone,7,7,MLP,4.730363815691296,2.174939956801405,0.5924395754643401,1.0,1.0,1.0,,,,,,,
openml,openml,361234,abalone,abalone,8,8,MLP,4.71331642048669,2.1710173699182347,0.5494395150353151,2.0,2.0,2.0,,,,,,,
openml,openml,361234,abalone,abalone,9,9,MLP,5.354885184534044,2.314062485010732,0.5284321329350997,1.0,1.0,1.0,,,,,,,
openml,openml,361235,airfoil_self_noise,airfoil_self_noise,0,0,MLP,15.934070188023158,3.991750266239505,0.6469672081804487,7.0,7.0,7.0,,,,,,,
openml,openml,361235,airfoil_self_noise,airfoil_self_noise,1,1,MLP,17.88786910960892,4.2294052902989705,0.5460371298946004,7.0,7.0,7.0,,,,,,,
openml,openml,361235,airfoil_self_noise,airfoil_self_noise,2,2,MLP,19.962280134256787,4.467916755520047,0.6196486696400765,7.0,7.0,7.0,,,,,,,
openml,openml,361235,airfoil_self_noise,airfoil_self_noise,3,3,MLP,17.234318183696324,4.151423633369199,0.6395796793437183,7.0,7.0,7.0,,,,,,,
openml,openml,361235,airfoil_self_noise,airfoil_self_noise,4,4,MLP,13.873500454653628,3.724714815211176,0.7150449489446884,7.0,7.0,7.0,,,,,,,
openml,openml,361235,airfoil_self_noise,airfoil_self_noise,5,5,MLP,16.136159613844075,4.016983895143728,0.6218184067129544,6.0,6.0,6.0,,,,,,,
openml,openml,361235,airfoil_self_noise,airfoil_self_noise,6,6,MLP,11.860309088924271,3.443879946938376,0.7629891745776375,6.0,6.0,6.0,,,,,,,
openml,openml,361235,airfoil_self_noise,airfoil_self_noise,7,7,MLP,14.710299828015062,3.835400869272345,0.7307829904351086,6.0,6.0,6.0,,,,,,,
openml,openml,361235,airfoil_self_noise,airfoil_self_noise,8,8,MLP,12.835998614932096,3.582736191088048,0.7328545889782089,6.0,6.0,6.0,,,,,,,
openml,openml,361235,airfoil_self_noise,airfoil_self_noise,9,9,MLP,16.110947081994667,4.0138444267303965,0.6609204724705329,7.0,7.0,7.0,,,,,,,
openml,openml,361237,concrete_compressive_strength,concrete_compressive_strength,0,0,MLP,33.45361244157739,5.783909788506161,0.8773506434721798,6.0,6.0,6.0,,,,,,,
openml,openml,361237,concrete_compressive_strength,concrete_compressive_strength,1,1,MLP,28.87147290766996,5.37321811465624,0.8745322091784222,6.0,6.0,6.0,,,,,,,
openml,openml,361237,concrete_compressive_strength,concrete_compressive_strength,2,2,MLP,20.215449917841816,4.496159463124258,0.9084409145349658,6.0,6.0,6.0,,,,,,,
openml,openml,361237,concrete_compressive_strength,concrete_compressive_strength,3,3,MLP,26.5745043312579,5.155046491667936,0.913405073812388,6.0,6.0,6.0,,,,,,,
openml,openml,361237,concrete_compressive_strength,concrete_compressive_strength,4,4,MLP,29.584442158805007,5.439158221527023,0.9055489937166143,6.0,6.0,6.0,,,,,,,
openml,openml,361237,concrete_compressive_strength,concrete_compressive_strength,5,5,MLP,29.27335389024033,5.410485550321739,0.8730414062966562,6.0,6.0,6.0,,,,,,,
openml,openml,361237,concrete_compressive_strength,concrete_compressive_strength,6,6,MLP,25.674778037554788,5.067028521486216,0.9126648301809002,6.0,6.0,6.0,,,,,,,
openml,openml,361237,concrete_compressive_strength,concrete_compressive_strength,7,7,MLP,23.883602407365437,4.887085267044707,0.9155205229160256,6.0,6.0,6.0,,,,,,,
openml,openml,361237,concrete_compressive_strength,concrete_compressive_strength,8,8,MLP,22.603063969275105,4.754267974070783,0.9206118331008748,5.0,5.0,5.0,,,,,,,
openml,openml,361237,concrete_compressive_strength,concrete_compressive_strength,9,9,MLP,26.61594018260344,5.159063886268849,0.8852051732093326,4.0,4.0,4.0,,,,,,,
openml,openml,361250,red_wine,red_wine,0,0,MLP,0.373503887304582,0.6111496439535754,0.3758274355377441,6.0,6.0,6.0,,,,,,,
openml,openml,361250,red_wine,red_wine,1,1,MLP,0.3888528989563927,0.6235807076525001,0.2174029706538007,9.0,9.0,9.0,,,,,,,
openml,openml,361250,red_wine,red_wine,2,2,MLP,0.4305570762800449,0.6561684816265141,0.1364571331268295,10.0,10.0,10.0,,,,,,,
openml,openml,361250,red_wine,red_wine,3,3,MLP,0.3614746479576435,0.6012276174275792,0.368603235008483,7.0,7.0,7.0,,,,,,,
openml,openml,361250,red_wine,red_wine,4,4,MLP,0.4574285067750745,0.6763346115459969,0.2737428818257313,8.0,8.0,8.0,,,,,,,
openml,openml,361250,red_wine,red_wine,5,5,MLP,0.3052404783570288,0.5524857268355706,0.4382750164661104,6.0,6.0,6.0,,,,,,,
openml,openml,361250,red_wine,red_wine,6,6,MLP,0.3432019254925794,0.5858343840135875,0.4057109515280011,7.0,7.0,7.0,,,,,,,
openml,openml,361250,red_wine,red_wine,7,7,MLP,0.2944168125285532,0.5426018913794469,0.3406464525648708,6.0,6.0,6.0,,,,,,,
openml,openml,361250,red_wine,red_wine,8,8,MLP,0.4450932548074421,0.667153096978079,0.2876727104857141,9.0,9.0,9.0,,,,,,,
openml,openml,361250,red_wine,red_wine,9,9,MLP,0.3196352721486636,0.5653629561163904,0.4630446245156646,6.0,6.0,6.0,,,,,,,
openml,openml,361259,pumadyn32nh,pumadyn32nh,0,0,MLP,0.0025217230395106,0.0502167605437727,-0.8534547303761721,11.0,11.0,11.0,,,,,,,
openml,openml,361259,pumadyn32nh,pumadyn32nh,1,1,MLP,0.0030015722878293,0.0547866068289447,-1.2696545328335995,11.0,11.0,11.0,,,,,,,
openml,openml,361259,pumadyn32nh,pumadyn32nh,2,2,MLP,0.0031997228972245,0.0565660931762531,-1.4747907207269386,11.0,11.0,11.0,,,,,,,
openml,openml,361259,pumadyn32nh,pumadyn32nh,3,3,MLP,0.0039429217808503,0.0627926889124074,-2.070759915370341,11.0,11.0,11.0,,,,,,,
openml,openml,361259,pumadyn32nh,pumadyn32nh,4,4,MLP,0.0034588310461545,0.0588118274342375,-1.629192729009199,11.0,11.0,11.0,,,,,,,
openml,openml,361259,pumadyn32nh,pumadyn32nh,5,5,MLP,0.0030497715065093,0.055224736364326,-1.2692871951490683,11.0,11.0,11.0,,,,,,,
openml,openml,361259,pumadyn32nh,pumadyn32nh,6,6,MLP,0.0038738722692303,0.0622404391792856,-2.0909605152937845,11.0,11.0,11.0,,,,,,,
openml,openml,361259,pumadyn32nh,pumadyn32nh,7,7,MLP,0.0032543938409079,0.0570472947729156,-1.6316704237316897,11.0,11.0,11.0,,,,,,,
openml,openml,361259,pumadyn32nh,pumadyn32nh,8,8,MLP,0.003162749790782,0.0562383302631047,-1.4743465171673664,11.0,11.0,11.0,,,,,,,
openml,openml,361259,pumadyn32nh,pumadyn32nh,9,9,MLP,0.0037508615846743,0.0612442779749611,-1.8554299832642367,11.0,11.0,11.0,,,,,,,
openml,openml,361236,auction_verification,auction_verification,0,0,MLP,10272429.823770124,3205.063154412113,0.8816828161978214,6.0,6.0,6.0,,,,,,,
openml,openml,361236,auction_verification,auction_verification,1,1,MLP,5238435.489452367,2288.762873137444,0.9486756119741088,6.0,6.0,6.0,,,,,,,
openml,openml,361236,auction_verification,auction_verification,2,2,MLP,4417878.324870396,2101.874954622752,0.9633036406560342,6.0,6.0,6.0,,,,,,,
openml,openml,361236,auction_verification,auction_verification,3,3,MLP,8538626.120242216,2922.0927637982704,0.9149590622088792,6.0,6.0,6.0,,,,,,,
openml,openml,361236,auction_verification,auction_verification,4,4,MLP,8254892.876566841,2873.132937503387,0.9153710503208408,6.0,6.0,6.0,,,,,,,
openml,openml,361236,auction_verification,auction_verification,5,5,MLP,10482037.181689125,3237.5974397211776,0.9141229856650804,6.0,6.0,6.0,,,,,,,
openml,openml,361236,auction_verification,auction_verification,6,6,MLP,5454815.912069998,2335.5547332635983,0.943530098902921,6.0,6.0,6.0,,,,,,,
openml,openml,361236,auction_verification,auction_verification,7,7,MLP,5902593.648393282,2429.525395708652,0.949967105597868,6.0,6.0,6.0,,,,,,,
openml,openml,361236,auction_verification,auction_verification,8,8,MLP,15745447.935491093,3968.053418931138,0.860162547614552,7.0,7.0,7.0,,,,,,,
openml,openml,361236,auction_verification,auction_verification,9,9,MLP,5886538.744720997,2426.2190224134747,0.9355728990470537,6.0,6.0,6.0,,,,,,,
openml,openml,361249,white_wine,white_wine,0,0,MLP,0.6235565334036322,0.7896559588856606,0.2971743325968827,7.0,7.0,7.0,,,,,,,
openml,openml,361249,white_wine,white_wine,1,1,MLP,0.4358930035297043,0.660221935056466,0.4093264056151684,7.0,7.0,7.0,,,,,,,
openml,openml,361249,white_wine,white_wine,2,2,MLP,0.4357433495567034,0.6601085892159739,0.4523011698788902,6.0,6.0,6.0,,,,,,,
openml,openml,361249,white_wine,white_wine,3,3,MLP,0.5622366522350156,0.749824414269778,0.3278880143708594,7.0,7.0,7.0,,,,,,,
openml,openml,361249,white_wine,white_wine,4,4,MLP,0.5820651418600743,0.7629319378949044,0.2686873858681118,7.0,7.0,7.0,,,,,,,
openml,openml,361249,white_wine,white_wine,5,5,MLP,0.477739722868857,0.6911871836694146,0.3141111515414588,8.0,8.0,8.0,,,,,,,
openml,openml,361249,white_wine,white_wine,6,6,MLP,0.4139208010836997,0.6433667702669292,0.4160023485086245,6.0,6.0,6.0,,,,,,,
openml,openml,361249,white_wine,white_wine,7,7,MLP,0.4409114504361572,0.6640116342626514,0.42485853154489,7.0,7.0,7.0,,,,,,,
openml,openml,361249,white_wine,white_wine,8,8,MLP,0.4496832312929136,0.6705842462307876,0.4050675066071459,7.0,7.0,7.0,,,,,,,
openml,openml,361249,white_wine,white_wine,9,9,MLP,0.5629152176993408,0.7502767607352242,0.3738170979118345,7.0,7.0,7.0,,,,,,,
openml,openml,361256,cpu_activity,cpu_activity,0,0,MLP,7.596616292752844,2.7561959822829807,0.9785027313703376,5.0,5.0,5.0,,,,,,,
openml,openml,361256,cpu_activity,cpu_activity,1,1,MLP,5.871673056219126,2.4231535354201403,0.9842036414557832,5.0,5.0,5.0,,,,,,,
openml,openml,361256,cpu_activity,cpu_activity,2,2,MLP,5.97759197019942,2.444911444244846,0.97868928526207,6.0,6.0,6.0,,,,,,,
openml,openml,361256,cpu_activity,cpu_activity,3,3,MLP,7.911030896430232,2.812655488400638,0.9804502841607908,6.0,6.0,6.0,,,,,,,
openml,openml,361256,cpu_activity,cpu_activity,4,4,MLP,9.200741694028364,3.0332724397963933,0.971869022018431,6.0,6.0,6.0,,,,,,,
openml,openml,361256,cpu_activity,cpu_activity,5,5,MLP,7.158833730948145,2.675599695572592,0.9792712753115872,6.0,6.0,6.0,,,,,,,
openml,openml,361256,cpu_activity,cpu_activity,6,6,MLP,5.8057176684828695,2.4095056896556333,0.9806739670359288,6.0,6.0,6.0,,,,,,,
openml,openml,361256,cpu_activity,cpu_activity,7,7,MLP,6.362991719271623,2.5224971197746933,0.9831284953727916,6.0,6.0,6.0,,,,,,,
openml,openml,361256,cpu_activity,cpu_activity,8,8,MLP,5.478345432959126,2.340586557459289,0.9798572315978528,5.0,5.0,5.0,,,,,,,
openml,openml,361256,cpu_activity,cpu_activity,9,9,MLP,6.910467887496283,2.628776880508554,0.9784835410034554,4.0,4.0,4.0,,,,,,,
openml,openml,361258,kin8nm,kin8nm,0,0,MLP,0.0059710117400061,0.0772723219529876,0.9121257982502712,2.0,2.0,2.0,,,,,,,
openml,openml,361258,kin8nm,kin8nm,1,1,MLP,0.0054412507518242,0.0737648341137174,0.9210604303524312,2.0,2.0,2.0,,,,,,,
openml,openml,361258,kin8nm,kin8nm,2,2,MLP,0.0059794984848432,0.0773272169733479,0.9166215593050764,2.0,2.0,2.0,,,,,,,
openml,openml,361258,kin8nm,kin8nm,3,3,MLP,0.0056069777156575,0.0748797550453896,0.919575155254548,2.0,2.0,2.0,,,,,,,
openml,openml,361258,kin8nm,kin8nm,4,4,MLP,0.0057743082008718,0.0759888689274413,0.9183323468766,2.0,2.0,2.0,,,,,,,
openml,openml,361258,kin8nm,kin8nm,5,5,MLP,0.0058607522030111,0.0765555497858331,0.9163545294821874,2.0,2.0,2.0,,,,,,,
openml,openml,361258,kin8nm,kin8nm,6,6,MLP,0.0054300108906467,0.0736886076042068,0.9179154722939464,2.0,2.0,2.0,,,,,,,
openml,openml,361258,kin8nm,kin8nm,7,7,MLP,0.0062314170942171,0.0789393253975299,0.9094008746696458,2.0,2.0,2.0,,,,,,,
openml,openml,361258,kin8nm,kin8nm,8,8,MLP,0.0055556510010374,0.074536239515,0.9225253731645536,2.0,2.0,2.0,,,,,,,
openml,openml,361258,kin8nm,kin8nm,9,9,MLP,0.0055301930595296,0.0743652678306862,0.922702978454546,2.0,2.0,2.0,,,,,,,
openml,openml,361617,energy_efficiency,energy_efficiency,0,0,MLP,0.8352048835882644,0.9138954445604072,0.9929884839382102,6.0,6.0,6.0,,,,,,,
openml,openml,361617,energy_efficiency,energy_efficiency,1,1,MLP,2.888992468636066,1.699703641414016,0.9695334307627916,6.0,6.0,6.0,,,,,,,
openml,openml,361617,energy_efficiency,energy_efficiency,2,2,MLP,3.416462176670353,1.848367435514474,0.9614610764146824,6.0,6.0,6.0,,,,,,,
openml,openml,361617,energy_efficiency,energy_efficiency,3,3,MLP,0.920924588000283,0.9596481584415628,0.9903612808122167,6.0,6.0,6.0,,,,,,,
openml,openml,361617,energy_efficiency,energy_efficiency,4,4,MLP,2.3563251522293136,1.5350326225293434,0.9747847505310888,6.0,6.0,6.0,,,,,,,
openml,openml,361617,energy_efficiency,energy_efficiency,5,5,MLP,3.137604035317783,1.7713283251045762,0.9669475898290208,6.0,6.0,6.0,,,,,,,
openml,openml,361617,energy_efficiency,energy_efficiency,6,6,MLP,1.5245514041498496,1.2347272590130378,0.9847640138011318,6.0,6.0,6.0,,,,,,,
openml,openml,361617,energy_efficiency,energy_efficiency,7,7,MLP,1.3120076615739675,1.1454290294793334,0.9862878666053057,6.0,6.0,6.0,,,,,,,
openml,openml,361617,energy_efficiency,energy_efficiency,8,8,MLP,1.0737245448632955,1.0362068060301937,0.9908702988419484,6.0,6.0,6.0,,,,,,,
openml,openml,361617,energy_efficiency,energy_efficiency,9,9,MLP,3.2373712218240778,1.7992696356644486,0.9682825602882338,6.0,6.0,6.0,,,,,,,
openml,openml,361623,space_ga,space_ga,0,0,MLP,0.0104199643603434,0.1020782266712322,0.730916895691762,3.0,3.0,3.0,,,,,,,
openml,openml,361623,space_ga,space_ga,1,1,MLP,0.0103457835612837,0.101714224970177,0.7130802731195742,2.0,2.0,2.0,,,,,,,
openml,openml,361623,space_ga,space_ga,2,2,MLP,0.0094682618201822,0.0973049938090651,0.7714002757781486,2.0,2.0,2.0,,,,,,,
openml,openml,361623,space_ga,space_ga,3,3,MLP,0.0083278428544456,0.0912570153711243,0.7547995616541925,4.0,4.0,4.0,,,,,,,
openml,openml,361623,space_ga,space_ga,4,4,MLP,0.0110536334191192,0.105136261200022,0.7229989717086631,2.0,2.0,2.0,,,,,,,
openml,openml,361623,space_ga,space_ga,5,5,MLP,0.0090689894716915,0.0952312420988592,0.7449823108306908,2.0,2.0,2.0,,,,,,,
openml,openml,361623,space_ga,space_ga,6,6,MLP,0.0078423659195221,0.0885571336455855,0.7945426739474346,2.0,2.0,2.0,,,,,,,
openml,openml,361623,space_ga,space_ga,7,7,MLP,0.0112902926335337,0.1062557887059983,0.7062424644564201,3.0,3.0,3.0,,,,,,,
openml,openml,361623,space_ga,space_ga,8,8,MLP,0.0118675894700248,0.1089384664387418,0.7010954590141747,5.0,5.0,5.0,,,,,,,
openml,openml,361623,space_ga,space_ga,9,9,MLP,0.0107817583685628,0.1038352462729438,0.7112241601769471,5.0,5.0,5.0,,,,,,,
openml,openml,361243,geographical_origin_of_music,geographical_origin_of_music,0,0,MLP,311.11056388377943,17.638326561320362,0.0598047218296015,8.0,8.0,8.0,,,,,,,
openml,openml,361243,geographical_origin_of_music,geographical_origin_of_music,1,1,MLP,339.6056837054595,18.42839341086085,0.0683735611221945,6.0,6.0,6.0,,,,,,,
openml,openml,361243,geographical_origin_of_music,geographical_origin_of_music,2,2,MLP,281.91386449360823,16.790290780495976,0.2070714070973717,8.0,8.0,8.0,,,,,,,
openml,openml,361243,geographical_origin_of_music,geographical_origin_of_music,3,3,MLP,434.177282286154,20.83692113259908,0.0380955237903527,9.0,9.0,9.0,,,,,,,
openml,openml,361243,geographical_origin_of_music,geographical_origin_of_music,4,4,MLP,374.1640991738119,19.343321823663377,0.1398906292226065,8.0,8.0,8.0,,,,,,,
openml,openml,361243,geographical_origin_of_music,geographical_origin_of_music,5,5,MLP,293.69066149131515,17.13740533135968,0.1224532600138826,7.0,7.0,7.0,,,,,,,
openml,openml,361243,geographical_origin_of_music,geographical_origin_of_music,6,6,MLP,353.0453286702069,18.78950049017288,-0.0341513147051464,9.0,9.0,9.0,,,,,,,
openml,openml,361243,geographical_origin_of_music,geographical_origin_of_music,7,7,MLP,441.7894808831043,21.018788758705966,-0.2571563615347447,9.0,9.0,9.0,,,,,,,
openml,openml,361243,geographical_origin_of_music,geographical_origin_of_music,8,8,MLP,376.92086799524793,19.41444997921002,0.0060256572031803,8.0,8.0,8.0,,,,,,,
openml,openml,361243,geographical_origin_of_music,geographical_origin_of_music,9,9,MLP,312.2765526975868,17.671348355391185,0.2089358323720594,8.0,8.0,8.0,,,,,,,
openml,openml,361251,grid_stability,grid_stability,0,0,MLP,0.0003499637320189,0.0187073176061932,0.7415555553364394,5.0,5.0,5.0,,,,,,,
openml,openml,361251,grid_stability,grid_stability,1,1,MLP,0.0004092962641005,0.0202310717486883,0.6865216483375763,5.0,5.0,5.0,,,,,,,
openml,openml,361251,grid_stability,grid_stability,2,2,MLP,0.0003855704887056,0.0196359488873243,0.7271032437301299,5.0,5.0,5.0,,,,,,,
openml,openml,361251,grid_stability,grid_stability,3,3,MLP,0.0004811294545034,0.0219346633095518,0.6535355258306264,5.0,5.0,5.0,,,,,,,
openml,openml,361251,grid_stability,grid_stability,4,4,MLP,0.0004811477972927,0.0219350814289072,0.6623813686179862,7.0,7.0,7.0,,,,,,,
openml,openml,361251,grid_stability,grid_stability,5,5,MLP,0.0003929388414104,0.019822685020211,0.7025930884448287,5.0,5.0,5.0,,,,,,,
openml,openml,361251,grid_stability,grid_stability,6,6,MLP,0.0004567773907969,0.0213723510825769,0.6713703141140126,7.0,7.0,7.0,,,,,,,
openml,openml,361251,grid_stability,grid_stability,7,7,MLP,0.0004004363499893,0.0200109057763352,0.7131307756233675,5.0,5.0,5.0,,,,,,,
openml,openml,361251,grid_stability,grid_stability,8,8,MLP,0.0002351755527226,0.0153354345462593,0.8254127238496198,5.0,5.0,5.0,,,,,,,
openml,openml,361251,grid_stability,grid_stability,9,9,MLP,0.000328065708922,0.0181125842695631,0.7650427185605553,5.0,5.0,5.0,,,,,,,
openml,openml,361621,QSAR_fish_toxicity,QSAR_fish_toxicity,0,0,MLP,0.9508768542791836,0.975129147487236,0.6183144639356386,2.0,2.0,2.0,,,,,,,
openml,openml,361621,QSAR_fish_toxicity,QSAR_fish_toxicity,1,1,MLP,1.187730769789992,1.089830615182925,0.3976362495862841,7.0,7.0,7.0,,,,,,,
openml,openml,361621,QSAR_fish_toxicity,QSAR_fish_toxicity,2,2,MLP,0.5046010363507227,0.7103527548695244,0.70322161376812,2.0,2.0,2.0,,,,,,,
openml,openml,361621,QSAR_fish_toxicity,QSAR_fish_toxicity,3,3,MLP,0.8039869871932154,0.8966532145669336,0.6065065400690219,1.0,1.0,1.0,,,,,,,
openml,openml,361621,QSAR_fish_toxicity,QSAR_fish_toxicity,4,4,MLP,0.8433521355675967,0.918342058041336,0.6736323164558036,2.0,2.0,2.0,,,,,,,
openml,openml,361621,QSAR_fish_toxicity,QSAR_fish_toxicity,5,5,MLP,0.6322755000028752,0.7951575315639507,0.7314887328447196,5.0,5.0,5.0,,,,,,,
openml,openml,361621,QSAR_fish_toxicity,QSAR_fish_toxicity,6,6,MLP,0.5853888790413709,0.7651071029871379,0.6383129083048831,5.0,5.0,5.0,,,,,,,
openml,openml,361621,QSAR_fish_toxicity,QSAR_fish_toxicity,7,7,MLP,0.8305367557052553,0.9113378932675056,0.5517202625305854,6.0,6.0,6.0,,,,,,,
openml,openml,361621,QSAR_fish_toxicity,QSAR_fish_toxicity,8,8,MLP,0.9817103420954384,0.9908129702902756,0.6046614290320196,9.0,9.0,9.0,,,,,,,
openml,openml,361621,QSAR_fish_toxicity,QSAR_fish_toxicity,9,9,MLP,1.2124256734413548,1.1011020268083038,0.4785790701200512,4.0,4.0,4.0,,,,,,,
openml,openml,361622,cars,cars,0,0,MLP,5025080.294408961,2241.6690867317952,0.946593169949567,2.0,2.0,2.0,,,,,,,
openml,openml,361622,cars,cars,1,1,MLP,5899560.522384734,2428.901093578068,0.9598429105421102,2.0,2.0,2.0,,,,,,,
openml,openml,361622,cars,cars,2,2,MLP,5871019.280198688,2423.018629767152,0.934192370756473,5.0,5.0,5.0,,,,,,,
openml,openml,361622,cars,cars,3,3,MLP,5956748.653162159,2440.645130526386,0.9347883542906912,3.0,3.0,3.0,,,,,,,
openml,openml,361622,cars,cars,4,4,MLP,6296866.435878274,2509.355781047852,0.9415058409684974,5.0,5.0,5.0,,,,,,,
openml,openml,361622,cars,cars,5,5,MLP,7104439.700327161,2665.415483621111,0.9421825749359962,2.0,2.0,2.0,,,,,,,
openml,openml,361622,cars,cars,6,6,MLP,7542018.276885392,2746.2735255042226,0.9338630248775586,5.0,5.0,5.0,,,,,,,
openml,openml,361622,cars,cars,7,7,MLP,6286563.716222576,2507.302079172467,0.900205291371905,3.0,3.0,3.0,,,,,,,
openml,openml,361622,cars,cars,8,8,MLP,6556839.215276937,2560.632581077757,0.9207300377166816,4.0,4.0,4.0,,,,,,,
openml,openml,361622,cars,cars,9,9,MLP,9241782.882039271,3040.030079133967,0.9066643418062006,5.0,5.0,5.0,,,,,,,
kaggle,kaggle,playground-series-s3e5,Wine Quality,Wine Quality,0,0,MLP,0.7518022434252646,0.8670653051675316,-0.0988695622909976,11.0,11.0,11.0,,,,,,,
kaggle,kaggle,playground-series-s3e5,Wine Quality,Wine Quality,1,1,MLP,0.7945008138904757,0.8913477513801645,-0.0484633684192001,11.0,11.0,11.0,,,,,,,
kaggle,kaggle,playground-series-s3e5,Wine Quality,Wine Quality,2,2,MLP,0.6095509301432215,0.7807374271438647,0.1136614832936626,9.0,9.0,9.0,,,,,,,
kaggle,kaggle,playground-series-s3e5,Wine Quality,Wine Quality,3,3,MLP,0.7584919977991879,0.8709144606671702,-0.0265137906176278,10.0,10.0,10.0,,,,,,,
kaggle,kaggle,playground-series-s3e5,Wine Quality,Wine Quality,4,4,MLP,0.7263540654246337,0.8522640819749673,-0.0085913785661382,9.0,9.0,9.0,,,,,,,
kaggle,kaggle,playground-series-s3e5,Wine Quality,Wine Quality,5,5,MLP,0.6912817813329161,0.8314335700059964,-0.1728463806430362,10.0,10.0,10.0,,,,,,,
kaggle,kaggle,playground-series-s3e5,Wine Quality,Wine Quality,6,6,MLP,0.7930217968632733,0.8905177128296065,0.1535196455455811,9.0,9.0,9.0,,,,,,,
kaggle,kaggle,playground-series-s3e5,Wine Quality,Wine Quality,7,7,MLP,0.6167678262402888,0.7853456730894294,0.1328796887644813,9.0,9.0,9.0,,,,,,,
kaggle,kaggle,playground-series-s3e5,Wine Quality,Wine Quality,8,8,MLP,0.7188182671994917,0.8478315087324201,-0.0015685574887589,10.0,10.0,10.0,,,,,,,
kaggle,kaggle,playground-series-s3e5,Wine Quality,Wine Quality,9,9,MLP,0.8097333550170878,0.8998518517050947,-0.161030026135462,11.0,11.0,11.0,,,,,,,
kaggle,kaggle,playground-series-s3e9,Concrete Strength,Concrete Strength,0,0,MLP,141.0198724103195,11.875178836982604,0.4508734116900443,2.0,2.0,2.0,,,,,,,
kaggle,kaggle,playground-series-s3e9,Concrete Strength,Concrete Strength,1,1,MLP,163.87582565419268,12.801399363124045,0.3921933425971735,4.0,4.0,4.0,,,,,,,
kaggle,kaggle,playground-series-s3e9,Concrete Strength,Concrete Strength,2,2,MLP,150.96339880466832,12.28671635566917,0.4550044215852469,3.0,3.0,3.0,,,,,,,
kaggle,kaggle,playground-series-s3e9,Concrete Strength,Concrete Strength,3,3,MLP,145.98318202222674,12.08235002068003,0.4445990587870982,2.0,2.0,2.0,,,,,,,
kaggle,kaggle,playground-series-s3e9,Concrete Strength,Concrete Strength,4,4,MLP,149.40543598190786,12.223151638669458,0.3881572564598941,2.0,2.0,2.0,,,,,,,
kaggle,kaggle,playground-series-s3e9,Concrete Strength,Concrete Strength,5,5,MLP,153.08856379887098,12.372896338322365,0.4536555036548008,3.0,3.0,3.0,,,,,,,
kaggle,kaggle,playground-series-s3e9,Concrete Strength,Concrete Strength,6,6,MLP,154.83976671290444,12.443462810363698,0.4277949658656729,2.0,2.0,2.0,,,,,,,
kaggle,kaggle,playground-series-s3e9,Concrete Strength,Concrete Strength,7,7,MLP,157.46892748064136,12.54866237814379,0.4309728623628134,3.0,3.0,3.0,,,,,,,
kaggle,kaggle,playground-series-s3e9,Concrete Strength,Concrete Strength,8,8,MLP,151.2423898611498,12.298064476215345,0.4514655542367652,2.0,2.0,2.0,,,,,,,
kaggle,kaggle,playground-series-s3e9,Concrete Strength,Concrete Strength,9,9,MLP,159.46981104051176,12.628135691404006,0.4506809765347128,3.0,3.0,3.0,,,,,,,
openml,openml,361234,abalone,abalone,0,0,RandomForest,4.484528409090909,2.1176705147616586,0.5863201422146245,3.0,3.0,3.0,,,,,,,
openml,openml,361234,abalone,abalone,1,1,RandomForest,4.282016447368421,2.069303372482735,0.5624180573873323,4.0,4.0,4.0,,,,,,,
openml,openml,361234,abalone,abalone,2,2,RandomForest,5.11328576555024,2.2612575628508664,0.5629937927387845,2.0,2.0,2.0,,,,,,,
openml,openml,361234,abalone,abalone,3,3,RandomForest,4.815598803827752,2.1944472661305285,0.5022384547989226,4.0,4.0,4.0,,,,,,,
openml,openml,361234,abalone,abalone,4,4,RandomForest,4.419067344497607,2.102157782969111,0.4892378343926292,5.0,5.0,5.0,,,,,,,
openml,openml,361234,abalone,abalone,5,5,RandomForest,4.803762559808612,2.1917487446805146,0.5383473060396986,4.0,4.0,4.0,,,,,,,
openml,openml,361234,abalone,abalone,6,6,RandomForest,4.472071770334928,2.1147273512996723,0.5834375472137681,4.0,4.0,4.0,,,,,,,
openml,openml,361234,abalone,abalone,7,7,RandomForest,4.886872488038278,2.2106271707455054,0.5789550437389666,3.0,3.0,3.0,,,,,,,
openml,openml,361234,abalone,abalone,8,8,RandomForest,5.099611244019139,2.258231884466061,0.5125123988600435,6.0,6.0,6.0,,,,,,,
openml,openml,361234,abalone,abalone,9,9,RandomForest,5.744358014354068,2.396739037599644,0.4941339425334802,3.0,3.0,3.0,,,,,,,
openml,openml,361235,airfoil_self_noise,airfoil_self_noise,0,0,RandomForest,3.6112435986072913,1.9003272346117892,0.9199898460021166,5.0,5.0,5.0,,,,,,,
openml,openml,361235,airfoil_self_noise,airfoil_self_noise,1,1,RandomForest,2.592761593904287,1.6102054508367207,0.9342002399807602,5.0,5.0,5.0,,,,,,,
openml,openml,361235,airfoil_self_noise,airfoil_self_noise,2,2,RandomForest,4.233333125131691,2.057506531005841,0.9193401818243484,4.0,4.0,4.0,,,,,,,
openml,openml,361235,airfoil_self_noise,airfoil_self_noise,3,3,RandomForest,2.9346235789494277,1.713074306312901,0.9386283832028226,3.0,3.0,3.0,,,,,,,
openml,openml,361235,airfoil_self_noise,airfoil_self_noise,4,4,RandomForest,2.89912441085066,1.702681535358465,0.9404533738828298,5.0,5.0,5.0,,,,,,,
openml,openml,361235,airfoil_self_noise,airfoil_self_noise,5,5,RandomForest,2.980040950380559,1.7262795110817248,0.9301570719647164,3.0,3.0,3.0,,,,,,,
openml,openml,361235,airfoil_self_noise,airfoil_self_noise,6,6,RandomForest,2.4686865371038165,1.5712054407695435,0.9506669320773056,5.0,5.0,5.0,,,,,,,
openml,openml,361235,airfoil_self_noise,airfoil_self_noise,7,7,RandomForest,3.313112459813556,1.8201957201942751,0.9393658702262128,5.0,5.0,5.0,,,,,,,
openml,openml,361235,airfoil_self_noise,airfoil_self_noise,8,8,RandomForest,2.472584018290468,1.5724452353867424,0.948540079064537,4.0,4.0,4.0,,,,,,,
openml,openml,361235,airfoil_self_noise,airfoil_self_noise,9,9,RandomForest,2.6644818595942663,1.6323240669653396,0.9439219031963824,5.0,5.0,5.0,,,,,,,
openml,openml,361237,concrete_compressive_strength,concrete_compressive_strength,0,0,RandomForest,23.308587114261854,4.827896758865278,0.9145448577151608,5.0,5.0,5.0,,,,,,,
openml,openml,361237,concrete_compressive_strength,concrete_compressive_strength,1,1,RandomForest,21.00382349782847,4.5829928537832645,0.90872293417428,5.0,5.0,5.0,,,,,,,
openml,openml,361237,concrete_compressive_strength,concrete_compressive_strength,2,2,RandomForest,13.252905364185994,3.6404540052287424,0.9399754197986676,5.0,5.0,5.0,,,,,,,
openml,openml,361237,concrete_compressive_strength,concrete_compressive_strength,3,3,RandomForest,13.894284519711151,3.727503792045174,0.954724478492009,4.0,4.0,4.0,,,,,,,
openml,openml,361237,concrete_compressive_strength,concrete_compressive_strength,4,4,RandomForest,28.23729177997928,5.313877283112518,0.9098498930951502,5.0,5.0,5.0,,,,,,,
openml,openml,361237,concrete_compressive_strength,concrete_compressive_strength,5,5,RandomForest,27.10242800765311,5.205999232390753,0.8824567161419471,5.0,5.0,5.0,,,,,,,
openml,openml,361237,concrete_compressive_strength,concrete_compressive_strength,6,6,RandomForest,21.737881845321013,4.662390142976133,0.926056552477622,5.0,5.0,5.0,,,,,,,
openml,openml,361237,concrete_compressive_strength,concrete_compressive_strength,7,7,RandomForest,18.33174966146425,4.281559255862781,0.935158164207371,5.0,5.0,5.0,,,,,,,
openml,openml,361237,concrete_compressive_strength,concrete_compressive_strength,8,8,RandomForest,24.35863419153456,4.93544670638176,0.9144457884443928,6.0,6.0,6.0,,,,,,,
openml,openml,361237,concrete_compressive_strength,concrete_compressive_strength,9,9,RandomForest,30.88151126464511,5.55711357312815,0.8668077207741822,5.0,5.0,5.0,,,,,,,
openml,openml,361250,red_wine,red_wine,0,0,RandomForest,0.3158293749999999,0.5619869882835367,0.472208890919773,2.0,2.0,2.0,,,,,,,
openml,openml,361250,red_wine,red_wine,1,1,RandomForest,0.275715625,0.5250863024303719,0.4451006289308175,2.0,2.0,2.0,,,,,,,
openml,openml,361250,red_wine,red_wine,2,2,RandomForest,0.2925328124999999,0.5408630256358813,0.4132842369163273,3.0,3.0,3.0,,,,,,,
openml,openml,361250,red_wine,red_wine,3,3,RandomForest,0.29517921875,0.5433039837420668,0.4844031113537118,1.0,1.0,1.0,,,,,,,
openml,openml,361250,red_wine,red_wine,4,4,RandomForest,0.31242921875,0.5589536821150748,0.5039575787645745,3.0,3.0,3.0,,,,,,,
openml,openml,361250,red_wine,red_wine,5,5,RandomForest,0.25878078125,0.5087050041527015,0.5237734167205808,2.0,2.0,2.0,,,,,,,
openml,openml,361250,red_wine,red_wine,6,6,RandomForest,0.2800771875,0.5292231925189976,0.5150178571428572,2.0,2.0,2.0,,,,,,,
openml,openml,361250,red_wine,red_wine,7,7,RandomForest,0.2452290624999999,0.4952060808390785,0.4508036042341002,2.0,2.0,2.0,,,,,,,
openml,openml,361250,red_wine,red_wine,8,8,RandomForest,0.3358653125,0.5795388791962106,0.46248112028007,3.0,3.0,3.0,,,,,,,
openml,openml,361250,red_wine,red_wine,9,9,RandomForest,0.27353609375,0.5230067817437934,0.5404866461053875,3.0,3.0,3.0,,,,,,,
openml,openml,361259,pumadyn32nh,pumadyn32nh,0,0,RandomForest,0.0004616813861775,0.0214867723536499,0.6606663238864168,2.0,2.0,2.0,,,,,,,
openml,openml,361259,pumadyn32nh,pumadyn32nh,1,1,RandomForest,0.0004584209151001,0.0214107663361261,0.6533626352689644,2.0,2.0,2.0,,,,,,,
openml,openml,361259,pumadyn32nh,pumadyn32nh,2,2,RandomForest,0.000469276203005,0.021662783823994,0.6370434472115205,2.0,2.0,2.0,,,,,,,
openml,openml,361259,pumadyn32nh,pumadyn32nh,3,3,RandomForest,0.0005072330265662,0.0225218344405201,0.6049653195515489,2.0,2.0,2.0,,,,,,,
openml,openml,361259,pumadyn32nh,pumadyn32nh,4,4,RandomForest,0.0004107470961725,0.0202668965599708,0.6877750707369252,2.0,2.0,2.0,,,,,,,
openml,openml,361259,pumadyn32nh,pumadyn32nh,5,5,RandomForest,0.0004852527310817,0.0220284527618656,0.6389310455866579,3.0,3.0,3.0,,,,,,,
openml,openml,361259,pumadyn32nh,pumadyn32nh,6,6,RandomForest,0.0004397788251671,0.0209709042524904,0.6491007215568481,3.0,3.0,3.0,,,,,,,
openml,openml,361259,pumadyn32nh,pumadyn32nh,7,7,RandomForest,0.0004578159315712,0.0213966336504436,0.6297864654595002,2.0,2.0,2.0,,,,,,,
openml,openml,361259,pumadyn32nh,pumadyn32nh,8,8,RandomForest,0.0004222446562872,0.0205485925621985,0.6696610026749761,2.0,2.0,2.0,,,,,,,
openml,openml,361259,pumadyn32nh,pumadyn32nh,9,9,RandomForest,0.0004667161858581,0.0216036151108589,0.6447015277185291,2.0,2.0,2.0,,,,,,,
openml,openml,361236,auction_verification,auction_verification,0,0,RandomForest,424731.2344550135,651.7140741575354,0.995107973050616,4.0,4.0,4.0,,,,,,,
openml,openml,361236,auction_verification,auction_verification,1,1,RandomForest,567058.0507818084,753.032569535879,0.9944441603814476,4.0,4.0,4.0,,,,,,,
openml,openml,361236,auction_verification,auction_verification,2,2,RandomForest,930855.1661400088,964.808357208834,0.9922680089486478,4.0,4.0,4.0,,,,,,,
openml,openml,361236,auction_verification,auction_verification,3,3,RandomForest,624288.2304925837,790.1191242417714,0.9937823654736224,4.0,4.0,4.0,,,,,,,
openml,openml,361236,auction_verification,auction_verification,4,4,RandomForest,523255.8784050267,723.3642778054683,0.994635594178506,4.0,4.0,4.0,,,,,,,
openml,openml,361236,auction_verification,auction_verification,5,5,RandomForest,704686.3507093879,839.4559849744285,0.9942266604484854,4.0,4.0,4.0,,,,,,,
openml,openml,361236,auction_verification,auction_verification,6,6,RandomForest,764555.0510004957,874.3883868170343,0.9920850952975816,4.0,4.0,4.0,,,,,,,
openml,openml,361236,auction_verification,auction_verification,7,7,RandomForest,657262.9696822094,810.7175646809494,0.994428759505494,4.0,4.0,4.0,,,,,,,
openml,openml,361236,auction_verification,auction_verification,8,8,RandomForest,1338460.8139905217,1156.9186721591634,0.988112948509753,4.0,4.0,4.0,,,,,,,
openml,openml,361236,auction_verification,auction_verification,9,9,RandomForest,545581.4818312291,738.6348772101336,0.9940287094449992,4.0,4.0,4.0,,,,,,,
openml,openml,361249,white_wine,white_wine,0,0,RandomForest,0.4107529081632654,0.6409000765823526,0.5370304513660689,2.0,2.0,2.0,,,,,,,
openml,openml,361249,white_wine,white_wine,1,1,RandomForest,0.3226838775510203,0.5680527066663976,0.5627347898230088,3.0,3.0,3.0,,,,,,,
openml,openml,361249,white_wine,white_wine,2,2,RandomForest,0.4014784183673469,0.6336232463912186,0.4953697852592122,3.0,3.0,3.0,,,,,,,
openml,openml,361249,white_wine,white_wine,3,3,RandomForest,0.4012953571428571,0.6334787740270839,0.5202813295062461,2.0,2.0,2.0,,,,,,,
openml,openml,361249,white_wine,white_wine,4,4,RandomForest,0.3867608673469388,0.6219010108907517,0.5140696794871794,2.0,2.0,2.0,,,,,,,
openml,openml,361249,white_wine,white_wine,5,5,RandomForest,0.2946778061224489,0.5428423400237392,0.5769323515869789,2.0,2.0,2.0,,,,,,,
openml,openml,361249,white_wine,white_wine,6,6,RandomForest,0.3037956632653061,0.5511766171249521,0.5713770522870439,2.0,2.0,2.0,,,,,,,
openml,openml,361249,white_wine,white_wine,7,7,RandomForest,0.3202148979591837,0.565875337825553,0.5822996512082753,2.0,2.0,2.0,,,,,,,
openml,openml,361249,white_wine,white_wine,8,8,RandomForest,0.2868869897959183,0.5356183247387251,0.6204475055239944,2.0,2.0,2.0,,,,,,,
openml,openml,361249,white_wine,white_wine,9,9,RandomForest,0.4532586224489796,0.673244845839149,0.4957983179748055,2.0,2.0,2.0,,,,,,,
openml,openml,361256,cpu_activity,cpu_activity,0,0,RandomForest,7.341307591463415,2.709484746490265,0.9792252161614078,4.0,4.0,4.0,,,,,,,
openml,openml,361256,cpu_activity,cpu_activity,1,1,RandomForest,4.852723292682926,2.202889759539257,0.9869448866935976,3.0,3.0,3.0,,,,,,,
openml,openml,361256,cpu_activity,cpu_activity,2,2,RandomForest,5.82188106707317,2.412857448560352,0.9792444102446136,5.0,5.0,5.0,,,,,,,
openml,openml,361256,cpu_activity,cpu_activity,3,3,RandomForest,6.493888292682925,2.5483108704949884,0.983952322715513,5.0,5.0,5.0,,,,,,,
openml,openml,361256,cpu_activity,cpu_activity,4,4,RandomForest,5.453870975609756,2.335352430707142,0.9833249612442904,4.0,4.0,4.0,,,,,,,
openml,openml,361256,cpu_activity,cpu_activity,5,5,RandomForest,6.364050335365854,2.522706945993897,0.9815726063402332,5.0,5.0,5.0,,,,,,,
openml,openml,361256,cpu_activity,cpu_activity,6,6,RandomForest,5.024551768292684,2.241551196893054,0.9832743067009868,5.0,5.0,5.0,,,,,,,
openml,openml,361256,cpu_activity,cpu_activity,7,7,RandomForest,5.704286036585366,2.388364720176834,0.9848750568117683,5.0,5.0,5.0,,,,,,,
openml,openml,361256,cpu_activity,cpu_activity,8,8,RandomForest,5.642926432926829,2.3754844627837137,0.979252100540253,6.0,6.0,6.0,,,,,,,
openml,openml,361256,cpu_activity,cpu_activity,9,9,RandomForest,7.385133323170732,2.717560178389934,0.9770056209045506,5.0,5.0,5.0,,,,,,,
openml,openml,361258,kin8nm,kin8nm,0,0,RandomForest,0.0184918555584108,0.1359847622287543,0.727859010026841,8.0,8.0,8.0,,,,,,,
openml,openml,361258,kin8nm,kin8nm,1,1,RandomForest,0.0199098128929741,0.141102136386995,0.7111561048701767,8.0,8.0,8.0,,,,,,,
openml,openml,361258,kin8nm,kin8nm,2,2,RandomForest,0.0193323997143511,0.1390410001199326,0.730428003759943,8.0,8.0,8.0,,,,,,,
openml,openml,361258,kin8nm,kin8nm,3,3,RandomForest,0.0186667465294304,0.1366263024802707,0.7322496596803243,8.0,8.0,8.0,,,,,,,
openml,openml,361258,kin8nm,kin8nm,4,4,RandomForest,0.0201690857101705,0.1420179063011794,0.7147429894120245,8.0,8.0,8.0,,,,,,,
openml,openml,361258,kin8nm,kin8nm,5,5,RandomForest,0.0197360401635909,0.1404850175769322,0.7183244900212917,8.0,8.0,8.0,,,,,,,
openml,openml,361258,kin8nm,kin8nm,6,6,RandomForest,0.0191499911511273,0.1383834930587001,0.710512923293942,8.0,8.0,8.0,,,,,,,
openml,openml,361258,kin8nm,kin8nm,7,7,RandomForest,0.0190910187766319,0.1381702528644712,0.7224339862543703,8.0,8.0,8.0,,,,,,,
openml,openml,361258,kin8nm,kin8nm,8,8,RandomForest,0.0207432372517987,0.1440251271542528,0.7107315479064229,8.0,8.0,8.0,,,,,,,
openml,openml,361258,kin8nm,kin8nm,9,9,RandomForest,0.0189129803391781,0.1375244717829453,0.7356480988946661,8.0,8.0,8.0,,,,,,,
openml,openml,361617,energy_efficiency,energy_efficiency,0,0,RandomForest,0.3405533527996612,0.5835694926910259,0.997141066401824,5.0,5.0,5.0,,,,,,,
openml,openml,361617,energy_efficiency,energy_efficiency,1,1,RandomForest,0.2496761112545512,0.4996760062826223,0.997366980145156,5.0,5.0,5.0,,,,,,,
openml,openml,361617,energy_efficiency,energy_efficiency,2,2,RandomForest,0.2497873770978388,0.4997873318701053,0.9971823084405014,5.0,5.0,5.0,,,,,,,
openml,openml,361617,energy_efficiency,energy_efficiency,3,3,RandomForest,0.2544169376048799,0.5043975987302873,0.997337183250244,5.0,5.0,5.0,,,,,,,
openml,openml,361617,energy_efficiency,energy_efficiency,4,4,RandomForest,0.2243733075624435,0.4736805965652843,0.9975989608569094,5.0,5.0,5.0,,,,,,,
openml,openml,361617,energy_efficiency,energy_efficiency,5,5,RandomForest,0.2358548339338574,0.485648879267581,0.9975154383331228,5.0,5.0,5.0,,,,,,,
openml,openml,361617,energy_efficiency,energy_efficiency,6,6,RandomForest,0.1977308236850784,0.444669341966678,0.9980239275025058,5.0,5.0,5.0,,,,,,,
openml,openml,361617,energy_efficiency,energy_efficiency,7,7,RandomForest,0.2055611399365773,0.4533885088272279,0.9978516270490416,5.0,5.0,5.0,,,,,,,
openml,openml,361617,energy_efficiency,energy_efficiency,8,8,RandomForest,0.1808936442594634,0.4253159346409012,0.9984618914400528,5.0,5.0,5.0,,,,,,,
openml,openml,361617,energy_efficiency,energy_efficiency,9,9,RandomForest,0.1959842161725805,0.4427010460486631,0.9980798873113448,5.0,5.0,5.0,,,,,,,
openml,openml,361623,space_ga,space_ga,0,0,RandomForest,0.010846735961035,0.1041476642130541,0.7198960300560076,5.0,5.0,5.0,,,,,,,
openml,openml,361623,space_ga,space_ga,1,1,RandomForest,0.0127639072754638,0.1129774635733334,0.646018422122418,7.0,7.0,7.0,,,,,,,
openml,openml,361623,space_ga,space_ga,2,2,RandomForest,0.0106457657128131,0.1031783199747558,0.7429708691734629,4.0,4.0,4.0,,,,,,,
openml,openml,361623,space_ga,space_ga,3,3,RandomForest,0.008597250568522,0.0927213598289092,0.7468672686534885,6.0,6.0,6.0,,,,,,,
openml,openml,361623,space_ga,space_ga,4,4,RandomForest,0.0124589190283036,0.1116195279881779,0.6877828989453141,6.0,6.0,6.0,,,,,,,
openml,openml,361623,space_ga,space_ga,5,5,RandomForest,0.0115800613017607,0.1076106932500703,0.6743716063590097,7.0,7.0,7.0,,,,,,,
openml,openml,361623,space_ga,space_ga,6,6,RandomForest,0.0116563835162643,0.1079647327429856,0.6946215704200649,7.0,7.0,7.0,,,,,,,
openml,openml,361623,space_ga,space_ga,7,7,RandomForest,0.01298584721228,0.1139554615289675,0.6621265189624345,7.0,7.0,7.0,,,,,,,
openml,openml,361623,space_ga,space_ga,8,8,RandomForest,0.0125609183925662,0.1120755030886156,0.6836328425436708,7.0,7.0,7.0,,,,,,,
openml,openml,361623,space_ga,space_ga,9,9,RandomForest,0.0110857802659628,0.1052890320307051,0.7030813159631255,6.0,6.0,6.0,,,,,,,
openml,openml,361243,geographical_origin_of_music,geographical_origin_of_music,0,0,RandomForest,243.9162302607405,15.617817717617928,0.2628701349853826,2.0,2.0,2.0,,,,,,,
openml,openml,361243,geographical_origin_of_music,geographical_origin_of_music,1,1,RandomForest,245.16510519211047,15.657749046146783,0.3274485532894611,1.0,1.0,1.0,,,,,,,
openml,openml,361243,geographical_origin_of_music,geographical_origin_of_music,2,2,RandomForest,262.80172322857027,16.211160452866114,0.2608274127051996,4.0,4.0,4.0,,,,,,,
openml,openml,361243,geographical_origin_of_music,geographical_origin_of_music,3,3,RandomForest,310.15873111731605,17.611323945612835,0.3128542556940573,4.0,4.0,4.0,,,,,,,
openml,openml,361243,geographical_origin_of_music,geographical_origin_of_music,4,4,RandomForest,289.1944812004044,17.005719073311905,0.3352144585575888,2.0,2.0,2.0,,,,,,,
openml,openml,361243,geographical_origin_of_music,geographical_origin_of_music,5,5,RandomForest,249.9787727234449,15.810717021167791,0.2530642412827395,1.0,1.0,1.0,,,,,,,
openml,openml,361243,geographical_origin_of_music,geographical_origin_of_music,6,6,RandomForest,272.3262993597057,16.502311939837572,0.2022933667684781,2.0,2.0,2.0,,,,,,,
openml,openml,361243,geographical_origin_of_music,geographical_origin_of_music,7,7,RandomForest,287.3261072989795,16.950696366196272,0.182384689413865,1.0,1.0,1.0,,,,,,,
openml,openml,361243,geographical_origin_of_music,geographical_origin_of_music,8,8,RandomForest,285.1281078722136,16.885736817569246,0.2480914491612671,2.0,2.0,2.0,,,,,,,
openml,openml,361243,geographical_origin_of_music,geographical_origin_of_music,9,9,RandomForest,267.26026938918505,16.348096812448386,0.3229718314806776,5.0,5.0,5.0,,,,,,,
openml,openml,361251,grid_stability,grid_stability,0,0,RandomForest,0.0001334609052027,0.0115525280870783,0.9014405597676468,4.0,4.0,4.0,,,,,,,
openml,openml,361251,grid_stability,grid_stability,1,1,RandomForest,0.0001400287300277,0.0118333735691783,0.8927525625699615,4.0,4.0,4.0,,,,,,,
openml,openml,361251,grid_stability,grid_stability,2,2,RandomForest,0.0001429258929731,0.0119551617710996,0.8988407730314384,4.0,4.0,4.0,,,,,,,
openml,openml,361251,grid_stability,grid_stability,3,3,RandomForest,0.0001487768675115,0.0121974123285024,0.8928648024175887,4.0,4.0,4.0,,,,,,,
openml,openml,361251,grid_stability,grid_stability,4,4,RandomForest,0.0001400243146266,0.0118331870020972,0.9017457468777108,4.0,4.0,4.0,,,,,,,
openml,openml,361251,grid_stability,grid_stability,5,5,RandomForest,0.0001331870545396,0.0115406695880107,0.8991935986588244,4.0,4.0,4.0,,,,,,,
openml,openml,361251,grid_stability,grid_stability,6,6,RandomForest,0.0001191058642473,0.01091356331577,0.914308975130124,4.0,4.0,4.0,,,,,,,
openml,openml,361251,grid_stability,grid_stability,7,7,RandomForest,0.0001288472027609,0.0113510881751899,0.9076949504706296,4.0,4.0,4.0,,,,,,,
openml,openml,361251,grid_stability,grid_stability,8,8,RandomForest,0.0001376931469215,0.0117342723217722,0.8977807378900657,4.0,4.0,4.0,,,,,,,
openml,openml,361251,grid_stability,grid_stability,9,9,RandomForest,0.0001374030749112,0.0117219057712995,0.9015933330897592,4.0,4.0,4.0,,,,,,,
openml,openml,361621,QSAR_fish_toxicity,QSAR_fish_toxicity,0,0,RandomForest,1.1746608620139405,1.0838177254566104,0.5284867238129481,9.0,9.0,9.0,,,,,,,
openml,openml,361621,QSAR_fish_toxicity,QSAR_fish_toxicity,1,1,RandomForest,1.0059564319043777,1.0029737942261392,0.4898240371579648,3.0,3.0,3.0,,,,,,,
openml,openml,361621,QSAR_fish_toxicity,QSAR_fish_toxicity,2,2,RandomForest,0.5136383334750944,0.7166856587619808,0.6979063760590066,3.0,3.0,3.0,,,,,,,
openml,openml,361621,QSAR_fish_toxicity,QSAR_fish_toxicity,3,3,RandomForest,1.0456787125010452,1.0225843302637907,0.4882159274807737,5.0,5.0,5.0,,,,,,,
openml,openml,361621,QSAR_fish_toxicity,QSAR_fish_toxicity,4,4,RandomForest,1.0546121367667618,1.0269431029841731,0.5918770990216156,6.0,6.0,6.0,,,,,,,
openml,openml,361621,QSAR_fish_toxicity,QSAR_fish_toxicity,5,5,RandomForest,0.6142858624651897,0.7837639073504149,0.7391284727538039,3.0,3.0,3.0,,,,,,,
openml,openml,361621,QSAR_fish_toxicity,QSAR_fish_toxicity,6,6,RandomForest,0.4943179509881676,0.7030774857639573,0.6945817926053148,1.0,1.0,1.0,,,,,,,
openml,openml,361621,QSAR_fish_toxicity,QSAR_fish_toxicity,7,7,RandomForest,0.7129910740817352,0.8443879878833753,0.6151651936993572,3.0,3.0,3.0,,,,,,,
openml,openml,361621,QSAR_fish_toxicity,QSAR_fish_toxicity,8,8,RandomForest,0.7977667473406839,0.8931778923264301,0.6787362296843573,4.0,4.0,4.0,,,,,,,
openml,openml,361621,QSAR_fish_toxicity,QSAR_fish_toxicity,9,9,RandomForest,1.2135983432641155,1.1016343963693742,0.4780747467600132,5.0,5.0,5.0,,,,,,,
openml,openml,361622,cars,cars,0,0,RandomForest,6250258.078301098,2500.0516151273955,0.9335719130039424,4.0,4.0,4.0,,,,,,,
openml,openml,361622,cars,cars,1,1,RandomForest,7140857.893162081,2672.2383675791502,0.9513936558267776,5.0,5.0,5.0,,,,,,,
openml,openml,361622,cars,cars,2,2,RandomForest,4066178.345736396,2016.4767158924487,0.9544226403894176,2.0,2.0,2.0,,,,,,,
openml,openml,361622,cars,cars,3,3,RandomForest,4210639.011830413,2051.984164614925,0.953903930577377,2.0,2.0,2.0,,,,,,,
openml,openml,361622,cars,cars,4,4,RandomForest,3813393.1803142326,1952.791125623586,0.9645758363448858,2.0,2.0,2.0,,,,,,,
openml,openml,361622,cars,cars,5,5,RandomForest,8929693.753829248,2988.259318370688,0.9273282734129268,5.0,5.0,5.0,,,,,,,
openml,openml,361622,cars,cars,6,6,RandomForest,5373988.45447334,2318.18645809032,0.9528747706948588,3.0,3.0,3.0,,,,,,,
openml,openml,361622,cars,cars,7,7,RandomForest,6054481.266504105,2460.585553583558,0.903889434489326,2.0,2.0,2.0,,,,,,,
openml,openml,361622,cars,cars,8,8,RandomForest,6205853.628903,2491.1550792560065,0.9249733344150398,3.0,3.0,3.0,,,,,,,
openml,openml,361622,cars,cars,9,9,RandomForest,7826378.373938294,2797.566509296659,0.920958954984229,2.0,2.0,2.0,,,,,,,
kaggle,kaggle,playground-series-s3e5,Wine Quality,Wine Quality,0,0,RandomForest,0.4479797330097087,0.6693128812518916,0.3452117263114386,1.0,1.0,1.0,,,,,,,
kaggle,kaggle,playground-series-s3e5,Wine Quality,Wine Quality,1,1,RandomForest,0.5614580097087378,0.7493050178056583,0.2590716764623566,3.0,3.0,3.0,,,,,,,
kaggle,kaggle,playground-series-s3e5,Wine Quality,Wine Quality,2,2,RandomForest,0.3877611650485437,0.6227047173809941,0.4361625274122805,2.0,2.0,2.0,,,,,,,
kaggle,kaggle,playground-series-s3e5,Wine Quality,Wine Quality,3,3,RandomForest,0.464702427184466,0.6816908589562178,0.3710896734277331,1.0,1.0,1.0,,,,,,,
kaggle,kaggle,playground-series-s3e5,Wine Quality,Wine Quality,4,4,RandomForest,0.4505958737864078,0.6712643844167571,0.3743173816301822,4.0,4.0,4.0,,,,,,,
kaggle,kaggle,playground-series-s3e5,Wine Quality,Wine Quality,5,5,RandomForest,0.382969781553398,0.6188455231747242,0.3502436570446187,1.0,1.0,1.0,,,,,,,
kaggle,kaggle,playground-series-s3e5,Wine Quality,Wine Quality,6,6,RandomForest,0.5604197815533981,0.7486119031603746,0.4018016437770397,3.0,3.0,3.0,,,,,,,
kaggle,kaggle,playground-series-s3e5,Wine Quality,Wine Quality,7,7,RandomForest,0.4626805825242719,0.6802062793919738,0.3495125496952025,2.0,2.0,2.0,,,,,,,
kaggle,kaggle,playground-series-s3e5,Wine Quality,Wine Quality,8,8,RandomForest,0.4734615291262135,0.6880854083078739,0.3403003201339636,2.0,2.0,2.0,,,,,,,
kaggle,kaggle,playground-series-s3e5,Wine Quality,Wine Quality,9,9,RandomForest,0.4754656553398058,0.6895401767408522,0.3182571783349102,2.0,2.0,2.0,,,,,,,
kaggle,kaggle,playground-series-s3e9,Concrete Strength,Concrete Strength,0,0,RandomForest,157.54214857113502,12.55157952494964,0.386536230098327,5.0,5.0,5.0,,,,,,,
kaggle,kaggle,playground-series-s3e9,Concrete Strength,Concrete Strength,1,1,RandomForest,179.13424468984888,13.384104179579928,0.3356006838917705,6.0,6.0,6.0,,,,,,,
kaggle,kaggle,playground-series-s3e9,Concrete Strength,Concrete Strength,2,2,RandomForest,161.226907005504,12.697515780872417,0.4179519530215487,5.0,5.0,5.0,,,,,,,
kaggle,kaggle,playground-series-s3e9,Concrete Strength,Concrete Strength,3,3,RandomForest,168.2185326861115,12.969908738542127,0.3600034600623065,5.0,5.0,5.0,,,,,,,
kaggle,kaggle,playground-series-s3e9,Concrete Strength,Concrete Strength,4,4,RandomForest,163.61239270373989,12.791106000019695,0.329977155308194,6.0,6.0,6.0,,,,,,,
kaggle,kaggle,playground-series-s3e9,Concrete Strength,Concrete Strength,5,5,RandomForest,160.30959103851544,12.661342386908087,0.4278850058955971,5.0,5.0,5.0,,,,,,,
kaggle,kaggle,playground-series-s3e9,Concrete Strength,Concrete Strength,6,6,RandomForest,171.36154938629102,13.090513717432598,0.3667392860536907,5.0,5.0,5.0,,,,,,,
kaggle,kaggle,playground-series-s3e9,Concrete Strength,Concrete Strength,7,7,RandomForest,169.02161785041088,13.000831429197552,0.3892262496291565,5.0,5.0,5.0,,,,,,,
kaggle,kaggle,playground-series-s3e9,Concrete Strength,Concrete Strength,8,8,RandomForest,160.2706787813084,12.659805637580238,0.4187212458219346,5.0,5.0,5.0,,,,,,,
kaggle,kaggle,playground-series-s3e9,Concrete Strength,Concrete Strength,9,9,RandomForest,176.39582698045444,13.281409073605648,0.3923766336210237,5.0,5.0,5.0,,,,,,,
openml,openml,361234,abalone,abalone,0,0,Ridge,4.9489338405056,2.224619931697457,0.5434805935938742,7.0,7.0,7.0,,,,,,,
openml,openml,361234,abalone,abalone,1,1,Ridge,4.52851488169911,2.1280307520567248,0.5372282279994296,7.0,7.0,7.0,,,,,,,
openml,openml,361234,abalone,abalone,2,2,Ridge,5.747409304734977,2.397375503490218,0.5087985187994332,8.0,8.0,8.0,,,,,,,
openml,openml,361234,abalone,abalone,3,3,Ridge,4.845287802208612,2.201201445167755,0.4991696688988631,5.0,5.0,5.0,,,,,,,
openml,openml,361234,abalone,abalone,4,4,Ridge,4.665959927401287,2.160083314921276,0.4607016342205955,8.0,8.0,8.0,,,,,,,
openml,openml,361234,abalone,abalone,5,5,Ridge,5.296883642683194,2.301495957563948,0.4909572292981158,8.0,8.0,8.0,,,,,,,
openml,openml,361234,abalone,abalone,6,6,Ridge,4.5369587490632295,2.1300137908152683,0.5773934852216849,7.0,7.0,7.0,,,,,,,
openml,openml,361234,abalone,abalone,7,7,Ridge,5.258327333928978,2.2931043007087526,0.5469511005782189,6.0,6.0,6.0,,,,,,,
openml,openml,361234,abalone,abalone,8,8,Ridge,4.915657258554101,2.217128155645068,0.5300971289117032,4.0,4.0,4.0,,,,,,,
openml,openml,361234,abalone,abalone,9,9,Ridge,5.816852402312112,2.411815167526756,0.4877498609471399,5.0,5.0,5.0,,,,,,,
openml,openml,361235,airfoil_self_noise,airfoil_self_noise,0,0,Ridge,21.96122510975149,4.686280519746069,0.5134304969924908,9.0,9.0,9.0,,,,,,,
openml,openml,361235,airfoil_self_noise,airfoil_self_noise,1,1,Ridge,24.65329087385093,4.965208039332383,0.3743425438737847,9.0,9.0,9.0,,,,,,,
openml,openml,361235,airfoil_self_noise,airfoil_self_noise,2,2,Ridge,27.616124679002105,5.255104630642677,0.4738161327062734,9.0,9.0,9.0,,,,,,,
openml,openml,361235,airfoil_self_noise,airfoil_self_noise,3,3,Ridge,24.002631576464,4.899248062352426,0.4980343244696714,9.0,9.0,9.0,,,,,,,
openml,openml,361235,airfoil_self_noise,airfoil_self_noise,4,4,Ridge,24.134670455771968,4.912705003943548,0.5042854343497172,9.0,9.0,9.0,,,,,,,
openml,openml,361235,airfoil_self_noise,airfoil_self_noise,5,5,Ridge,27.763400052141535,5.269098599584329,0.3493119107611976,9.0,9.0,9.0,,,,,,,
openml,openml,361235,airfoil_self_noise,airfoil_self_noise,6,6,Ridge,24.39741573078391,4.939374022159479,0.5124535459260873,9.0,9.0,9.0,,,,,,,
openml,openml,361235,airfoil_self_noise,airfoil_self_noise,7,7,Ridge,30.123689145020467,5.488505183109557,0.4486985579151796,9.0,9.0,9.0,,,,,,,
openml,openml,361235,airfoil_self_noise,airfoil_self_noise,8,8,Ridge,21.670958396672305,4.655207664183447,0.548979611030771,9.0,9.0,9.0,,,,,,,
openml,openml,361235,airfoil_self_noise,airfoil_self_noise,9,9,Ridge,24.70956482916077,4.970871636761582,0.4799494079963644,9.0,9.0,9.0,,,,,,,
openml,openml,361237,concrete_compressive_strength,concrete_compressive_strength,0,0,Ridge,105.54729867093045,10.273621497355762,0.6130370587676695,9.0,9.0,9.0,,,,,,,
openml,openml,361237,concrete_compressive_strength,concrete_compressive_strength,1,1,Ridge,108.40956564205668,10.41199143497807,0.528880679259623,9.0,9.0,9.0,,,,,,,
openml,openml,361237,concrete_compressive_strength,concrete_compressive_strength,2,2,Ridge,96.79345636397753,9.83836654958421,0.5616065741943372,10.0,10.0,10.0,,,,,,,
openml,openml,361237,concrete_compressive_strength,concrete_compressive_strength,3,3,Ridge,123.34740341886946,11.106187618569637,0.5980636492276203,9.0,9.0,9.0,,,,,,,
openml,openml,361237,concrete_compressive_strength,concrete_compressive_strength,4,4,Ridge,143.1995759954295,11.966602525171025,0.5428224071449319,10.0,10.0,10.0,,,,,,,
openml,openml,361237,concrete_compressive_strength,concrete_compressive_strength,5,5,Ridge,109.49225928950996,10.46385489623733,0.5251318549654599,9.0,9.0,9.0,,,,,,,
openml,openml,361237,concrete_compressive_strength,concrete_compressive_strength,6,6,Ridge,119.19655682003145,10.91771756458425,0.5945417126293153,10.0,10.0,10.0,,,,,,,
openml,openml,361237,concrete_compressive_strength,concrete_compressive_strength,7,7,Ridge,98.48932123227198,9.924178617511476,0.651630176463998,10.0,10.0,10.0,,,,,,,
openml,openml,361237,concrete_compressive_strength,concrete_compressive_strength,8,8,Ridge,137.6510057927905,11.732476541327092,0.5165318721141073,10.0,10.0,10.0,,,,,,,
openml,openml,361237,concrete_compressive_strength,concrete_compressive_strength,9,9,Ridge,68.67783506190436,8.287209123818727,0.7037917831870413,7.0,7.0,7.0,,,,,,,
openml,openml,361250,red_wine,red_wine,0,0,Ridge,0.3851474292165725,0.6206024727767144,0.3563695941024705,7.0,7.0,7.0,,,,,,,
openml,openml,361250,red_wine,red_wine,1,1,Ridge,0.2800156364990718,0.5291650371094747,0.4364465177377171,4.0,4.0,4.0,,,,,,,
openml,openml,361250,red_wine,red_wine,2,2,Ridge,0.4142550439856579,0.6436264786237884,0.1691531552779032,9.0,9.0,9.0,,,,,,,
openml,openml,361250,red_wine,red_wine,3,3,Ridge,0.3689957151264803,0.6074501750155977,0.3554659997790738,9.0,9.0,9.0,,,,,,,
openml,openml,361250,red_wine,red_wine,4,4,Ridge,0.455366899360213,0.6748087872577039,0.2770160863544124,7.0,7.0,7.0,,,,,,,
openml,openml,361250,red_wine,red_wine,5,5,Ridge,0.3215906961362448,0.567089672041596,0.408186196456914,8.0,8.0,8.0,,,,,,,
openml,openml,361250,red_wine,red_wine,6,6,Ridge,0.3699009084784029,0.608194794846522,0.3594789463577438,8.0,8.0,8.0,,,,,,,
openml,openml,361250,red_wine,red_wine,7,7,Ridge,0.3093155389745529,0.5561614324767162,0.3072803956129336,8.0,8.0,8.0,,,,,,,
openml,openml,361250,red_wine,red_wine,8,8,Ridge,0.4136316038351464,0.6431419779762059,0.338023939848728,8.0,8.0,8.0,,,,,,,
openml,openml,361250,red_wine,red_wine,9,9,Ridge,0.4037689754703971,0.6354281827794523,0.3217083947737931,9.0,9.0,9.0,,,,,,,
openml,openml,361259,pumadyn32nh,pumadyn32nh,0,0,Ridge,0.0010234541375486,0.0319914697622448,0.2477659588934461,6.0,6.0,6.0,,,,,,,
openml,openml,361259,pumadyn32nh,pumadyn32nh,1,1,Ridge,0.0011152415250276,0.0333952320702767,0.1567043070237985,6.0,6.0,6.0,,,,,,,
openml,openml,361259,pumadyn32nh,pumadyn32nh,2,2,Ridge,0.0010737254872806,0.0327677507204977,0.1695387513602695,6.0,6.0,6.0,,,,,,,
openml,openml,361259,pumadyn32nh,pumadyn32nh,3,3,Ridge,0.0010705478512684,0.0327192275469399,0.1662539578829895,6.0,6.0,6.0,,,,,,,
openml,openml,361259,pumadyn32nh,pumadyn32nh,4,4,Ridge,0.0010966826951656,0.0331161998901687,0.1663685997714916,6.0,6.0,6.0,,,,,,,
openml,openml,361259,pumadyn32nh,pumadyn32nh,5,5,Ridge,0.0011271023032194,0.0335723443211733,0.1613408352528209,6.0,6.0,6.0,,,,,,,
openml,openml,361259,pumadyn32nh,pumadyn32nh,6,6,Ridge,0.0010490428216565,0.0323889305420321,0.1629693197816508,6.0,6.0,6.0,,,,,,,
openml,openml,361259,pumadyn32nh,pumadyn32nh,7,7,Ridge,0.0010284947711587,0.0320701538998296,0.168306172351261,6.0,6.0,6.0,,,,,,,
openml,openml,361259,pumadyn32nh,pumadyn32nh,8,8,Ridge,0.0010670749667594,0.0326661134321091,0.1651842851265218,6.0,6.0,6.0,,,,,,,
openml,openml,361259,pumadyn32nh,pumadyn32nh,9,9,Ridge,0.001148084899649,0.0338834015359891,0.1259938625339787,6.0,6.0,6.0,,,,,,,
openml,openml,361236,auction_verification,auction_verification,0,0,Ridge,36720455.97310355,6059.740586287795,0.5770561577732978,8.0,8.0,8.0,,,,,,,
openml,openml,361236,auction_verification,auction_verification,1,1,Ridge,39577407.45974561,6291.057737753295,0.612234182970698,9.0,9.0,9.0,,,,,,,
openml,openml,361236,auction_verification,auction_verification,2,2,Ridge,34134926.14247932,5842.510260365772,0.7164640074280677,9.0,9.0,9.0,,,,,,,
openml,openml,361236,auction_verification,auction_verification,3,3,Ridge,38169590.78527848,6178.1543186681965,0.6198477659317716,8.0,8.0,8.0,,,,,,,
openml,openml,361236,auction_verification,auction_verification,4,4,Ridge,44291673.85639502,6655.199009525938,0.5459228976018522,8.0,8.0,8.0,,,,,,,
openml,openml,361236,auction_verification,auction_verification,5,5,Ridge,42415101.59424426,6512.687739654363,0.6525024454226356,9.0,9.0,9.0,,,,,,,
openml,openml,361236,auction_verification,auction_verification,6,6,Ridge,31951197.171004348,5652.539002165695,0.6692315610161086,8.0,8.0,8.0,,,,,,,
openml,openml,361236,auction_verification,auction_verification,7,7,Ridge,38853691.0130081,6233.27289736364,0.67065958875281,9.0,9.0,9.0,,,,,,,
openml,openml,361236,auction_verification,auction_verification,8,8,Ridge,44997879.15682846,6708.045852320068,0.6003677501066352,8.0,8.0,8.0,,,,,,,
openml,openml,361236,auction_verification,auction_verification,9,9,Ridge,35503358.25073285,5958.469455383056,0.6114221709251646,8.0,8.0,8.0,,,,,,,
openml,openml,361249,white_wine,white_wine,0,0,Ridge,0.6472097778576921,0.8044934914949232,0.2705141880404101,8.0,8.0,8.0,,,,,,,
openml,openml,361249,white_wine,white_wine,1,1,Ridge,0.5397876978068284,0.734702455288417,0.2685399006489327,9.0,9.0,9.0,,,,,,,
openml,openml,361249,white_wine,white_wine,2,2,Ridge,0.5675833106854808,0.7533812518807996,0.2865875851577367,9.0,9.0,9.0,,,,,,,
openml,openml,361249,white_wine,white_wine,3,3,Ridge,0.6297196255515609,0.79354875436331,0.2472171527120883,9.0,9.0,9.0,,,,,,,
openml,openml,361249,white_wine,white_wine,4,4,Ridge,0.5999652441085157,0.7745742340850977,0.2461975138123776,9.0,9.0,9.0,,,,,,,
openml,openml,361249,white_wine,white_wine,5,5,Ridge,0.4782472335145021,0.6915542158894717,0.3133825207082688,9.0,9.0,9.0,,,,,,,
openml,openml,361249,white_wine,white_wine,6,6,Ridge,0.4937285191992267,0.7026581809096274,0.3034022573116399,9.0,9.0,9.0,,,,,,,
openml,openml,361249,white_wine,white_wine,7,7,Ridge,0.5512778928402252,0.7424809040239522,0.2808923957376885,9.0,9.0,9.0,,,,,,,
openml,openml,361249,white_wine,white_wine,8,8,Ridge,0.5615130515715478,0.749341745515054,0.2571162618548024,9.0,9.0,9.0,,,,,,,
openml,openml,361249,white_wine,white_wine,9,9,Ridge,0.6827220045274373,0.8262699344206088,0.2405448766127025,9.0,9.0,9.0,,,,,,,
openml,openml,361256,cpu_activity,cpu_activity,0,0,Ridge,103.92554416351258,10.194387875861532,0.7059065175506886,10.0,10.0,10.0,,,,,,,
openml,openml,361256,cpu_activity,cpu_activity,1,1,Ridge,105.41155705168198,10.2670130540329,0.7164149410313523,10.0,10.0,10.0,,,,,,,
openml,openml,361256,cpu_activity,cpu_activity,2,2,Ridge,76.68371526588072,8.7569238472126,0.7266148661161789,9.0,9.0,9.0,,,,,,,
openml,openml,361256,cpu_activity,cpu_activity,3,3,Ridge,100.86779173444393,10.043295860146904,0.7507358154009074,9.0,9.0,9.0,,,,,,,
openml,openml,361256,cpu_activity,cpu_activity,4,4,Ridge,86.93960547669255,9.324141004762453,0.7341848941397314,9.0,9.0,9.0,,,,,,,
openml,openml,361256,cpu_activity,cpu_activity,5,5,Ridge,94.16705221841217,9.703970951028872,0.7273350697172404,10.0,10.0,10.0,,,,,,,
openml,openml,361256,cpu_activity,cpu_activity,6,6,Ridge,79.79252907078927,8.932666403196151,0.7343871791285964,9.0,9.0,9.0,,,,,,,
openml,openml,361256,cpu_activity,cpu_activity,7,7,Ridge,86.64668063787336,9.308419878683672,0.7702558893976563,8.0,8.0,8.0,,,,,,,
openml,openml,361256,cpu_activity,cpu_activity,8,8,Ridge,98.46610079292869,9.923008656296169,0.637960057830248,10.0,10.0,10.0,,,,,,,
openml,openml,361256,cpu_activity,cpu_activity,9,9,Ridge,92.81519513633916,9.634064310369698,0.7110102567699098,9.0,9.0,9.0,,,,,,,
openml,openml,361258,kin8nm,kin8nm,0,0,Ridge,0.0399772967396231,0.1999432337930522,0.4116620110509482,9.0,9.0,9.0,,,,,,,
openml,openml,361258,kin8nm,kin8nm,1,1,Ridge,0.0421373991234723,0.2052739611433275,0.3886868470894192,10.0,10.0,10.0,,,,,,,
openml,openml,361258,kin8nm,kin8nm,2,2,Ridge,0.0433303996939306,0.2081595534534281,0.3957986325566468,9.0,9.0,9.0,,,,,,,
openml,openml,361258,kin8nm,kin8nm,3,3,Ridge,0.0391492276604752,0.1978616376675257,0.4384549544925681,10.0,10.0,10.0,,,,,,,
openml,openml,361258,kin8nm,kin8nm,4,4,Ridge,0.0401448104600232,0.2003616990844887,0.4322207368739343,10.0,10.0,10.0,,,,,,,
openml,openml,361258,kin8nm,kin8nm,5,5,Ridge,0.0409605352053965,0.202387092487136,0.4154055450157914,9.0,9.0,9.0,,,,,,,
openml,openml,361258,kin8nm,kin8nm,6,6,Ridge,0.0389541767396527,0.197368124933214,0.4111365033612891,9.0,9.0,9.0,,,,,,,
openml,openml,361258,kin8nm,kin8nm,7,7,Ridge,0.0407791943140809,0.2019385904528428,0.4071076802159632,9.0,9.0,9.0,,,,,,,
openml,openml,361258,kin8nm,kin8nm,8,8,Ridge,0.0426582383715296,0.2065387091359138,0.405122622231918,9.0,9.0,9.0,,,,,,,
openml,openml,361258,kin8nm,kin8nm,9,9,Ridge,0.0406311058658137,0.2015715899272853,0.4320879159700597,10.0,10.0,10.0,,,,,,,
openml,openml,361617,energy_efficiency,energy_efficiency,0,0,Ridge,13.382743704804218,3.65824325391358,0.887652330247497,10.0,10.0,10.0,,,,,,,
openml,openml,361617,energy_efficiency,energy_efficiency,1,1,Ridge,10.82077940762967,3.289495311993873,0.8858868520419678,10.0,10.0,10.0,,,,,,,
openml,openml,361617,energy_efficiency,energy_efficiency,2,2,Ridge,11.619672293092377,3.408764041862149,0.868925912410847,9.0,9.0,9.0,,,,,,,
openml,openml,361617,energy_efficiency,energy_efficiency,3,3,Ridge,8.281434846271637,2.877748224961947,0.9133236032621704,9.0,9.0,9.0,,,,,,,
openml,openml,361617,energy_efficiency,energy_efficiency,4,4,Ridge,9.215620920534516,3.035724117988082,0.901382803514046,10.0,10.0,10.0,,,,,,,
openml,openml,361617,energy_efficiency,energy_efficiency,5,5,Ridge,10.61806838418666,3.258537767801174,0.8881462582571868,10.0,10.0,10.0,,,,,,,
openml,openml,361617,energy_efficiency,energy_efficiency,6,6,Ridge,8.926450644809304,2.987716627260575,0.910791280334012,10.0,10.0,10.0,,,,,,,
openml,openml,361617,energy_efficiency,energy_efficiency,7,7,Ridge,8.883799042419378,2.980570254568642,0.907153105054908,10.0,10.0,10.0,,,,,,,
openml,openml,361617,energy_efficiency,energy_efficiency,8,8,Ridge,9.781278136552002,3.1275034990471235,0.9168314194197056,10.0,10.0,10.0,,,,,,,
openml,openml,361617,energy_efficiency,energy_efficiency,9,9,Ridge,10.255411397688716,3.202407125536776,0.8995248396190174,9.0,9.0,9.0,,,,,,,
openml,openml,361623,space_ga,space_ga,0,0,Ridge,0.017594341620134,0.1326436640783646,0.5456471924776098,8.0,8.0,8.0,,,,,,,
openml,openml,361623,space_ga,space_ga,1,1,Ridge,0.0143700497394453,0.1198751422916585,0.6014752558782328,9.0,9.0,9.0,,,,,,,
openml,openml,361623,space_ga,space_ga,2,2,Ridge,0.0174637649866989,0.1321505391086203,0.5783585270820286,10.0,10.0,10.0,,,,,,,
openml,openml,361623,space_ga,space_ga,3,3,Ridge,0.013099108069088,0.1144513349379901,0.6143170450478805,8.0,8.0,8.0,,,,,,,
openml,openml,361623,space_ga,space_ga,4,4,Ridge,0.018930370176693,0.137587681776724,0.5256101042929779,9.0,9.0,9.0,,,,,,,
openml,openml,361623,space_ga,space_ga,5,5,Ridge,0.0140880234730785,0.1186929798811985,0.6038483447045635,8.0,8.0,8.0,,,,,,,
openml,openml,361623,space_ga,space_ga,6,6,Ridge,0.0159489423871239,0.1262891222042656,0.5821634580875837,9.0,9.0,9.0,,,,,,,
openml,openml,361623,space_ga,space_ga,7,7,Ridge,0.0154359007846342,0.1242413006396595,0.598379570789731,9.0,9.0,9.0,,,,,,,
openml,openml,361623,space_ga,space_ga,8,8,Ridge,0.0155524262117632,0.1247093669768362,0.6082868530475676,8.0,8.0,8.0,,,,,,,
openml,openml,361623,space_ga,space_ga,9,9,Ridge,0.0182789072974339,0.1351995092351816,0.5104224537942601,9.0,9.0,9.0,,,,,,,
openml,openml,361243,geographical_origin_of_music,geographical_origin_of_music,0,0,Ridge,286.74484772197667,16.93354209024139,0.1334394161922301,5.0,5.0,5.0,,,,,,,
openml,openml,361243,geographical_origin_of_music,geographical_origin_of_music,1,1,Ridge,340.64472962940954,18.45656332119849,0.0655231887627035,8.0,8.0,8.0,,,,,,,
openml,openml,361243,geographical_origin_of_music,geographical_origin_of_music,2,2,Ridge,280.6053524598864,16.751279129066127,0.2107518100018509,7.0,7.0,7.0,,,,,,,
openml,openml,361243,geographical_origin_of_music,geographical_origin_of_music,3,3,Ridge,351.1740164679494,18.739637575682977,0.2219863356498483,6.0,6.0,6.0,,,,,,,
openml,openml,361243,geographical_origin_of_music,geographical_origin_of_music,4,4,Ridge,346.64119059302294,18.61830257013305,0.2031588894155475,7.0,7.0,7.0,,,,,,,
openml,openml,361243,geographical_origin_of_music,geographical_origin_of_music,5,5,Ridge,271.20412912722986,16.468276446769707,0.189642945479176,5.0,5.0,5.0,,,,,,,
openml,openml,361243,geographical_origin_of_music,geographical_origin_of_music,6,6,Ridge,285.85967234377455,16.90738514211392,0.1626509913358782,5.0,5.0,5.0,,,,,,,
openml,openml,361243,geographical_origin_of_music,geographical_origin_of_music,7,7,Ridge,332.23955134607263,18.22743951700492,0.0545789712030734,5.0,5.0,5.0,,,,,,,
openml,openml,361243,geographical_origin_of_music,geographical_origin_of_music,8,8,Ridge,374.1726017731814,19.34354160367696,0.0132730832383548,7.0,7.0,7.0,,,,,,,
openml,openml,361243,geographical_origin_of_music,geographical_origin_of_music,9,9,Ridge,307.3499771637857,17.531399749129722,0.2214159156195413,7.0,7.0,7.0,,,,,,,
openml,openml,361251,grid_stability,grid_stability,0,0,Ridge,0.0004766847809743,0.0218331120313696,0.6479734263097883,6.0,6.0,6.0,,,,,,,
openml,openml,361251,grid_stability,grid_stability,1,1,Ridge,0.0004674883865747,0.0216214797498867,0.6419525373220301,6.0,6.0,6.0,,,,,,,
openml,openml,361251,grid_stability,grid_stability,2,2,Ridge,0.0005061938128597,0.0224987513622373,0.6417291944799759,6.0,6.0,6.0,,,,,,,
openml,openml,361251,grid_stability,grid_stability,3,3,Ridge,0.0005090774747606,0.0225627452842216,0.633409973233763,6.0,6.0,6.0,,,,,,,
openml,openml,361251,grid_stability,grid_stability,4,4,Ridge,0.0004563923224906,0.0213633406210415,0.679752142357241,6.0,6.0,6.0,,,,,,,
openml,openml,361251,grid_stability,grid_stability,5,5,Ridge,0.0004728275365648,0.0217445978708462,0.6421270627174419,7.0,7.0,7.0,,,,,,,
openml,openml,361251,grid_stability,grid_stability,6,6,Ridge,0.0004545234826566,0.0213195563428667,0.67299189420767,5.0,5.0,5.0,,,,,,,
openml,openml,361251,grid_stability,grid_stability,7,7,Ridge,0.0004789804703183,0.021885622456727,0.6568624301578996,6.0,6.0,6.0,,,,,,,
openml,openml,361251,grid_stability,grid_stability,8,8,Ridge,0.0004779874233097,0.0218629234849727,0.645156474371192,7.0,7.0,7.0,,,,,,,
openml,openml,361251,grid_stability,grid_stability,9,9,Ridge,0.0005021288459134,0.0224082316552072,0.6403804928110085,6.0,6.0,6.0,,,,,,,
openml,openml,361621,QSAR_fish_toxicity,QSAR_fish_toxicity,0,0,Ridge,1.0720000453642078,1.0353743503507356,0.569695160698776,7.0,7.0,7.0,,,,,,,
openml,openml,361621,QSAR_fish_toxicity,QSAR_fish_toxicity,1,1,Ridge,1.4485546014123574,1.203559139142052,0.2653581059114316,8.0,8.0,8.0,,,,,,,
openml,openml,361621,QSAR_fish_toxicity,QSAR_fish_toxicity,2,2,Ridge,0.7022874298838053,0.838025912417871,0.5869534243941077,8.0,8.0,8.0,,,,,,,
openml,openml,361621,QSAR_fish_toxicity,QSAR_fish_toxicity,3,3,Ridge,1.1316295065413498,1.0637807605617569,0.4461492325348686,6.0,6.0,6.0,,,,,,,
openml,openml,361621,QSAR_fish_toxicity,QSAR_fish_toxicity,4,4,Ridge,1.0600316183483978,1.0295783692115903,0.5897798212947754,7.0,7.0,7.0,,,,,,,
openml,openml,361621,QSAR_fish_toxicity,QSAR_fish_toxicity,5,5,Ridge,0.8276710837688519,0.9097643012169976,0.6485092155404597,8.0,8.0,8.0,,,,,,,
openml,openml,361621,QSAR_fish_toxicity,QSAR_fish_toxicity,6,6,Ridge,0.7213857791842232,0.8493443231011927,0.5542861612085427,9.0,9.0,9.0,,,,,,,
openml,openml,361621,QSAR_fish_toxicity,QSAR_fish_toxicity,7,7,Ridge,0.8817107216902631,0.9389945269756704,0.5240992669762727,7.0,7.0,7.0,,,,,,,
openml,openml,361621,QSAR_fish_toxicity,QSAR_fish_toxicity,8,8,Ridge,0.7383217554954112,0.8592565132109335,0.7026749589811794,3.0,3.0,3.0,,,,,,,
openml,openml,361621,QSAR_fish_toxicity,QSAR_fish_toxicity,9,9,Ridge,1.3562516242518663,1.1645821672393348,0.416724671409059,8.0,8.0,8.0,,,,,,,
openml,openml,361622,cars,cars,0,0,Ridge,6362356.277725379,2522.3711617692943,0.9323805271683224,5.0,5.0,5.0,,,,,,,
openml,openml,361622,cars,cars,1,1,Ridge,10308021.739621904,3210.610804756924,0.9298354259505848,7.0,7.0,7.0,,,,,,,
openml,openml,361622,cars,cars,2,2,Ridge,7124066.633327749,2669.0947216851914,0.920147096553846,6.0,6.0,6.0,,,,,,,
openml,openml,361622,cars,cars,3,3,Ridge,8025424.343590818,2832.9179909751742,0.9121414786095962,7.0,7.0,7.0,,,,,,,
openml,openml,361622,cars,cars,4,4,Ridge,9316930.016708508,3052.364659851196,0.9134512393374732,7.0,7.0,7.0,,,,,,,
openml,openml,361622,cars,cars,5,5,Ridge,10685531.72045135,3268.873157595955,0.9130388946101152,7.0,7.0,7.0,,,,,,,
openml,openml,361622,cars,cars,6,6,Ridge,10223084.750308383,3197.3558998504345,0.9103523914973892,7.0,7.0,7.0,,,,,,,
openml,openml,361622,cars,cars,7,7,Ridge,6768184.950715776,2601.57355281679,0.8925598982867566,4.0,4.0,4.0,,,,,,,
openml,openml,361622,cars,cars,8,8,Ridge,6797948.004964473,2607.287480306779,0.91781511422425,5.0,5.0,5.0,,,,,,,
openml,openml,361622,cars,cars,9,9,Ridge,11563309.762483925,3400.4866949429347,0.883218515154938,6.0,6.0,6.0,,,,,,,
kaggle,kaggle,playground-series-s3e5,Wine Quality,Wine Quality,0,0,Ridge,0.4991239302535807,0.7064870347384874,0.270456959176077,4.0,4.0,4.0,,,,,,,
kaggle,kaggle,playground-series-s3e5,Wine Quality,Wine Quality,1,1,Ridge,0.5638946564901286,0.750929195390703,0.2558561544044813,4.0,4.0,4.0,,,,,,,
kaggle,kaggle,playground-series-s3e5,Wine Quality,Wine Quality,2,2,Ridge,0.4412612073930807,0.664274948641811,0.3583689488441346,6.0,6.0,6.0,,,,,,,
kaggle,kaggle,playground-series-s3e5,Wine Quality,Wine Quality,3,3,Ridge,0.5159658676371431,0.7183076413606799,0.3017117119833585,4.0,4.0,4.0,,,,,,,
kaggle,kaggle,playground-series-s3e5,Wine Quality,Wine Quality,4,4,Ridge,0.4468398359054525,0.6684607960871397,0.3795328923633461,3.0,3.0,3.0,,,,,,,
kaggle,kaggle,playground-series-s3e5,Wine Quality,Wine Quality,5,5,Ridge,0.4568776014331138,0.6759272160766379,0.2248497563403318,6.0,6.0,6.0,,,,,,,
kaggle,kaggle,playground-series-s3e5,Wine Quality,Wine Quality,6,6,Ridge,0.5951852431698088,0.7714824969951093,0.3646926003834889,6.0,6.0,6.0,,,,,,,
kaggle,kaggle,playground-series-s3e5,Wine Quality,Wine Quality,7,7,Ridge,0.4739286970107526,0.6884247940122091,0.333698708377011,4.0,4.0,4.0,,,,,,,
kaggle,kaggle,playground-series-s3e5,Wine Quality,Wine Quality,8,8,Ridge,0.4762044914522154,0.6900757142895375,0.336478401652672,4.0,4.0,4.0,,,,,,,
kaggle,kaggle,playground-series-s3e5,Wine Quality,Wine Quality,9,9,Ridge,0.5101647512059286,0.714258182456406,0.2685041430539672,7.0,7.0,7.0,,,,,,,
kaggle,kaggle,playground-series-s3e9,Concrete Strength,Concrete Strength,0,0,Ridge,207.86217439546024,14.417426066932345,0.1905917604835713,9.0,9.0,9.0,,,,,,,
kaggle,kaggle,playground-series-s3e9,Concrete Strength,Concrete Strength,1,1,Ridge,231.06998583415967,15.200986344121215,0.1429738025403151,9.0,9.0,9.0,,,,,,,
kaggle,kaggle,playground-series-s3e9,Concrete Strength,Concrete Strength,2,2,Ridge,215.759495561817,14.68875405069528,0.2210829113993717,9.0,9.0,9.0,,,,,,,
kaggle,kaggle,playground-series-s3e9,Concrete Strength,Concrete Strength,3,3,Ridge,218.405004356454,14.778531874190142,0.1690663040437529,9.0,9.0,9.0,,,,,,,
kaggle,kaggle,playground-series-s3e9,Concrete Strength,Concrete Strength,4,4,Ridge,190.5557313326776,13.80419252736927,0.2196392273839674,10.0,10.0,10.0,,,,,,,
kaggle,kaggle,playground-series-s3e9,Concrete Strength,Concrete Strength,5,5,Ridge,222.2915719263061,14.909445728339673,0.2066828906604713,10.0,10.0,10.0,,,,,,,
kaggle,kaggle,playground-series-s3e9,Concrete Strength,Concrete Strength,6,6,Ridge,210.1771826242926,14.497488838564168,0.2232974479948816,10.0,10.0,10.0,,,,,,,
kaggle,kaggle,playground-series-s3e9,Concrete Strength,Concrete Strength,7,7,Ridge,216.80596732963696,14.724332491819007,0.2165535068662279,9.0,9.0,9.0,,,,,,,
kaggle,kaggle,playground-series-s3e9,Concrete Strength,Concrete Strength,8,8,Ridge,215.60988946921825,14.683660629053582,0.2180138694604808,10.0,10.0,10.0,,,,,,,
kaggle,kaggle,playground-series-s3e9,Concrete Strength,Concrete Strength,9,9,Ridge,232.3173700672253,15.241960834066768,0.1997460207253129,10.0,10.0,10.0,,,,,,,
openml,openml,361234,abalone,abalone,0,0,SVR,4.665343432491468,2.1599406085565103,0.5696406775435631,5.0,5.0,5.0,,,,,,,
openml,openml,361234,abalone,abalone,1,1,SVR,4.560029200222986,2.1354224875239525,0.5340077600518423,8.0,8.0,8.0,,,,,,,
openml,openml,361234,abalone,abalone,2,2,SVR,5.467579996898479,2.338285696166848,0.5327140889641293,5.0,5.0,5.0,,,,,,,
openml,openml,361234,abalone,abalone,3,3,SVR,4.935763906093412,2.2216579183333813,0.4898176595002244,7.0,7.0,7.0,,,,,,,
openml,openml,361234,abalone,abalone,4,4,SVR,4.262300530097443,2.06453397407198,0.5073571684910553,4.0,4.0,4.0,,,,,,,
openml,openml,361234,abalone,abalone,5,5,SVR,4.941226464475455,2.222886966194065,0.5251367068225968,5.0,5.0,5.0,,,,,,,
openml,openml,361234,abalone,abalone,6,6,SVR,4.447968431012341,2.1090207279712403,0.5856827138086242,3.0,3.0,3.0,,,,,,,
openml,openml,361234,abalone,abalone,7,7,SVR,5.536987888819123,2.3530805104838897,0.5229421620531018,8.0,8.0,8.0,,,,,,,
openml,openml,361234,abalone,abalone,8,8,SVR,4.792117310904157,2.1890905214047582,0.5419066943556297,3.0,3.0,3.0,,,,,,,
openml,openml,361234,abalone,abalone,9,9,SVR,5.908639707239282,2.430769365291426,0.4796667850049789,8.0,8.0,8.0,,,,,,,
openml,openml,361235,airfoil_self_noise,airfoil_self_noise,0,0,SVR,12.93058529571636,3.595912303674321,0.7135119543882262,6.0,6.0,6.0,,,,,,,
openml,openml,361235,airfoil_self_noise,airfoil_self_noise,1,1,SVR,15.785128279055831,3.973050248745394,0.5994010189456961,6.0,6.0,6.0,,,,,,,
openml,openml,361235,airfoil_self_noise,airfoil_self_noise,2,2,SVR,17.65744559521032,4.202076343334366,0.6635638375111771,6.0,6.0,6.0,,,,,,,
openml,openml,361235,airfoil_self_noise,airfoil_self_noise,3,3,SVR,12.896534930416498,3.591174589241868,0.730295494986693,6.0,6.0,6.0,,,,,,,
openml,openml,361235,airfoil_self_noise,airfoil_self_noise,4,4,SVR,13.785784155397902,3.7129212428218703,0.7168465996971063,6.0,6.0,6.0,,,,,,,
openml,openml,361235,airfoil_self_noise,airfoil_self_noise,5,5,SVR,16.946240689464698,4.116581189465926,0.6028326158431707,7.0,7.0,7.0,,,,,,,
openml,openml,361235,airfoil_self_noise,airfoil_self_noise,6,6,SVR,12.999592365657824,3.605494746308449,0.7402222746778133,7.0,7.0,7.0,,,,,,,
openml,openml,361235,airfoil_self_noise,airfoil_self_noise,7,7,SVR,17.60965553025324,4.19638600825201,0.6777211303134716,7.0,7.0,7.0,,,,,,,
openml,openml,361235,airfoil_self_noise,airfoil_self_noise,8,8,SVR,13.82875215178807,3.7187030201117257,0.7121932006746756,7.0,7.0,7.0,,,,,,,
openml,openml,361235,airfoil_self_noise,airfoil_self_noise,9,9,SVR,12.654826916978202,3.557362353904674,0.7336598084434345,6.0,6.0,6.0,,,,,,,
openml,openml,361237,concrete_compressive_strength,concrete_compressive_strength,0,0,SVR,95.6561436970406,9.780395886519145,0.6493005204486209,7.0,7.0,7.0,,,,,,,
openml,openml,361237,concrete_compressive_strength,concrete_compressive_strength,1,1,SVR,79.98194979265375,8.94326281581022,0.6524195846128555,8.0,8.0,8.0,,,,,,,
openml,openml,361237,concrete_compressive_strength,concrete_compressive_strength,2,2,SVR,72.53517655611249,8.516758570965393,0.6714762987460896,8.0,8.0,8.0,,,,,,,
openml,openml,361237,concrete_compressive_strength,concrete_compressive_strength,3,3,SVR,99.65394955625902,9.982682482993187,0.6752704660617925,8.0,8.0,8.0,,,,,,,
openml,openml,361237,concrete_compressive_strength,concrete_compressive_strength,4,4,SVR,117.7909586362516,10.85315431735178,0.6239417152245537,8.0,8.0,8.0,,,,,,,
openml,openml,361237,concrete_compressive_strength,concrete_compressive_strength,5,5,SVR,92.10284035834934,9.597022473577384,0.6005497992535077,8.0,8.0,8.0,,,,,,,
openml,openml,361237,concrete_compressive_strength,concrete_compressive_strength,6,6,SVR,89.08561615240637,9.438517688302882,0.6969669064429997,8.0,8.0,8.0,,,,,,,
openml,openml,361237,concrete_compressive_strength,concrete_compressive_strength,7,7,SVR,93.9219159567192,9.691332001160584,0.6677856961686088,8.0,8.0,8.0,,,,,,,
openml,openml,361237,concrete_compressive_strength,concrete_compressive_strength,8,8,SVR,101.15734545168918,10.05770080344853,0.6447076274832699,8.0,8.0,8.0,,,,,,,
openml,openml,361237,concrete_compressive_strength,concrete_compressive_strength,9,9,SVR,74.4412657238843,8.627935194696603,0.6789340468071539,9.0,9.0,9.0,,,,,,,
openml,openml,361250,red_wine,red_wine,0,0,SVR,0.3479884969949782,0.5899054983596764,0.4184669023388315,4.0,4.0,4.0,,,,,,,
openml,openml,361250,red_wine,red_wine,1,1,SVR,0.3003018349867005,0.5479980246193416,0.3956189484544392,7.0,7.0,7.0,,,,,,,
openml,openml,361250,red_wine,red_wine,2,2,SVR,0.3275814249420941,0.5723472939938601,0.3429893075432773,6.0,6.0,6.0,,,,,,,
openml,openml,361250,red_wine,red_wine,3,3,SVR,0.3321612858346312,0.5763343524679326,0.419805614262653,5.0,5.0,5.0,,,,,,,
openml,openml,361250,red_wine,red_wine,4,4,SVR,0.3649466953933695,0.6041081818626276,0.4205758247289594,6.0,6.0,6.0,,,,,,,
openml,openml,361250,red_wine,red_wine,5,5,SVR,0.3075804670687795,0.5545993752870441,0.4339688047616449,7.0,7.0,7.0,,,,,,,
openml,openml,361250,red_wine,red_wine,6,6,SVR,0.3418265234084092,0.5846593225190284,0.4080926001585987,6.0,6.0,6.0,,,,,,,
openml,openml,361250,red_wine,red_wine,7,7,SVR,0.2838512724969532,0.532776944411968,0.364308234107077,4.0,4.0,4.0,,,,,,,
openml,openml,361250,red_wine,red_wine,8,8,SVR,0.3797391459842877,0.6162297834284608,0.3922654327833355,6.0,6.0,6.0,,,,,,,
openml,openml,361250,red_wine,red_wine,9,9,SVR,0.3337121029663336,0.5776782001827087,0.4393969528224858,7.0,7.0,7.0,,,,,,,
openml,openml,361259,pumadyn32nh,pumadyn32nh,0,0,SVR,0.0012978834248784,0.0360261491819266,0.0460617063701785,9.0,9.0,9.0,,,,,,,
openml,openml,361259,pumadyn32nh,pumadyn32nh,1,1,SVR,0.0012705472142443,0.0356447361365504,0.0392691005039681,8.0,8.0,8.0,,,,,,,
openml,openml,361259,pumadyn32nh,pumadyn32nh,2,2,SVR,0.0012381778889183,0.0351877519730705,0.0423448378100861,9.0,9.0,9.0,,,,,,,
openml,openml,361259,pumadyn32nh,pumadyn32nh,3,3,SVR,0.0012303756477727,0.0350767109030021,0.0417795660116689,8.0,8.0,8.0,,,,,,,
openml,openml,361259,pumadyn32nh,pumadyn32nh,4,4,SVR,0.0012493960555368,0.0353467969629054,0.0502852029958551,8.0,8.0,8.0,,,,,,,
openml,openml,361259,pumadyn32nh,pumadyn32nh,5,5,SVR,0.0012903250867659,0.0359210952890626,0.0398893193382378,8.0,8.0,8.0,,,,,,,
openml,openml,361259,pumadyn32nh,pumadyn32nh,6,6,SVR,0.0012016165795292,0.0346643416139588,0.0412308037752722,8.0,8.0,8.0,,,,,,,
openml,openml,361259,pumadyn32nh,pumadyn32nh,7,7,SVR,0.0011969696761925,0.0345972495466408,0.0320686896147792,8.0,8.0,8.0,,,,,,,
openml,openml,361259,pumadyn32nh,pumadyn32nh,8,8,SVR,0.0012321520755587,0.0351020238100131,0.0360378156801863,8.0,8.0,8.0,,,,,,,
openml,openml,361259,pumadyn32nh,pumadyn32nh,9,9,SVR,0.0012666707803549,0.0355903186323892,0.0357176228713296,8.0,8.0,8.0,,,,,,,
openml,openml,361236,auction_verification,auction_verification,0,0,SVR,110349121.4925667,10504.719010643108,-0.2709940602206178,10.0,10.0,10.0,,,,,,,
openml,openml,361236,auction_verification,auction_verification,1,1,SVR,133877595.8433351,11570.548640550072,-0.3116866077423255,10.0,10.0,10.0,,,,,,,
openml,openml,361236,auction_verification,auction_verification,2,2,SVR,166863487.72349998,12917.565084933767,-0.386023347998977,10.0,10.0,10.0,,,,,,,
openml,openml,361236,auction_verification,auction_verification,3,3,SVR,130819776.83162636,11437.647346881542,-0.3029070891174079,10.0,10.0,10.0,,,,,,,
openml,openml,361236,auction_verification,auction_verification,4,4,SVR,126650207.96760808,11253.897456775056,-0.2984146780840366,10.0,10.0,10.0,,,,,,,
openml,openml,361236,auction_verification,auction_verification,5,5,SVR,161387510.5508952,12703.838418009544,-0.3222122109304339,10.0,10.0,10.0,,,,,,,
openml,openml,361236,auction_verification,auction_verification,6,6,SVR,130473665.37795354,11422.506965546292,-0.3507027731886301,10.0,10.0,10.0,,,,,,,
openml,openml,361236,auction_verification,auction_verification,7,7,SVR,156498643.09474176,12509.941770237852,-0.3265490647772331,10.0,10.0,10.0,,,,,,,
openml,openml,361236,auction_verification,auction_verification,8,8,SVR,154706747.45977664,12438.11671676129,-0.3739715453156642,10.0,10.0,10.0,,,,,,,
openml,openml,361236,auction_verification,auction_verification,9,9,SVR,119477345.28064027,10930.56930267771,-0.3076579157639945,10.0,10.0,10.0,,,,,,,
openml,openml,361249,white_wine,white_wine,0,0,SVR,0.5335741653626415,0.7304616111491702,0.3985956384209455,6.0,6.0,6.0,,,,,,,
openml,openml,361249,white_wine,white_wine,1,1,SVR,0.4327184111441039,0.6578133558571945,0.4136282592350362,6.0,6.0,6.0,,,,,,,
openml,openml,361249,white_wine,white_wine,2,2,SVR,0.4696718573660067,0.6853260956406131,0.4096554150926953,7.0,7.0,7.0,,,,,,,
openml,openml,361249,white_wine,white_wine,3,3,SVR,0.5326461680771287,0.7298261218106191,0.3632612312965532,6.0,6.0,6.0,,,,,,,
openml,openml,361249,white_wine,white_wine,4,4,SVR,0.5070733764438532,0.7120908484483235,0.3629078090833639,6.0,6.0,6.0,,,,,,,
openml,openml,361249,white_wine,white_wine,5,5,SVR,0.3983078691687341,0.6311163673750936,0.4281511194514753,6.0,6.0,6.0,,,,,,,
openml,openml,361249,white_wine,white_wine,6,6,SVR,0.4371034028520222,0.6611379605286798,0.3832941952756525,7.0,7.0,7.0,,,,,,,
openml,openml,361249,white_wine,white_wine,7,7,SVR,0.4203249112793423,0.6483246958734045,0.4517123870057691,6.0,6.0,6.0,,,,,,,
openml,openml,361249,white_wine,white_wine,8,8,SVR,0.4441678610478913,0.6664591968364539,0.4123643608003114,6.0,6.0,6.0,,,,,,,
openml,openml,361249,white_wine,white_wine,9,9,SVR,0.5616657142300777,0.7494436031017129,0.3752070367231357,6.0,6.0,6.0,,,,,,,
openml,openml,361256,cpu_activity,cpu_activity,0,0,SVR,84.40184594461505,9.187047727350448,0.7611556138695982,8.0,8.0,8.0,,,,,,,
openml,openml,361256,cpu_activity,cpu_activity,1,1,SVR,91.20533407541782,9.550148379759229,0.7546334503971747,8.0,8.0,8.0,,,,,,,
openml,openml,361256,cpu_activity,cpu_activity,2,2,SVR,68.02026530041786,8.247439924025992,0.7575009339141702,8.0,8.0,8.0,,,,,,,
openml,openml,361256,cpu_activity,cpu_activity,3,3,SVR,112.50459382765932,10.606818270700188,0.7219789849476057,10.0,10.0,10.0,,,,,,,
openml,openml,361256,cpu_activity,cpu_activity,4,4,SVR,79.43958574847258,8.912888743189415,0.7571159682696383,8.0,8.0,8.0,,,,,,,
openml,openml,361256,cpu_activity,cpu_activity,5,5,SVR,66.5981372273337,8.160768176301401,0.807162101645335,8.0,8.0,8.0,,,,,,,
openml,openml,361256,cpu_activity,cpu_activity,6,6,SVR,87.21874916680697,9.339097877568635,0.7096668288516271,10.0,10.0,10.0,,,,,,,
openml,openml,361256,cpu_activity,cpu_activity,7,7,SVR,97.24258637104982,9.861165568585175,0.7421607919193249,10.0,10.0,10.0,,,,,,,
openml,openml,361256,cpu_activity,cpu_activity,8,8,SVR,68.97326872039848,8.30501467309953,0.7463992377305031,8.0,8.0,8.0,,,,,,,
openml,openml,361256,cpu_activity,cpu_activity,9,9,SVR,83.6105947097729,9.143882912076952,0.7396697355319978,8.0,8.0,8.0,,,,,,,
openml,openml,361258,kin8nm,kin8nm,0,0,SVR,0.006357931220524,0.0797366366266099,0.9064315805912904,3.0,3.0,3.0,,,,,,,
openml,openml,361258,kin8nm,kin8nm,1,1,SVR,0.0062771144706871,0.0792282428852689,0.9089340415384376,3.0,3.0,3.0,,,,,,,
openml,openml,361258,kin8nm,kin8nm,2,2,SVR,0.006818600822123,0.0825748195403602,0.904921072275403,3.0,3.0,3.0,,,,,,,
openml,openml,361258,kin8nm,kin8nm,3,3,SVR,0.0058810553719635,0.0766880393018594,0.9156438656945678,3.0,3.0,3.0,,,,,,,
openml,openml,361258,kin8nm,kin8nm,4,4,SVR,0.0064504246489172,0.0803145357262136,0.9087698431741376,3.0,3.0,3.0,,,,,,,
openml,openml,361258,kin8nm,kin8nm,5,5,SVR,0.0067597555905445,0.0822177328229412,0.9035238281075926,3.0,3.0,3.0,,,,,,,
openml,openml,361258,kin8nm,kin8nm,6,6,SVR,0.0058417447077263,0.0764313071177404,0.9116913639825238,3.0,3.0,3.0,,,,,,,
openml,openml,361258,kin8nm,kin8nm,7,7,SVR,0.0065764069870043,0.0810950490905844,0.9043850360471056,3.0,3.0,3.0,,,,,,,
openml,openml,361258,kin8nm,kin8nm,8,8,SVR,0.0062946555667565,0.0793388654239302,0.9122198116834446,3.0,3.0,3.0,,,,,,,
openml,openml,361258,kin8nm,kin8nm,9,9,SVR,0.0067137515205675,0.0819374854420582,0.9061600580034246,3.0,3.0,3.0,,,,,,,
openml,openml,361617,energy_efficiency,energy_efficiency,0,0,SVR,8.860379234484657,2.976638915704197,0.9256174232971024,8.0,8.0,8.0,,,,,,,
openml,openml,361617,energy_efficiency,energy_efficiency,1,1,SVR,9.245170714011095,3.040587231771372,0.9025028148303862,8.0,8.0,8.0,,,,,,,
openml,openml,361617,energy_efficiency,energy_efficiency,2,2,SVR,9.6118658172489,3.1003009236602987,0.8915746924485788,8.0,8.0,8.0,,,,,,,
openml,openml,361617,energy_efficiency,energy_efficiency,3,3,SVR,8.598230699358071,2.932273980950292,0.910007906941818,10.0,10.0,10.0,,,,,,,
openml,openml,361617,energy_efficiency,energy_efficiency,4,4,SVR,7.883677840748841,2.807788781363164,0.9156360473855084,8.0,8.0,8.0,,,,,,,
openml,openml,361617,energy_efficiency,energy_efficiency,5,5,SVR,9.254703403739528,3.042154401692907,0.9025083313675129,8.0,8.0,8.0,,,,,,,
openml,openml,361617,energy_efficiency,energy_efficiency,6,6,SVR,7.862800853530026,2.804068624968017,0.9214211308567608,8.0,8.0,8.0,,,,,,,
openml,openml,361617,energy_efficiency,energy_efficiency,7,7,SVR,5.778038058803771,2.403754991425659,0.939612221069738,8.0,8.0,8.0,,,,,,,
openml,openml,361617,energy_efficiency,energy_efficiency,8,8,SVR,8.012453163780863,2.830627697840333,0.9318714438650396,8.0,8.0,8.0,,,,,,,
openml,openml,361617,energy_efficiency,energy_efficiency,9,9,SVR,11.912334953513268,3.45142506126285,0.8832914918229438,10.0,10.0,10.0,,,,,,,
openml,openml,361623,space_ga,space_ga,0,0,SVR,0.0115085200857018,0.107277770696924,0.7028062473572337,7.0,7.0,7.0,,,,,,,
openml,openml,361623,space_ga,space_ga,1,1,SVR,0.0116216914995404,0.1078039493689374,0.6776955045323856,5.0,5.0,5.0,,,,,,,
openml,openml,361623,space_ga,space_ga,2,2,SVR,0.0116286777674645,0.1078363471537519,0.7192396470236173,7.0,7.0,7.0,,,,,,,
openml,openml,361623,space_ga,space_ga,3,3,SVR,0.0085993637846332,0.0927327546481457,0.7468050482771161,7.0,7.0,7.0,,,,,,,
openml,openml,361623,space_ga,space_ga,4,4,SVR,0.0139426097475203,0.1180788285321306,0.6506020155827036,7.0,7.0,7.0,,,,,,,
openml,openml,361623,space_ga,space_ga,5,5,SVR,0.0097836618099381,0.0989123946224038,0.7248859055165402,4.0,4.0,4.0,,,,,,,
openml,openml,361623,space_ga,space_ga,6,6,SVR,0.010409819574718,0.1020285233389079,0.7272795331843476,5.0,5.0,5.0,,,,,,,
openml,openml,361623,space_ga,space_ga,7,7,SVR,0.0125022412398601,0.1118134215551073,0.674709266216502,6.0,6.0,6.0,,,,,,,
openml,openml,361623,space_ga,space_ga,8,8,SVR,0.0119534999224157,0.10933206264594,0.6989316645551031,6.0,6.0,6.0,,,,,,,
openml,openml,361623,space_ga,space_ga,9,9,SVR,0.0116085325490005,0.107742900225493,0.6890800534238181,7.0,7.0,7.0,,,,,,,
openml,openml,361243,geographical_origin_of_music,geographical_origin_of_music,0,0,SVR,315.27202012469,17.755900994449423,0.0472285448616012,9.0,9.0,9.0,,,,,,,
openml,openml,361243,geographical_origin_of_music,geographical_origin_of_music,1,1,SVR,397.4973174492731,19.93733476293341,-0.0904381996148364,9.0,9.0,9.0,,,,,,,
openml,openml,361243,geographical_origin_of_music,geographical_origin_of_music,2,2,SVR,346.30535751328284,18.60928148836711,0.025959860679804,9.0,9.0,9.0,,,,,,,
openml,openml,361243,geographical_origin_of_music,geographical_origin_of_music,3,3,SVR,433.84014478001467,20.828829654592084,0.0388424400604672,8.0,8.0,8.0,,,,,,,
openml,openml,361243,geographical_origin_of_music,geographical_origin_of_music,4,4,SVR,474.1153377174781,21.774189714372337,-0.0898721862961491,9.0,9.0,9.0,,,,,,,
openml,openml,361243,geographical_origin_of_music,geographical_origin_of_music,5,5,SVR,315.16522823762256,17.752893517329014,0.0582873245185396,9.0,9.0,9.0,,,,,,,
openml,openml,361243,geographical_origin_of_music,geographical_origin_of_music,6,6,SVR,345.7848662773306,18.595291508264413,-0.0128837433220558,8.0,8.0,8.0,,,,,,,
openml,openml,361243,geographical_origin_of_music,geographical_origin_of_music,7,7,SVR,328.31707791637905,18.11952201125568,0.0657407635011454,4.0,4.0,4.0,,,,,,,
openml,openml,361243,geographical_origin_of_music,geographical_origin_of_music,8,8,SVR,367.1008888976533,19.159877058521364,0.0319218282528906,6.0,6.0,6.0,,,,,,,
openml,openml,361243,geographical_origin_of_music,geographical_origin_of_music,9,9,SVR,364.87675928525215,19.10174754532297,0.075688112420363,9.0,9.0,9.0,,,,,,,
openml,openml,361251,grid_stability,grid_stability,0,0,SVR,0.0013555645976711,0.0368179928522887,-0.0010698469511798,9.0,9.0,9.0,,,,,,,
openml,openml,361251,grid_stability,grid_stability,1,1,SVR,0.0013139135293586,0.0362479451742939,-0.006321052832982,9.0,9.0,9.0,,,,,,,
openml,openml,361251,grid_stability,grid_stability,2,2,SVR,0.0014241349752369,0.0377377129041621,-0.0079656680606861,9.0,9.0,9.0,,,,,,,
openml,openml,361251,grid_stability,grid_stability,3,3,SVR,0.0013943061218103,0.0373404086990268,-0.0040489785078212,9.0,9.0,9.0,,,,,,,
openml,openml,361251,grid_stability,grid_stability,4,4,SVR,0.0014319740274269,0.0378414326820076,-0.0048079073305296,9.0,9.0,9.0,,,,,,,
openml,openml,361251,grid_stability,grid_stability,5,5,SVR,0.0013224720913861,0.0363658093734499,-0.0009505268178833,9.0,9.0,9.0,,,,,,,
openml,openml,361251,grid_stability,grid_stability,6,6,SVR,0.0013983948020373,0.0373951173555765,-0.0060787897937673,9.0,9.0,9.0,,,,,,,
openml,openml,361251,grid_stability,grid_stability,7,7,SVR,0.001405637766458,0.0374918359974284,-0.00698704258251,9.0,9.0,9.0,,,,,,,
openml,openml,361251,grid_stability,grid_stability,8,8,SVR,0.0013477060121629,0.0367111156485733,-0.0004965184138436,9.0,9.0,9.0,,,,,,,
openml,openml,361251,grid_stability,grid_stability,9,9,SVR,0.0013966812565759,0.0373721989796684,-0.0002887292329161,9.0,9.0,9.0,,,,,,,
openml,openml,361621,QSAR_fish_toxicity,QSAR_fish_toxicity,0,0,SVR,0.8989902052282763,0.9481509401083122,0.6391419594924546,1.0,1.0,1.0,,,,,,,
openml,openml,361621,QSAR_fish_toxicity,QSAR_fish_toxicity,1,1,SVR,0.916715118314797,0.9574524104699914,0.5350832269617039,2.0,2.0,2.0,,,,,,,
openml,openml,361621,QSAR_fish_toxicity,QSAR_fish_toxicity,2,2,SVR,0.516738780208717,0.7188454494595601,0.6960828649840851,4.0,4.0,4.0,,,,,,,
openml,openml,361621,QSAR_fish_toxicity,QSAR_fish_toxicity,3,3,SVR,0.8992264880965093,0.948275533848949,0.5598936951729013,2.0,2.0,2.0,,,,,,,
openml,openml,361621,QSAR_fish_toxicity,QSAR_fish_toxicity,4,4,SVR,0.7983884462358832,0.8935258509052121,0.6910327527764109,1.0,1.0,1.0,,,,,,,
openml,openml,361621,QSAR_fish_toxicity,QSAR_fish_toxicity,5,5,SVR,0.6207794433438631,0.7878955789594603,0.7363708146916141,4.0,4.0,4.0,,,,,,,
openml,openml,361621,QSAR_fish_toxicity,QSAR_fish_toxicity,6,6,SVR,0.520358505094745,0.7213587908210067,0.678492432834147,3.0,3.0,3.0,,,,,,,
openml,openml,361621,QSAR_fish_toxicity,QSAR_fish_toxicity,7,7,SVR,0.7122693697550129,0.8439605261829566,0.6155547314577902,2.0,2.0,2.0,,,,,,,
openml,openml,361621,QSAR_fish_toxicity,QSAR_fish_toxicity,8,8,SVR,0.9111820798116582,0.9545585785124232,0.6330634344184658,6.0,6.0,6.0,,,,,,,
openml,openml,361621,QSAR_fish_toxicity,QSAR_fish_toxicity,9,9,SVR,1.1949405046438122,1.0931333425725391,0.4860988160090048,3.0,3.0,3.0,,,,,,,
openml,openml,361622,cars,cars,0,0,SVR,103007201.20519842,10149.2463368074,-0.094766205996285,8.0,8.0,8.0,,,,,,,
openml,openml,361622,cars,cars,1,1,SVR,167289851.26071823,12934.05780336234,-0.1387074506624819,9.0,9.0,9.0,,,,,,,
openml,openml,361622,cars,cars,2,2,SVR,94372227.27265953,9714.536904693889,-0.0578082351374722,8.0,8.0,8.0,,,,,,,
openml,openml,361622,cars,cars,3,3,SVR,102707717.60057664,10134.481614792963,-0.1243951493949691,8.0,8.0,8.0,,,,,,,
openml,openml,361622,cars,cars,4,4,SVR,110363613.22803676,10505.408760635482,-0.0252125893395418,8.0,8.0,8.0,,,,,,,
openml,openml,361622,cars,cars,5,5,SVR,139492768.76529777,11810.705684475326,-0.135221501659956,9.0,9.0,9.0,,,,,,,
openml,openml,361622,cars,cars,6,6,SVR,123113181.62704046,11095.637954937089,-0.0795960884192803,8.0,8.0,8.0,,,,,,,
openml,openml,361622,cars,cars,7,7,SVR,70856490.1546602,8417.629723066952,-0.1247961698291082,8.0,8.0,8.0,,,,,,,
openml,openml,361622,cars,cars,8,8,SVR,92545630.01966377,9620.06393012353,-0.1188452789954286,8.0,8.0,8.0,,,,,,,
openml,openml,361622,cars,cars,9,9,SVR,116323624.87503567,10785.343057827862,-0.1747886992995826,9.0,9.0,9.0,,,,,,,
kaggle,kaggle,playground-series-s3e5,Wine Quality,Wine Quality,0,0,SVR,0.5075364862871395,0.7124159503317844,0.2581607711197239,6.0,6.0,6.0,,,,,,,
kaggle,kaggle,playground-series-s3e5,Wine Quality,Wine Quality,1,1,SVR,0.5840702614550772,0.7642448962571338,0.2292314079327159,6.0,6.0,6.0,,,,,,,
kaggle,kaggle,playground-series-s3e5,Wine Quality,Wine Quality,2,2,SVR,0.4368096535475742,0.660915768874956,0.3648418839794113,5.0,5.0,5.0,,,,,,,
kaggle,kaggle,playground-series-s3e5,Wine Quality,Wine Quality,3,3,SVR,0.5350622139359937,0.7314794692511839,0.275867454057028,7.0,7.0,7.0,,,,,,,
kaggle,kaggle,playground-series-s3e5,Wine Quality,Wine Quality,4,4,SVR,0.4731527793758258,0.6878610174852372,0.3429956040184371,5.0,5.0,5.0,,,,,,,
kaggle,kaggle,playground-series-s3e5,Wine Quality,Wine Quality,5,5,SVR,0.4293440975663902,0.6552435406521686,0.2715638044007943,3.0,3.0,3.0,,,,,,,
kaggle,kaggle,playground-series-s3e5,Wine Quality,Wine Quality,6,6,SVR,0.5797323364549923,0.7614015605808753,0.3811872062127965,4.0,4.0,4.0,,,,,,,
kaggle,kaggle,playground-series-s3e5,Wine Quality,Wine Quality,7,7,SVR,0.4963014119226906,0.7044866300524735,0.3022446754455571,7.0,7.0,7.0,,,,,,,
kaggle,kaggle,playground-series-s3e5,Wine Quality,Wine Quality,8,8,SVR,0.5022876916526672,0.708722577354967,0.3001352612630487,6.0,6.0,6.0,,,,,,,
kaggle,kaggle,playground-series-s3e5,Wine Quality,Wine Quality,9,9,SVR,0.4974406722212846,0.7052947413821292,0.2867484671448022,5.0,5.0,5.0,,,,,,,
kaggle,kaggle,playground-series-s3e9,Concrete Strength,Concrete Strength,0,0,SVR,166.90369250212615,12.9191211969749,0.3500826963355015,6.0,6.0,6.0,,,,,,,
kaggle,kaggle,playground-series-s3e9,Concrete Strength,Concrete Strength,1,1,SVR,198.4738316861404,14.088074094287704,0.2638711918764462,8.0,8.0,8.0,,,,,,,
kaggle,kaggle,playground-series-s3e9,Concrete Strength,Concrete Strength,2,2,SVR,178.71180134604987,13.36831333213169,0.3548294333903071,7.0,7.0,7.0,,,,,,,
kaggle,kaggle,playground-series-s3e9,Concrete Strength,Concrete Strength,3,3,SVR,177.1461876291757,13.30962762924552,0.32603771216234,8.0,8.0,8.0,,,,,,,
kaggle,kaggle,playground-series-s3e9,Concrete Strength,Concrete Strength,4,4,SVR,162.25347309425894,12.737875533002311,0.3355421810828649,5.0,5.0,5.0,,,,,,,
kaggle,kaggle,playground-series-s3e9,Concrete Strength,Concrete Strength,5,5,SVR,187.38679663312587,13.688929711015607,0.3312515155425316,8.0,8.0,8.0,,,,,,,
kaggle,kaggle,playground-series-s3e9,Concrete Strength,Concrete Strength,6,6,SVR,181.24520778510933,13.462734038266868,0.3302145662641425,6.0,6.0,6.0,,,,,,,
kaggle,kaggle,playground-series-s3e9,Concrete Strength,Concrete Strength,7,7,SVR,180.60384488944632,13.43889299345174,0.3473729036711319,7.0,7.0,7.0,,,,,,,
kaggle,kaggle,playground-series-s3e9,Concrete Strength,Concrete Strength,8,8,SVR,177.538358362399,13.324352080397718,0.3560938497769071,7.0,7.0,7.0,,,,,,,
kaggle,kaggle,playground-series-s3e9,Concrete Strength,Concrete Strength,9,9,SVR,197.5452896788016,14.05508056464998,0.3195239593721014,8.0,8.0,8.0,,,,,,,
openml,openml,361234,abalone,abalone,0,0,XGBoost,5.394542829122825,2.3226155146995,0.5023749418456613,10.0,10.0,10.0,,,,,,,
openml,openml,361234,abalone,abalone,1,1,XGBoost,5.009243370332772,2.238133903575202,0.4881022826624264,10.0,10.0,10.0,,,,,,,
openml,openml,361234,abalone,abalone,2,2,XGBoost,5.644369788683082,2.3757882457582538,0.5176047757098612,7.0,7.0,7.0,,,,,,,
openml,openml,361234,abalone,abalone,3,3,XGBoost,5.412826398983251,2.326548172504333,0.4405063747998516,10.0,10.0,10.0,,,,,,,
openml,openml,361234,abalone,abalone,4,4,XGBoost,5.139483678662492,2.2670429371016536,0.4059710773392102,10.0,10.0,10.0,,,,,,,
openml,openml,361234,abalone,abalone,5,5,XGBoost,5.4541669642927655,2.3354158011567803,0.4758419382669587,10.0,10.0,10.0,,,,,,,
openml,openml,361234,abalone,abalone,6,6,XGBoost,5.173731836519656,2.274583882058355,0.5180796430470891,10.0,10.0,10.0,,,,,,,
openml,openml,361234,abalone,abalone,7,7,XGBoost,5.611155753873639,2.368787823734671,0.5165519798712892,10.0,10.0,10.0,,,,,,,
openml,openml,361234,abalone,abalone,8,8,XGBoost,5.9057351464259,2.4301718347528225,0.4354525233907639,10.0,10.0,10.0,,,,,,,
openml,openml,361234,abalone,abalone,9,9,XGBoost,6.652829546130539,2.579307958761524,0.4141311100233952,10.0,10.0,10.0,,,,,,,
openml,openml,361235,airfoil_self_noise,airfoil_self_noise,0,0,XGBoost,2.5581601737575936,1.5994249509613114,0.9433217993013452,2.0,2.0,2.0,,,,,,,
openml,openml,361235,airfoil_self_noise,airfoil_self_noise,1,1,XGBoost,1.47551638725721,1.2147083548149369,0.9625539716361734,2.0,2.0,2.0,,,,,,,
openml,openml,361235,airfoil_self_noise,airfoil_self_noise,2,2,XGBoost,3.1858808560719383,1.78490359853745,0.9392978149877924,2.0,2.0,2.0,,,,,,,
openml,openml,361235,airfoil_self_noise,airfoil_self_noise,3,3,XGBoost,2.574166106352342,1.6044208008974272,0.9461666099241614,2.0,2.0,2.0,,,,,,,
openml,openml,361235,airfoil_self_noise,airfoil_self_noise,4,4,XGBoost,2.3139361760032435,1.5211627710416935,0.9524728598000972,4.0,4.0,4.0,,,,,,,
openml,openml,361235,airfoil_self_noise,airfoil_self_noise,5,5,XGBoost,2.3984552210879926,1.5486946829791832,0.9437876397702164,2.0,2.0,2.0,,,,,,,
openml,openml,361235,airfoil_self_noise,airfoil_self_noise,6,6,XGBoost,1.756337039651417,1.325268666969614,0.9649021886051532,2.0,2.0,2.0,,,,,,,
openml,openml,361235,airfoil_self_noise,airfoil_self_noise,7,7,XGBoost,1.9856081407232709,1.4091160848997752,0.963660870814123,1.0,1.0,1.0,,,,,,,
openml,openml,361235,airfoil_self_noise,airfoil_self_noise,8,8,XGBoost,1.7233644761954623,1.3127697727307186,0.9641329883911004,2.0,2.0,2.0,,,,,,,
openml,openml,361235,airfoil_self_noise,airfoil_self_noise,9,9,XGBoost,1.6315887331575565,1.277336577867226,0.9656607191404808,2.0,2.0,2.0,,,,,,,
openml,openml,361237,concrete_compressive_strength,concrete_compressive_strength,0,0,XGBoost,22.600216721972863,4.75396852345205,0.9171419217228024,4.0,4.0,4.0,,,,,,,
openml,openml,361237,concrete_compressive_strength,concrete_compressive_strength,1,1,XGBoost,19.05400418057275,4.365089252303182,0.9171963336097596,4.0,4.0,4.0,,,,,,,
openml,openml,361237,concrete_compressive_strength,concrete_compressive_strength,2,2,XGBoost,8.3903062406596,2.8966025341181347,0.961998928082805,3.0,3.0,3.0,,,,,,,
openml,openml,361237,concrete_compressive_strength,concrete_compressive_strength,3,3,XGBoost,7.93248864413459,2.81646740512554,0.9741514174616256,1.0,1.0,1.0,,,,,,,
openml,openml,361237,concrete_compressive_strength,concrete_compressive_strength,4,4,XGBoost,24.58486665805161,4.958312884243148,0.9215105905079664,4.0,4.0,4.0,,,,,,,
openml,openml,361237,concrete_compressive_strength,concrete_compressive_strength,5,5,XGBoost,21.78849304230813,4.667814589538463,0.905503262593741,4.0,4.0,4.0,,,,,,,
openml,openml,361237,concrete_compressive_strength,concrete_compressive_strength,6,6,XGBoost,12.006142492274805,3.464988094102893,0.9591599782517538,2.0,2.0,2.0,,,,,,,
openml,openml,361237,concrete_compressive_strength,concrete_compressive_strength,7,7,XGBoost,9.362716504813015,3.059855634635892,0.9668828269319968,2.0,2.0,2.0,,,,,,,
openml,openml,361237,concrete_compressive_strength,concrete_compressive_strength,8,8,XGBoost,17.523305997286073,4.186084805314636,0.9384533378736616,4.0,4.0,4.0,,,,,,,
openml,openml,361237,concrete_compressive_strength,concrete_compressive_strength,9,9,XGBoost,39.99784712417974,6.324385118268791,0.8274888694098843,6.0,6.0,6.0,,,,,,,
openml,openml,361250,red_wine,red_wine,0,0,XGBoost,0.4213675436687666,0.6491282952304318,0.2958411699249023,9.0,9.0,9.0,,,,,,,
openml,openml,361250,red_wine,red_wine,1,1,XGBoost,0.3284214155398658,0.5730806361585303,0.3390260819323456,8.0,8.0,8.0,,,,,,,
openml,openml,361250,red_wine,red_wine,2,2,XGBoost,0.3019414522726123,0.5494919947302347,0.3944138845049456,5.0,5.0,5.0,,,,,,,
openml,openml,361250,red_wine,red_wine,3,3,XGBoost,0.3477051252188076,0.5896652653996228,0.3926548031112532,6.0,6.0,6.0,,,,,,,
openml,openml,361250,red_wine,red_wine,4,4,XGBoost,0.3056575431524638,0.5528630419484231,0.5147089366966587,1.0,1.0,1.0,,,,,,,
openml,openml,361250,red_wine,red_wine,5,5,XGBoost,0.2636407613472826,0.5134596005016194,0.514829739739024,5.0,5.0,5.0,,,,,,,
openml,openml,361250,red_wine,red_wine,6,6,XGBoost,0.2847608871697432,0.5336299159246445,0.5069075546844275,4.0,4.0,4.0,,,,,,,
openml,openml,361250,red_wine,red_wine,7,7,XGBoost,0.3061605636400187,0.5533177781709339,0.3143460389130889,7.0,7.0,7.0,,,,,,,
openml,openml,361250,red_wine,red_wine,8,8,XGBoost,0.3452691596536041,0.5875960854648405,0.4474312023548221,4.0,4.0,4.0,,,,,,,
openml,openml,361250,red_wine,red_wine,9,9,XGBoost,0.2804374069729946,0.5295634116637917,0.528893128255879,4.0,4.0,4.0,,,,,,,
openml,openml,361259,pumadyn32nh,pumadyn32nh,0,0,XGBoost,0.0005326917944467,0.0230801168638012,0.6084740033776831,5.0,5.0,5.0,,,,,,,
openml,openml,361259,pumadyn32nh,pumadyn32nh,1,1,XGBoost,0.0005394937528392,0.0232270048185138,0.592058986374594,5.0,5.0,5.0,,,,,,,
openml,openml,361259,pumadyn32nh,pumadyn32nh,2,2,XGBoost,0.0005531741667613,0.0235196549031087,0.5721534836550195,5.0,5.0,5.0,,,,,,,
openml,openml,361259,pumadyn32nh,pumadyn32nh,3,3,XGBoost,0.0006046964628583,0.0245905767085359,0.5290604880548009,5.0,5.0,5.0,,,,,,,
openml,openml,361259,pumadyn32nh,pumadyn32nh,4,4,XGBoost,0.0004624883994727,0.0215055434591362,0.6484444828558831,5.0,5.0,5.0,,,,,,,
openml,openml,361259,pumadyn32nh,pumadyn32nh,5,5,XGBoost,0.0005547353214819,0.0235528198201827,0.5872301387008374,5.0,5.0,5.0,,,,,,,
openml,openml,361259,pumadyn32nh,pumadyn32nh,6,6,XGBoost,0.0004948742757809,0.0222457698401498,0.6051400923507132,5.0,5.0,5.0,,,,,,,
openml,openml,361259,pumadyn32nh,pumadyn32nh,7,7,XGBoost,0.0004996756157022,0.0223534251447557,0.5959365695774115,5.0,5.0,5.0,,,,,,,
openml,openml,361259,pumadyn32nh,pumadyn32nh,8,8,XGBoost,0.0004833895909607,0.0219861226904788,0.6218248581298494,5.0,5.0,5.0,,,,,,,
openml,openml,361259,pumadyn32nh,pumadyn32nh,9,9,XGBoost,0.000551003512459,0.0234734640063852,0.5805358542719634,5.0,5.0,5.0,,,,,,,
openml,openml,361236,auction_verification,auction_verification,0,0,XGBoost,99070.73624346992,314.75504164900985,0.9988589096532534,2.0,2.0,2.0,,,,,,,
openml,openml,361236,auction_verification,auction_verification,1,1,XGBoost,120321.84646302435,346.8743958020314,0.9988211279592364,2.0,2.0,2.0,,,,,,,
openml,openml,361236,auction_verification,auction_verification,2,2,XGBoost,184311.7708845608,429.31546779094833,0.9984690454380268,2.0,2.0,2.0,,,,,,,
openml,openml,361236,auction_verification,auction_verification,3,3,XGBoost,106213.50194331032,325.90412998811524,0.9989421605204232,1.0,1.0,1.0,,,,,,,
openml,openml,361236,auction_verification,auction_verification,4,4,XGBoost,167035.12239461948,408.69930559595946,0.9982875602168122,2.0,2.0,2.0,,,,,,,
openml,openml,361236,auction_verification,auction_verification,5,5,XGBoost,119112.68168504383,345.1270515115323,0.9990241361201804,2.0,2.0,2.0,,,,,,,
openml,openml,361236,auction_verification,auction_verification,6,6,XGBoost,130897.15197669524,361.79711438414654,0.9986449131656931,2.0,2.0,2.0,,,,,,,
openml,openml,361236,auction_verification,auction_verification,7,7,XGBoost,98061.63432452633,313.14794319063685,0.9991687878774452,2.0,2.0,2.0,,,,,,,
openml,openml,361236,auction_verification,auction_verification,8,8,XGBoost,282740.67234290513,531.7336479318429,0.9974889418536604,2.0,2.0,2.0,,,,,,,
openml,openml,361236,auction_verification,auction_verification,9,9,XGBoost,72441.52807507629,269.1496388165444,0.9992071405889132,2.0,2.0,2.0,,,,,,,
openml,openml,361249,white_wine,white_wine,0,0,XGBoost,0.4819878311718644,0.694253434396881,0.4567398447828156,4.0,4.0,4.0,,,,,,,
openml,openml,361249,white_wine,white_wine,1,1,XGBoost,0.3159298128754486,0.5620763407896195,0.5718871451632472,2.0,2.0,2.0,,,,,,,
openml,openml,361249,white_wine,white_wine,2,2,XGBoost,0.4131215401883226,0.6427453151819332,0.4807351977048791,4.0,4.0,4.0,,,,,,,
openml,openml,361249,white_wine,white_wine,3,3,XGBoost,0.4568689414795648,0.6759208100654727,0.4538472541598738,3.0,3.0,3.0,,,,,,,
openml,openml,361249,white_wine,white_wine,4,4,XGBoost,0.4252596625843275,0.6521193622216163,0.465699398291486,4.0,4.0,4.0,,,,,,,
openml,openml,361249,white_wine,white_wine,5,5,XGBoost,0.336527047903008,0.5801095137153053,0.5168495766371342,4.0,4.0,4.0,,,,,,,
openml,openml,361249,white_wine,white_wine,6,6,XGBoost,0.3155434528084906,0.561732545619791,0.5548021870339025,3.0,3.0,3.0,,,,,,,
openml,openml,361249,white_wine,white_wine,7,7,XGBoost,0.3394896333918732,0.5826573893737839,0.5571569618318152,3.0,3.0,3.0,,,,,,,
openml,openml,361249,white_wine,white_wine,8,8,XGBoost,0.3092161391202628,0.5560720628841759,0.5909059625923646,3.0,3.0,3.0,,,,,,,
openml,openml,361249,white_wine,white_wine,9,9,XGBoost,0.4782173313304686,0.6915325959999779,0.4680344269511097,4.0,4.0,4.0,,,,,,,
openml,openml,361256,cpu_activity,cpu_activity,0,0,XGBoost,5.57332114031257,2.360788245546934,0.9842283488996312,2.0,2.0,2.0,,,,,,,
openml,openml,361256,cpu_activity,cpu_activity,1,1,XGBoost,7.211687684073979,2.685458561228227,0.9805986465397822,6.0,6.0,6.0,,,,,,,
openml,openml,361256,cpu_activity,cpu_activity,2,2,XGBoost,5.204750868026237,2.281392309101229,0.981444541282934,4.0,4.0,4.0,,,,,,,
openml,openml,361256,cpu_activity,cpu_activity,3,3,XGBoost,5.895567383141243,2.4280789491162027,0.9854308915538011,4.0,4.0,4.0,,,,,,,
openml,openml,361256,cpu_activity,cpu_activity,4,4,XGBoost,5.1606292081026615,2.271701830809374,0.984221538713732,3.0,3.0,3.0,,,,,,,
openml,openml,361256,cpu_activity,cpu_activity,5,5,XGBoost,6.341743717802474,2.5182818980015864,0.9816371961535434,4.0,4.0,4.0,,,,,,,
openml,openml,361256,cpu_activity,cpu_activity,6,6,XGBoost,4.345849995646443,2.084670236667287,0.98553356448442,3.0,3.0,3.0,,,,,,,
openml,openml,361256,cpu_activity,cpu_activity,7,7,XGBoost,5.3776902541254605,2.318984746419316,0.9857410271757264,3.0,3.0,3.0,,,,,,,
openml,openml,361256,cpu_activity,cpu_activity,8,8,XGBoost,4.23424348290806,2.057727747518621,0.984431542903192,4.0,4.0,4.0,,,,,,,
openml,openml,361256,cpu_activity,cpu_activity,9,9,XGBoost,5.07887638428295,2.253636258202053,0.9841863912473028,1.0,1.0,1.0,,,,,,,
openml,openml,361258,kin8nm,kin8nm,0,0,XGBoost,0.0149205721657658,0.1221497939653026,0.780416883133688,7.0,7.0,7.0,,,,,,,
openml,openml,361258,kin8nm,kin8nm,1,1,XGBoost,0.0145477915179626,0.1206142260181716,0.7889462452423269,7.0,7.0,7.0,,,,,,,
openml,openml,361258,kin8nm,kin8nm,2,2,XGBoost,0.0148265642665831,0.1217643801223623,0.79325760972357,7.0,7.0,7.0,,,,,,,
openml,openml,361258,kin8nm,kin8nm,3,3,XGBoost,0.0147642864920658,0.1215083803367727,0.7882254025041164,7.0,7.0,7.0,,,,,,,
openml,openml,361258,kin8nm,kin8nm,4,4,XGBoost,0.0161869419094989,0.1272279132482291,0.7710635610350716,7.0,7.0,7.0,,,,,,,
openml,openml,361258,kin8nm,kin8nm,5,5,XGBoost,0.0151126946727785,0.1229337003135372,0.7843095198518849,7.0,7.0,7.0,,,,,,,
openml,openml,361258,kin8nm,kin8nm,6,6,XGBoost,0.0139737476528634,0.1182106071926857,0.78876129358329,7.0,7.0,7.0,,,,,,,
openml,openml,361258,kin8nm,kin8nm,7,7,XGBoost,0.0162088172007344,0.1273138531375687,0.7643385703728709,7.0,7.0,7.0,,,,,,,
openml,openml,361258,kin8nm,kin8nm,8,8,XGBoost,0.0150545199461206,0.1226968620060051,0.79006181007506,7.0,7.0,7.0,,,,,,,
openml,openml,361258,kin8nm,kin8nm,9,9,XGBoost,0.0123401084072634,0.1110860405598445,0.8275189283336526,6.0,6.0,6.0,,,,,,,
openml,openml,361617,energy_efficiency,energy_efficiency,0,0,XGBoost,0.1758579138454567,0.4193541627854155,0.9985236789059196,1.0,1.0,1.0,,,,,,,
openml,openml,361617,energy_efficiency,energy_efficiency,1,1,XGBoost,0.0684177350439395,0.2615678402325859,0.9992784842174568,1.0,1.0,1.0,,,,,,,
openml,openml,361617,energy_efficiency,energy_efficiency,2,2,XGBoost,0.0913127453215872,0.3021799882877542,0.9989699593520032,1.0,1.0,1.0,,,,,,,
openml,openml,361617,energy_efficiency,energy_efficiency,3,3,XGBoost,0.1677156252915151,0.4095309820898965,0.9982446295422532,4.0,4.0,4.0,,,,,,,
openml,openml,361617,energy_efficiency,energy_efficiency,4,4,XGBoost,0.0553300161422771,0.2352233324784707,0.9994079084718734,1.0,1.0,1.0,,,,,,,
openml,openml,361617,energy_efficiency,energy_efficiency,5,5,XGBoost,0.0640384611223092,0.2530582168638459,0.9993254007006916,1.0,1.0,1.0,,,,,,,
openml,openml,361617,energy_efficiency,energy_efficiency,6,6,XGBoost,0.0742657791401344,0.272517484099891,0.9992578063403128,2.0,2.0,2.0,,,,,,,
openml,openml,361617,energy_efficiency,energy_efficiency,7,7,XGBoost,0.1275033233829168,0.3570760750637276,0.9986674295968698,2.0,2.0,2.0,,,,,,,
openml,openml,361617,energy_efficiency,energy_efficiency,8,8,XGBoost,0.0635056027773204,0.2520031800936655,0.999460022425684,2.0,2.0,2.0,,,,,,,
openml,openml,361617,energy_efficiency,energy_efficiency,9,9,XGBoost,0.0504372524493581,0.2245823956799779,0.9995058520002262,1.0,1.0,1.0,,,,,,,
openml,openml,361623,space_ga,space_ga,0,0,XGBoost,0.0110801076932597,0.1052620904849401,0.7138694844755069,6.0,6.0,6.0,,,,,,,
openml,openml,361623,space_ga,space_ga,1,1,XGBoost,0.0120351947998754,0.1097050354353682,0.6662278130527135,6.0,6.0,6.0,,,,,,,
openml,openml,361623,space_ga,space_ga,2,2,XGBoost,0.0107639674094669,0.1037495417313586,0.7401170322421665,5.0,5.0,5.0,,,,,,,
openml,openml,361623,space_ga,space_ga,3,3,XGBoost,0.0085967213071792,0.0927185057428086,0.7468828519342401,5.0,5.0,5.0,,,,,,,
openml,openml,361623,space_ga,space_ga,4,4,XGBoost,0.0117690680986748,0.1084853358692999,0.705070374441326,5.0,5.0,5.0,,,,,,,
openml,openml,361623,space_ga,space_ga,5,5,XGBoost,0.0102627109444519,0.1013050390871648,0.7114151650703621,6.0,6.0,6.0,,,,,,,
openml,openml,361623,space_ga,space_ga,6,6,XGBoost,0.0104374996910433,0.1021640821964519,0.7265543588245461,6.0,6.0,6.0,,,,,,,
openml,openml,361623,space_ga,space_ga,7,7,XGBoost,0.0111907011629222,0.1057861104442461,0.7088336944552878,2.0,2.0,2.0,,,,,,,
openml,openml,361623,space_ga,space_ga,8,8,XGBoost,0.0102168207568595,0.1010782902351418,0.7426727536896203,1.0,1.0,1.0,,,,,,,
openml,openml,361623,space_ga,space_ga,9,9,XGBoost,0.0103682190939797,0.1018244523382264,0.7223002896203378,2.0,2.0,2.0,,,,,,,
openml,openml,361243,geographical_origin_of_music,geographical_origin_of_music,0,0,XGBoost,294.0270930156874,17.147218229663007,0.1114320225693534,7.0,7.0,7.0,,,,,,,
openml,openml,361243,geographical_origin_of_music,geographical_origin_of_music,1,1,XGBoost,306.5908364793806,17.509735477139014,0.1589418467166216,5.0,5.0,5.0,,,,,,,
openml,openml,361243,geographical_origin_of_music,geographical_origin_of_music,2,2,XGBoost,226.9214456343485,15.063912029560862,0.3617465288219134,1.0,1.0,1.0,,,,,,,
openml,openml,361243,geographical_origin_of_music,geographical_origin_of_music,3,3,XGBoost,302.0754897887643,17.380319035874006,0.3307623921476184,3.0,3.0,3.0,,,,,,,
openml,openml,361243,geographical_origin_of_music,geographical_origin_of_music,4,4,XGBoost,252.80931028191893,15.899978310737374,0.4188548359573156,1.0,1.0,1.0,,,,,,,
openml,openml,361243,geographical_origin_of_music,geographical_origin_of_music,5,5,XGBoost,268.6834490654741,16.391566400605956,0.1971747292938519,4.0,4.0,4.0,,,,,,,
openml,openml,361243,geographical_origin_of_music,geographical_origin_of_music,6,6,XGBoost,299.297117292262,17.30020570086558,0.1232896112771226,6.0,6.0,6.0,,,,,,,
openml,openml,361243,geographical_origin_of_music,geographical_origin_of_music,7,7,XGBoost,333.7497977024512,18.26882036975708,0.0502814134373004,7.0,7.0,7.0,,,,,,,
openml,openml,361243,geographical_origin_of_music,geographical_origin_of_music,8,8,XGBoost,354.8199689062963,18.836665546383102,0.0643077225183768,5.0,5.0,5.0,,,,,,,
openml,openml,361243,geographical_origin_of_music,geographical_origin_of_music,9,9,XGBoost,264.2552349546196,16.255929224582015,0.3305842347915818,4.0,4.0,4.0,,,,,,,
openml,openml,361251,grid_stability,grid_stability,0,0,XGBoost,8.931553490908544e-05,0.0094506896525642,0.9340414399908304,3.0,3.0,3.0,,,,,,,
openml,openml,361251,grid_stability,grid_stability,1,1,XGBoost,9.193688767684904e-05,0.0095883725249308,0.9295859099294634,3.0,3.0,3.0,,,,,,,
openml,openml,361251,grid_stability,grid_stability,2,2,XGBoost,8.40496349433891e-05,0.0091678587981812,0.9405118560325554,3.0,3.0,3.0,,,,,,,
openml,openml,361251,grid_stability,grid_stability,3,3,XGBoost,9.485520262465776e-05,0.0097393635636348,0.9316941467790574,3.0,3.0,3.0,,,,,,,
openml,openml,361251,grid_stability,grid_stability,4,4,XGBoost,8.249273147089097e-05,0.0090825509341203,0.942115326610925,3.0,3.0,3.0,,,,,,,
openml,openml,361251,grid_stability,grid_stability,5,5,XGBoost,9.033082312014508e-05,0.0095042528964745,0.9316305534317664,3.0,3.0,3.0,,,,,,,
openml,openml,361251,grid_stability,grid_stability,6,6,XGBoost,8.732443606520508e-05,0.0093447544678929,0.9371742065774936,3.0,3.0,3.0,,,,,,,
openml,openml,361251,grid_stability,grid_stability,7,7,XGBoost,8.22761295719389e-05,0.0090706190291478,0.941058074583788,3.0,3.0,3.0,,,,,,,
openml,openml,361251,grid_stability,grid_stability,8,8,XGBoost,8.495681589872497e-05,0.0092172021730417,0.936930608192668,3.0,3.0,3.0,,,,,,,
openml,openml,361251,grid_stability,grid_stability,9,9,XGBoost,8.111977268632366e-05,0.0090066515801558,0.9419028543885568,3.0,3.0,3.0,,,,,,,
openml,openml,361621,QSAR_fish_toxicity,QSAR_fish_toxicity,0,0,XGBoost,1.1718396609291166,1.0825154321898218,0.529619164510774,8.0,8.0,8.0,,,,,,,
openml,openml,361621,QSAR_fish_toxicity,QSAR_fish_toxicity,1,1,XGBoost,1.0293289810480917,1.014558515339599,0.4779705290086173,5.0,5.0,5.0,,,,,,,
openml,openml,361621,QSAR_fish_toxicity,QSAR_fish_toxicity,2,2,XGBoost,0.5239436619441415,0.7238395277574592,0.6918453525328727,5.0,5.0,5.0,,,,,,,
openml,openml,361621,QSAR_fish_toxicity,QSAR_fish_toxicity,3,3,XGBoost,1.1513917898694976,1.073029258626948,0.4364770246922056,8.0,8.0,8.0,,,,,,,
openml,openml,361621,QSAR_fish_toxicity,QSAR_fish_toxicity,4,4,XGBoost,1.0004226685686786,1.0002113119579674,0.6128478068225716,5.0,5.0,5.0,,,,,,,
openml,openml,361621,QSAR_fish_toxicity,QSAR_fish_toxicity,5,5,XGBoost,0.546188913937898,0.7390459484618653,0.7680475087411034,2.0,2.0,2.0,,,,,,,
openml,openml,361621,QSAR_fish_toxicity,QSAR_fish_toxicity,6,6,XGBoost,0.5023062634315715,0.7087356795248645,0.6896461513612617,2.0,2.0,2.0,,,,,,,
openml,openml,361621,QSAR_fish_toxicity,QSAR_fish_toxicity,7,7,XGBoost,0.7888761091969619,0.8881869787364381,0.5742064722633327,5.0,5.0,5.0,,,,,,,
openml,openml,361621,QSAR_fish_toxicity,QSAR_fish_toxicity,8,8,XGBoost,0.912451781107739,0.9552234194719784,0.6325521207708196,7.0,7.0,7.0,,,,,,,
openml,openml,361621,QSAR_fish_toxicity,QSAR_fish_toxicity,9,9,XGBoost,1.308400294939606,1.1438532663500185,0.437303817143552,6.0,6.0,6.0,,,,,,,
openml,openml,361622,cars,cars,0,0,XGBoost,7681024.913000449,2771.466202752696,0.918365644306584,7.0,7.0,7.0,,,,,,,
openml,openml,361622,cars,cars,1,1,XGBoost,5609206.621647893,2368.3763682421536,0.9618192895490032,1.0,1.0,1.0,,,,,,,
openml,openml,361622,cars,cars,2,2,XGBoost,5549540.231900827,2355.7462155123644,0.9377957951382152,4.0,4.0,4.0,,,,,,,
openml,openml,361622,cars,cars,3,3,XGBoost,7100292.640945293,2664.6374314238874,0.9222693796408648,5.0,5.0,5.0,,,,,,,
openml,openml,361622,cars,cars,4,4,XGBoost,5042134.1987371445,2245.469705593274,0.9531615601692572,4.0,4.0,4.0,,,,,,,
openml,openml,361622,cars,cars,5,5,XGBoost,8284490.761200033,2878.279131911989,0.9325790711184364,4.0,4.0,4.0,,,,,,,
openml,openml,361622,cars,cars,6,6,XGBoost,6029449.533270294,2455.4937453128023,0.947126944122364,4.0,4.0,4.0,,,,,,,
openml,openml,361622,cars,cars,7,7,XGBoost,6882803.441262846,2623.5097562736155,0.8907404116190212,6.0,6.0,6.0,,,,,,,
openml,openml,361622,cars,cars,8,8,XGBoost,7083182.527764792,2661.424905528013,0.9143667255842478,7.0,7.0,7.0,,,,,,,
openml,openml,361622,cars,cars,9,9,XGBoost,8621158.836154325,2936.180995128592,0.9129322183136812,4.0,4.0,4.0,,,,,,,
kaggle,kaggle,playground-series-s3e5,Wine Quality,Wine Quality,0,0,XGBoost,0.5597314469641214,0.7481520212925454,0.1818701586687748,8.0,8.0,8.0,,,,,,,
kaggle,kaggle,playground-series-s3e5,Wine Quality,Wine Quality,1,1,XGBoost,0.6501243197890754,0.806302871003865,0.1420631391432907,8.0,8.0,8.0,,,,,,,
kaggle,kaggle,playground-series-s3e5,Wine Quality,Wine Quality,2,2,XGBoost,0.4786711979481305,0.6918606781340666,0.3039716640581528,8.0,8.0,8.0,,,,,,,
kaggle,kaggle,playground-series-s3e5,Wine Quality,Wine Quality,3,3,XGBoost,0.5246990055850711,0.7243611016510143,0.289892620200023,6.0,6.0,6.0,,,,,,,
kaggle,kaggle,playground-series-s3e5,Wine Quality,Wine Quality,4,4,XGBoost,0.5392976009894136,0.7343688453287037,0.2511490790358053,8.0,8.0,8.0,,,,,,,
kaggle,kaggle,playground-series-s3e5,Wine Quality,Wine Quality,5,5,XGBoost,0.5010790146323358,0.7078693485611139,0.1498565062794737,8.0,8.0,8.0,,,,,,,
kaggle,kaggle,playground-series-s3e5,Wine Quality,Wine Quality,6,6,XGBoost,0.6397056366786541,0.7998160017645647,0.3171710333510571,8.0,8.0,8.0,,,,,,,
kaggle,kaggle,playground-series-s3e5,Wine Quality,Wine Quality,7,7,XGBoost,0.5724167811873989,0.7565823029832239,0.1952332849699025,8.0,8.0,8.0,,,,,,,
kaggle,kaggle,playground-series-s3e5,Wine Quality,Wine Quality,8,8,XGBoost,0.6004494688260933,0.7748867458061812,0.1633611223041731,8.0,8.0,8.0,,,,,,,
kaggle,kaggle,playground-series-s3e5,Wine Quality,Wine Quality,9,9,XGBoost,0.4951246018602651,0.7036509090879263,0.2900693470556085,4.0,4.0,4.0,,,,,,,
kaggle,kaggle,playground-series-s3e9,Concrete Strength,Concrete Strength,0,0,XGBoost,167.2782847519435,12.933610661835443,0.3486240468513277,7.0,7.0,7.0,,,,,,,
kaggle,kaggle,playground-series-s3e9,Concrete Strength,Concrete Strength,1,1,XGBoost,178.44753671720662,13.35842568258725,0.3381476469706589,5.0,5.0,5.0,,,,,,,
kaggle,kaggle,playground-series-s3e9,Concrete Strength,Concrete Strength,2,2,XGBoost,174.15856369230266,13.196914930857996,0.3712671554369244,6.0,6.0,6.0,,,,,,,
kaggle,kaggle,playground-series-s3e9,Concrete Strength,Concrete Strength,3,3,XGBoost,176.21299184300813,13.274524166349924,0.3295881061926228,7.0,7.0,7.0,,,,,,,
kaggle,kaggle,playground-series-s3e9,Concrete Strength,Concrete Strength,4,4,XGBoost,177.71677079201766,13.33104537506409,0.2722171325302822,7.0,7.0,7.0,,,,,,,
kaggle,kaggle,playground-series-s3e9,Concrete Strength,Concrete Strength,5,5,XGBoost,168.66878473938814,12.9872547037235,0.3980526045781779,6.0,6.0,6.0,,,,,,,
kaggle,kaggle,playground-series-s3e9,Concrete Strength,Concrete Strength,6,6,XGBoost,183.65704211021367,13.552012474544648,0.3213017154402223,7.0,7.0,7.0,,,,,,,
kaggle,kaggle,playground-series-s3e9,Concrete Strength,Concrete Strength,7,7,XGBoost,172.72965145175908,13.142665310041153,0.3758269601299816,6.0,6.0,6.0,,,,,,,
kaggle,kaggle,playground-series-s3e9,Concrete Strength,Concrete Strength,8,8,XGBoost,174.86355602605622,13.223598452238944,0.3657949740347228,6.0,6.0,6.0,,,,,,,
kaggle,kaggle,playground-series-s3e9,Concrete Strength,Concrete Strength,9,9,XGBoost,177.3591835604242,13.317626799111927,0.3890581992897545,6.0,6.0,6.0,,,,,,,
